PMID,Title,Abstract,Label
35168522,Potential Mechanisms and Clinical Effectiveness of Acupuncture in Depression.,"Major depressive disorder is the most common mental disorder with significant economic burden and limited treatments. Acupuncture has emerged as a promising non-pharmacological treatment for reducing depressive symptoms. However, the potential mechanisms and clinical effectiveness of acupuncture are not fully understood. This review aimed to: (1) summarize the available evidence on the mechanisms and clinical effectiveness of acupuncture for depression, and then (2) compare with pharmacological interventions, guiding future studies. Studies with animal models of depression and patients have shown that acupuncture could increase hippocampal and network neuroplasticity and decrease brain inflammation, potentially to alleviating depressive disorders. Overall clinical studies indicated that acupuncture could relieve primary depression, particularly milder cases, and was helpful in the management of post-stroke depression, pain-related depression, and postpartum depression both as an isolated and adjunct treatment. It was emphasized that acupuncture combined with antidepressant pharmacological treatment not only enhanced the improvement of primary and secondary depressive symptoms but also reduced the side effects of the medical treatment, which is the main cause for high dropout rates with drug treatment. In summary, substantial evidence from animal and human researches supported the beneficial effect of acupuncture in depression. However, most clinical trials of acupuncture were small, and it is unclear whether their findings can be generalized, so more studies are needed.",1
37143014,Acupuncture for post-stroke depression: a systematic review and network meta-analysis.,"Patients with post-stroke depression (PSD) usually experience anxiety, hopelessness, and insomnia, which have a negative impact on their daily activities and post-stroke rehabilitation. Acupuncture (AC), as a minimally invasive technique, has become a popular choice for improving depression symptoms. However, it is still unclear which therapy is associated with the best outcomes for PSD. In this review, we aimed to explore the impact of AC in alleviating symptoms of PSD and to evaluate the difference in effectiveness between AC combined with pharmacotherapies and various non-pharmacotherapies. Six databases and three clinical trials registration platforms were searched from inception to March 2023. Randomized clinical trial comparing needle-based AC with pharmacotherapy, and other non-pharmacotherapy or invalid group were included. Two independent reviewers identified eligible studies, and collected data using a pre-made form. A Bayesian network meta-analysis was conducted to assess and compare different techniques using RStudio 3.6.0 with the package 'GEMTC' V.0.8.1. The primary outcome was the efficacy for PSD assessed by scales measuring depressive symptoms. The secondary outcomes were effectiveness for neurological function and the quality of life. The ranking probabilities for all treatment interventions was performed using the Surface Under the Cumulative Ranking curve (SUCRA). The risk of bias was assessed by using the Revised Cochrane Risk of Bias tool 2. Sixty-two studies, involving 5308 participants published from 2003 to 2022, were included. The results showed that compared with western medicine (WM) (defined as pharmacotherapy for PSD), AC alone or with repetitive transcranial magnetic stimulation (RTMS), Traditional Chinese medicine (TCM) alone or with WM, were superior for alleviating depression symptoms. Compared to Usual Care, AC alone or plus other therapies could significantly decrease scores on the Hamilton Depression Rating scale. According to result of SUCRA, AC plus RTMS had the highest probability of improving depressive symptoms with a probability of 49.43%. The results of this study indicate that AC alone or combined with other therapies appears to be effective in improving depression symptoms of stroke survivors. Moreover, in comparison to WM, AC alone or plus RTMS, TCM, TCM with WM, or WM, were more effective in improving depression symptoms of PSD. Also, AC with RTMS seems to be the most effective with the highest probability. This study was registered in the International Prospective Register of Systematic Reviews (PROSPERO) database in November 2020 and updated in July 2021. The registration number is CRD42020218752.",1
37248211,Electroacupuncture prevents astrocyte atrophy to alleviate depression.,"Astrocyte atrophy is the main histopathological hallmark of major depressive disorder (MDD) in humans and in animal models of depression. Here we show that electroacupuncture prevents astrocyte atrophy in the prefrontal cortex and alleviates depressive-like behaviour in mice subjected to chronic unpredictable mild stress (CUMS). Treatment of mice with CUMS induced depressive-like phenotypes as confirmed by sucrose preference test, tail suspension test, and forced swimming test. These behavioural changes were paralleled with morphological atrophy of astrocytes in the prefrontal cortex, revealed by analysis of 3D reconstructions of confocal Z-stack images of mCherry expressing astrocytes. This morphological atrophy was accompanied by a decrease in the expression of cytoskeletal linker Ezrin, associated with formation of astrocytic leaflets, which form astroglial synaptic cradle. Electroacupuncture at the acupoint ST36, as well as treatment with anti-depressant fluoxetine, prevented depressive-like behaviours, astrocytic atrophy, and down-regulation of astrocytic ezrin. In conclusion, our data further strengthen the notion of a primary role of astrocytic atrophy in depression and reveal astrocytes as cellular target for electroacupuncture in treatment of depressive disorders.",1
34446530,Would integrated Western and traditional Chinese medicine have more benefits for stroke rehabilitation? A systematic review and meta-analysis.,"Stroke is a major cause of death or long-term disability worldwide. Many patients with stroke receive integrative therapy consisting of Western medicine (WM) and routine rehabilitation in conjunction with Chinese medicine (CM), such as acupuncture and Chinese herbal medicine. However, there is no available evidence on the effectiveness of the combined use of WM and CM interventions in stroke rehabilitation. The purpose of this meta-analysis is to evaluate the results of all individual studies to assess the combined use of CM and WM in stroke rehabilitation compared with WM only. The Preferred Reporting Items for Systematic Reviews and Meta-Analysis guidelines were followed. MEDLINE, EMBASE, Cochrane and China National Knowledge Infrastructure (CNKI) were searched. The included outcomes were dependency, motor function, depression and swallowing function. Subgroup analysis was performed, and publication bias was assessed using funnel plots. 58 studies and 6339 patients were included in the meta-analysis. Subgroup analysis revealed that combined therapy comprising both acupuncture and WM had a superior effect on improving dependency and swallowing function compared with standard WM therapy alone. Potential superiority of combined therapy comprising CM and WM in improving depression compared with standard WM therapy was also found. Our results indicate that the combined use of CM and WM could be more efficacious in stroke rehabilitation compared with the use of WM therapy alone. However, most studies were short in duration (2 to 4 weeks) and prone to different types of biases, which prevents making any conclusion regarding the long-term effects and raises concerns regarding true efficacy in context of high likelihood of Hawthorn bias. So, more randomised controlled trials with more rigorous design and longer duration of treatment and follow-up need to be conducted to compare WM alone versus WM and CM combined. CRD42020152050.",1
40466510,Exploring the neuroplasticity hypothesis in depression: The role of traditional Chinese herbal medicine.,"Depression is a mental disorder that seriously affects global health, and its pathogenesis involves multiple factors, including changes in neuroplasticity. The neuroplasticity hypothesis suggests that there may be functional and structural abnormalities in synaptic plasticity, neuronal generation and maturation, neural circuits and related signaling pathways in patients with depression. Traditional Chinese medicine (TCM), as a traditional treatment method, has attracted increasing attention in the field of neuropharmacology in recent years due to its high efficiency and low toxicity. This article will systematically review the neuroplasticity changes in key brain regions and related mechanisms of depression, with a focus on the recent research progress in traditional Chinese herbal medicine intervention on neuroplasticity, to provide new ideas and strategies for the treatment of depression. To investigate the effects and mechanisms of Chinese herbal medicine's antidepressant actions through promoting neuroplasticity, data were collected from CNKI, Web of Science, PubMed, and ScienceDirect through November 2024. In addition, a classification and summary of Chinese herbal medicine to restore neuroplasticity was performed. Brain regions such as the hippocampus, prefrontal cortex, and amygdala are closely associated with neuroplasticity in depression. Moreover, the glutamatergic system, neurotrophic factors, monoamine neurotransmitters, and neuroinflammation are the main mechanisms that regulate neuroplasticity. The benefits of extracts, active ingredients, and formulas of Chinese herbal medicine on neuroplasticity through multiple pathways have been widely reported. The enhancement of neuroplasticity and regulation of its endogenous molecular pathways offer novel therapeutic paradigms for employing botanical interventions in depression management. Future investigations should prioritize mechanistic exploration through integrated preclinical-clinical approaches to elucidate how Chinese herbal formulations modulate neuroplasticity, which decipher the multi-target pharmacological actions underlying botanical antidepressants' therapeutic efficacy.",1
36948325,"Clinical efficacy and immune effects of acupuncture in patients with comorbid chronic pain and major depression disorder: A double-blinded, randomized controlled crossover study.","Depression and pain are highly comorbid and share biological mechanisms. Acupuncture is commonly used to manage both pain and depression, but the choice of acupoints for specific disorders differs. This study aimed to investigate whether specific acupuncture intervention on pain- and depression-acupoints would have specific efficacy and immune effects in patients with comorbid chronic pain and major depressive disorder (MDD). We performed a subject- and assessor-blinded, crossover, and randomized controlled clinical trial of depression- and pain-specific acupuncture intervention and measured clinical responses and proinflammatory cytokines in patients with comorbid chronic pain and MDD. Specific acupoints for pain and depression were used in random order with a washout interval. Forty-seven patients were enrolled and randomly assigned to two groups: (1) the depression-pain group (23 patients who were treated with depression-specific acupoints and then the pain-specific acupoints after the washout) and (2) pain-depression group (24 patients with the reverse order). The pain-specific acupoints for pain did not reduce Brief Pain Inventory scores to a significantly greater degree (-0.97 ± 1.69) than the depression-specific acupoints (-0.28 ± 1.88); likewise, the depression-specific acupoints did not significantly ameliorate Hamilton Depression Rating Scale (-4.59 ± 6.02) than the pain-specific acupoints (-6.69 ± 6.61). The pain-specific acupoints improved Beck Depression Inventory-Second Edition (-6.74 ± 9.76) even better than the depression-specific acupoints (-1.92 ± 10.74). The depression-specific acupoints did not significantly decrease the depression-related interleukin (IL)-6 level (-1.24 ± 6.67) than the pain-specific acupoints (-0.60 ± 4.36). The changed levels of IL-1β, tumor necrosis factor (TNF)-α between the depression-specific acupoints (-37.41 ± 194.49; -12.53 ± 54.68) and the pain-specific acupoints (-15.46 ± 87.56; -7.28 ± 27.86) could not reach significantly different, too. This study rejected our hypothesis that the pain-specific acupoints might produce superior analgesic effects than the depression-specific acupoints and vice versa. The cytokine results might imply that pain and depression share common biological mechanisms. (trial registration: https://www. gov: NCT03328819).",1
39648209,The efficacy and cerebral mechanism of intradermal acupuncture for major depressive disorder: a multicenter randomized controlled trial.,"New combinations or alternative therapies for major depressive disorder (MDD) are necessary. Intradermal acupuncture (IA) shows promise but requires further investigation regarding its efficacy, safety, and mechanisms. Conducted across 3 centers from November 2022 to January 2024, our randomized controlled trial included 120 participants with moderate to severe MDD, divided into the selective serotonin reuptake inhibitors (SSRIs), SSRIs plus sham IA (SSRIs + SIA), and SSRIs plus active IA (SSRIs + AIA) groups. Acupuncture groups received 10 sessions over 6 weeks at Shenmen (HT7), Neiguan (PC6), Sanyinjiao (SP6) and Taichong (LR3) bilaterally, followed by a 4-week follow-up. The primary outcome was changes in Hamilton Depression Rating Scale-17 (HAMD-17) scores at week 6. Furthermore, healthy controls (HCs) and MDD patients underwent magnetic resonance imaging (MRI) scans for functional connectivity (FC) analysis. After 6 weeks of treatment, the SSRIs + AIA group showed a greater reduction in HAMD-17 score than the SSRIs + SIA group (MD, -4.9 [CI, -7.6 to -2.2], P < 0.001) and SSRIs group (MD, -5.1 [CI, -7.8 to -2.3], P < 0.001). No serious adverse events occurred. SSRIs + AIA resulted in lower incidences of palpitations (vs.SSRIs + SIA: OR, 0.1% [CI, 0.0-1.0%]; vs. SSRIs: OR, 0.1% [CI, 0.0-0.7%]; P < 0.05), somnolence (vs.SSRIs + SIA: OR, 0.1% [CI, 0.0-0.9%]; vs.SSRIs: OR, 0.1% [CI, 0.0-0.7%]; P < 0.05), and nausea (vs.SSRIs + SIA: OR, 0.1% [CI, 0.0-1.0%]; vs. SSRIs: OR, 0.1% [CI, 0.0-0.9%]; P < 0.05). MDD patients showed abnormal FCs, and IA enhanced FCs between striatum and frontal_inf_tri, and striatum and cerebellum in the MRI study. Overall, IA as adjunctive therapy provides clinical efficacy and safety for MDD, and it may exert antidepressant effects by modulating striatal FCs.",1
39426604,Natural products that alleviate depression: The putative role of autophagy.,"Major depressive disorder (MDD) is a common mental disorder that severely disrupts psychosocial function and decreases the quality of life. Although the pathophysiological mechanism underlying MDD is complex and remains unclear, emerging evidence suggests that autophagy dysfunction plays a role in MDD occurrence and progression. Natural products serve as a major source of drug discovery and exert tremendous potential in developing antidepressants. Recently published reports are paying more attention on the autophagy regulatory effect of antidepressant natural products. In this review, we comprehensively discuss the abnormal changes occurred in multiple autophagy stages in MDD patients, and animal and cell models of depression. Importantly, we emphasize the regulatory mechanism of antidepressant natural products on disturbed autophagy, including monomeric compounds, bioactive components, crude extracts, and traditional Chinese medicine formulae. Our comprehensive review suggests that enhancing autophagy might be a novel approach for MDD treatment, and natural products restore autophagy homeostasis to facilitate the renovation of mitochondria, impede neuroinflammation, and enhance neuroplasticity, thereby alleviating depression.",1
42088582,Management of depression utilizing Traditional Chinese Medicine.,"Depression is a major global health concern, characterized by profound mental and physical debilitation that severely impairs quality of life. The World Health Organization projects that it will become the second-leading cause of global disease burden by 2030, underscoring the urgent need for effective therapeutic strategies. However, the pathogenesis of depression remains incompletely elucidated, and first-line pharmacological treatments, such as selective serotonin reuptake inhibitors (SSRIs), are frequently limited by delayed clinical onset, suboptimal response rates, and notable adverse effects. In contrast, traditional Chinese medicine (TCM), with its holistic philosophy and potential for multi-target modulation, offers a promising complementary approach. This review systematically synthesizes contemporary research on TCM for depression, covering botanical drug formulas, single medicinal botanical drugs, and their purified bioactive metabolites. We critically evaluate the proposed mechanisms-spanning monoaminergic regulation, modulation of neurotrophic factors, anti-inflammatory activity, and interactions between the microbiota-gut-brain axis-and discuss the associated translational challenges and future research directions.",1
27693978,Acupuncture treatment modulates the corticostriatal reward circuitry in major depressive disorder.,"Major depressive disorder (MDD) is a common disorder with a high prevalence and significant social and economic impacts. Nevertheless, the treatment of MDD is far from satisfactory. Acupuncture treatment has emerged as a promising method for treating MDD. However, the neural mechanism by which acupuncture reduces depressive symptoms is not fully understood. Studies have shown that the corticostriatal reward circuitry is associated with the pathophysiology of MDD; thus, we investigated the corticostriatal resting-state functional connectivity (rsFC) before and after real and sham acupuncture treatments combined with the antidepressant fluoxetine. Forty-six female major depressive patients were assigned to either verum acupuncture plus fluoxetine (n = 22) or sham acupuncture plus fluoxetine (n = 24) treatment for 8 weeks, and resting state functional magnetic resonance imaging (fMRI) data were collected before the first and after the last treatment sessions. The results showed that compared with sham acupuncture, the verum acupuncture group showed: (1) significantly increased rsFC between inferior ventral striatum and medial prefrontal cortex, ventral rostral putamen and amygdala/parahippocampus, as well as dorsal caudate and middle temporal gyrus; (2) significantly decreased rsFC between right ventral rostral putamen and right dorsolateral prefrontal cortex, and right dorsal caudate and bilateral cerebellar tonsil. The increased rsFC between the inferior ventral striatum and medial prefrontal cortex, ventral rostral putamen and amygdala/parahippocampus were significantly positively associated with decreased clinical scores (Montgomery-Åsberg Depression Rating Scale and Self-Rating Depression Scale scores) at the end of the eight-week treatment. Our findings suggest that acupuncture may achieve treatment effects by modulating the corticostriatal reward/motivation circuitry in MDD patients.",1
38262525,Potential therapeutic effects of Chinese herbal medicine in postpartum depression: Mechanisms and future directions.,"Postpartum depression (PPD) is a common psychiatric disorder in women after childbirth. Per data from epidemiologic studies, PPD affects about 5%-26.32% of postpartum mothers worldwide. Biological factors underlying this condition are multiple and complex and have received extensive inquiries for the roles they play in PPD. Chinese herbal medicine (CHM), which is widely used as a complementary and alternative therapy for neurological disorders, possesses multi-component, multi-target, multi-access, and low side effect therapeutic characteristics. CHM has already shown efficacy in the treatment of PPD, and a lot more research exploring the mechanisms of its potential therapeutic effects is being conducted. This review provides an in-depth and comprehensive overview of the underlying mechanisms of PPD, as well as samples the progress made in researching the potential role of CHM in treating the disorder. Literature was searched comprehensively in scholarly electronic databases, including PubMed, Web of Science, Scopus, CNKI and WanFang DATA, using the search terms ""postpartum depression"", ""genetic"", ""hormone"", ""immune"", ""neuroinflammation"", ""inflammation"", ""neurotransmitter"", ""neurogenesis"", ""brain-gut axis"", ""traditional Chinese medicine"", ""Chinese herbal medicine"", ""herb"", and an assorted combination of these terms. PPD is closely associated with genetics, as well as with the hormones, immune inflammatory, and neurotransmitter systems, neurogenesis, and gut microbes, and these biological factors often interact and work together to cause PPD. For example, inflammatory factors could suppress the production of the neurotransmitter serotonin by inducing the regulation of tryptophan-kynurenine in the direction of neurotoxicity. Many CHM constituents improve anxiety- and depression-like behaviors by interfering with the above-mentioned mechanisms and have shown decent efficacy clinically against PPD. For example, Shen-Qi-Jie-Yu-Fang invigorates the neuroendocrine system by boosting the hormone levels of hypothalamic pituitary adrenal (HPA) and hypothalamic pituitary gonadal (HPG) axes, regulating the imbalance of Treg/T-helper cells (Th) 17 and Th1/Th2, and modulating neurotransmitter system to play antidepressant roles. The Shenguiren Mixture interferes with the extracellular signal-regulated kinase (ERK) pathway to enhance the number, morphology and apoptosis of neurons in the hippocampus of PPD rats. Other herbal extracts and active ingredients of CHM, such as Paeoniflorin, hypericin, timosaponin B-III and more, also manage depression by remedying the neuroendocrine system and reducing neuroinflammation. The pathogenesis of PPD is complex and diverse, with the main pathogenesis not clear. Still, CHM constituents, like Shen-Qi-Jie-Yu-Fang, the Shenguiren Mixture, Paeoniflorin, hypericin and other Chinese Medicinal Formulae, active monomers and Crude extracts, treats PPD through multifaceted interventions. Therefore, developing more CHM components for the treatment of PPD is an essential step forward.",1
28807166,Neurobiology of Chinese Herbal Medicine on Major Depressive Disorder.,"Major depressive disorder, or depression, becomes a serious public health problem globally. As current mainstream conventional antidepressants have limitations in unsatisfied response and remission rate, late onset of efficacy and side effects, increasing attention has been drawn to traditional Chinese medicine (TCM), in which mixture of herbs is commonly prescribed after the clinicians make pattern identification for diagnosis. Here, the principle of herbal formulation for TCM (Chinese herbal medicine, CHM) on depression as well as some clinical outcome research is briefly introduced. The neurobiological mechanisms underlying antidepressant effects of CHM, including enhancement of monoamine, dehyperactivation of hypothalamic-pituitary-adrenal axis, neuroimmune response, and neurotrophic factors are discussed. Additionally, the results from emerging research into rapid antidepressant efficacy using CHM formula Yueju, as well as the associated neuroplastical mechanisms, are summarized. The in-depth study of the antidepressant efficacy, and underlying chemical substrates, as well as the molecular and systems neurobiological mechanisms may shed new lights for better understanding the mechanisms of CHM and improving the therapy.",1
34551699,Effects of Histone Modification in Major Depressive Disorder.,"Major depressive disorder (MDD) is a disease associated with many factors; specifically, environmental, genetic, psychological, and biological factors play critical roles. Recent studies have demonstrated that histone modification may occur in the human brain in response to severely stressful events, resulting in transcriptional changes and the development of MDD. In this review, we discuss five different histone modifications, histone methylation, histone acetylation, histone phosphorylation, histone crotonylation and histone β-hydroxybutyrylation, and their relationships with MDD. The utility of histone deacetylase (HDAC) inhibitors (HDACis) for MDD treatment is also discussed. As a large number of MDD patients in China have been treated with traditional Chineses medicine (TCM), we also discuss some TCM therapies, such as Xiaoyaosan (XYS), and their effects on histone modification. In summary, targeting histone modification may be a new strategy for elucidating the mechanism of MDD and a new direction for MDD treatment.",1
32457610,Traditional Chinese Medicine in Depression Treatment: From Molecules to Systems.,"Depression is a multigenetic or multifactorial syndrome. The central neuron system (CNS)-orientated, single target, and conventional antidepressants are insufficient and far from ideal. Traditional Chinese Medicine (TCM) has historically been used to treat depression up till today, particularly in Asia. Its holistic, multidrug, multitarget nature fits well with the therapeutic idea of systems medicine in depression treatment. Over the past two decades, although efforts have been made to understand TCM herbal antidepressants at the molecular level, many fundamental questions regarding their mechanisms of action remain to be addressed at the systems level in order to better understand the complicated herbal formulations in depression treatment. In this <i>Mini Review</i>, we review and discuss the mechanisms of action of herbal antidepressants and their acting targets in the pathological systems in the brain, such as monoamine neurotransmissions, hypothalamic-pituitary-adrenal (HPA) axis, neurotropic factor brain-derived neurotrophic factor (BDNF) cascade, and glutamate transmission. Some herbal molecules, constituents, and formulas are highlighted as examples to discuss their mechanisms of action and future directions for comprehensive researches at the systems level. Furthermore, we discuss pharmacological approaches to integrate the mechanism of action from the molecular level into the systems level for understanding of systems pharmacology of TCM formulations. Integration of the studies at the molecular level into the systems level not only represents a trend in TCM study but also promotes our understanding of the system-wide mechanism of action of herbal antidepressant formulations.",1
39620153,Effects of electroacupuncture on cognitive symptoms in major depressive disorder: a pilot study and randomized controlled trial.,"To investigate the impact of electroacupuncture on cognitive function, quality of life (QoL), and depression severity in patients with major depressive disorder (MDD). This double-blinded randomized controlled trial included 60 participants aged 18-55 with cognitive symptoms related to MDD at Thammasat University Hospital. Participants were divided into two groups: the electroacupuncture group combined with standard antidepressant treatment (EG; n=30) and the control group receiving standard care with placebo acupuncture (CG; n=30). The study assessed 1) executive functions using the Trail making test- B and Stroop Color and Word Test, 2) delayed recall, and 3) subjective cognitive complaint and Quality of life (QoL) using WHODAS 2.0. Depressive symptoms were measured using the Thai version of the Patient Health Questionnaire (PHQ-9). Baseline and post-intervention assessments were conducted over 10 weeks. Mann-Whitney U test analyzed treatment effects by comparing median differences between groups. Both groups exhibited similar demographics and cognitive traits. Cognitive improvement was observed in both groups at the endpoint. Intention-to-treat analysis revealed significantly higher median scores for subjective cognitive complaints in the EG compared to the CG (EG: Median = 5.5, CG: Median = 0.0, p=0.049). No serious side effects were identified from either electroacupuncture or placebo acupuncture. Electroacupuncture improved subjective complaints in MDD patients with cognitive symptoms, but did not show effects on specific cognitive functions, QoL, or depressive symptoms. This study provides initial evidence supporting the potential of electroacupuncture in MDD patients with cognitive symptoms, suggesting opportunities for further research. NCT06239740, February 2, 2024, ClinicalTrials.gov.",1
28925891,"Chinese Herbal Medicine for the Treatment of Depression: Applications, Efficacies and Mechanisms.","Depression is a common psychiatric disorder and a leading cause of disability worldwide. Traditional Chinese medicine is one of the commonly used complementary and alternative medicine therapies for depression. Clinical trials have been carried out to assess the efficacy and safety of Chinese herbal medicine currently. The exploration of herbal mechanisms of action used for the treatment of depression has also received great attention. This study is performed to summarize the frequently used formulae, patent drugs and single herbs in treating depression, review the literatures of clinical trials in treating depressive disorders, and to list the possible mechanisms involved during the treatment. Besides, we will analyze the limitations of present studies and the obstacles in the modernization of traditional Chinese medicine.",1
36949321,Anti-Inflammatory Effect of Traditional Chinese Medicine on the Concept of Mind-Body Interface.,"In this chapter, we conducted a systemic literature review for the anti-inflammatory effects of Traditional Chinese Medicine (TCM) applying molecular mechanisms focusing on the neuroinflammation and gut-brain axis in three neuropsychiatric disorders: major depressive disorder, Alzheimer's disease, and Parkinson's disease. We demonstrated the anti-inflammation or immunomodulation effects of TCM, including acupuncture, from basic and clinical research, including cellular and molecular approaches. In conclusion, inflammation plays a critical role in the neuropsychopathological process. At the same time, anti-inflammation seems to be the common biological pathway for the effects of TCM and acupuncture in depression, Alzheimer's disease, and Parkinson's disease.",1
38983910,Pathogenesis of depression and the potential for traditional Chinese medicine treatment.,"Depression is a prevalent mental disorder that significantly diminishes quality of life and longevity, ranking as one of the primary causes of disability globally. Contemporary research has explored the potential pathogenesis of depression from various angles, encompassing genetics, neurotransmitter systems, neurotrophic factors, the hypothalamic-pituitary-adrenal axis, inflammation, and intestinal flora, among other contributing factors. In addition, conventional chemical medications are plagued by delayed onset of action, persistent adverse effects, and restricted therapeutic efficacy. In light of these limitations, the therapeutic approach of traditional Chinese medicine (TCM) has gained increasing recognition for its superior effectiveness. Numerous pharmacological and clinical studies have substantiated TCM's capacity to mitigate depressive symptoms through diverse mechanisms. This article attempts to summarize the mechanisms involved in the pathogenesis of depression and to describe the characteristics of herbal medicines (including compounded formulas and active ingredients) for the treatment of depression. It further evaluates their effectiveness by correlating with the multifaceted pathogenesis of depression, thereby furnishing a reference for future research endeavors.",1
36969689,The clinical application of Chinese herbal medication to depression: A narrative review.,"Depression severely impairs psychosocial functioning and quality of life, which places a huge burden on patients and their families. However, the physiological mechanism of depression remains unknown. Treatment with existing antidepressant medications is effective in around 50% of patients according to various studies, but is associated with severe side effects including nausea and headaches. Chinese herbal medicine (CHM) has been approved and widely used for depression as an alternative medicine in Chinese culture for decades. It has certain advantages and potential in the prevention and treatment of depression. In this review, we summarize the currently available evidence for the efficacy of CHM for the treatment of depression and physiological diseases comorbid with depression. We further discuss the possible mechanisms of action of CHM and the relationships to our current understanding of depression. The majority of current evidence has suggested that the combined treatment with CHM and mainstream antidepressants improves the response rate and reduces the side effects, while CHM alone could be more effective than placebo. However, the results should be carefully interpreted due to the shortcomings of existing clinical trials and a high risk of bias in meta-analyses. Our review provides a summary of the current applications and understanding of widely used CHMs for depression.",1
41163407,Acupuncture for Major Depressive Disorder: Exploring the Gut Microbiota as a Novel Therapeutic Pathway.,"This study investigates the efficacy of acupuncture at Baihui (GV20) and Zusanli (ST36) acupoints in alleviating depressive symptoms and elucidates the underlying mechanisms. Sixty male C57BL/6J mice were subjected to an 8-week chronic unpredictable mild stress (CUMS) paradigm. Acupuncture was administered to two groups during the final 3 weeks: one under CUMS and the other without stress. Behavioral assessments, including the sucrose preference test and tail suspension test (TST), evaluated depression-like behaviors. 16S rRNA sequencing and non-targeted metabolomics analyzed gut microbiota and metabolites, respectively, with association analysis exploring the mechanistic pathways. Acupuncture significantly ameliorated CUMS-induced depression-like behaviors, restoring sucrose preference (from a significant reduction in CUMS, p < 0.001, to an increase in CUMS + AP, p = 0.035) and reducing immobility time in the TST (p = 0.045). 16S rRNA sequencing revealed that acupuncture partially restored the CUMS-disrupted Bacteroidetes/Firmicutes ratio by specifically decreasing the pathobiont Clostridium sp. A3LF 105b and increasing beneficial bacteria such as Faecalibacterium and Lachnospiraceae UCG 001. These microbial shifts were functionally linked to the elevation of the critical metabolite sphinganine 1-phosphate (S1P). Spearman correlation analysis revealed a negative correlation between Clostridium sp. A3LF 105b and S1P (p < 0.01, R < -0.52). The modulation of gut microbiota led to increased S1P, which in turn activated the ""neuroactive ligand-receptor interaction"" pathway, thereby restoring neuronal activity and alleviating depressive behavior. The study underscores the potential of acupuncture as an antidepressant treatment, highlighting its impact on gut microbiota and metabolic pathways in alleviating depressive symptoms.",1
37159675,Acupuncture for Major Depressive Disorder: A Data Mining-Based Literature Study.,"Acupuncture has a long history of treating major depressive disorder (MDD), yet the acupoint selection of acupuncture for MDD varies greatly. This study aimed to explore the characteristics and principles of acupuncture for MDD by analyzing clinical trials of acupuncture for MDD using data mining techniques. In this study, clinical trials of acupuncture for MDD were retrieved and relevant data were extracted, and then the data were analyzed by data mining techniques. In addition, association rule mining, network analysis and hierarchical cluster analysis were used to determine the correlation between different acupoints. The results revealed that GV20, LR3, PC6, SP6 and GV29 were used most frequently; acupoints in the Yang meridian were used more often than those in the Yin meridian, with the most applied acupoints in the Governor Vessel; the percentage of specific acupoints applied was 69.39%, with the most applied being five-shu points; the frequency of acupoints used was highest in the lower limbs, while the head, face, and neck had the most acupoints used; GV29 combined with GV20 were the most used acupoint groups; the core acupoints used for MDD were GV20, PC6 and SP36; there were 5 acupoint groups according to the cluster analysis. The most used acupuncture method was manual acupuncture; the frequency of treatment was mostly 7 times per week and the duration of treatment was mostly 42 days. We discussed the current character of acupuncture treatment on MDD, including the frequency used of acupoints, the property of used acupoints, the acupoint combination, the acupuncture method, and the frequency and duration of treatment. These findings may provide new ideas for the clinical treatment of MDD. However, further clinical/experimental studies are needed to demonstrate the significance of this concept and approach.",1
33116523,Traditional Chinese Medicine Jiuwei Zhenxin Granules in Treating Depression: An Overview.,"Depression is known as ""Yu Zheng"" in traditional Chinese medicine (TCM). Jiuwei Zhenxin granules (JZG) is a type of TCM. According to TCM theory, it nourishes the heart and spleen, tonifies Qi, and tranquilizes the spirit, and may also has effects in the treatment of depression. Here, we systematically reviewed recent basic and clinical experimental studies of JZG and depression, including studies of the pharmacological mechanisms, active ingredients, and clinical applications of JZG in depression treatment. This review will deepen our understanding of the pharmacological mechanisms, drug interactions, and clinical applications of TCM prescriptions and provide a basis for the development of new drugs in the treatment of depression.",1
9646895,Electroacupuncture: mechanisms and clinical application.,"Acupuncture is an ancient Chinese method to treat diseases and relieve pain. We have conducted a series of studies to examine the mechanisms of this ancient method for pain relief. This article reviews some of our major findings. Our studies showed that acupuncture produces analgesic effect and that electroacupuncture (EA) is more effective than manual acupuncture. Furthermore, electrical stimulation via skin patch electrodes is as effective as EA. The induction and recovering profiles of acupuncture analgesia suggest the involvement of humoral factors. This notion was supported by cross-perfusion experiments in which acupuncture-induced analgesic effect was transferred from the donor rabbit to the recipient rabbit when the cerebrospinal fluid (CSF) was transferred. The prevention of EA-induced analgesia by naloxone and by antiserum against endorphins suggests that endorphins are involved. More recent work demonstrated the release of endorphins into CSF following EA. In addition, low frequency (2 Hz) and high frequency (100 Hz) of EA selectively induces the release of enkephalins and dynorphins in both experimental animals and humans. Clinical studies suggesting its effectiveness for the treatment of various types of pain, depression, anxiety, spinally induced muscle spasm, stroke, gastrointestinal disorders, and drug addiction were also discussed.",1
35496318,Chinese Herbal Medicine in the Treatment of Depression in Parkinson's Disease: From Molecules to Systems.,"Depression is one of the most common non-motor symptoms in patients with Parkinson's disease (PD). Depression in PD (DPD) increases the disability rate and reduces the quality of life of PD patients and increases the caregiver burden. Although previous studies have explained the relationship between depression and PD through a variety of pathological mechanisms, whether depression is a precursor or an independent risk factor for PD remains unclear. Additionally, increasing evidence shows that conventional anti-PD drug therapy is not ideal for DPD. Chinese Herbal Medicine (CHM) prescriptions exhibit the characteristics of multi-target, multi-pathway, and multi-level treatment of DPD and may simultaneously improve the motor symptoms of PD patients through multiple mechanisms. However, the specific pharmacological mechanisms of these CHM prescriptions remain unelucidated. Here, we investigated the mechanisms of action of the active ingredients of single herbs predominantly used in CHM prescriptions for depression as well as the therapeutic effect of CHM prescriptions on DPD. This review may facilitate the design of new selective and effective treatment strategies for DPD.",1
39253375,The therapeutic potential of traditional Chinese medicine in depression: focused on the modulation of neuroplasticity.,"Depression, a mood disorder characterized by a persistent low mood and lack of enjoyment, is considered the leading cause of non-fatal health losses worldwide. Neuroplasticity refers to the brain's ability to adapt to external or internal stimuli, resulting in functional and structural changes. This process plays a crucial role in the development of depression. Traditional Chinese Medicine (TCM) shows significant potential as a complementary and alternative therapy for neurological diseases, including depression. However, there has been no systematic summary of the role of neuroplasticity in the pathological development of depression and TCM Interventions currently. This review systematically summarized recent literature on changes in neuroplasticity in depression and analyzed the regulatory mechanisms of active metabolites in TCM and TCM formulas on neuroplasticity in antidepressant treatment. Additionally, this review discussed the limitations of current research and the application prospects of TCM in regulating neuroplasticity in antidepressant research.",1
41100813,Acupuncture and Moxibustion for Poststroke Depression: Systematic Review.,"Poststroke depression (PSD) is a common complication following stroke. In recent years, several systematic reviews have evaluated the effects of moxibustion and acupuncture on PSD; however, their findings have been inconsistent. This overview of systematic reviews aimed to assess the methodological quality, reporting quality, and strength of evidence of existing systematic reviews on acupuncture and moxibustion for PSD. In addition, this study also analyzed the limitations of previous studies and suggested directions for future research. Systematic reviews concerning acupuncture and moxibustion for PSD published before August 10, 2024, were identified from 8 databases, including PubMed, Embase, Cochrane Library, Web of Science, China National Knowledge Infrastructure, Wanfang, VIP Database, and Chinese Biomedical Literature Database. Eligible studies included systematic reviews and meta-analyses of randomized controlled trials comparing moxibustion and acupuncture for the treatment of PSD. The methodological quality, reporting quality, and evidence quality were evaluated using AMSTAR 2 (Assessment of Multiple Systematic Reviews-2), PRISMA (Preferred Reporting Items for Systematic Reviews and Meta-Analyses) 2020, and GRADE (Grading of Recommendations Assessment, Development and Evaluation), respectively. The corrected covered area was calculated to assess overlap among the included primary studies. A total of 24 studies were included. According to the Assessment of Multiple Systematic Reviews-2 assessment, all studies were rated as having ""low"" or ""critically low"" methodological quality. Based on PRISMA, 1 study demonstrated seriously inadequate reporting quality, while 21 studies had partially inadequate reporting quality. The quality of evidence in the included reviews ranged from very low to moderate. Most of the primary outcomes exhibited mild to moderate overlap among studies. Most of the included systematic reviews indicated that acupuncture may be beneficial for PSD. Nevertheless, the methodology, reporting, and evidence quality of these reviews require improvement. Stronger evidence will depend on the conduct of larger, multicenter, rigorously designed randomized controlled trials, as well as high-quality systematic reviews.",1
40018358,Possible antidepressant mechanism of acupuncture: targeting neuroplasticity.,"Major depressive disorder (MDD) is a highly prevalent and severely disabling psychiatric disorder that decreases quality of life and imposes substantial economic burden. Acupuncture has emerged as an effective adjunctive treatment for depression, it regulates neurotransmitters involved in mood regulation and modulates the activity of specific brain regions associated with emotional processing, as evidenced by neuroimaging and biochemical studies. Despite these insights, the precise neuroplastic mechanisms through which acupuncture exerts its antidepressant effects remain not fully elucidated. This review aims to summarize the current knowledge on acupuncture's modulation of neuroplasticity in depression, with a focus on the neuroplasticity-based targets associated with acupuncture's antidepressant effects. We encapsulate two decades of research into the neurobiological mechanisms underpinning the efficacy of acupuncture in treating depression. Additionally, we detail the acupoints and electroacupuncture parameters used in the treatment of depression to better serve clinical application.",1
37631092,Neuroendocrine Biomarkers of Herbal Medicine for Major Depressive Disorder: A Systematic Review and Meta-Analysis.,"Major depressive disorder (MDD) is a medical condition involving persistent sadness and loss of interest; however, conventional treatments with antidepressants and cognitive behavioral therapy have limitations. Based on the pathogenesis of MDD, treatments using herbal medicines (HM) have been identified in animal studies. We conducted a systematic review of clinical studies to identify neurobiological outcomes and evaluate the effectiveness of HM in treating MDD. A meta-analysis was performed by searching nine databases from their inception until 12 September 2022, including 31 randomized controlled trials with 3133 participants, to examine the effects of HM on MDD using neurobiological biomarkers and a depression questionnaire scale. Quality assessment was performed using a risk of bias tool. Compared to antidepressants alone, HM combined with an antidepressant significantly increased concentrations of serotonin (SMD = 1.96, 95% CI: 1.24-2.68, <i>p</i> < 0.00001, I<sup>2</sup> = 97%), brain-derived neurotrophic factor (SMD = 1.38, 95% CI: 0.92-1.83, <i>p</i> < 0.00001, I<sup>2</sup> = 91%), and nerve growth factors (SMD = 2.38, 95% CI: 0.67-4.10, <i>p</i> = 0.006, I<sup>2</sup> = 96%), and decreased cortisol concentrations (SMD = -3.78, 95% CI: -4.71 to -2.86, <i>p</i> < 0.00001, I<sup>2</sup> = 87%). Although HM or HM with an antidepressant benefits MDD treatment through improving neuroendocrine factors, these findings should be interpreted with caution because of the low methodological quality and clinical heterogeneity of the included studies.",1
36873772,Exosomes may be the carrier of acupuncture treatment for major depressive disorder.,"The incidence of major depressive disorder (MDD) is increasing all over the world. There is a great need for complementary or alternative therapies with high safety, few side effects, and precise efficacy to care for MDD. In China, acupuncture has significant laboratory data and clinical trials to demonstrate its antidepressant efficacy. However, there is no clear answer as to how it works. Exosomes are membranous vesicles that rely on cellular multivesicular bodies (MVBs) fused to the cell membrane for release into the extracellular matrix. Almost all cell types are capable of producing and releasing exosomes. As a result, exosomes contain complex RNAs and proteins from their relatives (Cells that secretes exosomes). They can cross biological barriers and participate in biological activities, such as cell migration, angiogenesis, and immune regulation. These properties have made them a popular research topic. Some experts have suggested that exosomes may serve as delivery vehicles for acupuncture to work. This presents both an opportunity and a new challenge for improving the protocols of acupuncture as a treatment for MDD. To better define the relationship between MDD, exosomes, and acupuncture, we reviewed the literature from the last few years. Inclusion criteria included randomized controlled trials and basic trials evaluating acupuncture in the treatment or prevention of MDD, the role of exosomes in the development and progression of MDD, and the role of exosomes in acupuncture. We believe that acupuncture may affect the distribution of exosomes <i>in vivo</i>, and exosomes may be a new carrier for acupuncture treatment of MDD in the future.",1
36682244,"Research progress of traditional Chinese medicine compound ""Xiaochaihu Decoction"" in the treatment of depression.","Depression is a common psychiatric disorder under the category of depression syndrome in Traditional Chinese Medicine (TCM) theory. Meanwhile, Xiaochaihu Decoction is a classical TCM formulation regulating Qi, resolving and dissipating stagnation. Clinically, the formulation has long been adopted to treat Shaoyang stagnation syndrome for depression syndrome. In this review, potential targets of action and the corresponding pathways of Xiaochaihu Decoction are explored for depression treatment via network pharmacology. The article also systematically summarizes the active components and pharmacological mechanisms of seven Chinese herbal medicine components in Xiaochaihu Decoction and guides the future study direction of Xiaochaihu Decoction, which may serve a promising treatment for depression.",1
31370200,Acupuncture for Depression: A Systematic Review and Meta-Analysis.,"Depression is commonly treated with anti-depressant medication and/or psychological interventions. Patients with depression are common users of complementary therapies, such as acupuncture, either as a replacement for, or adjunct to, their conventional treatments. This systematic review and meta-analysis examined the effectiveness of acupuncture in major depressive disorder. A search of English (Medline, PsychINFO, Google Scholar, and CINAL), Chinese (China National Knowledge Infrastructure Database (CNKI) and Wanfang Database), and Korean databases was undertaken from 1980 to November 2018 for clinical trials using manual, electro, or laser acupuncture. Twenty-nine studies including 2268 participants were eligible and included in the meta-analysis. Twenty-two trials were undertaken in China and seven outside of China. Acupuncture showed clinically significant reductions in the severity of depression compared to usual care (Hedges (g) = 0.41, 95% confidence interval (CI) 0.18 to 0.63), sham acupuncture (g = 0.55, 95% CI 0.31 to 0.79), and as an adjunct to anti-depressant medication (g = 0.84, 95% CI 0.61 to 1.07). A significant correlation between an increase in the number of acupuncture treatments delivered and reduction in the severity of depression (<i>p</i> = 0.015) was found. The majority of the included trials were at a high risk of bias for performance blinding. The applicability of findings in Chinese populations to other populations is unclear, due to the use of a higher treatment frequency and number of treatments in China. The majority of trials did not report any post-trial follow-up and safety reporting was poor. Acupuncture may be a suitable adjunct to usual care and standard anti-depressant medication.",1
25183301,Systematic review of traditional chinese medicine for depression in Parkinson's disease.,"Depression is the most common non-motor symptom of Parkinson's disease (PD). Recent clinical trials have evaluated the effectiveness of traditional Chinese medicine (TCM) in the treatment of depression in PD (dPD). However, the results are conflicting rather than conclusive. To investigate the effectiveness of TCM for the treatment of dPD, a systematic review was conducted. Literature searches and collections were performed to identify studies addressing the treatment of TCM for dPD. The methodological quality and risk of bias in all studies included were evaluated. Weighted mean difference (WMD) with 95% confidence interval (CI) was used as the effect measure. Finally, a total of 10 studies involving 582 patients were identified. The pooled results revealed that TCM combined with conventional drugs significantly improved the total scores of the unified Parkinson's disease rating scale (WMD = -7.35, 95% CI: -11.24 to -3.47) and the score of the Hamilton rating scale for depression (HAM-D) (WMD = -4.19, 95% CI: -5.14 to -3.24) compared with conventional drug, respectively. Conclusively, there is evidence that TCM may be beneficial to the treatment of dPD in spite of the methodological weakness of the included studies.",1
24697344,Shuganjieyu capsule for major depressive disorder (MDD) in adults: a systematic review.,"Shuganjieyu capsule is a pure herbal pharmaceutical product for depression. Our objective was to explore the effectiveness and safety of Shuganjieyu capsule for the treatment of major depressive disorder in adults. Eight computerized databases were searched. In addition, randomized controlled trials (RCTs) on Shuganjieyu capsule were hand-searched on seven key Chinese journals. Data were extracted and evaluated by two reviewers independently. Analysis was performed by intention-to-treat where possible. Prespecified subgroup analyses were different-dose regimens, patient spectrum, publication status, and treatment duration. Seven RCTs with 595 participants were included. Shuganjieyu capsule was superior than placebo in terms of response rate (RR = 2.42, 95% CI: 1.55-3.79; P = 0.0001), remission rate (RR = 4.29, 95% CI: 1.61-11.45; P = 0.004), the scores of the mean change from baseline of the HAM-D17 (MD = -4.17, 95% CI: -5.61 to -2.73; P < 0.00001) and from baseline of traditional Chinese medicine (TCM) syndrome score scale scores (MD = -6.00, 95% CI: -8.25 to -3.75; P < 0.00001). In addition, Shuganjieyu plus venlafaxine had a significantly higher response rate (RR = 1.56, 95% CI: 1.29-1.88; P < 0.00001) and was superior in terms of the scores of the mean change from baseline of the treatment emergent symptoms scale scores (MD = -0.74, 95% CI:-1.12 to -0.35; P = 0.0002) than venlafaxine alone. Shuganjieyu capsule is superior to placebo in terms of overall treatment effectiveness and safety. Both response rate and remission rate among patients treated with the combination of Shuganjieyu plus venlafaxine were significantly higher than those treated with venlafaxine alone. Due to the considerable risk of bias in majority of trials, recommendations for practice should be cautious, and additional, well-designed RCTs are needed in next step.",1
40515694,"Perimenopausal depression: etiology, clinical characteristics, and the role of traditional Chinese medicine.","Perimenopausal depression (PMD) is a common condition among women transitioning to menopause, characterised by various physical and psychological symptoms. This review explores the aetiology, clinical manifestations, and latest treatment approaches for PMD, highlighting the complexity and multi-factorial nature of the disorder. Key treatment strategies include hormone replacement therapy (HRT), antidepressants, traditional Chinese medicine (TCM), cognitive-behavioral therapy (CBT), and lifestyle modifications. Comprehensive and individualised treatment plans are essential for effectively managing PMD and improving the quality of life for affected women.",1
35152089,The therapeutic potential of traditional Chinese medicine in depression: Targeting adult hippocampal neurogenesis.,"Depression is a common mental disorder characterized by persistent sadness and lack of interest or pleasure in previously rewarding or enjoyable activities. Understandably, the causes of depression are complex. Nevertheless, the understanding of depression pathophysiology has progressed considerably and numerous studies indicate that hippocampal neurogenesis plays a pivotal role. However, no drugs specifically targeting hippocampal neurogenesis yet exist. Meanwhile, the effects of traditional Chinese medicine (TCM) on hippocampal neurogenesis have received increasing attention in the field of antidepressant treatment because of its multi-ingredient, multi-target, and holistic view. However, the effects and mechanisms of TCM on hippocampal neurogenesis in clinical trials and pharmaceutical studies remain to be comprehensively delineated. To summarize the importance of hippocampal neurogenesis in depression and illustrate the targets and mechanisms of hippocampal neurogenesis regulation that underlie the antidepressant effects of TCM. A systematic review of clinical trials and studies ending by January 2022 was performed across eight electronic databases (Web of Science, PubMed, SciFinder, Research Gate, ScienceDirect, Google Scholar, Scopus and China Knowledge Infrastructure) according to the PRISMA criteria, using the search terms 'traditional Chinese medicine' ""AND"" 'depression' ""OR"" 'hippocampal neurogenesis' ""OR"" 'multi-ingredient' ""OR"" 'multi-target'. Numerous studies show that hippocampal neurogenesis is attenuated in depression, and that antidepressants act by enhancing hippocampal neurogenesis. Moreover, compound Chinese medicine (CCM), Chinese meteria medica (CMM), and major bioactive components (MBCs) can promote hippocampal neurogenesis exerting antidepressant effects through modulation of neurotransmitters and receptors, neurotrophins, the hypothalamic-pituitary-adrenal axis, inflammatory factors, autophagy, and gut microbiota. We have comprehensively summarized the effect and mechanism of TCM on hippocampal neurogenesis in depression providing a unique perspective on the use of TCM in the antidepressant field. TCM has the characteristics and advantages of multiple targets and high efficacy, showing great potential in the field of depression treatment.",1
40374592,Regulating the Plasticity of Hippocampal Neurons via Electroacupuncture in Depression Model Mice.,"Effective treatment of depression poses a major clinical challenge, accompanied by considerable social and emotional burdens. Electroacupuncture, a non-pharmacological modality derived from traditional Chinese medicine, offers a promising alternative for depression treatment due to its safety and efficacy. However, its underlying molecular mechanisms remain unclear. In this study, a corticosterone-induced depression model in C57BL/6 mice was employed and electroacupuncture was applied to stimulate at Zusanli (ST36) acupoint. The results demonstrated that electroacupuncture effectively alleviated depression-like symptoms and restored the structural morphology and plasticity of neurons in the hippocampal CA1 region. Further analysis revealed a significant upregulation of brain-derived neurotrophic factor (BDNF) and β-type calmodulin-dependent protein kinase II (CaMKIIβ), which are associated with neuronal plasticity regulatory pathways. This study elucidates the potential molecular mechanisms by which electroacupuncture alleviates depression through the regulation of neuroplasticity, providing an experimental basis for its clinical application.",1
34225013,Emerging application of metabolomics on Chinese herbal medicine for depressive disorder.,"Depressive disorder is a kind of emotional disorder that is mainly manifested with spontaneous and persistent low mood. Its etiology is complex and still not fully understood. Metabolomics, an important part of system biology characterized by its integrity and systematicness, analyzes endogenous metabolites of small molecules in vivo and examines the metabolic status of the organism. It is widely used in the field of disease research for its unique advantage in the disease molecular marker discovering Due to fewer adverse reactions and high safety, Chinese herbal medicine (CHM) has great advantages in the treatment of chronic diseases including depression. Metabolomics has been gradually applied to the efficacy evaluation of CHM in treatment of depression and the metabolomics analysis exhibits a systemic metabolic shift in amino acids (such as alanine, glutamic acid, valine, etc.), organic acids (lactic acid, citric acid, stearic acid, palmitic acid, etc.), and sugars, amines, etc. These differential metabolites are mainly involved in energy metabolism, amino acid metabolism, lipid metabolism, etc. In this review, we have exemplified the study of CHM in animals or clinics on the depression, and revealed that CHM treatment has significantly changed the metabolic disorders associated with depression, promoting metabolic network reorganization through restoring of key metabolites, and metabolic pathways, which may be the main mechanism basis of CHM's treatment on depression. Besides, we further envisioned the future application of metabolomics in the study of CHM treatment of depression.",1
39528081,Electroacupuncture combined with NSCs-Exo alters the response of hippocampal neurons in a chronic unpredictable mild stress paradigm in ovx rats.,"Electroacupuncture (EA) is a form of Traditional Chinese Medicine (TCM) that combines acupuncture with microcurrents mimicking the body's bioelectricity to prevent and treat diseases. Previous studies have demonstrated its antidepressant-like effects in chronic unpredictable mild stress (CUMS)-induced ovariectomy (OVX) rats. Neural stem cell-derived exosomes (NSCs-Exo) are heterogeneous and targeted, effectively promoting nerve regeneration and repairing neuronal damage, while potentially conveying the effects of EA. However, the precise mechanism remains unclear. In this study, perimenopausal depressive disorder (PDD) rat model were established using a two-step protocol CUMS + OVX. Treatment with EA combined with NSCs-Exo (EA-Exo) significantly improved depression-like behaviors in PDD rats, as indicated by increased sucrose intake in the Sucrose Preference Test (SPT), reduced immobility in the Forced Swimming Test (FST), and prolonged activity in the Out-of-Field Test (OFT). EA-Exo treatment improved depression-like behaviors by increasing serum levels of 5-hydroxytryptamine (5-HT) and decreasing immobility in the FST. It also alleviated OVX-CUMS-induced disturbances in energy metabolism, inflammation, and oxidative stress responses by enhancing serum levels of 5-HT, dopamine (DA), ATP, superoxide dismutase (SOD), and interleukin-10 (IL-10), while reducing cyclic AMP (cAMP), interleukin-6 (IL-6), reactive oxygen species (ROS), and malondialdehyde (MDA). Furthermore, EA-Exo treatment reversed structural and functional impairments in hippocampal synapses and mitochondria. This was evidenced by reductions in hippocampal synaptic plasticity proteins PSD95, SYN, and GAP43, as well as decreased expression of energy metabolism pathway proteins AMPK, NRF1, PGC1α, and TFAM. These findings suggest that EA-Exo ameliorates depressive behavior in OVX-CUMS rats by modulating synaptic plasticity and activating the AMPK/NRF1/PGC1α/TFAM signaling pathway.",1
33466877,Chinese Herbal Medicine for the Treatment of Depression: Effects on the Neuroendocrine-Immune Network.,"The neuroimmune and neuroendocrine systems are two critical biological systems in the pathogenesis of depression. Clinical and preclinical studies have demonstrated that the activation of the neuroinflammatory response of the immune system and hyperactivity of the hypothalamus-pituitary-adrenal (HPA) axis of the neuroendocrine system commonly coexist in patients with depression and that these two systems bidirectionally regulate one another through neural, immunological, and humoral intersystem interactions. The neuroendocrine-immune network poses difficulties associated with the development of antidepressant agents directed toward these biological systems for the effective treatment of depression. On the other hand, multidrug and multitarget Chinese Herbal Medicine (CHM) has great potential to assist in the development of novel medications for the systematic pharmacotherapy of depression. In this narrative essay, we conclusively analyze the mechanisms of action of CHM antidepressant constituents and formulas, specifically through the modulation of the neuroendocrine-immune network, by reviewing recent preclinical studies conducted using depressive animal models. Some CHM herbal constituents and formulas are highlighted as examples, and their mechanisms of action at both the molecular and systems levels are discussed. Furthermore, we discuss the crosstalk of these two biological systems and the systems pharmacology approach for understanding the system-wide mechanism of action of CHM on the neuroendocrine-immune network in depression treatment. The holistic, multidrug, and multitarget nature of CHM represents an excellent example of systems medicine in the effective treatment of depression.",1
37930334,Chinese Materia Medica in Treating Depression: The Role of Intestinal Microenvironment.,"Depression is a highly heterogeneous mental illness. Drug treatment is currently the main therapeutic strategy used in the clinic, but its efficacy is limited by the modulation of a single target, slow onset, and side effects. The gut-brain axis is of increasing interest because intestinal microenvironment disorders increase susceptibility to depression. In turn, depression affects intestinal microenvironment homeostasis by altering intestinal tissue structure, flora abundance and metabolism, hormone secretion, neurotransmitter transmission, and immune balance. Depression falls into the category of ""stagnation syndrome"" according to Traditional Chinese Medicine (TCM), which further specifies that ""the heart governs the spirit and is exterior-interior with the small intestine"". However, the exact mechanisms of the means by which the disordered intestinal microenvironment affects depression are still unclear. Here, we present an overview of how the Chinese materia medica (CMM) protects against depression by repairing intestinal microenvironment homeostasis. We review the past five years of research progress in classical antidepressant TCM formulae and single CMMs on regulating the intestinal microenvironment for the treatment of depression. We then analyze and clarify the multitarget functions of CMM in repairing intestinal homeostasis and aim to provide a new theoretical basis for CMM clinical application in the treatment of depression.",1
30396632,A systematic review of acupuncture and Chinese herbal medicine for postpartum depression.,"Chinese medicine is increasingly used by women with postpartum depression (PPD). We systematically analyzed randomized controlled trials of acupuncture and Chinese herbal medicine (CHM) for PPD. Studies were retrieved from English and Chinese databases. The Cochrane risk of bias tool was used to assess methodological quality. Fifteen CHM, and three acupuncture studies were included. Low quality evidence suggested that CHM alone or combined with antidepressants as add-on therapy may reduce symptoms of depression compared to placebo or antidepressants on the Edinburgh Postnatal Depression Scale (EPDS). There was no statistically significant difference between acupuncture and antidepressants. Adverse events were rare. CHM reduced PPD symptoms greater than placebo or antidepressants. Acupuncture was neither superior nor inferior to antidepressants. More rigorously designed studies are required to confirm the effect of CHM and acupuncture for PPD.",1
40033393,Mechanisms of acupuncture in treating depression: a review.,"Acupuncture as a representative treatment method of traditional Chinese medicine, has been found to have a significant effect on mild to moderate depression without obvious side effects, but the mechanism through which it exerts its antidepressant effect is still unclear. We searched PubMed, Web of Science, and Embase databases for basic research on acupuncture in the treatment of depression from the database established to June 14, 2024, and finally included 44 studies from 2020 to June 14, 2024, into the table analysis. The main outcomes of this study are the effects of acupuncture on the relevant biological indicators of depression model. By analyzing the effect of acupuncture on rodent model of depression, the mechanism of acupuncture against depression was explored. In general, several acupuncture methods, mainly based on electroacupuncture (EA), regulate the levels of 5-hydroxytryptamine (5-HT), glutamic acid (Glu) and dopamine (DA), regulate the calcium signaling pathway, increase the expression of synaptic protein, promote mitochondrial repair and reduce oxidative stress, and enhance synaptic plasticity. Inhibition of key inflammatory pathways such as P2X7R/NLRP3 and NF-κB signaling pathways, regulation of hypothalamic-pituitary-adrenal axis (HPA axis) function, and tryptophan metabolism improved depression-like behavior in rodent models. In summary, acupuncture treatment represented by EA has multiple mechanisms to play a role by regulating neurotransmitter balance, improving neuroplasticity, reducing inflammatory responses, and regulating the neuroendocrine system. However, the differences between acupoint catgut embedding (ACE), manual acupuncture (MA), and EA in the treatment of depression and the operating parameters of EA in the treatment of depression with different causes (such as frequency, intensity, duration, etc.) still need further research to be confirmed. This review has not been registered with PROSPERO or other protocol registration platforms because protocol registration was not a mandatory requirement for this study.",1
41437027,Acupuncture for subthreshold depression: a randomized controlled trial.,"Subthreshold depression (SD), characterized by depressive symptoms not meeting major depressive disorder (MDD) criteria, poses a significant risk for MDD development. Acupuncture has shown promise for SD, though its efficacy beyond placebo remains unclear. Therefore, we designed this study to evaluate the efficacy of verum acupuncture (VA) compared to sham acupuncture (SA) for SD. A randomized clinical trial was conducted at the Affiliated Hospital of Shandong University of Traditional Chinese Medicine, China, from September 2021 to October 2023. Participants with SD were randomized 1:1 to receive either VA or SA for 8 weeks, with 12-week follow-up. The primary outcome was the change in Hamilton Depression Scale-17 (HAMD-17) scores from baseline to 8 weeks. Of 231 screened patients, 64 participants (71.87% female; mean age, 29.83 [SD 6.84] years) were included. Fifty-nine participants (92.2%) completed the study. The mean reduction in HAMD-17 scores from baseline to week 8 was -7.28 (95% CI, -8.26 to -6.3) in the VA group and -3.80 ( 95% CI, -4.42 to -2.77) in the SA group. The between-group difference at week 8 was -4.08 (95% CI, -5.15 to -3.02; P < .001). Effects persisted during the 12-week follow-up. No serious adverse events occurred. Acupuncture demonstrated significant therapeutic effects for SD compared to SA, with benefits extending beyond placebo. These findings support acupuncture as a specific and effective intervention for SD. However, the study's limitations, including its single-center design and relatively young sample, should be considered when generalizing the results. ChiCTR2100049660; Registered August 7, 2021.",1
38808079,Exploring the transformative impact of traditional Chinese medicine on depression: Insights from animal models.,"Depression, a prevalent and complex mental health condition, presents a significant global health burden. Depression is one of the most frequent mental disorders; deaths from it account for 14.3% of people worldwide. In recent years, the integration of complementary and alternative medicine, including traditional Chinese medicine (TCM), has gained attention as a potential avenue for addressing depression. This comprehensive review critically assesses the efficacy of TCM interventions in alleviating depressive symptoms. An in-depth look at different research studies, clinical trials, and meta-analyses is used in this review to look into how TCM practices like herbal formulations, acupuncture, and mind-body practices work. The review looks at the quality of the evidence, the rigor of the methods, and any possible flaws in the current studies. This gives us an idea of where TCM stands right now in terms of treating depression. This comprehensive review aims to assess the efficacy of TCM interventions in alleviating depressive symptoms. In order to learn more about their possible healing effects, the study also looks into how different types of TCM work, such as herbal formulas, acupuncture, and mind-body practices.",1
31780032,Clinical evidence of Chinese medicine therapies for depression in women during perimenopause and menopause.,"Depression is common in women during perimenopause and menopause. Complementary therapies such as acupuncture and Chinese herbal medicine (CHM) are often utilized by these women. However, the efficacy and safety of these treatments have not been systematically evaluated. We conducted a systematic review and meta-analysis of randomized controlled trials (RCTs). Nine English and Chinese databases were searched and search terms included perimenopause, menopause, depression, Chinese herbal medicine, acupuncture, RCTs, and their synonyms. Methodological quality was assessed using the Cochrane Risk of Bias Tool. A total of 18 RCTs were identified (6 CHM, 11 acupuncture related therapies, 1 combination of CHM and acupuncture). For Hamilton Rating Scale of Depression (HRSD) and Kuppermans Index of Menopause, tuina-massage, combined therapy of CHM plus acupuncture showed significant benefits at end of treatment compared to antidepressants. Either CHM and acupuncture reduced HRSD scores, indicating less severe depression, showing comparable effects to antidepressants. CHM and acupuncture treatment in perimenopause and menopausal women resulted in reduced severity of depression. Results should be interpreted with caution given the small number of studies included in this review and further RCTs are warranted to validate findings from this review.",1
32147048,Acupuncture for major depressive disorder: A review of the recommendations stated at clinical practice guidelines.,"The use of acupuncture to treat depression is not uncommon. However, recommendations regarding acupuncture issued by clinical practice guidelines (CPG) vary widely. To describe the recommendations regarding acupuncture in CPGs for depression in adults, and to assess the methodology used to reach them. We conducted a scoping review of CPGs for depression management in adults, which performed systematic reviews (SRs) to answer their review questions, were published between January 2014 and May 2018, and assessed the use of acupuncture as a review question. We limited out search to articles published in English/Spanish. We assessed the SRs quality using the ""A MeaSurement Tool to Assess Systematic Reviews-2"" (AMSTAR-2), and described how the recommendation regarding acupuncture was reached. We found five CPGs that fulfilled our inclusion criteria: three from the US, one from Canada, and one from China. Four CPGs fulfilled between two and three items of AMSTAR-2, and one CPG fulfilled seven items. The methodology used to formulate the recommendations varied between CPGs. Regarding acupuncture use recommendations: three CPGs did not issue any recommendation (although one mentions that it should not be used), whilst two were in favor. The lack of a clearly stated review question presented in the majority of CPGs prevents the reader from understanding what the CPG developing group was trying to answer. Moreover, the arguments presented to support a decision are usually not detailed enough. Therefore, the assessment of the recommendations was extremely difficult. Given that the formulation of recommendations is not always reliable, clinicians should carefully read and assess the recommendations presented in CPGs before implementing them.",1
39701700,[Traditional Chinese medicine prevents and treats depression by regulating hippocampal neuroplasticity: a review].,"Depression, a heterogeneous disorder with symptoms involving emotion, cognition, and behavior, is characterized by high morbidity, low treatment acceptance, and recurrent episodes. It is expected to become a major disease in the global healthcare burden by 2030. The pathogenesis of depression is complex, involving genetic, environmental, neurological, immune, endocrine and other factors, among which neuroplasticity plays a key role in the development of depression and antidepressant treatment. Neuroplasticity can occur in various brain regions and involves a variety of molecular and cellular mechanisms, including neurogenesis, synaptic plasticity, neurotrophic factors, and neuronal apoptosis. Hippocampus is a key brain region for memory and emotional information processing, and its neuroplasticity has become a research hotspot in neuroscience in recent years. Traditional Chinese medicine(TCM) has a long history of preventing and treating depression, with complete basic theories, rich therapeutic experience, and profound therapeutic efficacy. A large number of animal and cellular experiments have shown that TCM can modulate hippocampal neuroplasticity to ameliorate depression, which is another important manifestation of the concept of micro-differentiation in TCM and the modernization of TCM. However, there is a lack of a comprehensive review and summary at present. In view of this problem, this paper systematically reviews the pathological mechanisms of hippocampal neuroplasticity dysregulation in the development of depression and the mechanisms of TCM modulation of hippocampal neuroplasticity in the treatment of depression, with a view to providing new ideas for the in-depth study of TCM in the prevention and treatment of depression.",1
37255171,Traditional Chinese Medicine Strategy for Treating Major Depressive Disorder Based on a Famous Formulation-Baweixiaoyaosan.,"In this study, systematic pharmacological methods were used to reveal the potential pharmacological targets of baweixiaoyaosan in the treatment of major depressive disorder (MDD). We identified 133 potential active compounds through data mining and absorption, distribution, metabolism, and excretion evaluation systems. Then, the target of potential active compounds is predicted by a system model based on random forest and support vector machine methods. Next, construct herbal ingredient-target networks and target-disease networks for further analysis of multi-directional treatment methods. At the same time, we also performed gene ontology enrichment analysis, tissue location analysis, and pathway analysis on 76 potential targets. Finally, we conducted the Jun-Chen-Zuo-Shi compatibility analysis of the formula and scientifically explained the different functions of different herbs in the formula. In short, we found that the formula mainly exerts the effect of treating MDD through the four functional modules of inflammation inhibition, neuroprotection, monoamine neurotransmitter and liver. This research not only explores the mechanism of Traditional Chinese Medicine treatment of MDD from a multi-scale perspective, but also provides a reference for future research on BWXYS. It plays a role in promoting the widespread use of BWXYS.",1
40785662,Research progress on traditional Chinese medicine animal models of post-stroke depression and pathological insights.,"Post-stroke depression (PSD) is a common psychiatric complication affecting nearly one-third of stroke survivors, leading to increased disability, mortality, and cognitive decline. Traditional Chinese Medicine (TCM) has proven effective in treating PSD through syndrome differentiation, yet existing animal models primarily reflect Western medical concepts and fail to incorporate the TCM principle of """" (treating the same disease with different methods). This paper provides a review of the current methods for constructing animal models of post-stroke depression (PSD) from the perspective of Traditional Chinese Medicine (TCM) syndrome differentiation and proposes multi-dimensional assessment indicators. By integrating TCM theories with modern biomedical techniques, this study offers a comprehensive framework for deepening the understanding of the pathogenesis and therapeutic evaluation of PSD. This approach not only contributes to advancing PSD research but also paves the way for innovative treatment strategies that combine traditional and modern medicine.",1
34636498,Potential therapeutic effect and methods of traditional Chinese medicine on COVID-19-induced depression: A review.,"COVID-19 (coronavirus) has spread all over the world with a high infection rate. Currently, there are no targeted therapeutic drugs for COVID-19 as well as for stress induced by COVID-19. The unpredictable events of COVID-19 can trigger feelings of fear, worry, or unease in people, leading to stress-related disorders such as depression and anxiety. It has been reported that individuals, including COVID-19 patients, medical staff, and ordinary people, are under both physical and psychological pressure, and many of them have developed depression or anxiety during this pandemic. Traditional Chinese medicine (TCM) has been widely used in treating depression with relatively better safety and efficacy and may have an important role in treating stress-related disorders induced by COVID-19. In this review, we collected the common TCM treatment methods including Qigong, Acupuncture, Five Elements Musical Therapy, Five Elements Emotional Therapy, and Chinese herbal medicine from the databases of PubMed and the China National Knowledge Internet to illustrate the effect of TCM on depression. The better knowledge of TCM and implementation of TCM in COVID-19 clinics may help to effectively improve depression induced by COVID-19, may assist people to maintain a healthy physical and mental quality, and may alleviate the current shortage of medical resources.",1
19507266,A mini review of traditional Chinese medicine for the treatment of depression in China.,"To systematically evaluate the effectiveness of Chinese herbal medicine for treating depression in China, the electronic medical database from China National Knowledge Infrastructure (CNKI) was searched using Chinese and the date is set, from 1st January 1994 to 1st August 2008. The 18 studies that met the entry criteria along with 1,260 randomized patients were included in this review. All studies with words like ""randomization"" or ""quasi-randomization"" in their abstracts were included, whether they used blinding or not. The results showed that the Chinese medicine treated group did not decrease the scores of the self-rating depression scale (-1.02, 95% CI -2.16 approximately 0.12, p = 0.08) and the scores of the Hamilton depression scale (-0.45, 95% CI -0.98 approximately 0.08, p = 0.10). The results showed there is no evidence to support that traditional Chinese medicine for depression has improved, which may be due to the low quality in all the trials. Therefore, more qualified, randomized controlled clinical trials are warranted to assure its efficacy.",1
36791924,Traditional Chinese medicine decoctions and Chinese patent medicines for the treatment of depression: Efficacies and mechanisms.,"Depression is a major mental disorder and it is currently recognized as the second-leading cause of disability worldwide. However, the therapeutic effect of antidepressants remains unsatisfactory. Traditional Chinese medicine (TCM) has been widely used for centuries, including commonly-used complementary and alternative medical therapies for depression. Recent clinical trials have been carried out to assess the efficacy and safety of TCM, and to explore the mechanisms of action in relation to the treatment of depression. To summarize frequently used TCM decoctions and Chinese patent medicines (CPM) for treating depression, review their clinical therapeutic effects in treating depressive disorders, consider their possible mechanisms, and characterize the relationships between their efficacy and mechanisms. We performed a computerized literature search using the electronic databases such as PubMed, Cochrane Library, Web of Science, China National Knowledge Infrastructure (CNKI), and Wanfang databases, with the keywords ""depression"", ""traditional Chinese medicine decoction"", ""Chinese patent medicine"", ""application"", ""mechanism"", and their combinations, from January 1, 2000 to August 8, 2022 (inclusive). A total of 51 papers were identified. We reviewed studies on six each TCM decoctions and CPMs, which demonstrated their significant clinical efficacy for treating depression and examined their mechanisms of action. The anti-depressive effects were related to: 1) increased monoamine neurotransmitter levels, 2) inhibiting hyperactivity of the hypothalamic-pituitary-adrenal axis, 3) regulating hippocampal neurons and neurotrophic factors, 4) regulating immune cytokines, 5) counteracting excitatory amino acid toxicity, and 6) regulating microbe-gut-brain axis function. TCM plays an increasingly important role in the management of depression by enhancing the therapeutic effects and alleviating the side effects of antidepressant chemicals.",1
36921619,Acupuncture and Chinese herbal medicine for menopausal mood disorder: a randomized controlled trial.,"This study aimed to analyze the effectiveness of acupuncture combined with Chinese herbal medicine (CHM) on mood disorder symptoms for menopausal women. A total of 95 qualified Chinese participants were randomly assigned to one of three groups: 31 in the acupuncture combined with CHM group (combined group), 32 in the acupuncture combined with CHM placebo group (acupuncture group) and 32 in the CHM combined with sham acupuncture group (CHM group). The patients were treated for 8 weeks and followed up for 4 weeks. The data were collected using the Greene Climacteric Scale (GCS), self-rating depression scale (SDS), self-rating anxiety scale (SAS) and safety index. The three groups each showed significant decreases in the GCS, SDS and SAS after treatment (<i>p</i> < 0.05). Furthermore, the effect on the GCS total score and the anxiety domain lasted until the follow-up period in the combined group (<i>p</i> < 0.05). Within the three groups, there was no difference in GCS and SAS between the three groups after treatment (<i>p</i> > 0.05). However, the combined group showed significant improvement in the SDS, compared with both the acupuncture group and the CHM group at 8 weeks and 12 weeks (<i>p</i> < 0.05). No obvious abnormal cases were found in any of the safety indexes. The results suggest that either acupuncture, or CHM or combined therapy offer safe improvement of mood disorder symptoms for menopausal women. However, the combination therapy was associated with more stable effects in the follow-up period and a superior effect on improving depression symptoms.",1
36529248,Gut microbiota: A new target for traditional Chinese medicine in the treatment of depression.,"The causes of depression are complex. Many factors are involved in its pathogenesis, including the individual's biological and social environment. Although numerous studies have reported that the gut microbiota plays a significant role in depression, drugs that regulate the gut microbiota to treat depression have not yet been comprehensively reviewed. At the same time, more and more attention has been paid to the characteristics of traditional Chinese medicine (TCM) in improving depression by regulating gut microbiota. In ancient times, fecal microbiota transplantation was recorded in TCM for the treatment of severe diseases. There are also records in Chinese ancient books about the use of TCM to adjust gut microbiota to treat diseases, which has opened up a unique research field in TCM. Therefore, this article focuses on the pharmacological effects, targets, and mechanisms of TCM in improving depression by mediating the influence of gut microbiota. To summarize the role the gut microbiota plays in depression, highlight potential regulatory targets, and elucidate the anti-depression mechanisms of TCMs through regulation of the gut microbiota. A systematic review of 256 clinical trials and pharmaceutical studies published until June 2022 was conducted in eight electronic databases (Web of Science, PubMed, SciFinder, Research Gate, ScienceDirect, Google Scholar, Scopus, and China Knowledge Infrastructure), according to the implemented PRISMA criteria, using the search terms ""traditional Chinese medicine,"" ""depression,"" and ""gut microbiota."" Numerous studies reported the effects of different gut bacteria on depression and that antidepressants work through the gut microbiota. TCM preparations based on compound Chinese medicine, the Chinese Materia Medica, and major bioactive components exerted antidepressant-like effects by improving levels of neurotransmitters, short-chain fatty acids, brain-derived neurotrophic factor, kynurenine, and cytokines via regulation of the gut microbiota. This review summarized the anti-depression effects of TCM on the gut microbiota, providing evidence that TCMs are safe and effective in the treatment of depression and may provide a new therapeutic approach.",1
37897838,Predicting acupuncture efficacy for major depressive disorder using baseline clinical variables: A machine learning study.,"Acupuncture is a viable treatment option for major depressive disorder (MDD). However, its effectiveness varies among patients. This study aimed to develop a model to predict the efficacy of acupuncture therapy for MDD using machine learning and baseline clinical variables. A total of 124 patients with MDD from five research centers were included in our machine learning study. All patients underwent acupuncture treatment for 6 weeks and the efficacy of the treatment was evaluated using the Hamilton Depression Scale-17 (HAMD-17). The max-relevance and min-redundancy (mRMR) algorithm and Pearson correlation analysis were used for selecting 11 significant features from 26 baseline clinical variables for model training. We compared the performance of five machine learning models, including logistic regression, support vector machine, K-nearest neighbor, random forest, and XgBoost, in predicting the effect of acupuncture in relieving major depression. Among the five models, XgBoost performed the best with an area under the receiver operating characteristic curve (AUC) of 0.835, an accuracy of 0.730, a sensitivity of 0.670, a specificity of 0.774, and an F1 score of 0.751. The key predictive variables identified were anxiety score in the self-rating depression scale (SDS), the traditional Chinese medicine syndrome of deficiency in both heart and spleen, and body mass index (BMI). The study demonstrates that the developed model can help physicians predict the patients who will benefit from acupuncture treatment, which is of positive significance for improving the clinical efficacy of acupuncture on MDD.",1
34049476,Neuroplasticity: A Key Player in the Antidepressant Action of Chinese Herbal Medicine.,"Traditional Chinese medicine (TCM) is a systematic medicine. It provides alternative strategies for the treatment of depression with its clinical experience, comprehensive diagnosis, and treatment theory. Chinese herbal medicine (CHM) is the major form of TCM prescription, and numerous CHMs have been demonstrated to possess remarkable antidepressant-like properties. A diversity of mechanisms have been implicated in CHM-associated antidepressant property. This paper reviewed the neuroplastic mechanisms underlying the antidepressant actions of CHM, finding that CHM repairs neuroplasticity by improving neurogenesis, neurotrophic factors, synaptic spine morphology, cell signaling, glutamatergic system, monoamine neurotransmitters, and neural apoptosis. CHM thereby exerts an antidepressant effect, attempting to offer a better understanding of the mechanisms implicated in TCM-related antidepressant-like efficacy and laying a foundation for the scientific evaluation and development of TCM in treating depression.",1
38306565,Antidepressant mechanism of traditional Chinese medicine: Involving regulation of circadian clock genes.,"Numerous studies have demonstrated an intimate relationship between circadian rhythm disorders and the development and prevention of depression. The biological clock genes, which constitute the molecular basis of endogenous circadian rhythms, hold promising prospects for depression treatment. Based on an extensive review of recent domestic and international research, this article presents a comprehensive analysis of how traditional Chinese medicine (TCM) intervenes in depression by regulating circadian rhythms. The findings indicate that TCM exerts its antidepressant effects by targeting specific biological clock genes such as Bmal1, clock, Arntl, Per1, Per2, Per3, Nr1d1, Cry2, and Dbp, as well as regulating circadian rhythms of hormone secretion. However, most current research is still confined to basic experimental studies, lacking clinical double-blind control trials to further validate these viewpoints. Furthermore, there is insufficient research on the signal transduction pathway between biological clock genes and pathological changes in depression. Additionally, further clarification is needed regarding the specific targets of TCM on the biological clock genes.",1
24761171,Acupuncture for Treating Anxiety and Depression in Women: A Clinical Systematic Review.,"Anxiety and depression are high in prevalence, especially in the female population, whose incidence is approximately double that of the male population. In addition, these conditions are difficult to treat and have high relapse rates and medication side-effects. There is evidence to suggest that acupuncture may be an effective treatment modality. The aim of this review is to summarize the existing evidence on acupuncture as a therapy for anxiety and depression in women and to present a novel method for assessing acupuncture trial quality. Published randomized controlled trials were included, whereby acupuncture was compared with any control procedure in subjects with anxiety and/or depression. Two authors extracted data independently. A novel acupuncture trial quality-assessment tool was developed to analyze the literature quality. Six articles used the desired inclusion and exclusion criteria. The quality of research varied heavily. Five studies were properly randomized. Three were double-blinded. Three used individualized acupuncture. Four studies were of at least reasonable quality. One was of marginal quality, and one was of poor quality. There was a significant difference between acupuncture and at least one control in all six trials. With respect to six reviewed studies, there is high-level evidence to support the use of acupuncture for treating major depressive disorder in pregnancy.",1
39157399,Progress of research on the treatment of depression by traditional Chinese medicine prescriptions.,"Depression is a common psychiatric disorder that belongs to the category of ""Depression Syndrome"" in traditional Chinese medicine (TCM), and its etiology and pathogenesis are complex and unclear. It is characterized by high prevalence, high disability rate, and high recurrence rate, which seriously affect human health, and its treatment has become a research hotspot worldwide. At present, the antidepressants commonly used in the clinic are mainly Western medicine (WM), but there are problems such as frequent side effects and poor efficacy. Studies have found that the use of TCM prescriptions in the treatment of depression can achieve the same effect as WM; and when TCM prescriptions are combined with WM, the efficacy can be enhanced while the adverse effects of WM can be reduced. Pharmacological studies related to the treatment of depression with traditional Chinese medicine prescriptions (TCMPs) have focused on the neurobiochemical system, gut microbes, and energy metabolism in mitochondria. No one has yet reviewed the pharmacological mechanism of TCMPs for depression. So, this paper reviews the pharmacological mechanism of TCMPs for depression from the perspective of TCMPs, introduces the progress of research on classical TCMPs for depression and their antidepressant mechanism. This article aims to promote the application of TCMPs in the clinic and provide a new therapeutic idea for the clinical treatment of depression.",1
34623754,Efficacy and safety of acupuncture in the treatment of depression: A systematic review of clinical research.,"As a common mental disorder, depression is one of the leading causes of disability around the world. Clinical studies have shown that acupuncture is an effective therapy without obvious side effects compared to limited efficacy and adverse reactions of drug therapy, cognitive behavioral therapy, and neuromodulation technology in treating depression. The objective of this review is to systematically evaluate whether acupuncture therapies for depression are safe and effective in order to provide a high-quality reference for clinical trials of acupuncture. A systematic search of the literature was carried out through bibliographic search engine PubMed. Subsequently, the study design, intervention methods, control group, results, and safety of acupuncture were analyzed. The results showed that acupuncture as an adjunct to antidepressants or as a single treatment can exert a positive impact on patients' depressive symptoms. Compared with antidepressants, acupuncture has the advantages of fast onset and long-term efficacy in the treatment of depression, and can enhance the efficacy of antidepressants. Moreover, the efficacy and safety of acupuncture in the treatment of depression maybe related to the qualification of the acupuncturist, the selection of acupoints, and intervention measures.",1
35232229,Efficacy and safety of electroacupuncture for post-stroke depression: a randomized controlled trial.,"The objective of this study is to evaluate the efficacy and safety of electroacupuncture (EA) treatment for post-stroke depression (PSD). This study was a single-center, single-blinded, parallel-arm randomized controlled trial. In total, 65 patients with PSD were randomly allocated into EA and sham EA groups. Treatment was administered at GV20, <i>Sishencong</i>, SP6, LR3 and BL18 in both groups. The EA group received EA treatment, while the sham EA group received sham EA treatment using the Park device. Treatment was given three times a week for 4 weeks. The primary outcome was the Hamilton Rating Scale for Depression (HRSD). Secondary outcomes included the Zung Self-Rating Depression Scale (SDS), National Institutes of Health Stroke Scale (NIHSS), Barthel Daily Living Index (BI) and depression scale of traditional Chinese medicine (TCM). Primary and secondary outcomes were assessed at baseline, week 2 after treatment, week 4 after treatment and week 8 of follow-up. Safety assessment was conducted at each visit for 4 weeks of treatment. Significant differences in HRSD, SDS, NIHSS, BI and TCM scale scores were found in the EA group before and after acupuncture treatment (all p < 0.001). Compared with the sham EA group, HRSD scores improved significantly in the EA group at the end of week 2 (F = 31.33, p < 0.001), week 4 (F = 35.58, p < 0.001) and week 8 after treatment onset (F = 25.03, p < 0.001). Similarly, significant improvements were observed in SDS, NIHSS and BI scores. Two participants in the EA group suffered a local hematoma, while no adverse events were reported in the sham EA group. EA appears to be an efficacious and safe treatment for PSD. According to our results, EA may alleviate depressive symptoms, and improve neurological function and capabilities with respect to activities of daily living (ADLs). ChiCTR-IOR-17012610 (Chinese Clinical Trial Registry).",1
34840949,"Electroacupuncture plus moxibustion for major depressive disorder: A randomized, sham-controlled, pilot clinical trial.","The first treatment option for major depressive disorder (MDD) is antidepressants, however, there is substantial demand for alternative therapies due to its low compliance and remission rates. This study was aimed to explore the effectiveness, safety, and feasibility of electroacupuncture plus moxibustion therapy for MDD. Thirty adults with MDD were randomly assigned to the treatment group (TG) or control group (CG). The TG was treated with electroacupuncture plus moxibustion, and the CG received sham interventions at non-acupoints for 8 weeks. The primary outcome measure was the intergroup difference of the mean change of total score of the Hamilton rating scale for depression (HRSD) between baseline and week 9. Secondary outcome measures were Beck's depression inventory, insomnia severity index, the state-trait anxiety inventory, the EuroQol-5 dimension index, the measure yourself medical outcome profile version 2, and frontal alpha asymmetry measured by electroencephalography. Adverse events (AEs) were monitored for safety assessment. The primary outcome measure was not significantly different between the two groups (p=0.2641), although the scores of HRSD in both groups improved significantly after treatment. No significant difference was identified between groups in secondary outcome measures. The incidence of AE was not significantly different between the two groups (p=0.1067). A clinical trial using electroacupuncture plus moxibustion for MDD seems feasible. However, further studies with the larger size, adopting ideal controls are warranted to provide a confirmative conclusion to the efficacy and safety of electroacupuncture plus moxibustion for MDD. The protocol was registered at Korean Clinical Trial Registry (CRIS-KCT0001810).",1
28851961,Acupuncture for behavioral changes of experimental depressive disorder: a systematic review and meta-analysis.,"Acupuncture is considered to be a promising alternative therapy for depression. Nevertheless, up to now, it remains controversial on the effects exerted by acupuncture on behavioral changes in depression models. Consequently, it's necessary to develop a systematic review and meta-analysis to assess the effect of acupuncture for model rats of depression. Ultimately, 90 studies involving 1861 models were identified. Behavioral indicators including the number of crossings (NC) and the number of rearings (NR) in open field test (OFT), the capacity of sucrose intake (CSI) and the rate of sucrose intake (RSI) in sucrose intake test (SIT), final weight (FW) and gain weight (GW) were employed as main outcomes in depression model rats. The pooled results showed that acupuncture had not less effect than western medicine on improving NC, NR, FW, GW, RSI (P > 0.05). However, the CSI improvement was poorer compared with west medicine (P < 0.05). In conclusion, acupuncture has not less effect on behavior changes than western medicine, including improving NC, NR, RSI, FW and GW in depression models.",1
39140625,A Meta-analysis of Different Acupuncture Modalities Combined With Antidepressants to Reduce Major Depressive Disorder.,"Acupuncture is an effective therapy for depression. Nevertheless, the results of clinical studies on major depressive disorder (MDD) remain controversial. By November 2023, English-language published randomized clinical trials involving acupuncture for treating MDD were searched. The analysis comprised 9 studies with 809 subjects who met the eligibility criteria. The quality of the included studies was evaluated using the Quality in Prognostic Studies (QUIPS) tool. Acupuncture moderately alleviated the severity of MDD, independent of the method used (standardized mean difference [SMD] = -0.55; confidence interval [CI] 95%: -1.19, 0.09; P = 0.08). The severity of MDD was moderated by MA, regardless of antidepressant use (SMD = -0.49; CI95%: -1.13, 0.14, P = 0.09). Subgroup analysis revealed a nonsignificant reduction in MDD severity when using manual acupuncture alone (SMD -0.52; CI95%: -1.47, 0.44, P = 0.18). MDD severity was reduced by the use of manual acupuncture and antidepressants (SMD = -0.47; CI95%: -0.88, -0.06). Laser acupuncture and electroacupuncture (with or without antidepressants) did not significantly affect the severity of MDD. Manual acupuncture with or without antidepressants may alleviate the severity of MDD, but its clinical benefit for treating MDD is inconclusive.",1
33324063,Research Progress on Classical Traditional Chinese Medicine Jieyu Pills in the Treatment of Depression.,"Depression is a common clinical psychological disease, which is called ""yu zheng"" in traditional Chinese medicine (TCM). TCM has a long history in the treatment of depression (yu zheng), which has unique advantages. Jieyu pill (JYP), a classical TCM formula, has been widely used for treating depression because of its clear clinical efficacy, low side effects, and high compliance. In this review, we systematically introduce recent clinical and animal experimental studies on JYP and depression, and review the pharmacological mechanism and active ingredients of JYP, as well as its clinical application in depression therapy. This systematic review provides a deep understanding of TCM prescriptions, pharmacological mechanisms, and disease-medicine interactions, and lays the foundation for developing new treatments for depression.",1
30963358,Traditional Chinese Medicine Explanatory Models of Depressive Disorders: A Qualitative Study.,"Traditional Chinese medicine (TCM) is an alternative medical system utilised by many Chinese. However, the knowledge of TCM concepts of depression is limited amongst clinicians with training in Western biomedicine. The purpose of this study was to obtain a better understanding of the conceptualisation of depression from a group of TCM practitioners. Semi-structured interviews in Chinese were carried out with 10 TCM practitioners in Hong Kong. A case description of major depression disorder (MDD) was used as a basis. Interview texts were transcribed, translated and analysed using qualitative content analysis. Most informants identified the case as a depression pattern, a term that lacked clear definition and standardised criteria. The mechanism of disease for MDD symptoms were regarded to be liver-qi dysregulation and an imbalance of yin and yang. The TCM practitioners implemented individualised diagnosis, treatment, and a holistic concept without clear distinction between the mind and the body. This contrasted with the biomedical tradition of separating psychologisation and somatisation. The meanings given to the concept of depression did not correspond with current DSM or ICD definitions, and the TCM normativity can result in variations in explanatory models.",1
38694562,Model informed precision medicine of Chinese herbal medicines formulas-A multi-scale mechanistic intelligent model.,"Recent trends suggest that Chinese herbal medicine formulas (CHM formulas) are promising treatments for complex diseases. To characterize the precise syndromes, precise diseases and precise targets of the precise targets between complex diseases and CHM formulas, we developed an artificial intelligence-based quantitative predictive algorithm (DeepTCM). DeepTCM has gone through multilevel model calibration and validation against a comprehensive set of herb and disease data so that it accurately captures the complex cellular signaling, molecular and theoretical levels of traditional Chinese medicine (TCM). As an example, our model simulated the optimal CHM formulas for the treatment of coronary heart disease (CHD) with depression, and through model sensitivity analysis, we calculated the balanced scoring of the formulas. Furthermore, we constructed a biological knowledge graph representing interactions by associating herb-target and gene-disease interactions. Finally, we experimentally confirmed the therapeutic effect and pharmacological mechanism of a novel model-predicted intervention in humans and mice. This novel multiscale model opened up a new avenue to combine ""disease syndrome"" and ""macro micro"" system modeling to facilitate translational research in CHM formulas.",1
37802855,[Mechanism of stress-induced microglial activation in depression and traditional Chinese medicine regulation].,"Depression exists with high prevalence and heavy disease burden. Stress events play a key role in the occurrence of depression, but the pathological mechanism has not been fully clarified by reason of the complexity and heterogeneity. In recent years, neuroinflammation as a pathological mechanism of depression has received extensive attention. The activated microglia is regarded as the marker of neuroinflammation, which is an important link of stress-induced depression. Stress might induce microglia activation through pattern recognition receptors(PRR), intestinal flora, hypothalamic-pituitary-adrenal(HPA) axis, and other pathways. Cross-talk between impaired microglia function and neurobiological factors such as inflammatory cytokines, serotonin metabolism, and neuroplasticity may lead to depression. At present, a large number of studies have proved that traditional Chinese medicine(TCM) plays an anti-depressive role by inhibiting microglia activation, which may be potential treatment strategies for depressive disorder. This paper reviewed the research progress of stress-induced microglia activation in depression and summarized the mechanism of TCM against depression with regard to microglia, hoping to provide experimental evidence and consideration for TCM against depression through microglia.",1
38152691,Adult hippocampal neurogenesis: pharmacological mechanisms of antidepressant active ingredients in traditional Chinese medicine.,"Depression is characterized by prominent indicators and manifestations, such as anhedonia, which refers to the inability to experience pleasure, and persistent feelings of hopelessness. In clinical practice, the primary treatment approach involves the utilization of selective serotonin reuptake inhibitors (SSRIs) and related pharmacological interventions. Nevertheless, it is crucial to recognize that these agents are associated with significant adverse effects. Traditional Chinese medicine (TCM) adopts a multifaceted approach, targeting diverse components, multiple targets, and various channels of action. TCM has potential antidepressant effects. Anomalies in adult hippocampal neurogenesis (AHN) constitute a pivotal factor in the pathology of depression, with the regulation of AHN emerging as a potential key measure to intervene in the pathogenesis and progression of this condition. This comprehensive review presented an overview of the pharmacological mechanisms underlying the antidepressant effects of active ingredients found in TCM. Through examination of recent studies, we explored how these ingredients modulated AHN. Furthermore, we critically assessed the current limitations of research in this domain and proposed novel strategies for preclinical investigation and clinical applications in the treatment of depression in future.",1
41015814,Study on subtyping and Traditional Chinese Medicine treatment of depression based on machine learning and text mining.,"To research the subtyping and treatment of depression by leveraging studying on extensive Traditional Chinese Medicine (TCM) experiences through artificial intelligence (AI). We retrieved depression-related literature published from inception to April 2023 from databases. From these sources, we extracted symptoms, signs, and prescriptions associated with depression. By utilizing the tree number system in the medical subject headings (MeSH), we established a hierarchical relationship matrix for symptoms/signs, as well as depression sample fingerprints. Using an unsupervised clustering algorithm, we constructed a machine learning model for classifying depression patients. Furthermore, we conducted an analysis of medication rules for each depression cluster. We created a My Structured Query Language (MySQL) database containing datasets of depression-symptoms/signs and depression-herbs, through mining 3522 published clinical literatures on TCM diagnosis and treatment for depression. We established hierarchical relationships among symptoms/signs of depression patients. Our unsupervised clustering analysis revealed that depression patients could be classified into 9 subtypes, with each subtype corresponding to a specific treatment prescription. Notably, one of the depression subtypes was consistently treated by <i>Qi</i>-tonifying formulas and herbs. This finding was further supported by data from <i>Qi</i>-deficiency patients, as there was a high similarity in the top symptoms/signs shared between this subtype and <i>Qi</i>-deficiency diagnosed by TCM. This study identified the subtypes and TCM treatment of depression by using machine learning and text mining.",1
36698870,Efficacy of Chinese herbal medicine on poststroke depression in animal models: A systematic review and meta-analysis.,"Poststroke depression (PSD) is a common complication that can seriously affect patients' functional recovery and quality of life after a stroke. Various side effects have been found to be associated with the pharmacological therapies used for PSD. Studies have shown that Chinese herbal medicine (CHM) can effectively improve PSD-like behavior and neurological function in clinical and animal studies. The efficacy of CHM on PSD in animal models has not been systematically analyzed. The following electronic databases were searched for articles published up to September 2022: PubMed, Web of Science, the Cochrane Library, and Embase. Studies that reported the efficacy of CHM in animals with PSD and were written in English were included. Depression-like behavior and the neurological deficit score were assessed as measures of efficacy. The included studies assessed depression-like behavior using sucrose preference, open-field, forced swimming, and tail suspension tests, as well as body weight. The Review Manager version 5.4 and STATA version 13.1 software packages were used for the meta-analysis. The standardized mean difference (SMD) with 95% confidence intervals was used to assess all the outcomes. Subgroup analyses were performed to explore the sources of heterogeneity. The Egger's test and funnel plots were used to assess the potential publication bias. Sensitivity analyses were used to identify the stability of the results. A total of 14 studies, including 12 CHMs involving 442 rats, fulfilled the inclusion criteria for meta-analysis. The pooled results showed that CHM significantly alleviated neurological deficits (-1.72 SMD, -2.47- -0.97) and was efficacious in improving the depression-like behavior of rats in the sucrose preference (2.08 SMD, 1.33-2.84), open-field (2.85 SMD, 1.88-3.83), forced swimming (-1.83 SMD, -2.23-1.44), and tail suspension tests (-1.35 SMD, -1.94-0.76). Our results suggest that CHM could significantly improve depression-like behavior and neurological function in animals with PSD. The current results should be interpreted with caution because only animal studies were included.",1
36774722,Chaihu-Shugan-San inhibits neuroinflammation in the treatment of post-stroke depression through the JAK/STAT3-GSK3β/PTEN/Akt pathway.,"Post-stroke depression (PSD) is one of the most common neuropsychiatric consequence of stroke, affecting cognitive function, recovery of somatic function, and patient survival. The aim of this study was to evaluate whether Chaihu-Shugan-San, a traditional Chinese medicine formula used clinically to treat depression, could improve symptoms in a rat model for PSD, to investigate the potential mechanisms, and to validate the findings in an in vitro oxygen and glucose deprivation (OGD) model. Male rats were subjected to middle cerebral artery occlusion (MCAO) and to chronic unpredictable mild stress (CUMS). The rats were then allocated to experimental groups (n = 15) that were treated with Chaihu-Shugan-San, a JAK-STAT3 inhibitor, a GSK3β overexpressing virus, or an empty virus (control). The subjects allocated to each group, as well as those that received no treatment and rats that did not undergo MCAO/CUMS, were then subjected to forced swimming, tail suspension, and sugar water preference tests, and their neurological deficit score was determined. Inflammatory factor levels and the expression of proteins related to the JAK/STAT3-GSK3β/PTEN/Akt pathway were measured, and the synaptic ultrastructure was observed using transmission electron microscopy. Flow cytometry showed microglia polarization towards the M1 phenotype in an in vitro PSD model, which was reversed after treatment with a GSK3β overexpression virus, Chaihu-Shugan-San, or a JAK-STAT3 inhibitor. The results showed that Chaihu-Shugan-San has a therapeutic effect on an in vivo model for PSD and can regulate microglia polarization through the activation of the JAK/STAT3-GSK3β/PTEN/Akt pathway, suggesting that it exerts its effect via the inhibition of neuroinflammation.",1
40154896,Chaihu-Shugan-San alleviates post-stroke depression in mice: Mechanistic insights into exosome-mediated neuroprotection.,"Post-stroke depression (PSD) is common among stroke survivors and negatively impacts recovery. Chaihu-Shugan-San (CSS), a traditional Chinese medicine, has shown therapeutic potential for mood disorders, particularly PSD. Recent studies suggest that CSS's effects may be mediated by exosomes, but the mechanisms remain unclear. This study aimed to evaluate the therapeutic effects of CSS on PSD in mice and investigate the underlying mechanisms, particularly the role of exosomes. Active compounds in CSS were identified from rat serum using liquid chromatography-mass spectrometry (LC-MS) and analyzed through network pharmacology. In vitro, an oxygen-glucose deprivation/reperfusion (OGD/R) BV2 microglia model was used to assess the effects of CSS-containing serum (CSS-S). Exosomes from OGD/R-treated BV2 microglia were isolated, labeled with PKH26, and analyzed using transmission electron microscopy (TEM) and nanoparticle tracking analysis (NTA). In vivo, a photothrombotic stroke (PT) model combined with chronic unpredictable mild stress (CUMS) was used to induce PSD in mice. Behavioral assessments and histological analysis were performed, along with immunofluorescence (IF), ELISA and q-PCR to measure key protein and miR-146 expression in the hippocampus. CSS treatment significantly alleviated depressive-like behaviors in the PSD mouse model. Mice treated with high-dose CSS (4.2 g/kg) exhibited increased sucrose preference, reduced immobility in the tail suspension test (TST) and forced swimming test (FST), and enhanced exploratory activity in the open field test (OFT). Histological analysis demonstrated that CSS treatment improved brain tissue integrity, alleviating neuronal damage and reducing neuroinflammation. Exosome analysis revealed that CSS increased the expression of microglia-derived exosomes in the hippocampus, which were shown to carry miR-146. Further examination of miR-146 isoforms in the hippocampal tissue revealed significant changes: miR-146b-3p and miR-146a-5p were upregulated, while miR-146a-3p and miR-146b-5p were downregulated in PSD mice. Treatment with CSS reversed the altered miRNA expression, indicating a potential mechanism for its neuroprotective effects. Additionally, CSS treatment reduced the expression of inflammatory cytokines such as S100A8, IL1β, IL6, and TNF-α, while restoring the levels of angiogenic factors VEGFC and VEGFR3. ELISA measurements showed significant decreases in cyclic AMP response element-binding protein (CREB), brain-derived neurotrophic factor (BDNF), 5-hydroxytryptamine (5-HT), dopamine (DA), and noradrenaline (NE) in PSD mice; high-dose CSS notably elevated CREB and BDNF levels and showed comparable effects to fluoxetine in restoring 5-HT and DA levels. Additionally, the calcium signaling pathway was implicated, with altered mRNA expressions of CaMKIIα, CREB, phosphorylated CREB (p-CREB), PDE4D, and BDNF, although fluoxetine demonstrated stronger modulatory effects than CSS. CSS alleviates PSD in mice by modulating exosome-mediated signaling, particularly through the regulation of miR-146. The treatment reversed abnormal miRNA expression, reduced neuroinflammation, and improved synaptic function. These findings highlight CSS's potential as an effective therapeutic strategy for PSD by targeting exosome-mediated neuroprotection and miR-146 regulation.",1
40382939,Regulation of inflammation by Chaihu-Shugan-San: Targeting the IL-17/ NF-κB pathway to combat breast cancer-related depression.,"Breast cancer-related depression (BCRD) is one of the severest comorbidities, affecting the quality of life and the treatment efficacy in BC patients. Chaihu-Shugan-San (CSS), a traditional Chinese medicine presents a potential therapeutic method in BCRD. The main purpose of the research was to investigate the effects of CSS on BCRD in a mouse model and to elucidate its mechanisms, particularly its impact on microglial polarization through the IL-17/ NF-κB pathway. A mouse BCRD model was constructed and treated with CSS. Behavioral testing, biochemical parameters, H&E staining, and small animal imaging were used to assess the depressive-like behaviors and tumor growth in mice. RNA sequencing analysis was performed, and the data were authenticated by Western blot as well as quantitative qRT-PCR to explore the mechanisms of CSS treatment in BCRD. The BV2 microglia were stimulated with LPS in vitro and intervened by IL-17 protein, IL-17 antagonist, IMD-0354, and CSS. In addition, western blot was utilized to confirm the expression of IL-17/ NF-κB pathway-related factors. Molecular docking technique and UPLC-Q-TOF/MS were used to find out the key active components of CSS. CSS treatment significantly improved depression-like behaviors and retarded tumor growth in mice. Through RNA sequencing analysis, it was indicated that the improvement of BCRD by CSS was highly associated with the regulation of the IL-17/ NF-κB pathway. Western blot and qRT-PCR outcomes suggested that CSS inhibited the IL-17/ NF-κB pathway, facilitating the transformation from pro-inflammatory M1 microglial phenotype to anti-inflammatory M2 phenotype, contributing to the reduction of neuroinflammation. In vitro experiments demonstrated that CSS modulated the immune reaction through the induction of phenotypic transformation of microglia from M1 toward M2 phenotype, hence reducing neuroinflammation. Notably, this therapeutic effect of CSS was highly similar to the effects of IL-17 antagonists, thus suggesting that CSS alleviates the symptoms of BCRD by targeting IL-17. Molecular docking revealed that the major bioactive compounds in CSS were Saikosaponin A, Saikosaponin C, and Saikosaponin D. This study systematically demonstrates that CSS ameliorates BCRD by suppressing the IL-17/ NF-κB pathway as well as modulating microglial polarization and elucidates the dual function of IL-17. These results point to a new multi-target intervention strategy for BCRD treatment and fully reflect the holistic effects of CSS by its multi-component as well as multi-target actions.",1
40945251,Xiaoyao San's dual efficacy in NAFLD and depression: Unraveling the mechanisms via network pharmacology and multi-omics.,"Non-alcoholic fatty liver disease (NAFLD) and depression represent two highly prevalent medical conditions often presenting concurrently. However, currently available pharmacological treatments rarely target both disorders simultaneously. Xiaoyao San (XYS), a traditional herbal formulation from Chinese medicine, has been clinically effective in addressing NAFLD and depressive symptoms, although its precise therapeutic mechanisms remain poorly understood. This study aimed to investigate the underlying mechanisms of XYS in managing comorbid NAFLD and depression by employing network pharmacology (NP) and multi-omics methodologies. A chronic restraint stress (CRS)-induced NAFLD rat model was constructed to simulate the disease conditions. The efficacy of XYS treatment was evaluated through behavioral assessments, histopathological liver examination, biochemical analyses, and measurements of inflammatory and oxidative stress (OS) biomarkers. Further, NP combined with metabolomic and proteomic techniques was applied to uncover pivotal targets and pathways, with subsequent validation via Western blotting (WB). XYS improved depression-like behaviors, reduced hepatic lipid deposition, and lowered levels of hepatic enzymes, blood lipids, and blood glucose. It also attenuated inflammatory and OS responses. Multi-omics analysis identified the PPARα/HMOX1/GPX4 axis as a key target. XYS modulated this pathway to inhibit ferroptosis and reduce hepatic iron accumulation. Specifically, XYS upregulated PPARα and GPX4 expression, downregulated HMOX1 expression, and decreased hepatic iron levels, alleviating both NAFLD and depression. XYS exerts therapeutic effects on NAFLD and depression through multi-target regulation, primarily by modulating the PPARα/HMOX1/GPX4 axis to inhibit ferroptosis. This study provides a novel mechanistic basis for the dual therapeutic efficacy of XYS.",1
37597362,The antidepressant-like effects of Danzhi Xiaoyao San and its active ingredients.,"Depression is a severe mental illness that endangers human health. Depressed individuals are prone to sleep less and to the loss of appetite for food; their thinking and cognition processes, as well as mood, may even be affected. Danzhi Xiaoyao San (DXS), documented in the Internal Medicine Summary, has been used for hundreds of years in China and is widely applied traditionally to treat liver qi stagnation, liver and spleen blood deficiency, menstrual disorders, and spontaneous and night sweating. DXS can also clear heat and drain the liver. Presently, it is used frequently in the treatment of depression based on its ability to clear the liver and alleviate depression. To summarize clinical and preclinical studies on the antidepressant-like effects of DXS, understand the material basis and mechanisms of these effects, and offer new suggestions and methods for the clinical treatment of depression. ""Danzhi Xiaoyao"", ""Danzhixiaoyao"", ""Xiaoyao"", ""depression"" and active ingredients were entered as keywords in PubMed, Google Scholar, CNKI and WANFANG DATA databases in the search for material on DXS and its active ingredients. The PRISMA guidelines were followed in this review process. Per clinical reports, DXS has a therapeutic effect on patients with depression but few side effects. DXS and its active ingredients allegedly produce their neuroprotective antidepressant-like effects by modulating monoamine neurotransmitter levels, inhibiting the hypothalamic-pituitary-adrenal (HPA) axis hyperfunction, reducing neuroinflammation and increasing neurotrophic factors. Overall, DXS influences multiple potential mechanisms to exert its antidepressant-like effects thanks to its multicomponent character. Because depression is not caused by a single mechanism, probing the antidepressant-like effects of DXS could further help understand the pathogenesis of depression and discover new antidepressant drugs.",1
39197805,Integration of network pharmacology and experimental verification to reveal the active components and molecular mechanism of modified Danzhi Xiaoyao San in the treatment of depression.,"Modified Danzhi Xiaoyao San (MDXS) is an effective clinical prescription for depression in China, which was deprived of Danzhi Xiaoyao San in the Ming Dynasty. MDSX has significant implications for the development of new antidepressants, but its pharmacological mechanism has been rarely studied. To reveal the active components and molecular mechanism of MDXS in treating depression through network pharmacology and experimental verification in vivo and in vitro. UPLC-Q-TOF-MS/MS was used to identify the chemical components in the MDXS freeze-dried powder, drug-containing serum, and cerebrospinal fluid (CSF). Based on the analysis of prototype components in the CSF, the major constituents, potential therapeutic targets and possible pharmacological mechanisms of MDXS in treating depression were investigated using network pharmacological and molecular docking. Then corticosterone (CORT)-induced mice model of depression was established to investigate the antidepressant effects of MDXS. HT22 cells were cultured to verify the neuroprotective effects and core targets of the active components. There were 81 compounds in MDXS freeze-dried powder, 36 prototype components in serum, and 13 prototype components in CSF were identified, respectively. Network pharmacology analysis showed that these 13 prototype components in the CSF shared 190 common targets with depression, which were mainly enriched in MAPK and PI3K/AKT signaling pathways. PPI analysis suggested that AKT1 and MAPK1 (ERK1/2) were the core targets. Molecular docking revealed that azelaic acid (AA), senkyunolide A (SA), atractylenolide III (ATIII), and tokinolide B (TB) had the highest binding energy with AKT1 and MAPK1. Animal experiments verified that MDXS could reverse CORT-induced depression-like behaviors, improve synaptic plasticity, alleviate neuronal injury in hippocampal CA3 regions, and up-regulate the protein expression of p-ERK1/2 and p-AKT. In HT22 cells, azelaic acid, senkyunolide A, and atractylenolide III significantly protected the cell injury caused by CORT, and up-regulated the protein levels of p-ERK1/2 and p-AKT. These results suggested that MDXS may exert antidepressant effects partially through azelaic acid, senkyunolide A, and atractylenolide III targeting ERK1/2 and AKT.",1
41061289,"Xiaoyao San and Guipi Tang, alone or combined, relieve postpartum depression via AGE‑RAGE‑mediated autophagy and apoptosis.","Xiaoyao San (XYS) and Guipi Tang (GPT) are classical traditional Chinese medicine (TCM) formulations extensively used in the clinical management of postpartum depression (PPD); however, their underlying mechanisms of action remain poorly understood. Guided by the TCM theory of ""different treatments for the same disease,"" this study aimed to investigate the treatment effectiveness and mechanistic basis of XYS and GPT, individually and in combination, for managing PPD. A combined methodology involving network pharmacology, molecular docking, molecular dynamics simulations (MDS), and high-performance liquid chromatography with photodiode array detection (HPLC-PDA) fingerprinting of the administered extracts was used. Antidepressant effects were evaluated in an ovariectomy hormone-withdrawal PPD rat model by assessing body weight, sucrose preference, open field test (OFT) performance, and hippocampal histopathology. ELISA, immunofluorescence, western blotting, and RT-qPCR were used for assessing protein and mRNA levels. Network pharmacology, molecular docking, MDS, and HPLC-PDA results revealed that XYS, GPT, and XYS+GPT primarily exert therapeutic effects against PPD via regulating the advanced glycation end products-receptor for advanced glycation end products (AGE-RAGE) axis. Animal model results demonstrated that these treatments significantly improved body weight, sucrose preference, OFT activity, and hippocampal neuronal damage in PPD rats, which exhibited elevated neuronal apoptosis and suppressed autophagy in the hippocampus. XYS, GPT, and especially XYS+GPT suppressed RAGE expression, enhanced PI3K-AKT phosphorylation, downregulated pro-apoptotic markers, and upregulated anti-apoptotic BCL2 expression. Furthermore, the treatments suppressed hippocampal ROS production and JNK phosphorylation, promoted autophagic activity (increased LC3-II/LC3-I ratios), inhibited P65 phosphorylation and nuclear translocation, and attenuated hippocampal pro-inflammatory cytokine abundance. Notably, XYS exerted stronger inhibitory effects on IL-6 and IL-1β than GPT, which showed superior suppression of ICAM1, corroborating the network pharmacology predictions of IL-6 and IL-1β being XYS-specific and ICAM1 being a GPT-specific target. Based on the TCM principle of ""different treatments for the same disease,"" the combined administration of XYS and GPT exhibited superior therapeutic effects in PPD rats compared to monotherapy, primarily by suppressing hippocampal AGE-RAGE signaling to inhibit neuronal apoptosis, enhance autophagy, and reduce inflammation-related cytokine expression.",1
39515106,A review of antidepressant and anxiolytic effects of Soyo-san (Xiaoyao-san) and modified Soyo-san in animal models.,"Soyo-san (Xiaoyao-san; SYS), a traditional herbal medicine formula, has been used for treating mood disorders, especially depression and anxiety. Modified SYS (mSYS) is formulated by adding or removing herbs to SYS, and is mainly used in cases of mood disorders with comorbid diseases such as diabetes, digestive disorders, and anorexia. However, there has been no detailed comparative analysis of the differences in efficacy and underlying neurological mechanisms between SYS and mSYS. This review aimed to investigate the present scientific evidence regarding the effects of SYS and mSYS on depression and anxiety in animal models based on behavioral improvements and changes in biomarker levels. The PubMed, Embase, Scopus, and Medline databases were searched for all depression- and anxiety-model animal studies that used SYS and mSYS. The types of animals, methods for inducing depression or anxiety, publication trends, target diseases, types and proportions of herbs, and significant behavioral and biomolecular changes induced by SYS and mSYS treatment were analyzed. A total of 1,120 studies were identified, of which 57 studies were finally included in this review. Behavioral or environmental stress was mainly used to induce depression or anxiety in rodent models. SYS treatment improved body weight, food intake, and depression- and anxiety-like behaviors. The proportions of the herbs in the original SYS formulation were mostly fixed, whereas the types and proportions of herbs used in mSYS formulations were quite diverse. mSYS had a wider range of target diseases than SYS, and it has been used not only for depression and anxiety, but also cancer and stroke. Changes in biomarker levels in the hippocampus of the brain have been studied most extensively for both SYS and mSYS. Both SYS and mSYS are reported to regulate 5-hydroxytryptamine, brain-derived neurotrophic factor, and hypothalamic-pituitary-adrenal axis-related biomolecules in the brain, as well as changes in micro-organisms and metabolite levels in the serum and intestinal environment. SYS and mSYS improved depression- and anxiety-like behaviors by regulating neurotransmission, neuronal survival, and inflammation. Further research is needed to elucidate the clinical value of mSYS through various uses-related in-depth mechanistic studies.",1
37632305,"The pharmacological actions of Danzhi-xiaoyao-San on depression involve lysophosphatidic acid and microbiota-gut-brain axis: novel insights from a systems pharmacology analysis of a double-blind, randomized, placebo-controlled clinical trial.","Danzhi-xiaoyao-San (DZXYS), a Traditional Chinese Medicine, plays an essential role in the clinical treatment of depression, but its mechanisms in humans remain unclear. To investigate its pharmacological effects and mechanisms as an add-on therapy for depression, we conducted a double-blind, placebo-controlled trial with depressed patients receiving selective serotonin reuptake inhibitors (SSRIs). Serum and fecal samples were collected for metabolomic and microbiome analysis using UHPLC-QTRAP-MS/MS and 16S rRNA gene sequencing technologies, respectively. Depression symptoms were assessed using the 24-item Hamilton Depression Scale. We employed network pharmacology, metabolomics, and molecular docking to identify potential targets associated with DZXYS. We also examined the correlation between gut microbes and metabolites to understand how DZXYS affects the microbiota-gut-brain axis. The results showed that DZXYS combined with SSRIs was more effective than SSRIs alone in improving depression. We identified 39 differential metabolites associated with DZXYS treatment and found seven upregulated metabolic pathways. The active ingredients quercetin and luteolin were docked to targets (AVPR2, EGFR, F2, and CDK6) associated with the enriched pathways 'pancreatic cancer' and 'phospholipase D signaling pathway', which included the metabolite lysophosphatidic acid [LPA(0:0/16:0)]. Additionally, we identified 32 differential gut microbiota species related to DZXYS treatment, with <i>Bacteroides coprophilus</i> and <i>Ruminococcus gnavus</i> showing negative correlations with specific metabolites such as L-2-aminobutyric acid and LPA(0:0/16:0). Our findings indicate that DZXYS's antidepressant mechanisms involve multiple targets, pathways, and the regulation of LPA and the microbiota-gut-brain axis. These insights from our systems pharmacology analysis contribute to a better understanding of DZXYS's potential pharmacological mechanisms in depression treatment.Communicated by Ramaswamy H. Sarma.",1
34968660,Canonical Chinese medicine formula Danzhi-Xiaoyao-San for treating depression: A systematic review and meta-analysis.,"Danzhi-Xiaoyao-San (DXS), as a canonical Chinese medicine formula, possessing the functions of the soothing liver, invigorating spleen, clearing heat, and cooling blood, has been widely used for the treatment of depression. This systematic review and meta-analysis of randomized controlled trials aimed to examine the efficacy of DXS in depression. We performed a literature search in several databases, e.g., PUBMED, until August 2021 and conducted the meta-analysis using Review Manager 5.3 software. The random-effects model and fixed-effects model were used to synthetize extracted data. Finally, this meta-analysis showed that comparing with antidepressants, DXS exhibited similar effect to antidepressants in the clinical comprehensive effect [RR = 1.04, 95% CI (0.77, 1.40); P = 0.81] and decrease in Self-Rating Depression Scale scores [WMD = 0.89, 95% CI (-6.33, 8.11); P = 0.81], while lower effect in Hamilton Depression Scale scores [SMD = -0.29, 95% CI (-0.55, -0.03); P = 0.03]; Furthermore, DXS plus antidepressants can significantly improve the clinical comprehensive effect [RR = 1.23, 95% CI (1.17, 1.29); P < 0.00001] and decrease the Hamilton Depression Scale scores [SMD = 1.04, 95% CI (0.51, 1.58); P = 0.0001] than pure antidepressants. This systematic review and meta-analysis approved an efficient role of DXS in improving depression in clinical randomized controlled trials. However, further evidence from large samples and high-quality randomized controlled trials is needed to be investigated for a reliable conclusion about DXS in the treatment of depression.",1
39687683,Chaihu-Shugan-San Ameliorated Osteoporosis of Mice with Depressive Behavior Caused by Chronic Unpredictable Mild Stress via Repressing Neuroinflammation and HPA Activity.,"Depression and osteoporosis are usually concurrent health problems. This study aimed to explore the development of osteoporosis in depressive mice model and investigate the beneficial effects of the classical herbal formula Chaihu-Shugan-San (CHSG) on the brain and bone. CHSG powder was prepared by spray-drying following extraction with water. The fingerprint of CHSG was analyzed using liquid chromatography. The depressive-like model was established by chronic unpredictable mild stress (CUMS) in female mice. The depressive behaviors and trabecular bone properties (measured by micro-CT) were detected at 2, 4, 6, and 8 weeks of CUMS. RT-PCR, immunoblotting and immunofluorescence were applied to measure expression of inflammatory cytokines and morphology of microglias in the hippocampus. Biochemical measurements and histological staining on the adrenal gland were carried out to assess the activity of hypothalamic-pituitary-adrenal (HPA) axis. Histological staining, three-point bending strength, and the expression of regulators involved in bone metabolism were determined. The treatment with CHSG for 8 weeks could ameliorate depressive behaviors, and down-regulate mRNA expression and tissue content of inflammatory factors IL-1β and IL-6 in hippocampus of CUMS mice. The inhibition of CHSG on neuroinflammation might be attributed to its repression of activity in microglias and NLRP3-triggered inflammation pathway. The serum of rats dramatically alleviated LPS-induced phosphorylation of nuclear NFκB (P65) and IκBα and up-regulation of IL-1β and IL-6 proteins in microglia BV2 cells. CUMS induced over-activity of HPA axis shown by the elevation in serum level of ACTH and corticosterone and in area percentage of zona fasciculata, intriguingly, CHSG reversed those changes in HPA system, ameliorated the reduction in mechanical strength and bone mineral density, and regulated bone metabolism factors of CUMS mice. The chronic stress-induced depression resulted in bone disorders developing to osteoporosis. Chaihu-Shugan-San exerted beneficial effects on skeletal tissue by ameliorating neuroinflammation and HPA over-activity of mice with depression.",1
38375048,Effects of Xiaoyao San on exercise capacity and liver mitochondrial metabolomics in rat depression model.,"This study aimed to investigate the therapeutic effects of Xiaoyao San (XYS), a herbal medicine formula, on exercise capacity and liver mitochondrial metabolomics in a rat model of depression induced by chronic unpredictable mild stress (CUMS). A total of 24 male SD rats were randomly divided into four groups: control group (C), CUMS control group (M), Venlafaxine positive treatment group (V), and XYS treatment group (X). Depressive behaviour and exercise capacity of rats were assessed by body weight, sugar-water preference test, open field test, pole test, and rotarod test. The liver mitochondria metabolomics were analyzed by using liquid chromatography-mass spectrometry (LC-MS) method. TCMSP database and GeneCards database were used to screen XYS for potential targets for depression, and GO and KEGG enrichment analyses were performed. Compared with C group, rats in M group showed significantly lower body weight, sugar water preference rate, number of crossing and rearing in the open field test, climbing down time in the pole test, and retention time on the rotarod test (<i>P</i> < 0.01). The above behaviors and exercise capacity indices were significantly modulated in rats in V and X groups compared with M group (<i>P</i> < 0.05, 0.01). Compared with C group, a total of 18 different metabolites were changed in the liver mitochondria of rats in M group. Nine different metabolites and six metabolic pathways were regulated in the liver mitochondria of rats in X group compared with M group. The results of network pharmacology showed that 88 intersecting targets for depression and XYS were obtained, among which 15 key targets such as IL-1β, IL-6, and TNF were predicted to be the main differential targets for the treatment of depression. Additionally, a total of 1 553 GO signaling pathways and 181 KEGG signaling pathways were identified, and the main biological pathways were AGE-RAGE signaling pathway, HIF-1 signaling pathway, and calcium signaling pathway. XYS treatment could improve depressive symptoms, enhance exercise capacity, positively regulate the changes of mitochondrial metabolites and improve energy metabolism in the liver of depressed rats. These findings suggest that XYS exerts antidepressant effects through multi-target and multi-pathway.",1
38628641,Potential antidepressant effects of Traditional Chinese botanical drug formula Chaihu-Shugan-San and its active ingredients.,"<b>Background:</b> Depression is a severe mental disorder that poses a significant threat to both the physical and mental wellbeing of individuals. Currently, there are various methods for treating depression, including traditional Chinese herbal formulations like Chaihu-Shugan-San (CSS), which have shown effective antidepressant effects in both clinical and animal research. <b>Objective:</b> This review aims to provide a comprehensive synthesis of evidence related to CSS, considering both preclinical and clinical studies, to uncover its potential multi-level, multi-pathway, and multi-target mechanisms for treating depression and identify its active ingredients. <b>Methods:</b> A thorough search was conducted in electronic databases, including PubMed, MEDLINE, Web of Science, Google Scholar, CNKI, and Wanfang, using keywords such as ""Chaihu Shugan"" and ""depression"" to retrieve relevant literature on CSS and its active ingredients. The review process adhered to the PRISMA guidelines. <b>Results:</b> This review consolidates the mechanisms underlying antidepressant effects of CSS and its active ingredients. It emphasizes its involvement in the regulation of monoaminergic neurotransmitter systems, synaptic plasticity, and the hypothalamic-pituitary-adrenal axis, among other aspects. <b>Conclusion:</b> CSS exerts a pivotal role in treating depression through various pathways, including the monoaminergic neurotransmitter system, the hypothalamic-pituitary-adrenal axis, synaptic plasticity, inflammation, brain-derived neurotrophic factor levels, and the brain-gut axis. This review facilitates a comprehensive understanding of the current state of CSS research, fostering an in-depth exploration of the etiological mechanisms of depression and the potential discovery of novel antidepressant drugs.",1
41273446,Modified Xiaoyao San ameliorates LPS-induced depression-like behavior by inhibiting NLRP3-mediated microglial pyroptosis.,"Modified Xiaoyao San (MXYS) is a well-established clinical prescription for the treatment of depression in China. While MXYS shows considerable promise for the development of new antidepressants, its pharmacological mechanisms remain poorly understood. This study aims to investigate the antidepressant potential and underlying mechanisms of MXYS in lipopolysaccharide (LPS)-induced depression-like behaviors in mice. Behavioral assessments (sucrose preference test, tail suspension test, open field test) demonstrated that MXYS significantly ameliorated LPS-induced anhedonia and behavioral despair. Histopathological and molecular analyses revealed that MXYS mitigated LPS-induced neuronal damage in the prefrontal cortex (PFC), restored dendritic spine density, and rebalanced neuroinflammatory cytokines by reducing the pro-inflammatory IL-1β and elevating the anti-inflammatory IL-10. Moreover, MXYS promoted microglial polarization toward the anti-inflammatory M2 phenotype (CD206⁺) while suppressing the pro-inflammatory M1 phenotype (CD68⁺). Mechanistically, MXYS inhibited NLRP3 inflammasome activation and pyroptosis through the upregulation of the E3 ubiquitin ligase TRIM31, which facilitated NLRP3 degradation. Transmission electron microscopy confirmed that MXYS inhibited LPS-induced microglial pyroptosis, as evidenced by reduced Gasdermin D (GSDMD) expression and preserved cellular ultrastructure. In vitro validation using LPS-stimulated BV2 microglia further corroborated the MXYS-mediated suppression of NLRP3 inflammasome activity, pyroptosis, and inflammatory cytokine dysregulation, alongside enhanced TRIM31 expression. Collectively, these findings demonstrate that MXYS exerts antidepressant effects by modulating neuroinflammation through TRIM31-dependent NLRP3 ubiquitination, microglial phenotype switching, and the inhibition of pyroptosis, providing novel insights into its therapeutic potential for the treatment of depression.",1
40541752,Reducing neuroinflammation through PKCγ/p38/NF-κB signaling pathway: the mechanism of Danzhi Xiaoyaosan in improving post-stroke depression.,"Post-stroke depression (PSD) is a common sequela of stroke, causing tremendous mental burden to patients. Danzhi Xiaoyao San (DZX) is a widely used traditional Chinese medicine formula for the clinical treatment of PSD and has favorable therapeutic effects. However, its mechanism of action in treating PSD is still unclear. This study aimed to assess the therapeutic effects of DZX on rats with PSD and further investigate its underlying mechanism. The active ingredients of DZX aqueous extract were quantified by the high-performance liquid chromatography (HPLC). Neurological function and depression-like behavioral tests were performed to evaluate the therapeutic effects of DZX on PSD after establishing a rat model of PSD by the MCAO + CUMS protocol. Laser speckle is used to evaluate brain tissue blood flow, TTC staining is used to evaluate cerebral infarction volume, and transmission electron microscopy (TEM) is used to observe the ultrastructure of the hippocampus. ELISA was conducted to detect the levels of inflammatory factors in serum and cortical tissues, combined with HE staining to assess the neuroinflammatory response in the cortex of PSD rats. Then, network pharmacology combined with untargeted metabolomics of hippocampus tissue predicted the possible targets and pathways of DZX. In addition, flow cytometry was performed to detect Ca<sup>2+</sup> content in cortical tissues, Western blot was used to detect the expression levels of key proteins of the PKCγ/p38/NF-κB signaling pathway, and immunofluorescence staining was performed to assess the M1/M2 polarization of hippocampal microglia. Moreover, specific inhibitors of PKCγ were used to validate the critical role of the PKCγ/p38/NF-κB signaling pathway in the treatment of PSD with DZX. DZX was found to increase cerebral blood flow, reduce infarct volume, and enhance the sucrose preference rate in the sucrose preference test (SPT), grooming time in the splash test (ST), and time spent in the central zone in the open field test (OFT) in PSD rats. Additionally, it significantly decreased immobility time in the forced swim test (FST). Furthermore, DZX ameliorated neuronal damage and ultrastructural abnormalities in the hippocampal region of PSD rats. In addition, DZX treatment effectively reduced Ca<sup>2+</sup> and inflammatory factor levels, inhibited the phosphorylation of PLCγ, and activated PKCγ to suppress the p38/NF-κB pathway, thereby balancing the M1/M2 polarization phenotype of hippocampal microglia. More importantly, the specific PKCγ inhibitor reversed the neuroprotective effects of DZX and its inhibition of hippocampal neuroinflammation in PSD rats. The findings demonstrated that DZX exhibits the ability to ameliorate PSD symptoms by activating PKCγ-mediated suppression of the p38/NF-κB signaling pathway. These results highlight the importance of the PKCγ/p38/NF-κB signaling pathway in improving PSD symptoms and provide additional pharmacological evidence for the therapeutic use of DZX in treating PSD.",1
41225027,Xiaoyao San against depression via glia-mediated neuroinflammation using network pharmacology and experimental validation.,"Xiaoyao San (XYS) has been proven effective in treating depression, but its underlying mechanisms remain to be elucidated. This study aims to explore the key phytochemicals and mechanisms of the anti-depressant effects of XYS. We focus on the 16 blood compounds of XYS identified through the UPLC-MS/MS method. We also validated the results of the network pharmacology analysis using an lipopolysaccharide (LPS)-induced depression mouse model and the BV2 microglial cell line. In silico prediction, atractylenolide I, ferulic acid, kaempferol, quercetin, and vanillic acid exhibit good oral bioavailability, safety, and ADMET properties. The results of GSEA and GO enrichment analysis showed that neuroinflammation is the key mechanism of the anti-depressant effect of XYS. Kaempferol, quercetin, atractylenolide II, z-ligustilide, paeoniflorin, saikosaponin A, atractylenolide III and glycyrrhizic acid (GA) were identified as the main phytochemicals targeting neuroinflammation. XYS gavage treatment significantly ameliorated LPS-induced depressive-like behaviors in mice by reducing neuroinflammation (microglial activation) in the prefrontal cortex. The reduction of LPS-induced pro-inflammatory cytokine levels by GA was also validated in BV2 cells, and its mechanism is associated with JNK pathway. The phytochemicals of XYS exhibit favorable safety and pharmacological parameters, with targeting neuroinflammation being the key mechanism underlying its anti-depressant effects.",1
37808199,The pharmacological mechanism of chaihu-jia-longgu-muli-tang for treating depression: integrated meta-analysis and network pharmacology analysis.,"<b>Aim:</b> Chaihu-jia-Longgu-Muli-tang (CLM) is derived from ""Shang Han Lun"" and is traditionally prescribed for treating depression. However, there is still a lack of evidence for its antidepressant effects, and the underlying mechanism is also unclear. This study aimed to assess clinical evidence on the efficacy of CLM in patients with depression using a meta-analysis and to explore its underlying antidepressant molecular mechanisms via network pharmacology. <b>Methods:</b> Eight open databases were searched for randomized controlled trials (RCTs) comparing the effects of CLM alone or combined with serotonin-norepinephrine reuptake inhibitors (SNRIs) and selective serotonin reuptake inhibitors (SSRIs) in patients with depression, evaluating the total effective rate of the treatment group (CLM alone or combined with SSRIs/SNRIs) and the control group (SNRIs or SSRIs), and comparing changes in depression scale, anxiety scale, sleep scale, inflammation indicators and adverse effects. Subsequently, the active ingredients and target genes of CLM were screened through six databases. Then Gene Ontology (GO) and Kyoto Encyclopedia of Genes and Genomes (KEGG) analysis and protein-protein interaction (PPI) network and topology analysis were performed. Finally, Molecular docking was applied to evaluate the binding affinity between components and predicted targets. <b>Results:</b> Twenty-four RCTs with a total of 2,382 patients were included. For the efficacy of antidepression and adverse effects, whether CLM alone or in combination with SSRIs/SNRIs, the treatment group has no inferior to that of the control group. Additionally, the intervention of CLM + SSRI significantly improved the symptoms of anxiety and insomnia, and reduced serum IL-6 and TNF-α levels. For network pharmacology, a total of 129 compounds and 416 intersection targets in CLM were retrieved. The interaction pathway between CLM and depression is mainly enriched in PI3K-Akt, JAK-STAT, and NF-κB signaling pathway, PIK3R1, MAPK3, and AKT1 may be the potential targets of Stigmasterol, β-stiosterol, coumestrol. <b>Conclusion:</b> Compared to SSRIs/SNRIs alone, CLM is more effective and safe in treating depression. It not only significantly alleviates depressive mood, but improves symptoms such as anxiety and insomnia, with fewer side effects, especially in combination with SSRI. Its antidepressant mechanism may be correlated with the regulation of the PI3K/Akt signaling pathway and inhibiting inflammatory response.",1
40998134,Xiaoyao San reverses the pro-breast cancer effect of depression by inhibiting glutamate levels in intestinal flora.,"Xiaoyao San (XYS), a traditional Chinese herbal remedy used to soothe the liver and resolve depression, has long been employed in the treatment of depression and has recently demonstrated promising effects against breast cancer. However, the exact mechanism of its action against depressive breast cancer remains unclear. This study aimed to identify the molecular targets of XYS responsible for reversing depressive breast cancer and to elucidate its underlying mechanisms. Behavioral and histopathological analyses will be used to validate the efficacy of XYS in ameliorating depressive breast cancer in chronic unpredictable mild stress (CUMS) models. The differentially expressed genes associated with depressive breast cancer were identified by transcriptomic technology, and network pharmacology was used to predict the target genes of XYS. Furthermore, a pseudogerm-free mouse model was established to explore the mechanistic basis of XYS intervention, and intestinal metabolomics was integrated with 16S rDNA gene sequencing to assess microbiota-related pathways. XYS significantly reversed depression-like behaviors and tumor growth-promoting effects in a CUMS model. Taken together, the results of the transcriptomic data and network pharmacology predictions indicate that XYS may alleviate depression-related breast cancer through modulation of the glutamate receptor signaling pathway. Additional metabolomics and 16S rDNA sequencing studies demonstrated that XYS altered glutamate metabolism in depressive breast cancer mice. Furthermore, the elimination of intestinal flora by antibiotics weakened the efficacy of XYS in the treatment of depressive breast cancer. These findings suggest that XYS has potential therapeutic value for treating depressive breast cancer through inhibition of glutamate level within gut microbiota.",1
29808808,The regulatory effect of Xiaoyao San on glucocorticoid receptors under the condition of chronic stress.,"In modern society, fierce competitions cause yearly increase of depression and anxiety. Xiaoyao San is a traditional Chinese medicine which relieves depression and nourishes liver. The active ingredients contain saikoside A, saikoside C, saikoside D, ferulic acid, ligustilide, Atractylenolide I, Atractylenolide II, Atractylenolide Ⅲ, paeoniflorin, Albiflorin, liquiritin, glycyrrhizic acid and pachymic acid. In stress condition, glucocorticoid receptors participate in the hypothalamus-pituitarium-adrenal gland (HPA) axis to regulate the balance of organism. In response to stress, the HPA axis (hypothalamus-pituitarium-adrenal gland) is activated and the levels of glucocorticoid (GC) and catecholamine (CA) are increased to enhance neuroendocrine reactions. Chronic stress activates HPA axis and sustaining increase of GC, reduces the expression amount of GR and inhibits the mechanism of negative feedback on HPA. The lower negative feedback on HPA could lead to ketonemia. Several active ingredients of Xiaoyao San can raise the expression of GR and recover the negative feedback of HPA axis to relieve depression and illness state. In spite of the poor understanding of the current effective components in Xiaoyao San, this will be the focus of our further research. The study of Xiaoyao San could help us better understand its anti-depression mechanism and cure the patients.",1
37562092,Preclinical evidence evaluation of Xiaoyao san in treating chronic unpredictable mild stress model of depression based on meta-analysis.,"In view of the current challenges in the treatment of depression, in order to improve the efficacy and avoid adverse reactions, people pay attention to the treatment of traditional Chinese medicine. Xiaoyao san is a classic prescription commonly used in the treatment of depression, with the role of harmonizing liver and spleen, and shows great potential in the treatment of depression. The purpose of this study is to comprehensively evaluate the efficacy and specific mechanism of Xiaoyao san in the treatment of chronic unpredictable mild stress (CUMS) model of depression through systematic evaluation and meta-analysis, so as to provide strong preclinical evidence for the clinical treatment of Xiaoyao san and provide a new strategy for the development of antidepressants. The preclinical literature published before March 2023 was searched in Cochrane Library, PubMed, Web of Science, EMbase, CNKI, VMIS, Wan-Fang, and CBM and other database systems. Stata15 was used for overall effect analysis and subgroup analysis, and summarized the potential mechanism of action. A total of 25 studies were included, involving 569 animals. The average score of methodological quality was 7.48/10. Meta-analysis shows that Xiaoyao san can effectively improve food intake and body weight, restore sucrose consumption, reduce the immobility time in forced swimming, and increase the total exercise distance, grid crossing and upright times in the open field experiment. Its therapeutic effect is closely related to improving the abnormal activation of Hypothalamic-pituitary-adrenal axis and inhibiting the expression of glutamate. To sum up, in CUMS animal model, Xiaoyao san can significantly improve the symptoms of depression, restore the lost pleasure behavior and curiosity about the new environment, relieve tension and anxiety, and improve the occurrence of depression in many ways, which may be a new treatment strategy for CUMS model of depression.",1
41724290,Chaihu-Shugan San ameliorates perimenopausal obesity with depression by coordinately targeting hepatic PGC-1α/CYP8B1/PPARγ signaling and gut barrier integrity.,"Perimenopausal obesity and depression are highly prevalent and debilitating comorbidities in aging women, yet effective integrative treatment options remain limited. Chaihu Shugan San (CHSGS), a classic traditional herbal formula, has long been utilized in clinical practice for treating perimenopausal symptoms and mood disorders. However, whether CHSGS exerts therapeutic efficacy in perimenopausal obesity with depression (POD), and the mechanisms underlying its actions remain unclear. To evaluate the therapeutic effects of CHSGS on POD and to elucidate its underlying molecular mechanisms. A POD mouse model was established by combining ovariectomy (OVX), chronic unpredictable mild stress (CUMS), and a high-fat diet (HFD). CHSGS efficacy was assessed through biochemical analysis, organ indices, and a battery of behavioral assays. Serum and hepatic triglycerides (TG), total cholesterol (TC), and low-density lipoprotein cholesterol (LDL-C) were quantified, and hepatic steatosis was evaluated using hematoxylin-eosin and Oil Red O staining. RNA sequencing was performed to identify differentially regulated pathways, followed by qRT-PCR and Western blot validation. UPLC-HRMS and network pharmacology were used to identify core bioactive constituents and putative targets. Molecular docking further characterized interactions between major compounds and key proteins. POD mice developed obesity, loose stools, and pronounced anxiety- and depression-like behaviors. CHSGS treatment markedly alleviated these pathological manifestations, reduced hyperlipidemia, and improved hepatic steatosis and glucose intolerance. CHSGS decreased systemic and hepatic TG, TC, and LDL-C levels, and improved histopathological scores. Transcriptomic profiling indicated that the metabolic benefits of CHSGS are associated with modulation of the PGC-1α/CYP8B1/PPARγ axis. Subsequent qRT-PCR and Western blot analyses confirmed that CHSGS reversed POD-induced dysregulation of the PGC-1α/CYP8B1/PPARγ pathway. Integrated analyses further revealed that CHSGS upregulated the tight-junction protein Occludin, thereby enhancing intestinal barrier integrity, reducing systemic inflammation, and mitigating depression-like behaviors. Molecular docking identified glycyrrhizic acid, naringin, and naringenin as principal bioactive constituents with strong affinities for the core targets. CHSGS ameliorates POD through a coordinated, multi-target mechanism involving restoration of hepatic lipid metabolism via regulation of the PGC-1α/CYP8B1/PPARγ pathway, and reinforcement of intestinal barrier function through Occludin-mediated suppression of systemic inflammation. These findings highlight CHSGS as a promising holistic therapeutic approach for POD, reflecting the multi-component and multi-pathway pharmacological characteristics of traditional formulas.",1
21933701,Meta-analysis of the clinical effectiveness of traditional Chinese medicine formula Chaihu-Shugan-San in depression.,"Depression is a psychiatric disorder. Chaihu-Shugan-San (CSS) is a traditional Chinese medicine formula suggested in the treatment of depression, but its effectiveness and safety are not well defined. This meta-analysis aimed to assess the effectiveness and safety of CSS in depression therapy. The databases including MEDLINE, EMBASE, Cochrane Central Register of Controlled Trials, CNKI database, Wanfang Data and VIP Information were searched. Papers were reviewed systematically by two researchers and were analyzed using Cochrane software Revman 5.0. Ten randomized controlled trials comparing 835 subjects were included. Of these studies, seven studies used fluoxetine (20 mg, once a day), two used paroxetine (20 mg, once a day) and one used doxepin (25 mg, two times a day) as the antidepressant drugs. Meta-analyses revealed that CSS in combination with antidepressant drugs treatment significantly improved depressive symptoms (WMD=-3.56; 95% CI -5.09 to -2.03) and significantly increased effective rate (OR=3.31; 95% CI 1.80-6.10) and recovery rate (OR=2.32; 95% CI 1.61-3.34) compared with antidepressant drugs therapy. In addition, the efficacy of CSS as monotherapy was significantly better than antidepressants in improving depressive symptoms (WMD=-3.09; 95% CI -5.13 to -1.06) and in creasing effective rate (OR=2.61; 95% CI 1.23-5.53). CSS was comparable to antidepressants in increasing recovery rate (OR=1.83; 95% CI 0.84-3.98). No serious adverse events were reported in any of the included trials. The present work supported that CSS was effective and safe in treating depressed patients. More full-scale randomized clinical trials with reliable designs are recommended to further evaluate the clinical benefit and long-term effectiveness of CSS for the treatment of depression.",1
33629558,[Effects of Ganmai Dazao Tang on synaptic structure of hippocampal neurons in depression model rats].,"<b>Objective:</b> To investigate the effects of Ganmai Dazao Tang on behavior and monoamine neurotransmitters in rats with depression, and to explore its potential mechanism from synaptic structure. <b>Methods:</b> Sixty SD rats were randomly divided into 5 groups: normal control group, model group, fluoxetine group (10.8 mg/kg), Ganmai Dazao Tang high and low dose group (9.72, 4.86 g/kg), 12 rats in each group. Except the control group, the rats in the other groups were all chronically unpredictable mild stress (CUMS) to establish a depression model, and were treated by intragastric administration for 21 days. The depression-like behaviors of rats were evaluated by sucrose consumption test and open field test. The contents of serotonin (5-HT) and norepinephrine (NE) in hippocampus were detected by ELISA. The synaptic damage of neurons was observed by Golgi staining. The synaptic structure protein expression levels of MAP-2 and GAP-43 of hippocampus were detected by Immunohistochemistry and Western blot. <b>Results:</b> Compared with control group, the sucrose preference and autonomic activity scores of the depression model rats were decreased significantly (<i>P</i>＜0.01), the levels of 5-HT and NE in hippocampus were decreased significantly (<i>P</i>＜0.01), and the dendritic spines were absent, and the expressions of MAP-2 and GAP-43 were down-regulated significantly (<i>P</i>＜0.01). After treated with Ganmai Dazao Tang, the depression-like behavior of the model rats was significantly relieved (<i>P</i>＜0.01), and the levels of 5-HT and NE were increased (<i>P</i>＜ 0.05). Dendritic spine density, length and branching were increased, the expressions of MAP-2 and GAP-43 were increased (<i>P</i>＜ 0.01). <b>Conclusion:</b> Ganmai Dazao Tang can improve the depression-like behavior of depression model rats and increase the monoamine neurotransmitter content in hippocampus, which may be related to up-regulation of synaptic structural proteins and relief of synaptic damage in neurons.",1
38941409,Effectiveness and safety of Chaihu-Shugan-San for treating depression based on clinical cases: An updated systematic review and meta-analysis.,"Chaihu-Shugan-San (CSS), a Traditional Chinese Medicine formula, has been widely used for treating depression since the Ming Dynasty, as recorded in Jingyue Quanshu, but its effectiveness and safety lack comprehensive and objective evaluation. Based on our meta-analysis, we aimed to adequately evaluate the efficacy and risk of CSS by considering the latest clinical literature. Multiple databases, including PubMed, Embase, Web of Science, SinoMed, China National Knowledge Infrastructure, Chongqing VIP, and Wanfang, were used to collect clinical data. The quality of the included clinical studies was assessed using the Cochrane Risk of Bias Tool, and the data were meta-analyzed using Review Manager 5.0 and Stata 17. The data were obtained from a genome-wide association study, and Mendelian randomization (MR) was performed using R Software 4.3.2 with the TwoSampleMR and MR Pleiotropy RESidual Sum and Outlier packages. A total of 15 studies with 1034 patients and 6 antidepressant drugs were included in this work. Meta-analyses revealed that drug combinations of CSS and antidepressants significantly improved depressive symptoms (weighted mean difference = -4.21; 95% confidence interval [CI]: -5.62--2.81), increased the effective rate (odds ratio [OR] = 3.82; 95% CI: 2.44-6.83), and reduced side effects (OR = -3.55; 95% CI: -5.66--1.43) compared with antidepressant monotherapy. Additionally, compared with antidepressant monotherapy, CSS alone exhibited fewer side effects (95% CI:-9.25--6.95). Like antidepressants, CSS also improved depressive symptoms (weighted mean difference = -0.05; 95% CI: -0.63--0.52) and increased the effective rate (OR = 1.07; 95% CI: 0.52-2.20). Additionally, MR was used to evaluate the safety of traditional antidepressants, as there was a causal association between amitriptyline and body mass index. This analysis demonstrated that compared with traditional antidepressants, CSS combined with antidepressants was more effective and safer for treating depressed patients. MR showed that a causal relationship may exist between amitriptyline and body mass index. Therefore, clinicians should carefully consider the advantages and potential drawbacks of Traditional Chinese Medicine and classic drugs to serve patients better.",1
18343064,Antidepressant effect of Yueju-Wan ethanol extract and its fractions in mice models of despair.,"Yueju-Wan (YJ), a traditional Chinese medicinal formula, is commonly used for the treatment of depression-related syndromes in China. This study was conducted to evaluate the antidepressant activity of YJ ethanol extract (YJ-E) and its four different fractions, the petroleum ether fraction (YJ-EA), ethyl acetate fraction (YJ-EB), n-butanol fraction (YJ-EC) and final aqueous fraction (YJ-ED). Two experimental despair animal models: the mice tail suspension test (TST) and the mice forced swimming test (FST) were used to evaluate the antidepressant activity of YJ-E and its fractions. These extracts or fractions were administered orally for 7 days, while the parallel positive control was given at the same time using fluoxetine hydrochloride (FLU) in TST and imipramine hydrochloride (IMI) in FST respectively. YJ-E high dose (YJ-E2), YJ-EA, YJ-EC and the positive control groups could decrease the duration of immobility in the TST and FST and have no significant changes in locomotor activity. YJ-E low dose (YJ-E1), YJ-EB, YJ-ED and the vehicle solvent (VEH) control group have no obvious effect on these same tests. In these despair animal models, YJ ethanol extract, the petroleum ether fraction and n-butanol fraction show potent antidepressant effects. The petroleum ether fraction and n-butanol fraction appear to be the active fractions of YJ-E.",1
36844911,Mechanisms of paeoniaceae action as an antidepressant.,"Paeoniflorin (PF) has been widely used for the treatment of depression in mice models, some Chinese herbal compound containing PF on treating depression, such as Xiaoyao San, Chaihu-Shugan-San, Danggui Shaoyao San etc. Many experiments are also verifying whether PF in these powders can be used as an effective component in the treatment of depression. Therefore, in this review the antidepressant effect of PF and its mechanism of action are outlined with particular focus on the following aspects: increasing the levels of monoamine neurotransmitters, inhibiting the HPA axis, promoting neuroprotection, enhancing neurogenesis in the hippocampus, and elevating levels of brain-derived neurotrophic factor (BDNF). This review may be helpful for the application of PF in the treatment of depression.",1
41485625,Chaihu Shugan San exerts antidepressant effects by driving microglial M2 polarization via inhibition of the IL-1β/JNK signaling pathway.,"Chaihu Shugan San (CSS) is a classic traditional Chinese medicine formula originally recorded in Jingyue Quanshu, historically used for regulating Qi and relieving depression. Its composition, centered on Bupleuri Radix as the sovereign herb for soothing the liver, is combined with other herbs to regulate Qi, activate blood, and harmonize the middle energizer. Clinical evidence supports its efficacy in improving depressive mood and somatic symptoms, aligning with its traditional use, while modern studies suggest a multi-component, multi-target mechanism underlying its antidepressant effects. This study sought to systematically elucidate the pharmacodynamic material basis of CSS responsible for its antidepressant effects, along with the related immunomodulatory mechanisms. The optimal active fraction of CSS was identified through a screening process utilizing a reserpine-induced zebrafish model of depression, with its chemical constituents characterized by UPLC-Q-TOF-MS/MS. The antidepressant efficacy of the identified optimal extract was further validated using a corticosterone-induced mouse model of depression. An integrated methodological approach, incorporating transcriptomics, network pharmacology, and molecular biology techniques, was employed to investigate the immunomodulatory mechanisms underlying the antidepressant effects of CSS. Spectrum-effect relationship analysis was conducted to identify key active components and elucidate their mechanisms of action. The 95 % ethanol extract of CSS (CSS-95) demonstrated the most robust antidepressant activity, significantly enhancing behavioral parameters in depression models. It was observed to upregulate levels of 5-hydroxytryptamine (5-HT) and dopamine (DA), while downregulating corticosterone (CORT), adrenocorticotropic hormone (ACTH), and pro-inflammatory cytokines (TNF-α, IL-6, IL-1β, IL-18). Additionally, CSS-95 elevated anti-inflammatory cytokines (IL-10, TGF-β). Mechanistic investigations indicated that CSS-95 inhibited microglial M1 polarization by reducing the CD86, promoted M2 polarization by increasing the CD206, and suppressed the expression of key proteins in the IL-1β/JNK pathway, including IL-1β, MyD88, TRAF6, TAK1, MKK4, p-JNK, and c-Jun. Spectrum-effect correlation analysis, integrated with network pharmacology, identified 13 potential active components. Among these, seven monomers, such as albiflorin and liquiritin, were validated as effective in the zebrafish model, modulating the expression of genes associated with 5-HT, TNF-α, IL-6, and the IL-1β/JNK pathway. HPLC quantitative analysis confirmed the presence of albiflorin, liquiritin, chlorogenic acid, naringin, glycyrrhizic acid, and saikosaponin D as quality markers associated with the antidepressant effects. CSS exhibits antidepressant effects through the synergistic actions of multiple components that inhibit the IL-1β/JNK signaling pathway, facilitate microglial polarization towards the M2 phenotype, and ultimately suppress neuroinflammation. These findings offer a scientific foundation for the clinical application and quality control of CSS.",1
30841419,Modified Xiaoyao San ameliorates depressive-like behaviors by triggering autophagosome formation to alleviate neuronal apoptosis.,"Major depressive disorder (MDD) affects ˜16% of the world population. Chronic stressors contribute to reduced hippocampal volumes and increase the risk of developing MDD. Our previous work showed that XYS ameliorates social isolation and chronic unpredictable mild stress (CUMS) induced depressive-like behaviors in rats by regulating hypothalamic-pituitary-adrenal hyperactivation, locus coeruleus -norepinephrine activity and kynurenine/5-hydroxytryptamin balance. Here, we report that CUMS & isolation-treated mice exhibit depressive-like behaviors and show a phenotype of mixed apoptosis/autophagy characteristic in mice hippocampus in vivo. Modified Xiaoyao San (MXS) significantly ameliorates CUMS & social isolation-induced anhedonia, loss of interests, psychomotor retardation and behavioral despair. It suppresses the apoptosis by downregulaing condensation of heterochromatin and reducing hippocampal TdT-mediated dUTP Nick-End Labeling (TUNEL)-positive cells. MSX significantly inhibits mitochondrial outer membrane permeabilization (MOMP) reduces the release of cytochrome C and the shift of apoptosis inducing factor (AIF) from mitochondria to nucleus. Further, it stimulates the formation of autophagosomes and activates the expression of Atg5 and LC3II. Combined silencing of Atg5 and Atg7 dampens MOMP and impaired the anti-apoptotic effects of MXS. In conclusion, MXS ameliorates depressive-like behaviors by triggering autophagy to alleviate neuronal apoptosis. MXS is an effective supplement for MDD treatment, and can be harnessed to enhance autophagy and synergize with antidepressant action.",1
40127829,"Ferulic acid in Chaihu Shugan San modulates depression-like behavior, endothelial and gastrointestinal dysfunction in rats via the Ghrl-Edn1/Mecp2/P-mTOR/VEGFA pathway: A multi-omics study.","In a global context of escalating multimorbidity, characterized by the co-occurrence of major depressive disorder (MDD), endothelial dysfunction (ED), and gastrointestinal dysregulation (GD), the quest for effective treatments has become paramount. Central to these interconnected conditions is oxidative stress (OS), a pivotal factor that has been extensively studied yet remains inadequately addressed. This study introduces Chaihu-Shugan-San (CSS) and its absorbed component ferulic acid (FA), a potent antioxidant derived from medicinal plants, as a novel therapeutic approach with the unique ability to counter the multifaceted effects of acute forced swimming (AFS)-induced depression, ED, and GD. Unlike traditional single-disease-focused studies, our research explores the synergistic effects of CSS and FA across these interrelated disorders, offering a groundbreaking perspective. This study aims to evaluate CSS and FA in treating depression-related multimorbidity triggered by AFS and to uncover the shared underlying mechanisms of FA. A depression-like model in rats was induced by AFS, and an OS model was established in endothelial cells (ECs) through hydrogen peroxide treatment. We investigated the effects of CSS and FA on MDD, ED, and GD in rats and OS levels in ECs. Our assessments included hematoxylin and eosin (HE) staining, biochemical assays, and behavioral studies. We conducted an integrated analysis of transcriptomics, proteomics, and phosphoproteomics data to elucidate the underlying mechanisms. The identification of relevant targets was confirmed through Western blotting (WB), real-time quantitative polymerase chain reaction (RT-qPCR), molecular docking studies, and an extensive literature review. Our findings indicate that CSS and FA not only significantly mitigate AFS-induced abnormalities in the open field test (OFT), forced swim test (FST), and related behaviors such as gastric emptying and intestinal transit in rats but also ameliorate depression, ED, GD, inflammation and OS-related biomarker levels, alongside HE staining in gastric sinus and aorta slices. The study also highlights that FA can influence OS and endothelial function in ECs. Moreover, a combined multi-omics analysis unveiled several OS-related pathways, including the mTOR and p53 signaling pathways. Our research elucidates that the Ghrl-Edn1/Mecp2/P-mTOR/Vegfa-associated OS signaling pathway is pivotal in countering AFS-induced multimorbidity, expanding beyond the conventional disease-specific focus. This pioneering study underscores capability of CSS and FA to tackle AFS-induced multimorbidity concurrently and intricately details FA's antioxidative mechanisms within ECs. The insights gleaned offer a novel perspective on FA's role in multimorbidity regulation and its potential to modulate OS, especially in the complex environment of ECs. Given the urgent global health challenges, our research positions FA as a promising therapeutic contender, advocating for a paradigm shift in multimorbidity management.",1
30687098,Involvement of NMDA-AKT-mTOR Signaling in Rapid Antidepressant-Like Activity of Chaihu-jia-Longgu-Muli-tang on Olfactory Bulbectomized Mice.,"<b>Background:</b> Fast-onset antidepressants are urgently needed. Chaihu-jia-Longgu-Muli-tang (CLM), a classic Chinese herbal medicine, has been used for antidepressant treatment with long history. Olfactory bulbectomization (OB) model is validated for identification of rapid antidepressant efficacy. Here we used OB model for investigating the rapid onset activity of CLM in mice, and also tested the involvement of prefrontal Akt-mTOR and associated AMPA/NMDA receptors as well as hippocampal BDNF in the rapid antidepressant-like effect of CLM. <b>Methods:</b> The OB model was first characterized with depression-like behaviors and the time course changes of the behaviors. The fast onset of antidepressant effect of CLM was evaluated using sucrose preference test, tail suspension test and forced swim test in OB mice after a single administration. The expression of synaptic proteins of AMPA and NMDA subunits as well as Akt/mTOR signaling in the prefrontal cortex, and hippocampal BDNF was evaluated with the immunoblotting method. <b>Results:</b> A single dose of CLM significantly improved the deficiency in the sucrose preference and decreased the immobility time in the tail suspension test in OB mice. In the prefrontal cortex (PFC) in OB mice, there was lower expression level of the AMPA receptor subunit GluR1, rescued by a single dose of CLM. Additionally, the expression of NMDA subunit NR1 was up-regulated in OB mice, whereas mTOR and its upstream Akt signalings were both down-regulated. These deficiencies were reversed by a single dose of CLM. The CLM treatment also attenuated the expressions of NMDA receptor subunits NR2A and NR2B, which did not change in OB mice. In the hippocampus, expressions of GluR1 and brain derived neurotrophic factor (BDNF) were both up-regulated in OB mice, although CLM increased GluR1, but not BDNF. <b>Conclusion:</b> CLM elicited rapid antidepressant-like effects in the OB model mice, and CLM reversal of the abnormality in PFC expression of AMPA and NMDA receptors and associated Akt-mTOR signaling may underlie the effects.",1
39957155,Quantitative proteomic analysis of the brain reveals the potential antidepressant mechanism of Jiawei Danzhi Xiaoyao San in a chronic unpredictable mild stress mouse model of depression.,"To reveal the antidepressant mechanisms of Jiawei DanZhiXiaoYaoSan (,JD) in chronic unpredictable mild stress (CUMS)-induced depression in mice. Using the CUMS mouse model of depression, the antidepressant effects of JD were assessed using the sucrose preference test (SPT), forced swimming test (FST), and tail suspension test (TST). Tandem mass tag (TMT)-based quantitative proteomic analysis of the brain was performed following JD treatment. Hierarchical clustering, Gene Ontology function annotation, Kyoto Encyclopedia of Genes and Genomes (KEGG) pathway enrichment, and protein-protein interactions (PPIs) were used to analyze differentially expressed proteins (DEPs), which were further validated using quantitative real-time polymerase chain reaction (qRT-PCR) and Western blotting. Behavioral tests confirmed the anti-depressant effects of JD, and bioinformatics analysis revealed 59 DEPs, including 33 up-regulated and 26 down-regulated proteins, between the CUMS and JD-M groups. KEGG and PPI analyses revealed that neuro-filament proteins and the Ras signaling pathway may be key targets of JD in the treatment of depression. qRT-PCR and Western blotting results demonstrated that CUMS reduced the protein expression of neurofilament light (NEFL) and medium (NEFM) and inhibited the phosphorylation of extracellular regulated kinase 1/2 (ERK1/2), whereas JD promoted the phosphorylation of ERK1/2 and up-regulated the protein expression of NEFL and NEFM. The antidepressant mechanism of JD may be related to the up-regulation of p-ERK1/2 and neurofilament proteins.",1
36536902,Chemical component analysis of the traditional Chinese medicine Guipi Tang and its effects on major depressive disorder at molecular level.,"Guipi Tang (GPT) is a widely used traditional Chinese medicine that is used to treat major depressive disorder. However, the molecular mechanisms of its effects remain unclear. This study aimed to investigate the antidepressant-like effects of GPT and explore its underlying molecular mechanisms. Male Sprague-Dawley rats were subjected to a chronic unpredictable mild stress (CUMS) procedure and treated with various doses of GPT, with fluoxetine treatment as a positive control. Behavioural tests (including sucrose preference test, novelty-suppressed feeding test, open-field test and forced swim test), terminal deoxynucleotidyl transferase dUTP nick end labeling and enzyme-linked immunosorbent assay were conducted. The levels of Bax, Bcl-2, cleaved caspase-3, PI3K, p-PI3K, AKT, p-AKT, BDNF, TrkB and CREB or p-CREB were assessed at the protein level using western blotting or immunofluorescence. GPT consists of mainly known drugs, such as liquiritin and ginsenosides. It reversed depressive behaviours and decreased cell apoptosis in the hippocampi of CUMS rats. It significantly upregulated the protein level of Bax, p-Akt, p-PI3K, BDNF, TrkB and p-CREB and downregulated the level of cleaved caspase-3 and Bcl-2. GPT had anti-depressive activity as indicated by the amelioration of depression-like behaviour and the inhibition of hippocampal neuronal apoptosis in CUMS rats. This inhibition was mediated partly by modulating the PI3K/Akt and/or BDNF/TrkB/CREB pathway, in which, glycosides, the main components of GPT, might be involved.",1
33825416,Mechanism underlying effect of Chaihu Shugan San on major depressive disorder: a network pharmacology-based study.,"To investigate the mechanism underpinning the effect of Chaihu Shugan San ( CHSGS) on major depressive disorder (MDD). We searched the compound components of from seven herbal ingredients of CHSGS from TCMSP, SymMap, ETCM, NPASS databases, and the chemical structure of the compound from PubChem, and collected the compound targets from TCMSP and TargetNet databases, and MDD-related targets from DiseaseGene Network. We established protein-protein interaction in the STRING database. Through gene mapping, topology analysis and enrichment analysis, the core targets and pathways of CHSGS for MDD, and the involved biological processes (BP), cell components (CC), and molecular functions (MF) were predicted. We collected a total of 1135 CHSGS compounds. After screening by ADME standards and the five rules of Ribinski, we obtained 99 different chemical components with different chemical structures, and related targets of 183 different CHSGS compounds. In the DiseaseGene Network, a total of 740 relevant targets for MDD were collected. Through gene mapping and topological analysis, 62 related targets of CHSGS for MDD, 24 targets with topological Chinese herbal medicine were obtained. Through enrichment analysis, 10 relevant pathways and 3 core pathways were obtained with the involvement of 127 BP, 27 CC, and 43 MF. There are multiple targets and signaling pathways are involved in the action of CHSGS in the treatment of MDD.",1
40179998,Transcriptomic analysis and experiment to verify the mechanism of Xiaoyao san in the treatment of irritable bowel syndrome with depression.,"Xiaoyao san (XYS) is a classic traditional Chinese medicine compound first recorded in ""Taiping Huimin Heji Ju Fang"". Traditionally, it is used to treat irritable bowel syndrome (IBS) and depression. However, its mechanism of action in treating IBS patients with depressive symptoms is still unclear. This study aimed to investigate the effects of XYS on intestinal and depressive symptoms in IBS and explore the mechanisms through transcriptomic analysis and pharmacological experiments. IBS was induced in mice through a combination of chronic unpredictable mild stress and intragastric senna leaf stimulation. We evaluated six depressive parameters, examined colon tissue with hematoxylin and eosin staining and transmission electron microscopy, analyzed related proteins using western blotting, and performed transcriptomics on brain and intestinal tissues. The possible mechanism of action was speculated by network analysis of transcriptome results and further verified using the IBS model. The results show that XYS restored mouse weight, reduced intestinal symptoms and sensitivity, suppressed villous loss and atrophy, and enhanced the integrity of the intestinal mucosal barrier. Notably, XYS decreased the depression-like behavior. Transcriptomic analysis combined with pharmacological experiments revealed that XYS inhibited the expression of proteins related to the intestinal ACT1/TRAF6/P38MAPK/AP-1 signaling pathway while activating the brain's DRD2/TH signaling pathway and increasing dopamine release in the brain. XYS may regulate the brain-gut axis function and improve intestinal and depressive symptoms in IBS model mice through the intestinal ACT1/TRAF6/P38MAPK/AP-1 signaling pathway and the brain DRD2/TH signaling pathway.",1
36039087,SIRT1/FOXO1 Axis-Mediated Hippocampal Angiogenesis is Involved in the Antidepressant Effect of Chaihu Shugan San.,"Chaihu Shugan San (CSS) has a long history for treating major depressive disorder (MDD), which has been verified effectively and safely in clinical studies. Deficient angiogenesis plays important roles in MDD. However, the underlying mechanisms of CSS on angiogenesis remain poorly understood. Network pharmacology analysis was applied to explore the potential angiogenic targets and pathways between CSS and MDD. These targets would be validated in chronic unpredictable mild stress (CUMS)-induced depressive-like mice by Western blots, immunofluorescence, and immunohistochemistry. Then, the underlying molecular mechanisms were further investigated in brain microvascular endothelial cells (BMVECs) with CSS-containing serum by Western blots and immunofluorescence. Network pharmacology analysis showed that the antidepressant role of CSS was closely associated with Silent information regulator protein 1 (SIRT1)/Forkhead box O1 (FOXO1) axis-mediated angiogenesis. This prediction was confirmed in the following experiments. CSS induced angiogenesis, increased SIRT1 expression, and decreased FOXO1 expression in the hippocampus of CUMS mice. Five percent CSS-containing serum produced a significant increase in BMVECs proliferation, migration, and tube formation, but these effects were reduced by SIRT1 silencing. CSS serum could also promote FOXO1 translocation to the cytoplasm through SIRT1 signaling, which triggered FOXO1 protein degradation. What is more, CSS upregulated VEGFA and BDNF expressions not only in the hippocampus of depressive mice but also in BMVECs supernatants. Of note, these trophic factors play important roles in promoting neurogenesis. The study showed that CSS could promote angiogenesis and neurogenesis in the hippocampus of CUMS-induced mice. The underlying molecular mechanism involves the SIRT1/FOXO1 axis and subsequent regulation of VEGFA and BDNF. These findings provide novel insight into CSS drug development, and targeting the SIRT1/FOXO1 axis might be a promising strategy to treat MDD.",1
41802506,Chaihu Shugan San exerts antidepressant effects in female mice by suppressing hippocampal IL-6 and activating the cAMP-CaMKII-BDNF pathway.,"Chaihu Shugan San (CSS), a classical Traditional Chinese Medicine (TCM) formula, was first recorded in Jingyue Quanshu (1624 AD) for treating ""liver qi stagnation"" (Yu Syndrome), a TCM diagnostic pattern analogous to modern mood disorders. Although CSS has been prescribed for emotional distress, irritability, and depressive symptoms for centuries, the neurobiological mechanisms underlying its antidepressant efficacy, particularly in the context of gender-specific pathology, remain poorly revealed. The present study probed the antidepressant effects of CSS in female mice, while elucidating the underlying molecular mechanisms involving hippocampal neuroinflammation and neuroplasticity. We hypothesized that CSS reverses chronic stress-induced depressive phenotypes by suppressing interleukin-6 (IL-6), which in turn facilitates cAMP-CaMKII-BDNF signaling pathway in the hippocampus. Adult female C57BL/6J mice were subjected to a 5-week chronic unpredictable mild stress (CUMS) regimen to evoke depressive-like behaviors. During the final 2 weeks of the regimen, CSS was administered intragastrically at 0.5, 1.0, or 1.5 g/kg, with fluoxetine (10 mg/kg) as the positive control. Behavioral assessments included forced swimming test (FST), sucrose preference test (SPT), open field test (OFT), and tail suspension test (TST). Hippocampal IL-6, cAMP, CaMKII, and BDNF levels were quantified by ELISA. Mechanistic validation employed acute hippocampal microinjection of recombinant IL-6 (1 μg/site) and systemic administration of the CaMKII inhibitor KN-93 (6 mg/kg). Chemical constituents were identified by UHPLC-QTOF MS. CSS alleviated CUMS-induced depressive-like behaviors in a dose-dependent manner, cutting down immobility time in TST/FST and reinstating sucrose preference, similar to the action of fluoxetine. CSS significantly suppressed hippocampal IL-6 while upregulating cAMP, CaMKII activity, and BDNF expression. Acute IL-6 elevation completely abolished both the behavioral antidepressant effects and molecular actions of CSS. Pharmacological inhibition of CaMKII blocked CSS-induced behavioral improvement and its upregulation of cAMP-BDNF signaling, without affecting basal behaviors. CSS exhibited no anxiogenic or locomotor side effects. CSS exerts potent antidepressant effects in female mice through coordinated suppression of hippocampal IL-6 and activation of the cAMP-CaMKII-BDNF neuroplasticity-related pathway, with CaMKII playing a critical role in this process. These findings offer scientific evidence for the traditional use of CSS in addressing emotional disorders and highlight its therapeutic potential as a multi-targeted, anti-inflammatory botanical medicine for female-specific depression.",1
35111057,Proteomics Study Reveals the Anti-Depressive Mechanisms and the Compatibility Advantage of Chaihu-Shugan-San in a Rat Model of Chronic Unpredictable Mild Stress.,"<b>Background:</b> Chaihu-Shugan-San is a classical prescription to treat depression. According to the traditional Chinese medicine (TCM) principle, the 2 decomposed recipes in Chaihu-Shugan-San exert synergistic effects, including Shu Gan (stagnated Gan-Qi dispersion) and Rou Gan (Gan nourishment to alleviate pain). However, the specific mechanism of Chaihu-Shugan-San on depression and its compatibility rule remain to be explored. <b>Objective:</b> We aimed to explore the anti-depression mechanisms and analyze the advantage of TCM compatibility of Chaihu-Shugan-San. <b>Methods:</b> The chronic unpredictable mild stress (CUMS) rat model was established. Antidepressant effects were evaluated by sucrose preference test (SPT), and forced swimming test (FST). Tandem Mass Tag (TMT)-based quantitative proteomics of the hippocampus was used to obtain differentially expressed proteins (DEPs). Bioinformatics analysis including Gene Ontology (GO), pathway enrichment, and protein-protein interaction (PPI) networks was utilized to study the DEPs connections. At last, the achieved key targets were verified by western blotting. <b>Results:</b> Chaihu-Shugan-San increased weight gain and food intake, as well as exhibited better therapeutic effects including enhanced sucrose preference and extended immobility time when compared with its decomposed recipes. Proteomics showed Chaihu-Shugan-San, Shu Gan, and Rou Gan regulated 110, 12, and 407 DEPs, respectively. Compared with Shu Gan or Rou Gan alone, the expression of 22 proteins was additionally changed by Chaihu-Shugan-San treatment, whereas the expression of 323 proteins whose expression was changed by Shu Gan or Rou Gan alone were not changed by Chaihu-Shugan-San treatment. Bioinformatics analysis demonstrated that Chaihu-Shugan-San affected neurotransmitter's release and transmission cycle (e.g., γ-aminobutyric acid (GABA), glutamate, serotonin, norepinephrine, dopamine, and acetylcholine). GABA release pathway is also targeted by the 22 DEPs. Unexpectedly, only 2 pathways were enriched by the 323 DEPs: Metabolism and Cellular responses to external stimuli. Lastly, the expression of Gad2, Vamp2, and Pde2a was verified by western blotting. <b>Conclusions:</b> Chaihu-Shugan-San treats depression <i>via</i> multiple targets and pathways, which may include regulations of 110 DEPs and some neurotransmitter's transmission cycle. Compared with Shu Gan and Rou Gan, the 22 Chaihu-Shugan-San advanced proteins and the affected GABA pathway may be the advantages of Chaihu-Shugan-San compatibility. This research offers data and theory support for the clinical application of Chaihu-Shugan-San.",1
24015243,Chaihu-Shugan-San administration ameliorates perimenopausal anxiety and depression in rats.,"Chaihu-Shugan-San (CSS) is a traditional Chinese herbal formula that is widely used for treating perimenopausal symptoms in China; however, its mechanisms remain unknown. The present study was designed to investigate potential CSS mechanisms in rats with unpredicted chronic mild stress (UCMS) and normally aging rats (52 weeks of age). We performed the sucrose consumption test along with the forced swimming test to confirm depression-like behavior and the open field test (OFT) to confirm anxiety-like behavior in the animals. In addition, we used an enzyme-linked immunosorbent assay to measure serum and hippocampal estradiol (E2) levels and a quantitative real-time polymerase chain reaction to assess hippocampal mRNA levels of estrogen receptors (ERs) α and β as well as G protein-coupled receptor 30 (GPR30). We found that CSS administration resulted in a significant increase in the ratio of hippocampal ERα and ERβ mRNA (ERα/ERβ ratio) in UCMS rats (p<0.001). However, no significant changes were observed in E2 levels, ERα mRNA expression, and GPR30 mRNA expression. In contrast, changes in ERα/ERβ mRNA ratio were sensitively associated with changes in mood states in the animal models. These findings suggest that enhancement of ERα/ERβ ratio may play a role in the pharmacological mechanisms of CSS. Furthermore, this ratio can be employed as a potential index for evaluating mood states in animal models and can be considered as a therapeutic target for perimenopausal anxiety and depression in the future.",1
36545317,Chaihu-Shugan-San ameliorates tumor growth in prostate cancer promoted by depression <i>via</i> modulating sphingolipid and glycerinphospholipid metabolism.,"<b>Background:</b> Psychologic depression is a pivotal pathological characteristic and has been shown to promote prostate cancer (PCa) progression. Chaihu-Shugan-San (CSS), a well-known Chinese herbal decoction, exhibits efficacy in the treatment of stress-accelerated PCa. However, the underlying mechanism of CSS in resisting PCa growth is still unknown, and further study is needed. <b>Objective:</b> To evaluate the effects of CSS on stress-accelerated PCa in a BALB/C nude mice model and to investigate the underlying mechanisms. <b>Methods:</b> PC-3 cells were implanted into BALB/C nude mice, and the stressed mice were exposed to chronic unpredictable mild stress (CUMS) to study the effects of CSS. The PCa growth were evaluated by tumor volume and tumor weight. Analyses of depression-like behaviors were evaluated by sucrose consumption test, tail suspension test and open field test. Network pharmacology was used to analyze the potential targets and signaling pathways of CSS against PCa. Untargeted lipidomics were used to analyze the serum lipid profiles and further elucidate the possible mechanism. <b>Results:</b> In the CUMS stressed PCa mice, CSS can restrain tumor growth with reduced tumor volume and tumor weight, and depression-like behaviors with increased sucrose consumption, reduced immobility duration, and increased total distance and center distance. Network pharmacology suggested that the lipid metabolism-related pathways are the most likely potential targets of CSS against PCa. Using untargeted lipidomics analysis, 62 lipids were found to have significant changes in PCa mice under CUMS treatment. The levels of glycerophospholipids containing phosphatidylcholine (PC), phosphatidylethanolamine (PE), phosphatidylinositol (PI) and phosphatidylglycerol (PG), except PC (18:0_22:6) and PC (18:0_20:4), were significantly increased. Likewise, the levels of all sphingolipids (including sphingomyelin (SM), ceramides (Cer) and hexosyl-1-ceramide (Hex1Cer)) and diglyceride (DG) (32:1e) were significantly increased. CSS water extract was found to contribute to restore 32 lipids including 6 sphingolipids, 25 glycerophospholipids and 1 glyceride. <b>Conclusion:</b> This study is the first to delineate the lipid profile of stressed PCa BALB/C nude mice using untargeted lipidomics analysis. CSS restrained tumor growth and ameliorated depression-like behaviors by reprogramming lipid metabolism. Intervention of lipid metabolism could be a preventive and therapeutic approach for PCa patients with depression.",1
20673169,"SCLM, total saponins extracted from Chaihu-jia-longgu-muli-tang, reduces chronic mild stress-induced apoptosis in the hippocampus in mice.","Increasing evidence demonstrates that stress or depression can lead to atrophy and cell loss in the hippocampus. In contrast, antidepressant treatment significantly reduces apoptosis in the dentate granule cell layer and subgranular zone in animal models of depression. In the present study, we investigated the neuroprotective action of SCLM, the total saponins extracted from Chaihu-jia-longgu-muli-tang, a traditional Chinese medicinal formula which was prescribed 1000 years ago, in the reduction of apoptosis in hippocampal neurons using an experimental chronic mild stress (CMS) model. Mice were subjected to the CMS procedure for a period of 21 consecutive days. SCLM (100 mg/kg, p.o.) or fluoxetine (20 mg/ kg, p.o.) was administered during the stress periods. CMS mice showed a decreased sucrose intake over 21 days, and an increase in the number of TUNEL-positive neurons as well as up-regulation of the apoptotic-related factors, such as Bax and caspase-3 in the hippocampus, compared with control mice. On the other hand, the administration of SCLM (100 mg/kg) and fluoxetine (20 mg/kg) reversed these effects induced by CMS, showing a significant increase of sucrose intake and a dramatic reduction of TUNEL-positive neurons and decreased expression of Bax and caspase-3 proteins. The present results suggest that SCLM possesses a significant antidepressant-like property, and this effect may be through protection against stress-induced neuronal apoptosis by affecting the expression of Bax and caspase-3 proteins in the hippocampus. These findings provide important information that the anti-apoptotic effect of herbal medicine therapy may be beneficial for the treatment of depression.",1
37924576,Fecal metabolomics combined with metagenomics sequencing to analyze the antidepressant mechanism of Yueju Wan.,"Yueju Wan (YJW), defined in Danxi's Mastery of Medicine, has Qi-regulating and Qi-promoting effects. YJW has frequently been applied in the clinic for the treatment of depression. Substantial evidence has shown that depression is related to metabolic abnormalities of the gut microbiota, and traditional Chinese medicine (TCM) can treat depression by adjusting gut microbiota metabolism. The antidepressant effect of YJW is well established, but thus far, whether its mechanism of action is achieved by regulating the intestinal flora has not been elucidated. In this study, chronic unpredictable mild stress (CUMS) along with isolated feeding created a rat depression model, and YJW was administered for intervention. Rats were put through behavioral tests to determine their level of depression, and ELISA was utilized for measuring the level of monoamine neurotransmitters (MNTs) in the hippocampus. Metagenomic gene sequencing analysis was used to study the effect of depression on the intestinal flora in rats and the regulatory mechanism of YJW on the intestinal flora. Furthermore, ultra-performance liquid chromatography-quadrupole time-of-flight mass spectrometry (UPLC-Q/TOF-MS) was utilized for fecal metabolomics studies to further reveal the antidepressant mechanism of YJW. The antidepressant mechanism of YJW was explored and further verified by Western blot analysis. Different doses of YJW improved the depressive state of rats and raised the levels of MNTs in the hippocampus. The results of metagenomic sequencing indicated that the YJW recovered the structure and diversity of the intestinal flora in depressed rats. Metabolomics revealed sustained changes in 21 metabolites after the treatment of YJW, suggesting that YJW can play an antidepressant role by improving abnormal metabolic pathways. The results of correlation analysis suggested that YJW might mediate Eubacterium, Oscillibacter, Roseburia, Romboutsia and Bacterium to regulate purine metabolism, tryptophan metabolism, primary bile acid biosynthesis, and glutamate metabolism and exert antidepressant effects. Western blot analysis showed that YJW reduced the content of IL-1β in the hippocampus, inhibited the activation of the NLRP3 inflammasome in the hippocampus of rats, and increased the content of ZO-1 in the colon of rats. YJW can alleviate depressive symptoms in depressed rats, and its mechanism is connected to improving intestinal flora and regulating body metabolism.",1
36279723,Xiaoyao San ameliorates high-fat diet-induced anxiety and depression via regulating gut microbiota in mice.,"Obesity, a growing health problem in the world, is related to a series of mental disorders, including anxiety and depression. XiaoYao San (XYS), a prescription of traditional Chinese medicine (TCM), has been widely used in the clinical treatment of anxiety and depression in China. However, the efficacy of XYS on obesity-related neuropsychiatric dysfunction and the underlying neural mechanisms remain unclear. Here, using a high-fat diet (HFD)-induced obese model, we found that XYS treatment significantly improves obesity-related anxiety- and depression-like behaviors and alters the gut microbiome, particularly by increasing the relative abundance of Faecalibaculum rodentium (F. rodentium), in mice. Interestingly, selective supplementation with F. rodentium or its metabolic products, short-chain fatty acids (SCFAs), is sufficient to rescue anxiety- and depression-like behaviors in HFD-fed mice. Next, we determined that the transcriptional level of dopamine D2 receptor (DRD2), which activation usually inhibits inflammation in the central nervous system (CNS), is significantly increased in the medial prefrontal cortex (mPFC) of XYS-treated mice when compared with that of vehicle-treated controls. Moreover, enriched pathways analysis with the differential expression genes (DEGs) showed that some of these DEGs are enriched in neuroinflammatory pathways. We further noticed that treatment with XYS contributes to controlling microglial activation and proinflammatory responses in the mPFC and hippocampus of HFD-fed mice. Overall, this study reveals that XYS rescues HFD-induced anxiety and depression via modulating gut microbiota-derived metabolites and that XYS is a potential therapeutic strategy for treating obesity-associated mental disorders.",1
37751044,Effects of Chaihu Shugan San on Brain Functional Network Connectivity in the Hippocampus of a Perimenopausal Depression Rat Model.,"In this study, we used Chaihu Shugan San (CSS), a traditional Chinese herbal formula, as a probe to investigate the involvement of brain functional network connectivity and hippocampus energy metabolism in perimenopausal depression. A network pharmacology approach was performed to discover the underlying mechanisms of CSS in improving perimenopausal depression, which were verified in perimenopausal depression rat models. Network pharmacology analysis indicated that complex mechanisms of energy metabolism, neurotransmitter metabolism, inflammation, and hormone metabolic processes were closely associated with the anti-depressive effects of CSS. Thus, the serum concentrations of estradiol (E<sub>2</sub>), glutamate (Glu), and 5-hydroxytryptamine (5-HT) were detected by ELISA. The brain functional network connectivity between the hippocampus and adjacent brain regions was evaluated using resting-state functional magnetic resonance imaging (fMRI). A targeted metabolomic analysis of the hippocampal tricarboxylic acid cycle was also performed to measure the changes in hippocampal energy metabolism using liquid chromatography-tandem mass spectrometry (LC-MS/MS). CSS treatment significantly improved the behavioral performance, decreased the serum Glu levels, and increased the serum 5-HT levels of PMS + CUMS rats. The brain functional connectivity between the hippocampus and other brain regions was significantly changed by PMS + CUMS processes but improved by CSS treatment. Moreover, among the metabolites in the hippocampal tricarboxylic acid cycle, the concentrations of citrate and the upregulation of isocitrate and downregulation of guanosine triphosphate (GTP) in PMS + CUMS rats could be significantly improved by CSS treatment. A brain functional network connectivity mechanism may be involved in perimenopausal depression, wherein the hippocampal tricarboxylic acid cycle plays a vital role.",1
35190952,Exploration of a Brain-Liver-Communication-Related Mechanism Involved in the Experimental Perimenopausal Depression Rat Model using Chaihu-Shugan-San.,"Existing research suggests the involvement of a brain-liver-communication-related mechanism in the occurrence of depression. In this study, we selected Chaihu-Shugan-San (CSS), a traditional Chinese herbal medicine that can simultaneously affect liver and depression, as a probe to investigate the involvement of the brain-liver-communication-related mechanism in perimenopausal depression. A total of 50 experimental perimenopausal depression rat models were established by ovariectomy surgery (PMS) followed by chronic unpredictable mild stress (CUMS) processes. Animals underwent CSS treatment or treatments with CSS + Ly294002, an inhibitor of the PI3K/Akt signalling pathway. We observed the behavioural performances of depression and anxiety, serum concentrations of biochemical indices, serum estrogen two levels, hippocampal 5-HT and NE levels and the morphological changes in liver tissues. The protein and mRNA expressions of PI3K and Akt were also evaluated. CSS treatment significantly ameliorated the behavioural performance, partial biochemical indices and the morphological changes in the liver tissues of PMS + CUMS rats. Ly294002 partially inhibited the CSS effects. The expressions of PI3K and Akt were significantly downregulated by PMS + CUMS processes but upregulated by CSS treatment, which could be significantly suppressed by Ly294002. A brain-liver-communication-related mechanism may be involved in perimenopausal depression, where the PI3K/Akt signalling pathway plays a vital role.",1
38633609,Chinese herbal medicines for the treatment of depression: a systematic review and network meta-analysis.,"<b>Objectives:</b> Amidst rising global burden of depression and the associated challenges with conventional antidepressant therapies, there is a growing interest in exploring the efficacy and safety of alternative treatments. This study uses a Bayesian network meta-analysis to rigorously evaluate the therapeutic potential of Chinese herbal medicines in the treatment of depression, focusing on their comparative efficacy and safety against standard pharmacological interventions. <b>Methods:</b> Five databases (PubMed, Wanfang Data, EMBASE, CNKI, and the Cochrane Library) and grey literature were searched from inception to end of July 2023 to identify studies that assessed the efficacy and safety of Chinese herbal medicines in treating depression. The response rate, Hamilton Depression Scale (HAMD) scores, and rates of adverse events were assessed through both direct and indirect comparisons. Data extraction and risk of bias assessment were meticulously performed. Statistical analysis used Markov chain Monte Carlo methods, with effect size estimates provided as odd ratios and their 95% confidence intervals. <b>Results:</b> A total of 198 RCTs involving 8,923 patients were analyzed, assessing 17 Chinese herbal medicines. Surface Under the Cumulative Ranking results indicated that the top three treatments with the best response rate were possibly <i>Guipiwan</i>, <i>Ease Pill</i>, and <i>Chaihu Jia Longgu Muli Decoction</i>; the top three treatments on the reduction of HAMD scores were <i>Chai Hu Shu Gan San</i>, <i>Xingnao Jieyu Decoction</i>, and <i>Xiaoyao Powder</i>; and the top three treatments with the lowest adverse effects rates were <i>Xiaoyao Powder</i>, <i>Alprazolam</i>, and <i>Xingnao Jieyu Decoction</i>. Interestingly, commonly used synthetic drugs such as <i>Fluoxetine</i>, <i>Escitalopram</i>, <i>Amitriptyline</i>, <i>Sertraline</i>, <i>Flupentixol and Melitracen</i>, and <i>Venlafaxine</i>, not only appeared to be less effective than specific Chinese herbal medicines (<i>Gan Mai Da Zao Decoction</i>, <i>Chaihu Jia Longgu Muli Decoction</i>, <i>Chai Hu Shu Gan San</i>, <i>Danzhi-Xiaoyao-San</i>, and <i>Xingnao Jieyu Decoction</i>), but they were also related to substantially higher risk of adverse events. <b>Conclusion:</b> Our findings elucidate the promising therapeutic potential of Chinese herbal medicines as viable alternatives in the treatment of depression, with certain herbs demonstrating enhanced efficacy and safety profiles. The outcomes of this study advocate for the integration of these alternative modalities into contemporary depression management paradigms. However, it underscores the necessity for larger, methodologically robust trials to further validate and refine these preliminary findings. <b>Systematic review registration:</b> https://www.crd.york.ac.uk/PROSPERO/, identifier CRD42023452109.",1
24914308,Antidepressant-like activity of Chaihu-Shugan-San aqueous extract in rats and its possible mechanism.,"Chaihu-Shugan-San (CHSGS), a traditional Chinese medicinal formula, is commonly used for the treatment of depression in China. However, the molecular mechanism underlying its antidepressant action is unknown. The objective of this study is to evaluate the antidepressant-like effects of CHSGS and further explore the possible molecular mechanism implicated in its actions. THE RATS WERE RANDOMLY DIVIDED INTO FOUR GROUPS: The normal control group, the model control group, the CHSGS group and the fluoxetine control group. The antidepressant-like effects of CHSGS aqueous extract were assessed in rats exposed to chronic mild stress (CMS) using the open-field test and sucrose water consumption test, its underlying mechanism of anti-depression was explored by determining the effect of CHSGS on the extracellular signal-regulated kinase (ERK) and phospho-ERK (P-ERK) in the hippocampus using western blot. The aqueous extract of CHSGS at a dose of standard (5.9 g/kg·d) was administered intragastrically for 14 days during the CMS model while the fluoxetine control group was given at the same time using fluoxetine hydrochloride (1.8 mg/kg·d). The stressed rats demonstrated decreased locomotor activity in open field test and reduction in sucrose consumption and decreased levels of P-ERK1/2 and the ratio of P-ERK1/2 to total ERK1/2 in the hippocampus. CHSGS alleviated the depressive-like behaviors and increased levels of P-ERK1/2 and the ratio of P-ERK1/2 to total ERK1/2 in stressed rats as well as fluoxetine. In summary, these results suggest that CHSGS aqueous extract possesses an antidepressant-like activity in CMS induced depression model rats, which might be mediated, at least in part, by reversing the stress-induced disruption of ERK activity.",1
24486208,The effect of Chaihu-Shugan-San and its components on the expression of ERK5 in the hippocampus of depressed rats.,"Chaihu-Shugan-San (CSS) is a well-known, Chinese traditional medicine used to treat depression. Little is known about the antidepressant mechanism of CSS. The main aims of the this study were to evaluate the antidepressant-like effects of CSS and its components and further explore the CSS׳s effect upon signal transduction of extracellular signal-regulated kinase 5 (ERK5) expressions in the hippocampus of rats with depression induced by chronic unpredicted mild stress. SD rats were randomly divided into six groups: Normal; Model; CSS; Component I; Component II; and Fluoxetine. Antidepressant-like effects of CSS and two of its constituents, Components I and II in aqueous extract, were assessed using rats exposed to chronic unpredictable mild stress (CUMS) by measuring weight change, observing the open-field test and measuring sucrose water consumption. Antidepressant mechanism were examined by measuring the effect of CSS, and two of its constituents, on extracellular signal-regulated kinase 5 (ERK5) expression, phosphorylation-ERK5 (p-ERK5), and ERK5 mRNA in the hippocampus by using western blotting and Real-time Polymerase Chain Reaction (PCR). Three preparations were prepared: (1) an aqueous extract of CSS (5.9 g/kg·d); (2) Component I (3.3 g/kg·d); and (3) Component II (2.6 g/kg·d). During the 28-day CUMS, the three preparations were intragastrically administered all three preparations. Simultaneously a parallel positive fluoxetine control group was given fluoxetine hydrochloride (1.8mg/kg·d). Normal and Model groups were intragastrically administered with a isovolumic distilled water (4.5 ml/kg·d). Depressed rats had decreased weight gain; decreased locomotor activity as measured by the open field test; and reduced sucrose consumption. The rats׳ hippocampus ERK5 activation was significantly suppressed. CSS reduced the incidence of depressive-like behaviors and increased ERK5 activation in depressed rats at the same rate as fluoxetine. Component I, and II, each had only a partial effect on the depression indicators measured. CSS aqueous extract has antidepressant-like effects on CUMS-induced depression model rats. The antidepressant effect of CSS is greater than that of either the two separate components measured. CSS׳s antidepressant mechanism may be mediated by reversing the stress-induced disruption of ERK5 activity.",1
40969945,Advances of paeoniflorin in depression: the molecular mechanism and formula application.,"Paeoniflorin (PF) is widely present in species of the <i>Paeonia</i> genus. In recent years, numerous preclinical studies have shown that PF has preventive and therapeutic effects on various neurological diseases, particularly in the prevention and treatment of depression. Additionally, some classic traditional Chinese medicine formulas containing PF, such as Xiaoyao San, Chaihu Shugan San, and Sini San, have been proven to significantly improve depressive symptoms. However, the antidepressant mechanisms of PF and its containing classic traditional Chinese medicine formulas are not yet fully understood. PF, as a natural glycoside metabolite with a wide margin of safety and good tolerance, exhibits certain toxicity at high concentrations. The differences in standardized methods between the traditional formulations, such as extraction processes, dosages, and inherent metabolite variability in formulations, may affect the interpretation of results and clinical applications. Therefore, this article reviews the antidepressant mechanisms of PF from the perspectives of inhibiting the hypothalamic-pituitary-adrenal axis, increasing the levels of monoamine neurotransmitters, suppressing oxidative stress and apoptosis, regulating calcium homeostasis, inhibiting neuroinflammation, modulating mitochondrial function, regulating cellular autophagy, and increasing the levels of brain-derived neurotrophic factor, and elucidates the antidepressant effects and mechanisms of traditional Chinese medicine formulations containing PF. Additionally, we describe the physicochemical properties, toxinology, pharmacokinetic characteristics, and the transformation of PF <i>in vivo</i>. This review may contribute to the application of PF and its formulations in depression.",1
31781287,Chaihu-Shugan-San Reinforces CYP3A4 Expression via Pregnane X Receptor in Depressive Treatment of Liver-Qi Stagnation Syndrome.,"<i>Background</i>s. Chaihu-Shugan-San (CSS) is a classic traditional Chinese herbal prescription for treating depression. However, the underlying mechanism of the Chinese syndrome-specific efficacy of CSS is poorly understood. <i>Aim of the Study</i>. From traditional Chinese medicine and pharmacogenetics perspectives, the present study aimed to investigate the antidepressant effects of CSS on a mouse model of Liver-Qi Stagnation (LQS) syndrome and its underlying mechanisms. <i>Methods and Materials</i>. We used two main mouse models of depressive syndromes in the study, including LQS and liver stagnation and spleen deficiency (LSSD) syndrome. Tail suspension and forced swimming tests were used to evaluate the effects of CSS on animal behaviour. The expression level of the CYP450 enzyme from liver microsomes was analysed by western blot (WB) analysis and quantitative real-time polymerase chain reaction (qRT-PCR). More specifically, we analysed the key compounds of CSS that are responsible for CYP450 regulation via bioinformatics. Ultimately, luciferase assays were employed to confirm the prediction <i>in vitro</i>. <i>Results</i>. CSS remarkably reduced the immobile time in LQS rather than in LSSD mice. Although CSS significantly upregulated CYP2C9 in mice with both syndromes, activated translation of CYP3A4 induced by CSS was only observed in the LQS group. Bioinformatics analysis revealed that the unique regulation of CYP3A4 was responsible for the effects of glycyrrhetinic acid (GA) from CSS. Further luciferase assays confirmed the enhancement of CYP3A4 expression via the pregnane X receptor (PXR) pathway <i>in vitro</i>. <i>Conclusions</i>. CSS specifically upregulates the translation of CYP3A4 via the PXR pathway in depressed LQS mice. GA, a bioactive compound that originates from CSS, contributes to this activation. This work provides novel insight into Chinese syndrome-based therapy for depression.",1
37664720,Reporting quality and risk of bias assessment of animal research on Chaihu-Shugan-San for depression: A systematic review.,"Chaihu-Shugan-San (CSS) is a traditional Chinese medicine formula employed to treat depression. We aim to conduct a reporting quality assessment and risk of bias evaluation of animal research on CSS for depression. To acquire eligible studies, two reviewers searched plentiful databases from inception to October 23rd, 2021. Reporting quality assessment and risk of bias assessment of the included animal studies were evaluated by using Animal Research: Reporting In Vivo Experiments (ARRIVE) guidelines and the SYstematic Review Centre for Laboratory animal Experimentation (SYRCLE) risk of bias tool, respectively. The initial search identified 720 records, while only 30 studies were included. The result of the reporting quality assessment was inferior, items 17 and 19 were not reported at all. The details of five items (items 3, 6, 7, 10, and 18) were not reported. The outcome of the risk of bias assessment suggested that half of the entries (5/10) displayed an unclear risk of bias and a high risk of bias. Blinding with regard to performance bias and detection bias revealed an unclear risk of bias (100%), followed by baseline characteristics (76.67%) and sequence generation (60%). Random outcome assessment showed a high risk of bias (100%). The included animal studies exhibited methodological defects and imprecise reporting. Hence, the ARRIVE guidelines and SYRCLE's RoB tool should be disseminated among basic medical researchers examining CSS for depression to publish studies with low risk of bias and sufficient reporting so that the animal research can promptly be transformed into clinical research.",1
40912487,Network pharmacology-guided lipidomics and molecular docking reveals the involvement of sphingolipid metabolism and HIF-1 signaling in Xiaoyao San's blood-nourishing mechanism against depression.,"Depression is a common psychiatric disorder and has become a growing public health issue. In the traditional Chinese medicine (TCM) clinic, blood deficiency is a common syndrome pattern in depression. Xiaoyao San (XYS), a classic formula with the property of nourishing blood, is widely used to treat depression. However, how the blood-nourishing action of XYS contributes to its antidepressant efficacy and what its underlying mechanisms are remain unclear. The current study aimed to investigate the mechanism by which XYS exerts its antidepressant effects through the enhancement of blood-nourishing property. Network pharmacology methods were employed to predict the key pathways of XYS in the treatment of depression and blood deficiency syndrome. Chronic unpredictable mild stress (CUMS) model was employed to assess the therapeutic effect of XYS on depression-like behaviors accompanied by symptoms associated with blood deficiency in TCM. Lipidomics, western blotting, and histological techniques were integrated to explore the underlying mechanisms. Molecular docking simulations validated the binding affinity between core targets and XYS's active compounds. Network pharmacology analysis reveals that XYS targets common pathways in the management of depression and blood deficiency syndrome, particularly involving HIF-1 signaling pathway and lipid metabolism-related pathways. Animal experiments demonstrates that XYS has the potential to ameliorate depression-like behaviors and the symptoms associated with blood deficiency induced by CUMS modeling. Lipidomics results showed that the perturbations in lipid metabolism were effectively reversed following treatment with XYS, particularly impact sphingolipid metabolism. Concurrently, mechanistic analysis revealed that XYS mediates its effects on depression by modulating targets in sphingolipid and HIF-1 signaling pathways. Molecular docking identified stigmasterol, cubebin, β-sitosterol, and xambioona as potential therapeutic agents for XYS therapy due to their strong binding affinities with SMPD1 and HIF-1α. XYS exerts anti-depressant effect by enhancing its blood-nourishing property, which are associated with the inhibition of the sphingolipid metabolic pathway and the activation of the HIF-1 signaling pathway.",1
35906133,"Xiaoyao San, a Chinese herbal formula, ameliorates depression-like behavior in mice through the AdipoR1/AMPK/ACC pathway in hypothalamus.","Depression and metabolic disorders have overlapping psychosocial and pathophysiological causes. Current research is focused on the possible role of adiponectin in regulating common biological mechanisms. Xiaoyao San (XYS), a classic Chinese medicine compound, has been widely used in the treatment of depression and can alleviate metabolic disorders such as lipid or glucose metabolism disorders. However, the ability of XYS to ameliorate depression-like behavior as well as metabolic dysfunction in mice and the underlying mechanisms are unclear. An in vivo animal model of depression was established by chronic social defeat stress (CSDS). XYS and fluoxetine were administered by gavage to the drug intervention group. Depression-like behaviors were analyzed by the social interaction test, open field test, forced swim test, and elevated plus maze test. Glucose levels were measured using the oral glucose tolerance test. The involvement of certain molecules was validated by immunofluorescence, histopathology, and Western blotting. In vitro, hypothalamic primary neurons were exposed to high glucose to induce neuronal damage, and the neuroprotective effect of XYS was evaluated by cell counting kit-8 assay. Immunofluorescence and Western blotting were used to evaluate the influences of XYS on adiponectin receptor 1 (AdipoR1), adenosine 5'-monophosphate-activated protein kinase (AMPK), acetyl-coenzyme A carboxylase (ACC) and other related proteins. XYS ameliorated CSDS-induced depression-like behaviors and glucose tolerance impairment in mice and increased the level of serum adiponectin. XYS also restored Nissl bodies in hypothalamic neurons in mice that exhibited depression-like behaviors and decreased the degree of neuronal morphological damage. In vivo and in vitro studies indicated that XYS increased the expression of AdipoR1 in hypothalamic neurons. Adiponectin may be a key regulator linking depression and metabolic disorders; regulation of the hypothalamic AdipoR1/AMPK/ACC pathway plays an important role in treatment of depression by XYS.",1
34391441,Chaihu-Shugan-San (Shihosogansan) alleviates restraint stress-generated anxiety and depression in mice by regulating NF-κB-mediated BDNF expression through the modulation of gut microbiota.,"Chaihu-Shugan-San (CSS, named Shihosogansan in Korean), a Chinese traditional medicine, is frequently used to treat anxiety and depression. Psychiatric disorders including depression are associated with gut dysbiosis. Therefore, to comprehend gut microbiota-involved anti-depressive effect of CSS, we examined its effect on restraint stress (RS)-induced depression and gut dysbiosis in mice METHODS: CSS was extracted with water in boiling water bath and freeze-dried. Anxiety and depression was induced in C57BL/6 mice by exposure to RS. Anxiety- and depression-like behaviors were measured in the light/dark transition and elevated plus maze tasks, forced swimming test, and tail suspension test. Biomarkers were assayed by using the enzyme-linked immunosorbent assay and immunoblotting. The gut microbiota composition was analyzed by Illumina iSeq sequencer. CSS significantly reduced the RS-induced anxiety- and depression-like behaviors in mice. CSS suppressed the RS-induced activation of NF-κB and expression of interleukin (IL)-6 and increased the RS-suppressed expression of brain-derived neurotrophic factor (BDNF). Furthermore, CSS suppressed the RS-induced IL-6 and corticosterone level in the blood and IL-6 expression and myeloperoxidase activity in the colon. CSS decreased the RS-induced γ-Proteobacteria population in gut microbiota, while the RS-suppressed Lactobacillaceae, Prevotellaceae, and AC160630_f populations increased. Fecal transplantation of vehicle-treated control or RS/CSS-treated mice into RS-exposed mice significantly mitigated RS-induced anxity- and depression-like behaviors, suppressed the NF-κB activation in the hippocampus and colon, and reduced the IL-6 and corticosterone levels in the blood. These fecal microbiota transplantations suppressed RS-induced Desulfovibrionaceae and γ-Proteobacteria populations and increased RS-suppressed Lactobacillaceae and Prevotellaceae poulation in the gut microbiota. CSS alleviated anxiety and depression by inducing NF-κB-involved BDNF expression through the regulation of gut inflammation and microbiota.",1
29728023,"[Study on Yueju Wan for ""different diseases with same treatment"" based on integrative pharmacology].","The traditional Chinese medicine prescription Yueju Wan has the function of regulating qi-flowing for activating stagnancy and resolving food stagnation, which is now used for the treatment of depression and gastrointestinal related diseases. In this study, an integrative pharmacological method was adopted to predict the targets and pathways of Yueju Wan and explore its molecular mechanism for depression and gastrointestinal dysfunction with the same treatment. First, disease targets were collected from Human Phenotype Ontology database, 201 targets related to depression and 474 targets related to gastrointestinal dysfunction, including 95 common targets of these two. Then, the integrative pharmacology platform of traditional Chinese medicine (TCMIP) was used to predict and analyze the drug targets, GO function, KEGG pathway, core targets network of Yueju Wan and heterogeneous network of TCM-chemical components-key drug targets-pathway. According to the integrative analysis, it is found that ATP1A1, KRAS, and PRKAA1 were key targets, and neuron apoptotic process, neurotrophin signaling pathway, serotonergic synapse and regulation of nitric-oxide synthase activity were key pathways which played important roles in molecular mechanism of Yueju Wan for depression and gastrointestinal dysfunction. In conclusion, speculated serotonergic synapse and regulation of nitric-oxide synthase activity maybe the common process in depression and gastrointestinal dysfunction. This paper provided an overall understanding on Yueju Wan based on TCMIP, helping to elucidate the mechanism of the same treatment for different diseases, depression and gastrointestinal dysfunction.",1
36339629,Chaihu-shugan-san alleviates depression-like behavior in mice exposed to chronic unpredictable stress by altering the gut microbiota and levels of the bile acids hyocholic acid and 7-ketoDCA.,"Chaihu-Shugan-San (CSS) is a traditional botanical drug formula often prescribed to treat depression in oriental countries, but its pharmacotherapeutic mechanism remains unknown. It was recently reported that CSS alters the composition of intestinal microflora and related metabolites such as bile acids (BAs). Since the intestinal microflora affects physiological functions of the brain through the gut-microbiota-brain axis, herein we investigated whether CSS altered BA levels, gut microflora, and depression-like symptoms in chronic unpredictable mild stress (CUMS) mice, a well-established mouse model of depression. Furthermore, we determined whether BA manipulation and fecal microbiota transplantation altered CSS antidepressant actions. We found that the BA chelator cholestyramine impaired the antidepressant effects of CSS, which was partially rescued by dietary cholic acid. CSS increased the relative abundance of <i>Parabacteroides distasonis</i> in the colon of CUMS mice, and increased serum levels of various BAs including hyocholic acid (HCA) and 7-ketodeoxycholic acid (7-ketoDCA). Furthermore, gut bacteria transplantation from CSS-treated mice into untreated or cholestyramine-treated CUMS mice restored serum levels of HCA and 7-ketoDCA, alleviating depression-like symptoms. In the hippocampus, CSS-treated mice had decreased expression of genes associated with BA transport (Bsep and Fxr) and increased expression of brain-derived neurotrophic factor and its receptor, TrkB. Overall, CSS increases intestinal <i>P. distasonis</i> abundance, leading to elevated levels of secondary BAs in the circulation and altered expression of hippocampal genes implicated in BA transport and neurotrophic signaling. Our data strongly suggest that the gut microbiota-brain axis contributes to the potent antidepressant action of CSS by modulating BA metabolism.",1
29864926,Chaihu-shugan san inhibits inflammatory response to improve insulin signaling in liver and prefrontal cortex of CUMS rats with glucose intolerance.,"Depression is a mental illness comorbid risk factor for glucose intolerance worldwide. Chaihu-shugan san, a 'Shu-Gan' formula in traditional Chinese medicine, is clinically used in the treatment of depression. The aim of this study was to investigate whether Chaihu-shugan san improved glucose tolerance with its antidepressant activity in rat model of depression and explore the mechanisms underlying its action on liver-brain inflammation axis. After 6 weeks of chronic unpredictable mild stress (CUMS) procedure, male Wistar rats were given Chaihu-shugan san water extract (925 and 1850 mg/kg) by gavage for the next 6 consecutive weeks. Sucrose consumption test was used to assess animal depressive-like behaviors. Oral glucose tolerance test (OGTT) was employed to define the status of glucose tolerance in rats. Serum alanine aminotransferase (ALT) and interleukin-1 beta (IL-1β) were measured by commercial kits, respectively. Western blot was used to detect the expression of key proteins in inflammatory signaling cascades including toll-like receptor 4 (TLR4), myeloid differentiation protein 88 (MyD88), nuclear factor-kappa B (NF-κB), Nod-like receptor family pyrin domain containing 3 (NLRP3), apoptosis-associated speck-like protein containing CARD (ASC), cysteinyl aspartate specific proteinase-1 (Caspase-1) and IL-1β, as well as insulin signaling in liver and prefrontal cortex of rats. Immunohistochemical staining or immunofluorescence staining of NF-κB, and nuclear/cytoplasmic ratio of NF-κB by Western blot were used to describe its nuclear entry in liver and prefrontal cortex of rats. RT-qPCR and Western blot analysis, as well as microRNA-155 (miR-155) mimic or inhibitor transfection were used to explore possible association of MyD88 and miR-155. In this study, Chaihu-shugan san increased sucrose consumption and reduced serum glucose levels in CUMS rats, showing its antidepressant activity with glucose tolerance improvement. Chaihu-shugan san reduced serum levels of ALT and IL-1β in this animal model. Furthermore, this formula inhibited hepatic and prefrontal cortical inflammatory response by suppressing TLR4/MyD88/NF-κB pathway and NLRP3 inflammasome activation, and improved insulin signaling in CUMS rats. More importantly, Chaihu-shugan san up-regulated miR-155 expression in liver and prefrontal cortex of CUMS rats. These results provide direct evidence that Chaihushugan San can ameliorate depressive-like behaviors by inhibiting liver-brain inflammation axis.",1
38451006,Stable Isotope Tracer Technique and Network Pharmacology to Reveal Antidepressant Targets and Active Components of Xiaoyao San.,"In recent years, the research of mitochondrial dysfunction in depression has drawn the focus of researchers. Our research group previously found that Xiaoyao San (XYS) has improved the mitochondrial structure and the blocked tricarboxylic acid cycle (TCA cycle) in the hippocampal tissue of chronic unpredictable mild stress (CUMS) rats. However, the specific targets and active components of XYS remain unclear, and the potential to improve hippocampal mitochondrial TCA cycle disorder was also unexplored. In this research, a strategy to combine stable isotope-resolved metabolomics (SIRM), network pharmacology and transmission electron microscopy (TEM) was used to explore the potential, targets of action, and active components of XYS to improve hippocampal mitochondrial TCA cycle disorder of CUMS rats. The results of TEM showed that the ultrastructure of hippocampal mitochondria could be improved by XYS. A combination of SIRM and molecular docking showed that pyruvate carboxylase (PC), ATP citrate lyase (ACLK), glutamate dehydrogenase (GLDH), glutamate oxaloacetate transaminase (GOT) and pyruvate dehydrogenase (PDH) were targets of XYS to improve TCA cycle disorder. In addition, troxerutin was found to be the most potential active component of XYS to improve TCA cycle disorder. The above research results can provide new insights for the development of antidepressant drugs.",1
37263314,Modified Xiaoyao San reverses lipopolysaccharide-induced depression-like behavior through suppressing microglia M1 polarization via enhancing autophagy involved in PI3K/Akt/mTOR pathway in mice.,"Modified Xiaoyao San (MXYS), a clinical empirical modified formula based on famous traditional Chinese herbal prescription Xiaoyao San, according to the ""yu syndrome"" theory of traditional Chinese medicine. MXYS has been shown to be an excellent effective therapy for depression patients in clinic, but the antidepressant mechanisms remain unclear. A growing body of evidence indicates the microglia autophagy and M1 polarized microglia (proinflammatory phenotype)-mediated neuroinflammation act critical roles in the pathogenesis of depression. This study aimed to investigate whether MXYS exerts antidepressant efficacy through inhibition of M1 polarized microglia-mediated neuroinflammation and modulation of autophagy involved in PI3K/Akt/mTOR pathway. In present research, the lipopolysaccharide (LPS)-induced depressive mice and LPS-stimulated N9 microglia cell line were utilized. Behavioral tests (sucrose preference, tail suspension and open field tests) were carried out to evaluate the antidepressant effect of MXYS. The neuronal damage was measured by Nissl's staining in LPS-treated mice. The proinflammatory cytokine levels, the autophagic markers, microglia M1 polarization as well as the PI3K/Akt/mTOR pathway related proteins of MXYS treatment were analyzed by ELISA kits, Western blot and immunofluorescence staining in vivo and vitro. Finally, the influence of autophagy antagonist (3-MA) on the protective effect of MXYS-containing serum in the LPS-stimulated N9 microglia was investigated. Treatment of LPS-induced depressive mice with MXYS significantly reversed depression-like behaviors, accompanied by reduction of proinflammatory cytokine levels (TNF-α, IL-1β) and amelioration of neuronal damage in prefrontal cortex. MXYS suppressed microglia M1 polarization and promoted autophagy in prefrontal cortex and LPS-stimulated N9 cells. Importantly, the remarkable inhibitory effect of the MXYS-medicated serum on microglia M1 polarization was blocked by autophagy antagonist 3-MA in LPS-stimulated N9 cells. Meanwhile, the MXYS treatment exhibited an excellent inhibition effect of PI3K/Akt/mTOR pathway in vivo and vitro. Our research suggests that the antidepressant effect of MXYS in LPS-induced depressive mice may be related to alleviate neuroinflammation through suppression of microglia M1 polarization via enhancing autophagy involved in inactivation of the PI3K/Akt/mTOR pathway.",1
38551057,A Serum Pharmacochemistry and Network Pharmacology-based Approach to Study the Anti-depressant Effect of Chaihu-Shugan San.,"The aim of this study is to explore the anti-depressant mechanism of Chaihu- Shugan San based on serum medicinal chemistry and network pharmacology methods. Depression lacks effective treatments, with current anti-depressants ineffective in 40% of patients. Chaihu-Shugan San (CHSGS) is a well-known traditional Chinese medicine compound to treat depression. However, the chemical components and the underlying mechanisms targeting the liver and brain in the anti-depressant effects of CHSGS need to be elucidated. The chemical components of CHSGS in most current network pharmacology studies are screened from TCMSP and TCMID databases. In this study, we investigated the mechanism and material basis of soothing the liver and relieving depression in the treatment of depression by CHSGS based on serum pharmacochemistry. The anti-depressant mechanism of CHSGS was further verified by proteomics and high-throughput data. Through serum medicinal chemistry, we obtained 9 bioactive substances of CHSGS. These ingredients have good human oral bioavailability and are non-toxic. Based on liver ChIPseq data, CHSGS acts on 8 targets specifically localized in the liver, such as FGA, FGB, and FGG. The main contributors to CHSGS soothing the liver qi targets are hesperetin, nobiletin, ferulic acid, naringin and albiflorin. In addition, network pharmacology analysis identified 9 blood components of CHSGS that corresponded to 63 anti-depressant targets in the brain. Among them, nobiletin has the largest number of anti-depressant targets, followed by glycyrrhizic acid, ferulic acid, albiflorin and hesperetin. We also validated the anti-depressant mechanism of CHSGS based on hippocampal proteomics. CHSGS exerts anti-depressant effects on synaptic structure and neuronal function by targeting multiple synapse related proteins. This study not only provides a theoretical basis for further expanding the clinical application of CHSGS, but also provides a series of potential lead compounds for the development of depression drugs.",1
29863014,<i>Chaihu-Shugan-San</i> exerts an antidepressive effect by downregulating miR-124 and releasing inhibition of the MAPK14 and Gria3 signaling pathways.,"Dysregulation of miR-124 has been reported to be involved in the pathophysiology of depression. Chaihu-Shugan-San, a traditional Chinese medicine, has antidepressive activity; however, the underlying mechanisms remain unclear. In this study, to generate a rodent model of depression, rats were subjected to a combination of solitary confinement and chronic unpredictable mild stress for 28 days. Rats were intragastrically administered Chaihu-Shugan-San (2.835 mL/kg/d) for 4 weeks, once a day. Real-time reverse-transcription quantitative polymerase chain reaction, miRNA microarray, western blot assay and transmission electron microscopy demonstrated that Chaihu-Shugan-San downregulated miR-124 expression and upregulated the mRNA and protein levels of mitogen-activated protein kinase 14 (MAPK14) and glutamate receptor subunit 3 (Gria3). Chaihu-Shugan-San also promoted synapse formation in the hippocampus. The open field test, sucrose consumption test and forced swimming test were used to assess depression-like behavior. After intragastric administration of Chaihu-Shugan-San, sucrose consumption increased, while the depressive behaviors were substantially reduced. Together, these findings suggest that Chaihu-Shugan-San exerts an antidepressant-like effect by downregulating miR-124 expression and by releasing the inhibition of the MAPK14 and Gria3 signaling pathways.",1
21791239,Ferulic acid-induced anti-depression and prokinetics similar to Chaihu-Shugan-San via polypharmacology.,"Selective serotonin reuptake inhibitors (SSRIs), one of popular antidepressants as ""one-compound-one-target"" paradigm, cannot but discontinue because of inhibiting gut movement. Traditional Chinese medicine (TCM) Chaihu-Sugan-San (CSS) can simultaneously exert anti-depression and prokinetics. From this thread, we aimed to find a new antidepressant with polypharmacological mechanisms. In vivo antidepressive and prokinetic comparisons between CSS and its absorbed compound ferulic acid (FA) were made. And FA's action mechanisms involved in monoaminergic systems, HPA axis and gastrointestinal peptide ghrelin was then studied in forced swimming test (FST) of rat. Lastly, the jejunal contraction activity evoked by FA was measured in vitro. Compared with vehicle, FA reduced immobility time, increased locomotor activity, accelerated gastric emptying and intestinal transit similar to CSS whose absorbable component FA was identified in hippocampus and jejunum. FA's prokinetics in vivo was further supported by its jejunal contraction in vitro. FA-induced anti-immobility was prevented by pretreated with PCPA, WAY-100635, ketanserin, sulpiride, SCH233390, haloperidol and yohimbine, respectively. CRH, ACTH and 5-HT were significantly decreased, but ghrelin was apparently increased compared with vehicle. In summary, FA induced anti-depression and prokinetics similar to CSS via inhibiting serotonin, norepinephrine and dopamine reuptakes, regulating HPA axis, increasing ghrelin and stimulating jejunal contraction simultaneously.",1
39295891,A Comparison Study of Chaihu Shugan San and Fluoxetine on Antidepression and Regulating Blood Rheology Effects with Chronic Restrained Stress Rats.,"Chaihu Shugan San (CHSGS) is a traditional Chinese herbal formula that is often used in clinical practice to treat live Qi stagnation syndrome and depression. Fluoxetine is one of the commonly used drugs for the clinical treatment of depression. This study involved a comparison of CHSGS and fluoxetine on antidepression and regulating blood rheology effects with chronic restraint stress- (CRS-) induced depression rat models. Rats were induced depression models by CRS for 4 weeks. Upon successful induction of depression in the rats, the animal was administered CHSGS at 0.6 g/kg/d, 1.2 g/kg/d, or fluoxetine 1.8 mg/kg/d to corresponding groups by gavage for 2 weeks. The changes of CRS rats were determined by behavior observations and sucrose preference test and hypothalamic-pituitary-adrenal cortex (HPA) axis functional status. The changes in monoamine neurotransmitters and related indicators of blood status were detected by enzyme-linked immunosorbent assay (ELISA), blood rheometer, and other methods. The outcome shows that CHSGS is superior to fluoxetine in regulating the appearance and HPA axis function of model rats. In addition, CHSGS and fluoxetine have similar effects in improving blood rheology, and both can alleviate the hypercoagulable state of blood via the platelet 5-hydroxytryptamine receptor 2A (5-HT2A) pathway in rats of depression. It was also observed that CHSGS can improve the blood state of depressed rats by restoring liver coagulation-anticoagulation balance and endothelium-related functions.",1
25210314,Antidepressant-like effects of Chaihu-Shugan-San via SAPK/JNK signal transduction in rat models of depression.,"Chaihu-Shugan-San (CHSGS), a traditional Chinese medicinal herbal formula, registered in Jingyue Quanshu, has been indicated that oral administration of the extract from it can remit depressive disorder. C-Jun amino-terminal kinase (JNK/SAPK) signal transduction plays a key role in the apoptosis of nerve cells, be reported closely correlated with depression. This study was designed to investigate CHSGS antidepressant-like effects in rat models of depression and probe its possible mechanism. The classical experimental depression model chronic mild unpredictable stress (CMUS) was used to evaluate the antidepressant-like effects of CHSGS. The extracts were administered orally for 14 days, while the parallel positive control was given at the same time using fluoxetine hydrochloride. The expressions of JNK in the hippocampus were detected by real-time fluorescent quantitation PCR and Western blot assay. Intragastric administration of CHSGS for 14 days caused a significant improvement of weight and locomotor activity in the open-field test. In addition, CHSGS treatment inhibited the expressions of JNK in the hippocampus tissue in CMUS rats. CHSGS could obviously improve the depressive state of the model rats and its mechanism may be correlated with regulating the expressions of JNK in the hippocampus.",1
32923002,Simultaneous Determination of Five Components of Chaihu-Shugan-San in Beagle Plasma by HPLC-MS/MS and Its Application to a Pharmacokinetic Study after a Single Dose of Chaihu-Shugan-San.,"Chaihu-shugan-san (CHSGS) has been widely used in China to treat depression and gastrointestinal diseases for thousands of years, but little is known about its pharmacokinetic properties. The purpose of our study is to develop a reliable and sensitive high-performance liquid chromatography-tandem mass spectrometry (HPLC-MS/MS) method to detect five components in beagle plasma and study their pharmacokinetic after oral administration of CHSGS in beagles. An Agilent C18 column (2.1 × 150 mm, 3.5 <i>μ</i>m) was used to separate the analytes, and the column temperature was maintained at 40°C. A gradient elution procedure was used with solvent A (acetonitrile) and solvent B (0.1% formic acid, aqueous) as mobile phases. The elution procedure was 60% B-10% B (0-3 min) and 10% B-60% B (3.1-4 min). The flow rate was 0.3 mL/min, and the total measurement time was 4 min. Within the determined range, the standard calibration curves of the five analytes had a satisfactory linear relationship (<i>r</i> <sup>2</sup> ≥ 0.9923). The recovery rate (<i>n</i> = 6) of the five analytes was between 85.42% and 90.85%, and the matrix effects (<i>n</i> = 6) were between 94.52% and 103.91%. These results show that the validated method could be successfully applied to study the pharmacokinetic in beagles after a single dose of CHSGS.",1
42266144,Chaihu Shugan San alleviates depression-like behavior in rats exposed to chronic unpredictable mild stress by targeting α2δ-1-NR1 complex in hypothalamus.,"Chaihu Shugan San (CSS) is a classical traditional Chinese medicine formula widely used in improving depression. The purpose of this study was to investigate the molecular mechanisms underlying the antidepressant effects of CSS. Behavioral experiments and ELISA were employed to assess depressive-like behaviors and measure serum ACTH and CORT levels in chronic unpredictable mild stress (CUMS) rats. Western blotting, immunofluorescence, and Co-Immunoprecipitation were used to analyze α2δ-1 and NMDAR subunit NR1 expression and interactions in the hypothalamus. Cacna2d1 gene knockout and a disruptive peptide (α2δ-1 Tat) were applied in vitro to investigate the α2δ-1-NR1 complex. CSS ameliorated depressive-like behaviors in CUMS rats and decreased serum levels of ACTH and CORT. CSS reversed the upregulated expression of α2δ-1 and NR1 in the hypothalamus of CUMS rats, weakening the α2δ-1-NR1 complex binding. When the Cacna2d1 gene was knocked out or the α2δ-1-NR1 complex was disrupted with α2δ-1 Tat peptide, CSS-containing serum failed to significantly enhance NR1 expression in PC12 cells. CSS ameliorates depressive-like behaviors in CUMS rats by interfering with the α2δ-1-NR1 complex, reducing the expression levels of α2δ-1 and NR1 in the hypothalamus, and consequently inhibiting the excessive excitability of the hypothalamic-pituitary-adrenal axis.",1
31022598,Chaihu-Shugan-San and absorbed meranzin hydrate induce anti-atherosclerosis and behavioral improvements in high-fat diet ApoE<sup>-/-</sup> mice via anti-inflammatory and BDNF-TrkB pathway.,"The comorbidity of coronary heart disease (CHD) and depression in patients is extremely prevalent, with a rate from 20 to 50%, while depression-like behaviors exist in a larger percentage of patients. Therefore, the study of comorbidities is particularly urgent. Chaihu-Shugan-San (CSS), a classical traditional Chinese medicine formula, has been used to treat CHD with depression for hundreds of years. However, the mechanism of its action on comorbidities remains unclear. Here, we focused on the behavioral changes in ApoE<sup>-/-</sup> mice fed a high-fat diet (HFD) and elucidated the mechanism of CSS and its main absorbed component, meranzin hydrate (MH), as an anti-atherosclerosis and anti-depression agent. In the present study, mice were fed an HFD for 16 weeks and were intragastrically administered high and low doses of CSS and MH. Depressive-like behaviors were evaluated by the sucrose preference test, the open-field test, the light-dark test and the tail-suspension test, after which atherosclerotic plaques, plasma lipids, inflammatory cytokine levels and the expression of BDNF/TrkB were measured. We demonstrated that the atherosclerosis model group exhibited significant depressant behaviors. Moreover, CSS inhibited depressive-like behavioral changes, reduced atherosclerotic plaque areas, plasma total cholesterol, triglycerides, LDL-cholesterol levels and inflammatory cytokines including TNF-α, IL-1β, and IL-6 in plasma and hippocampi, increased the protein and mRNA expression of BDNF and TrkB in the aorta and the hippocampus. Interestingly, MH, the main component in CSS that is absorbed in the plasma and hippocampus, exerted effects similar to those of CSS. In addition, MH increased the protein and mRNA expression of BDNF and TrkB in human umbilical vein endothelial cells (HUVECs) induced by LPS. Collectively, these results suggest that MH represents the CSS decoction, induces anti-atherosclerosis effects and improves depression-like behaviors in HFD-fed ApoE<sup>-/-</sup> mice. Moreover, the regulation of proinflammatory factors and BDNF-TrkB signaling are possibly involved in this process. Our findings indicate that MH is a potential phytochemical compound for the prevention of the comorbidity of atherosclerosis and depression.",1
15642599,Antidepressant effect of Chaihu-Shugan-San extract and its constituents in rat models of depression.,"Herbal preparations may be effective alternatives in the treatment of depression, which remains difficult to manage. Chaihu-Shugan-San (CSS), an oriental traditional medicine, has been used as a remedy for Hwa-Byung, a Korean culture-bound syndrome resembling depression. We examined whether aqueous extracts of CSS and its constituent herbs exert antidepressant-like effects in two experimental animal models: the forced swimming test (FST) and the chronic mild stress (CMS) model. The herbal extracts were administered orally for 7 days in the FST and for 21 days during the CMS model; imipramine at 20 mg/kg/day was injected intraperitoneally as a positive control. CSS, Radix Bupleuri (one of the most important constituent plants in CSS), and imipramine had significant anti-immobility effects in the FST and reversed the CMS-induced reduction in sucrose consumption. Rhizoma Cyperi, another constituent of CSS, had antidepressant activity in the FST, while it failed in the CMS model. In conclusion, our results suggest that CSS and its constituent herbs exert antidepressant-like effects comparable to those of imipramine in experimental animal models.",1
34385814,Network Pharmacology and Experimental Evidence: PI3K/AKT Signaling Pathway is Involved in the Antidepressive Roles of Chaihu Shugan San.,"Chaihu Shugan San (CSS) is a common antidepressant prescription in traditional Chinese medicines. However, its active ingredients and mechanisms are unknown. The aim of this study was to explore the potential active ingredients and pharmacological mechanisms of CSS for the treatment of major depressive disorder (MDD). Active compounds in CSS were screened using the Traditional Chinese Medicine Systems Pharmacology database. Compound-related targets were retrieved using the SwissTargetPrediction database. MDD-related targets were determined using DisGeNET, Therapeutic Target Database and DrugBank databases. The common targets of active compounds in CSS and MDD were retained to construct a compound-MDD target network. Then, functional enrichment analysis and protein-protein interaction analysis were performed to identify hub targets and explore the underlying molecular mechanisms. Finally, hub-targeted genes and pathways were validated by Western blotting and immunofluorescence using chronic unpredictable mild stress (CUMS) mice with or without CSS treatment. The affinities between the active compounds in CSS and hub-targeted genes were evaluated by molecular docking. Network pharmacology analysis revealed 24 potential targets for treatment of MDD by CSS. Functional enrichment analysis showed that PI3K/AKT signaling pathway was likely to be evidently affected by CSS in the treatment of MDD. In vivo experiments showed that CSS could improve depressive-like behaviors and promote neurogenesis in CUMS mice. Furthermore, CSS could increase phosphorylated (p) PI3K/PI3K and pAKT/AKT levels and decrease the pGSK3β/GSK3β level in the hippocampus of CUMS mice. The active compounds mainly included quercetin and luteolin, which showed good docking scores targeting the PI3K protein. This network pharmacological and experimental study highlights that the PI3K/AKT pathway is the potential mechanism by which CSS is involved in MDD treatment. Quercetin, luteolin, and kaempferol are probable active compounds in CSS, and these results might provide valuable guidance for further studies of MDD treatment.",1
40686183,[Mechanistic of Yueju Wan volatile oil in inhibiting inflammation for antidepressant effects by regulating AGE/PI3K/Akt pathway].,"The antidepressant activity and molecular mechanisms of Yueju Wan volatile oil were investigated. The Yueju Wan volatile oil was extracted by using supercritical CO_2. Gas chromatography-mass spectrometry(GC-MS) combined with network pharmacology identified 28 chemical constituents in Yueju Wan volatile oil, primarily terpenes and lactones. A total of 123 overlapping targets were associated with depression, including core targets of interleukin-1β(IL-1β), signal transducer and activator of transcription 3(STAT3), and caspase-3(CASP3). These targets were mainly involved in the prolactin, advanced glycation end products/receptor(AGE/RAGE), and phosphoinositide 3-kinase/protein kinase B(PI3K/Akt) signaling pathways. A reserpine-induced depression mouse model was established to evaluate the therapeutic effects and mechanisms of Yueju Wan volatile oil. The effects of Yueju Wan volatile oil on depression-like behavior in mice were evaluated by analyzing body mass, body temperature index, tail suspension immobility time, forced swimming immobility time, and sucrose preference. Hematoxylin-eosin(HE) staining revealed neuronal protection of Yueju Wan volatile oil in the brain of mice. Enzyme-linked immunosorbent assay(ELISA) and Western blot were employed to detect the protein expression of AGEs, IL-1β, phosphorylated PI3K(p-PI3K), Akt, phosphorylated Akt(p-Akt), nuclear factor κB(NF-κB), and brain-derived neurotrophic factor(BDNF). Behavioral evaluation showed that Yueju Wan volatile oil could effectively control the decline of body mass and body temperature of depressed mice, reduce tail suspension and swimming immobility time, and enhance their preference for sucrose. Histopathological examination showed that Yueju Wan volatile oil could alleviate the neuronal damage in CA1 and dentate gyrus(DG) of the hippocampus of mice. ELISA and Western blot results showed that Yueju Wan volatile oil could significantly increase the protein expression levels of PI3K, Akt, and BDNF and significantly decrease the protein expression levels of AGEs, IL-1β, p-PI3K, p-Akt, and NF-κB in the hippocampus of mice. Furthermore, the p-PI3K/PI3K and p-Akt/Akt ratios were significantly decreased at medium and high doses. These findings suggest that the aromatherapy of Yueju Wan volatile oil can significantly improve reserpine-induced depression-like behavior in mice, which may be related to reducing the expression of neuronal membrane protein AGEs, reducing the phosphorylation levels of PI3K and Akt, inhibiting NF-κB entry into the nucleus, and alleviating the release of pro-inflammatory factors and nerve injury.",1
22019334,Antidepressant-like effects of the saponins extracted from Chaihu-jia-longgu-muli-tang in a rat unpredictable chronic mild stress model.,"Chaihu-jia-longgu-muli-tang (CLM) has been used for treating depressive disorders for thousands of years in China. In the present study, we investigated the antidepressant-like effect of the saponins extracted from CLM (SCLM) in rats subjected to unpredictable chronic mild stress (UCMS). The ameliorative effect of SCLM on symptom of depression through behavior tests including: sucrose preference test, open-field test and forced-swimming test was investigated. In addition, high performance liquid chromatography with electrochemical detection (HPLC-ECD), immunohistochemical staining analysis and RT-PCR were applied to explore the mechanisms underlying the antidepressant-like effects of SCLM. It was observed that administration of SCLM (70, 140 mg/kg) reversed the depressive-like behaviors, restored the reduction in the levels of monoamine neurotransmitters and up-regulated the expression of brain-derived neurotrophic factor (BDNF) in UCMS-treated rats. These findings confirmed the antidepressant-like effects of SCLM in UCMS model of rats.",1
36099982,A unique insight for Xiaoyao San exerts antidepressant effects by modulating hippocampal glucose catabolism using stable isotope-resolved metabolomics.,"In traditional Chinese medicine (TCM) theory, depression is an emotional disease, which is thought to be related to stagnation of liver qi and dysfunction of the spleen in transport. Xiaoyao San (XYS) is considered to have the effects of soothing liver-qi stagnation and invigorating the spleen. The spleen has the function to transport and transform nutrients. The liver has also termed the center of energy metabolism in the body. Therefore, exploring the antidepressant effects of XYS from the perspective of energy metabolism may reveal new findings. Glucose catabolism is an important part of energy metabolism. In recent years, several researchers have found that XYS can exert antidepressant effects by modulating abnormalities in glucose catabolism-related metabolites. The previous research of our research group found that the hippocampus glucose catabolism was disordered in depression. However, the antidepressant potential of XYS through modulating the disorders of hippocampal glucose catabolism and the specific metabolic pathways and targets of XYS action were still unknown. The aim of this study was to address the above scientific questions. In this research, the CUMS (chronic unpredictable mild stress) model was used as the animal model of depression. The antidepressant effect of XYS was evaluated by behavioral indicators. The specific pathways and targets of XYS modulating the disorders of glucose catabolism in the hippocampus of CUMS rats were obtained by stable isotope-resolved metabolomics. Further, the isotope tracing results were also verified by molecular biology and electron transmission electron microscopy. The results demonstrated that XYS pretreatment could significantly improve the depressive symptoms induced by CUMS. More importantly, it was found that XYS could modulate the disorders of glucose catabolism in the hippocampus of CUMS rats. Stable isotope-resolved metabolomics and enzyme activity tests showed that Lactate dehydrogenase (LDH), Pyruvate carboxylase (PC), and Pyruvate dehydrogenase (PDH) were targets of XYS for modulating the disorders of glucose catabolism in the hippocampus of CUMS rats. The Succinate dehydrogenase (SDH) and mitochondrial respiratory chain complex V (MRCC-Ⅴ) were targets of XYS to improve abnormal mitochondrial oxidative phosphorylation in the hippocampus of CUMS rats. XYS was also found to have the ability to improve the structural damage of mitochondria and nuclei in the hippocampal caused by CUMS. This study was to explore the antidepressant effect of XYS from the perspective of glucose catabolism based on a strategy combining stable isotope tracing, molecular biology techniques, and transmission electron microscopy. We not only obtained the specific pathways and targets of XYS to improve the disorders of glucose catabolism in the hippocampus of CUMS rats, but also revealed the specific targets of the pathways of XYS compared with VLF.",1
41894346,"Integrated Pharmacology, Correlation Analysis, and Network Pharmacology: A Combined Strategy for Discovering and Validating Antidepressant Q-Markers of Yueju Wan.","Yueju Wan (YJW), a classical Traditional Chinese medicine (TCM) formula documented since the Yuan Dynasty, is renowned for its ability to relieve all types of stagnation and exhibits antidepressant effects. However, the key active components closely associated with its antidepressant efficacy, as well as the pharmacologically validated quality markers (Q-markers) for efficacy-oriented quality control, remain to be systematically identified and validated. This study aimed to identify and validate the antidepressant Q-markers of YJW through an integrated strategy combining chemical profiling, spectrum-effect correlation, network pharmacology, molecular docking, and in vivo pharmacological validation. The 95% ethanol extract demonstrated the strongest antidepressant effect in the reserpine-induced zebrafish depression model, significantly improving zebrafish locomotion, restoring neurotransmitter 5-HT and DA levels, and suppressing inflammatory cytokines IL-6 and TNF-α (p < 0.01). A total of 42 common compounds were identified from different extracts of YJW by UPLC-Q-TOF-MS/MS, of which 14 were prioritized through Pearson bivariate correlation and Gray relational analysis (GRA). Subsequent mechanistic analyses, including pathway enrichment and molecular docking, indicated that these prioritized components were mainly involved in inflammation-related pathways. In vivo validation showed that these 4 compounds alleviated depression-like behaviors, modulated neurotransmitters and cytokines, and downregulated tnfa, il6, and rela expression. HPLC quantification confirmed their presence in YJW, with the validated method demonstrating feasibility. Collectively, these findings establish 4 pharmacologically meaningful Q-markers for YJW, provide a scientific basis for its quality standardization, and contribute to advancing the modernization of TCM-based antidepressant therapy.",1
40028110,Chaihu Shugan San Exerts Antidepressant Effects by Regulating Glucocorticoid Metabolism in CUMS Rats and Network Pharmacology Provides Complementary Mechanistic Insights.,"Traditional Chinese medicine Chaihu Shugan San (CSGS) is a classic Chinese herb prescription for improving depression, but its specific molecular mechanism has not been fully clarified. This study integrates network pharmacology and experimental validation to investigate CSGS's antidepressant effects, focusing on its impact on GC metabolism and related pathways. In this research, the antidepressant mechanism of CSGS in relation to the depression model induced by chronic unpredictable mild stress will be discussed. High-performance liquid tandem mass spectrometry was applied for the verification of the grown metabolites' economic vitality in rat plasma and the prefrontal cortex. The revelation of behavioral test results showed that the administration of CSGS improved depression symptoms significantly at the end of the administration period, which was 8 weeks. Network pharmacology was used to assist in verifying and improving the mechanism by which the active ingredients of CSGS affect the glucocorticoid metabolic pathway to exert antidepressant effects. CSGS significantly improved glucocorticoid (GC) metabolism by reducing corticosterone (CORT) levels and increasing dehydrocorticosterone (11-DHCORT) and the 11-DHCORT/CORT ratio in plasma and PFC. It regulated GC metabolism in the liver and PFC by downregulating GC synthase (11β-HSD1) and upregulating GC metabolic enzymes (11β-HSD2). Additionally, CSGS restored GC signaling by upregulating GR and HSP-90α, downregulating FKBP51 and HSP-70, and alleviating inflammation by inhibiting NF-κB P65 and HAT expression. These effects, particularly in the liver and PFC, were stronger than those with fluoxetine. Network pharmacology revealed that CSGS targets multiple pathways including PI3K-Akt, FoxO, HIF-1, and mTOR. These results indicate that CSGS can improve the depressive state of rats by regulating glucocorticoid metabolism and other related pathways as well as downstream signaling proteins.",1
39603396,Kaempferol modulates ɑ2M secretion in bone marrow-derived macrophages by downregulating GR/PER1-mediated lipid metabolism to attenuate the emotional stress-aggravated metastasis of prostate cancer.,"Prostate cancer patients often suffer from depression during androgen deprivation therapy. Chaihu-Shugan-San (CSS) can prevent prostate cancer metastasis caused by chronic unpredictable mild stress (CUMS), but its active ingredients and molecular mechanism remain unelucidated. This study aims to explore the potential targets and molecular mechanisms of CSS in the treatment of emotional stress-aggravated metastasis of prostate cancer. Stress induces nuclear translocation of GR, initiating the transcription of PER1, which leads to an enhanced lipid metabolism and decreased secretion of α2M in BMDMs. CSS, a classical Traditional Chinese Medicine (TCM) formula for alleviating depression, can improve prostate cancer metastasis caused by CUMS. Of the active ingredients in CSS, kaempferol demonstrated the highest potency for enhancing α2M secretion in BMDMs and inhibiting prostate cancer cell migration. Kaempferol also inhibited nuclear translocation of GR and the GR/PER1 pathway in Per1-overexpressed BMDMs. These findings reveal that emotional stress-aggravated prostate cancer growth and metastasis rely on the GR/PER1 pathway and lipid metabolism, as the suppression of this pathway ultimately leads to an increase in α2M secretion in BMDMs and inhibition of PC-3 cell metastasis.",1
39512328,Analysis of medication rule of Traditional Chinese Medicine in treating depression based on data mining.,"Depression is a mental disorder characterized by persistent feelings of sadness, decreased interest or pleasure in activities and reduced energy. As a highly prevalent disorder, it seriously endangers the psychosocial functioning of patients. Many scholars have conducted clinical studies on the treatment of depression using different herbal remedies, but there are no studies that integrate these remedies to explore the general medication rule. This study aims to explore the medication pattern of Traditional Chinese Medicine (TCM) treatment for depression through data mining methods, so as to provide scientific theoretical basis and reference for clinical treatment and new prescription development. Based on the PRISMA principle, 121 articles involving 10810 patients with depression of TCM treatment were collected. We then performed frequency, association rule, and hierarchical clustering analysis of Chinese herbs using Microsoft Excel 2016, SPSS Modeler 18.0 and IBM SPSS Statistics 23. Among the 270 herbs collected, the three most frequently occurring herbs are Gancao, Chaihu, and Shaoyao. The categories of high-frequency herbs are mainly deficiency-tonifying, Qi-regulating and blood-activating and stasis-eliminating herbs. Through the Apriori algorithm, we mined 21 herbal groups of association rules, and among which the combination of Chaihu-Shaoyao-Gancao has the highest level of support. Furthermore, five novel clustering combinations were identified, predominantly derived from Xiaoyao-San, Chaihu-Shugan-San, Sini powder, Kaixin-San and Chaihu-Jia-Longgu-Muli Decoction. The current study not only concluded the frequent combinations but also developed five new drug cluster combinations for depression, which can provide evidence-based references for the future clinical treatment and is helpful to understand the potential pharmaceutical mechanism from the properties, tastes, meridian tropisms and categories. The clinical effectiveness of these combinations needs to be verified by future study.",1
26889228,Effect of Chaihu-Shugan-San on the mRNA expression of the 5-HT1A receptor and cellular proliferation in the hippocampus of epileptic rats with depression.,"Chaihu-Shugan-San (CHSGS) is a herbal preparation that has been shown to effectively relieve neurologic impairment and reduce depression. However, the efficacy of CHSGS in the treatment of patients with epilepsy with depression is unknown. Therefore, in the present study, adult rats were exposed to chronic mild stress following the establishment of chronic pilocarpine-induced epilepsy. Subsequently, a sucrose consumption test and open-field test (OFT) were performed to assess depression-like behavior. Rats were randomly divided into four groups: Control, model, fluoxetine (1.8 g/kg) and CHSGS (2.7 g/kg) groups. The control and model groups received normal saline. The mRNA expression levels of the 5-hydroxytryptamine 1A (5-HT1A) receptor and the number of 5-bromo-2'-deoxyuridine (BrdU)-labeled cells in the hippocampal dentate gyrus were detected using reverse transcription-quantitative polymerase chain reaction and immunohistochemical analysis, respectively. Treatment administration was conducted by once daily intragastric perfusion for 28 days. The mRNA expression levels of the 5-HT1A receptor, the number of BrdU-labeled cells in the hippocampal dentate gyrus, the consumption of sucrose, and frequency of vertical and horizontal movement scores in the OFT were enhanced in the fluoxetine and CHSGS groups compared with the model group (P<0.05). However, no statistically significant difference was detected between the fluoxetine and CHSGS groups. These data suggest that CHSGS is able to increase the expression of 5-HT1A receptor mRNA and cellular proliferation in the hippocampal dentate gyrus in epileptic rats with depression, and thus effectively improve certain symptoms of depression.",1
34467737,"[Mechanism of Xiaoyao San in treatment of depression,breast hyperplasia,and functional dyspepsia based on network pharmacology].","This study aimed to explore the mechanism of Xiaoyao San(XYS) in the treatment of three diseases of liver depression and spleen deficiency, ie, depression, breast hyperplasia, and functional dyspepsia, and to provide a theoretical basis for the interpretation of the scientific connotation of &quot;treating different diseases with the same method&quot; of traditional Chinese medicines. Traditional Chinese medicine systems pharmacology database and analysis platform(TCMSP) was used to screen the active components of XYS which underwent principal component analysis(PCA) with the available drugs for these three diseases to determine the corresponding biological activities. The targets of XYS on depression, breast hyperplasia, and functional dyspepsia were obtained from GeneCards, TTD, CTD, and DrugBank databases. Cytoscape was used to plot the &quot;individual herbal medicine-active components-potential targets&quot; network. The resulting key targets were subjected to Kyoto encyclopedia of genes and genomes(KEGG) pathway analysis and gene ontology(GO) enrichment analysis. A total of 121 active components of XYS and 38 common targets in the treatment of depression, breast hyperplasia, and functional dyspepsia were collected. The key biological pathways were identified, including advanced glycation and products(AGEs)-receptor for advanced glycation and products(RAGE) signaling pathway in diabetic complications, HIF-1 signaling pathway, and cancer-related pathways. The key targets of XYS in the treatment of depression, breast hyperplasia, and functional dyspepsia included IL6, IL4, and TNF, and the key components were kaempferol, quercetin, aloe-emodin, etc. As revealed by the molecular docking, a strong affinity was observed between the key components and the key targets, which confirmed the results. The therapeutic efficacy of XYS in the treatment of diseases of liver depression and spleen deficiency was presumedly achieved by reducing the inflammatory reactions. The current findings are expected to provide novel research ideas and approaches to classify the scientific connotation of &quot;treating different diseases with the same method&quot; of Chinese medicines, as well as a theoretical basis for understanding the mechanism of XYS and exploring its clinical applications.",1
25422553,Changes in regional cerebral blood flow with Chaihu-Shugan-San in the treatment of major depression.,"Chaihu-Shugan-San (CHSGS) is a well-known Chinese traditional prescription used for depression. To observe the regional cerebral blood flow (rCBF) changes in patients with major depression and to investigate rCBF and clinical response to CHSGS. A total of 33 unmedicated patients with major depression and 12 healthy comparison subjects underwent single photon emission computed tomography (SPECT) imaging. A total of 33 unmedicated patients with major depression all met the diagnostic criteria of stagnation of liver qi of traditional Chinese medicine and were divided into two groups: CHSGS group (n = 20) and fluoxetine group (n = 13). SPECT imaging was restudied in posttreatment. SPECT detected abnormalities in all (100.0%) patients both in CHSGS group and fluoxetine group. All healthy subjects were normal results. The depressed patients showed rCBF decreased in the multiple regions. The semiquantitative values of bilateral frontal and left temporal lobes both in CHSGS group and fluoxetine group were lower than that in healthy group (P < 0.05). Reexamined SPECT after 8 weeks treatment with CHSGS showed the consistency between the increase in perfusion defects and the improvement of clinical cerebral symptoms. The semiquantitative values increased in posttreatment, when compared with pretreatment (P < 0.05). SPECT represents a sensitive tool to detect the major depressive disorder, which show the rCBF decreased. rCBF perfusion defects can be reversed and clinical symptoms can be improved by CHSGS treatment. CHSGS treatment is effective, well-tolerated, and safe for depression. By semiquantitative analysis, SPECT can objectively detect rCBF changes that is useful for guiding treatment.",1
21368416,Effect of Chaihu Shugan San and its components on expression of ERK1/2 mRNA in the hippocampus of rats with chronic mild unpredicted stress depression.,"To explore the antidepressant effect and mechanism of Chaihu Shugan San (CHSGS) composition, a compound traditional Chinese herb medicine and its components. Rats were randomly divided into 6 groups: normal control group, model control group, a CHSGS group, a component I group, a component II group and a fluoxetine control group. The depression model was replicated by chronic unpredictable mild stress and single house for 28 d. Behavioral scores of the rats were detected by Open-field test and sucrose solution consumption test, and ERK1/2 mRNA expression in the hippocampus tissue was assayed by real-time fluorescent quantitative PCR. ERK1/2 mRNA expression was down-regulated in the depression model group compared with the normal control group (P<0.01). Compared with the model group, ERK1/2 mRNA expression in the CHSGS group and fluoxetine group was both up-regulated (P<0.05 or P<0.01); and only ERK1 mRNA expression in the component I group was up-regulated (P<0.05). No significant difference existed between the component II group and the model group (P>0.05). Isolated-living condition and chronic mild unpredictable stress can down-regulate the expression of ERK1/2 mRNA in the hippocampus tissue. CHSGS may exert an antidepressant effect through increasing the expression of ERK1/2 mRNA in the hippocampus, component I may play an important role in its antidepression effect, while compatibility of the use of component II can enhance the antidepressant efficacy.",1
24137289,Comparison between the pharmacokinetics of meranzin hydrate in a rat model of chronic depression and in controls following the oral administration of Chaihu-Shugan-San.,"Previous studies have shown that meranzin hydrate (MH) may be beneficial in depressive disorders. However, to the best of our knowledge, the pharmacokinetic characteristics of MH in depression have not previously been investigated. Chronic mild stress (CMS) in rats is used as a model of depression. The present study was designed to evaluate and compare the pharmacokinetics of MH in CMS and control rats following the oral administration of Chaihu-Shugan-San (CSS). Rats were randomly divided into CMS and control groups and blood samples were obtained following the oral administration of CSS. The quantification of MH levels in the plasma for pharmacokinetic study was achieved using a simple and rapid ultra-performance liquid chromatography with photodiode array (UPLC-PDA) method. Following the oral administration of CSS to CMS rats and controls, the maximum plasma concentration (C<sub>max</sub>) of MH was 58.66±6.64 and 57.54±12.67 ng/ml at 108.00±26.83 and 54.00±8.22 min, respectively. Compared with the value of the area under the concentration-time curve (AUC)<sub>0-1440</sub> in control rats (19,896.76±1,041.95 μg·min/l), the AUC<sub>0-1440</sub> value was reduced in CMS rats (18,401.32±4332.65 μg·min/l). There were no significant differences in the majority of the pharmacokinetic parameters of MH, including the values for C<sub>max</sub>, AUC<sub>0-1440</sub>, clearance rate (CL/F) and mean residence time (MRT<sub>0-1440</sub>), between the CMS rats and the controls. However, the pharmacokinetic parameters showed that CMS accelerated the absorption of MH in rats following the oral administration of CSS.",1
32185198,Antidepressant-Like Effects and Cognitive Enhancement of Coadministration of Chaihu Shugan San and Fluoxetine: Dependent on the BDNF-ERK-CREB Signaling Pathway in the Hippocampus and Frontal Cortex.,"Fluoxetine (FLU) is the first-line and widely used medication for depression; however, FLU treatment is almost ineffective in 30%-40% of patients with depression. In addition, there are some problems in FLU treatment, such as delayed efficacy, large side effects, and poor tolerance. Chaihu Shugan San (CSS) is a classic and effective antidepressant Chinese herbal medicine that has been used in China for thousands of years. CSS or coadministration of CSS and FLU has become one of the most recommended methods in the treatment of depression in China. However, the specific pathways of CSS and coadministration of CSS and FLU for antidepressant are still unclear. This study was designed to evaluate the antidepressant effects of CSS and coadministration of CSS and FLU. The chronic unpredictable mild stress (CUMS) rat model was used to simulate depression. 120 healthy adult male Sprague-Dawley (SD) rats were randomly divided into seven groups: the control group, CUMS group, low-dose CSS group, high-dose CSS group, FLU group, coadministration of low-dose CSS and FLU group, and coadministration of high-dose CSS and FLU group. The rats in different groups were given different interventions. Then, the depression-like behavior and cognitive function were evaluated by the sucrose preference test (SPT), forced swimming test (FST), open field test (OFT), and Y-maze test. What is more, the antidepressant mechanism of CSS and coadministration of CSS and FLU were studied through BDNF mRNA, ERK mRNA, CREB mRNA, BDNF, p-ERK/ERK, and p-CREB/CREB levels in the hippocampus and frontal cortex by Western blot and RT-PCR. Compared with the CUMS group, CSS and coadministration of CSS and FLU could alleviate the depressive symptoms and improve cognitive function in CUMS rats (<i>p</i> < 0.05); CSS and coadministration of CSS and FLU could increase the expression of BDNF, p-CREB/CREB, p-ERK/ERK, and BDNF mRNA, CREB mRNA, and ERK mRNA in the hippocampus and frontal cortex (<i>p</i> < 0.05); CSS and coadministration of CSS and FLU could increase the expression of BDNF, p-CREB/CREB, p-ERK/ERK, and BDNF mRNA, CREB mRNA, and ERK mRNA in the hippocampus and frontal cortex (<i>p</i> < 0.05); CSS and coadministration of CSS and FLU could increase the expression of BDNF, p-CREB/CREB, p-ERK/ERK, and BDNF mRNA, CREB mRNA, and ERK mRNA in the hippocampus and frontal cortex (<i>Discussion and Conclusion</i>. Finally, we found that both CSS and coadministration of CSS and FLU play an antidepressant role, which may be due to the regulation of the BDNF/ERK/CREB signaling pathway in the hippocampus and frontal cortex. Among them, the coadministration of CSS and FLU can enhance the antidepressant effect of CSS or FLU alone, and the underlying mechanism needs further investigation.",1
29843044,The antidepressant-like effects of Chaihu Shugan San: Dependent on the hippocampal BDNF-TrkB-ERK/Akt signaling activation in perimenopausal depression-like rats.,"Chaihu Shugan San (CSS), a traditional Chinese medicine formula, has been used to treat depression for hundreds of years. Recently, the antidepressant-like mechanism of CSS has been increasingly evaluated and demonstrated. However, there are few studies focused on the involvement of the neurotrophic system in mediating the antidepressant-like effects of CSS. Considering the high prevalence of perimenopausal depression around the world, the goal of the present study was to determine whether brain-derived neurotrophic factor (BDNF) signaling is required for the antidepressant-like effects of CSS in perimenopausal depressive-like rats. The results indicate that CSS reverses depressive-like behaviors and attenuates the downregulation of BDNF in the hippocampus of perimenopausal rats exposed to chronic unpredictable mild stress (CUMS). We found that the TrkB antagonist K252 not only blocks the effects of CSS on behavioral improvement but also abolishes the activation of CSS in BDNF-TrkB signaling. As a result, the downstream targets of BDNF signaling, such as the ERK and Akt pathways, are significantly inhibited by K252a. Furthermore, CSS increases hippocampal neurogenesis, while K252a fully prevents this action. In conclusion, the present results demonstrate that the activation of the hippocampal BDNF-TrkB-ERK/Akt signaling pathway is required for the antidepressant-like effects of CSS on the depressive-like state during perimenopause. Additionally, this study also demonstrates that neurogenesis is required for the effects of antidepressants in aging perimenopausal animals and provides fundamental evidence for the clinical application of CSS.",1
33167098,[Effects of modified Xiaoyao San on TLR4/NF-κB pathway in hippocampal microglia of LPS-induced depression model rats].,"To investigate the effects of modified Xiaoyao San on TLR4/NF-κB pathway in hippocampal microglia of LPS-induced depression model rats, and to explore its antidepressant mechanism. SD rats were randomly divided into control, model, fluoxetine (10 mg·kg<sup>-1</sup>), low and high dose of modified Xiaoyao San (3.64, 7.28g·kg<sup>-1</sup>) group. The depression model was established by chronic LPS injection (<i>ip</i>, 0.5 mg·kg<sup>-1</sup>) and rats were treated by intragastric administration for 14 days. After the model was established, the depression-like behavior of rats was evaluated by open field and forced swimming test. The expression of microglia marker protein Iba-1 was detected by immunohistochemistry. The levels of TNF-α and IL-6 in hippocampal homogenate were detected by ELISA method and the expressions of TLR4 and NF-κB protein in hippocampus were detected by Western blot. Compared with control group, the depression-like behavior was significant in model group rats (<i>P</i>＜0.01), the microglia in the brain was activated (<i>P</i>＜0.01), the contents of TNF-α and IL-6 in the hippocampus were increased (<i>P</i>＜0.01), and the expression levels of TLR4 and NF-κB proteins were up-regulated (<i>P</i>＜0.01). Compared with model group, the depression-like behavior of the rats in the fluoxetine and high-dose modified Xiaoyao San group was significantly alleviated (<i>P</i>＜0.05), the expression of Iba-1 in microglia returned to normal (<i>P</i>＜0.01), the contents of TNF-α and IL-6 were decreased (<i>P</i>＜0.01), and the expression levels of TLR4 and NF-κB protein were decreased (<i>P</i>＜0.05). Compared with fluoxetine group, the high-dose modified Xiaoyao San group had no statistically significant difference in each index, suggesting that there was no significant difference in the antidepressant effect between the two groups. Modified Xiaoyao San can significantly improve the depression-like behavior in rats, and its mechanism may be related to inhibiting the TLR4/NF-κB pathway of microglia and down-regulating the expression of inflammatory factors.",1
41038327,Combined cell membrane solid-phase chromatography and microdialysis-based metabolomics to explore the material basis of Chaihu Shugan San against post-stroke depression.,"Chaihu Shugan San (CSS) has a good therapeutic effect on post-stroke depression (PSD), but its pharmacodynamic material basis is still unclear. This study revealed the pharmacodynamic material basis of CSS against PSD based on cell membrane solid-phase chromatography and hippocampal metabolomics. Therefore, the specific binding components of CSS and HT22 cells were screened by cell membrane solid-phase chromatography combined with ultra-performance liquid chromatography-quadrupole-time of flight-mass spectrometry (UPLC-Q-TOF-MS) technique, and their effects on the viability and brain-derived neurotrophic factor (BDNF) of injured HT22 cells were evaluated. Conduct metabolomics on the hippocampus of PSD rats with the intervention of CSS combining the brain microdialysis technique and UPLC-Q-TOF-MS, and biological networks were constructed to reveal the mechanism of action of CSS anti-PSD, and molecular docking was performed to evaluate the binding ability of HT22 specific binding components to target proteins. The results showed that 8 specific binding components of CSS and HT22 cells were identified by cell membrane solid-phase chromatography. Except for Nobiletin, the other 7 components could protect HT22 cells and significantly increase BDNF levels. The UPLC-Q-TOF-MS technique identified 13 differential metabolites in metabolomics. Biological network analysis revealed that glutathione metabolism might be an important pathway for CSS anti-PSD. The specific binding component of HT22 was well-bound to the target protein.",1
25427198,Searching the cytochrome p450 enzymes for the metabolism of meranzin hydrate: a prospective antidepressant originating from Chaihu-Shugan-San.,"Meranzin hydrate (MH), an absorbed bioactive compound from the Traditional Chinese Medicine (TCM) Chaihu-Shugan-San (CSS), was first isolated in our laboratory and was found to possess anti-depression activity. However, the role of cytochrome P450s (CYPs) in the metabolism of MH was unclear. In this study, we screened the CYPs for the metabolism of MH in vitro by human liver microsomes (HLMs) or human recombinant CYPs. MH inhibited the enzyme activities of CYP1A2 and CYP2C19 in a concentration-dependent manner in the HLMs. The Km and Vmax values of MH were 10.3±1.3 µM and 99.1±3.3 nmol/mg protein/min, respectively, for the HLMs; 8.0±1.6 µM and 112.4±5.7 nmol/nmol P450/min, respectively, for CYP1A2; and 25.9±6.6 µM and 134.3±12.4 nmol/nmol P450/min, respectively, for CYP2C19. Other human CYP isoforms including CYP2A6, CYP2C9, CYP2D6, CYP2E1 and CYP3A4 showed minimal or no effect on MH metabolism. The results suggested that MH was simultaneously a substrate and an inhibitor of CYP1A2 and CYP2C9, and MH had the potential to perpetrate drug-drug interactions with other CYP1A2 and CYP2C19 substrates.",1
32348951,Simultaneous quantification of nine components in the plasma of depressed rats after oral administration of Chaihu-Shugan-San by ultra-performance liquid chromatography/quadrupole-time-of-flight mass spectrometry and its application to pharmacokinetic studies.,"Chaihu-Shugan-San (CSS), a classic Chinese formula, has long been used to treat depression. For a better and rational use of this formula, here, we investigated the comprehensive pharmacokinetic features of multiple ingredients from CSS using ultra-performance liquid chromatography/quadrupole-time-of-flight mass spectrometry (UPLC-QTOF-MS) in depressed rats. Force swimming experiments were conducted to establish a rat model of depression. Prolonged immobility time, increased plasma adrenocorticotropic hormone, and decreased plasma 5-hydroxytryptamine (5-HT) and dopamine (DA) were confirmed in this model. Nine compounds from CSS, including ferulic acid, naringin, hesperidin, meranzin hydrate, glycyrrhizic acid, saikosaponin A, nobiletin, and hesperetin, were simultaneously determined in plasma samples. Sulfamethoxazole and schisandrin were used as internal standards. The separation was performed on a C<sub>18</sub> column with gradient elution over 10 min, and detection was executed using multiple reaction monitoring (MRM) in the positive ionization mode. The optimized MRM transitions showed no interference in rat plasma. Validation parameters were all in accordance with the current criterion. The established method was successfully applied to the pharmacokinetic study of these nine components after the oral administration of CSS to depressed rats. This study provides a chemical basis for the clinical application of this formula.",1
41727502,Xiaoyao San alleviates emotional distress - induced TNBC growth through augmenting intratumoral CD8<sup>+</sup>T cell infiltration mediated by Rela/NF-kB-Cxcl9 axis.,"Emotional distress (ED) is closely associated with the progression of triple-negative breast cancer (TNBC). Xiaoyao San (XYS), a classical Chinese herbal prescription traditionally used for mood regulation, has demonstrated potential therapeutic efficacy in emotion-related breast cancer. However, the molecular mechanisms through which XYS mitigates ED-induced TNBC (ED-TNBC) remain insufficiently characterized. This study aimed to investigate the therapeutic effects of XYS on ED-TNBC and elucidate its underlying molecular mechanisms. A TNBC mouse model subjected to chronic unpredictable mild stress (CUMS) was developed to simulate ED-TNBC conditions. The therapeutic efficacy of XYS at varying doses was evaluated through behavioral assessments and tumor growth analyses. Multi-omics analyses integrating network pharmacology, bioinformatics, and molecular dynamics simulations were employed to identify principal active constituents and key molecular targets of XYS. Transcriptomic profiling, <i>in vivo</i> and <i>in vitro</i> functional assays, and molecular biology experiments were conducted to delineate the molecular mechanisms underlying XYS-mediated regulation. High-dose XYS markedly alleviated depression-like behaviors and suppressed ED-TNBC tumor progression, with no evident adverse effects observed. Transcriptomic and molecular analyses revealed that XYS enhanced CD8<sup>+</sup> T cell infiltration and cytotoxic activity through activation of Cxcl9. The active constituents of XYS were found to bind directly to the transcription factor Rela. Subsequent experiments verified that Cxcl9 secretion from TNBC cells depends on Rela activity. In addition, XYS upregulated Rela expression and promoted its nuclear translocation. XYS directly targets and activates the intratumoral Rela/NF-κB-Cxcl9 axis, promoting CD8<sup>+</sup>T cell infiltration and activation, thereby inhibiting the growth of ED-TNBS.",1
23947143,[Screening of specific microRNA in hippocampus of depression model rats and intervention effect of Chaihu Shugan San].,"To screen microRNAs with specific expression of in hippocampus of rats with chronic stress induced depression model, and observe the effect of traditional Chinese medicine Chaihu Shugan San on the expression of microRNA in hippocampus. SD rats were randomly divided into 3 groups: the normal control group, the model control group and the Chaihu Shugan San group. The depression model was replicated by unpredictable chronic mild stress combined with separation. Behavioral changes of the rats were observed by Open-field test and sucrose solution consumption test, and the expression of microRNAs in hippocampus was assayed by microRNA micro-array. Compared with the normal control group, there were 13 specific miRNAs in hippocampus in the model control group with the expression difference of more than 2 times. Among them, down-regulating miRNAs included miR298, miR-130b, miR-135a, miR-323, miR-503, miR-15b, miR-532, and miR-125a, and the up-regulation miRNAs included miR7a, miR-212, miR-124, miR-139, and miR-182. Among the 13 specific miRNAs, miR-125a and miR-182 recovered to normal after intervention with Chaihu Shugan San in the Chaihu Shugan San group. This study preliminarily found that 13 specific miRNAs in hippocampus are related to depression. Among them, miR-125a and miR-182 recover to normal after intervention with Chaihu Shugan San, which may be the target points of the antidepressant effect of Chaihu Shugan San. We shall further analyze the target genes and their mechanisms.",1
29217494,Regulation of the kynurenine metabolism pathway by Xiaoyao San and the underlying effect in the hippocampus of the depressed rat.,"Xiaoyao San (XYS) is a classic Chinese herbal formula for treatment of depression. The present study aimed to investigate the antidepressant effects of XYS in a rat model of chronic unpredictable mild stress (CUMS) and the underlying mechanisms. A CUMS rat model of depression was established via 4 weeks of unpredictable stimulation. Then the rats were orally administered paroxetine and XYS for 2 weeks with continued stress. Behavioral assessments, including an open field test (OFT), sucrose preference test (SPT) and forced swim test (FST), were conducted to evaluate the antidepressant effects of XYS. The concentrations in rat plasma of tryptophan (Trp) and its metabolic products, including kynurenine (Kyn) and quinolinic acid (QUIN), were determined using high performance liquid chromatography tandem mass spectrometry with electrochemical detection (HPLC-MS/MS). The mRNA and protein levels in rat hippocampus of depression-related brain derived neurotrophic factor (BDNF), cyclic AMP response element binding protein (CREB) and nerve cell adhesion molecule (NCAM) were determined by real-time qPCR and Western blot, respectively. Enzyme Linked Immunosorbent Assay (ELISA) was used to detect the activities of indoleamine 2,3-dioxygenase (IDO) and kynurenine-3-monooxygenase (KMO) in rat plasma. The results showed that a successful CUMS rat model was established through 4 weeks of continuous unpredictable stimulation, as indicated by the significant decrease in locomotor activity and increase in immobility time in the OFT, reduction in body weight and food intake etc. Compared with the normal group, the concentrations of Kyn and QUIN had significantly (p < 0.05) decreased at day 28 in the control group, but then improved after drug treatment with paroxetine and XYS. There were no obvious changes in the activities of IDO and KMO. Compared with the normal group, the mRNA of NCAM, CREB and BDNF were significantly down-regulated (p < 0.001) in the control group, BDNF gene was up-regulated by paroxetine or XYS treatment, NCAM and CREB gene did not change in XYS group, protein expressions of BDNF and CREB were significantly increased, and NCAM was significantly reduced (p < 0.05). XYS reversed the abnormalities of the tryptophan-kynurenine metabolic pathways in depressed rats and achieved an excellent antidepressant effect. Its direct impact may be observed as changes in biological indicators in rat hippocampus tissue.",1
27413389,"Antidepressant-Like Effects of Fractions Prepared from Danzhi-Xiaoyao-San Decoction in Rats with Chronic Unpredictable Mild Stress: Effects on Hypothalamic-Pituitary-Adrenal Axis, Arginine Vasopressin, and Neurotransmitters.","The aim of the present study was to investigate the antidepressant-like effects of two fractions, including petroleum ether soluble fraction (Fraction A, FA) and water-EtOH soluble fraction (Fraction B, FB) prepared from the Danzhi-xiaoyao-san (DZXYS) by using chronic unpredictable mild stress-induced depressive rat model. The results indicated that DZXYS could ameliorate the depression-like behavior in chronic stress model of rats. The inhibition of hyperactivity of HPA axis and the modulation of monoamine and amino acid neurotransmitters in the hippocampus may be the important mechanisms underlying the action of DZXYS antidepressant-like effect in chronically stressed rats.",1
41047379,Novel intranasal delivery of sihosogansan demonstrates rapid antidepressant activity via GABAergic and BDNF/TrkB pathways: identification of potential bioactive quality markers.,"Sihosogansan (SHSGS) is a traditional medicine used to treat depression. However, conventional oral administration requires high doses and prolonged treatment periods. This study aimed to investigate the rapid antidepressant effects of intranasal SHSGS and to identify its Q-markers. In zebrafish, SHSGS effects were evaluated in an MK-801-induced anxiety model using electroencephalogram (EEG) recordings. In mice, the rapid effects of intranasal versus oral SHSGS were compared through the open field and tail suspension tests. Mechanistic investigations combined computational network analysis with molecular studies of hippocampal tissue and primary neurons. Q-markers were identified through the integrative analysis of gas chromatography-mass spectrometry data, molecular docking, and experimental validation in behavioral and cellular models. SHSGS normalized MK-801-induced EEG abnormalities within 30 min in zebrafish, particularly restoring delta/beta and theta/beta ratios. In mice, intranasal SHSGS showed rapid anxiolytic and antidepressant effects at 30 min post-administration, whereas oral administration had no significant effect. SHSGS enhanced gamma-aminobutyric acid (GABA)ergic signaling by increasing hippocampal GABA type B receptor subunit 1, glutamate decarboxylase 67, and GABA levels, while activating the brain-derived neurotrophic factor/tropomyosin receptor kinase B/extracellular signal-regulated protein kinase (BDNF/TrkB/ERK) pathways. Three monoterpenes β-pinene, terpinen-4-ol, and α-terpineol were identified as bioactive Q-markers of SHSGS based on their consistent antidepressant-like effects across behavioral, cellular, and molecular assays. Inhibitor experiments further revealed that α-terpineol's action required GABA<sub>B1</sub> receptor signaling, while β-pinene and terpinen-4-ol showed indirect dependency on GABA<sub>B1</sub> receptor or TrkB pathways. These findings demonstrate that intranasal SHSGS acts rapidly against depression through the GABAergic and BDNF/TrkB/ERK pathways, with identified Q-markers providing a foundation for optimization of quality.",1
37295570,Paeonia lactiflora Pall. Polysaccharide alleviates depression in CUMS mice by inhibiting the NLRP3/ASC/Caspase-1 signaling pathway and affecting the composition of their intestinal flora.,"Paeonia lactiflora Pall. (PL) has been commonly used to de-stressing the liver and relieve depression in traditional Chinese medicine for over a thousand years. Recently, it has been widely used in studies on anti-depressant, anti-inflammatory and regulation of intestinal flora. However, the polysaccharide component has received less attention than the saponin component of PL. This study aimed to elucidate the effects of Paeonia lactiflora polysaccharide (PLP) on depressive behavior in mice in a chronic unpredictable mild stress (CUMS) model and its possible action mechanisms. A model of chronic depression induced by the CUMS approach. Behavioral experiments were used to assess the success of the CUMS model and the therapeutic impact of PLP. Then the extent of damage to the colonic mucosa was assessed by H&E staining; the extent of neuronal damage was assessed by Nissler staining. Inflammatory factor expression was assessed at different sites in the mouse by enzyme-linked immunoassay (Elisa). The alterations of faecal microflora were detected by 16S rRNA gene sequencing. In the colonic tissues, NLRP3, ASC and Caspase-1 mRNA and protein levels detected by quantitative real-time PCR (qRT-PCR) and Western blot(WB). PLP can improve depressive behavior in CUMS mice, and colonic mucosal and neuronal damage. Elisa assay showed that PLP could reduce interleukin-1β (IL-1β), interleukin-6 (IL-6), tumour necrosis factor-α (TNF-α) levels, and increase 5-Hydroxytryptamine(5-HT) levels in CUMS mice. 16S sequencing analysis showed that PLP could regulate the intestinal flora of CUMS mice and increase their species richness. In addition, PLP significantly inhibited NLRP3/ASC/Caspase-1 signalling pathways activation in the colonic tissues of CUMS mice. PLP modulates depression-related intestinal ecological dysregulation, increases species richness, and inhibits inflammatory factors levels and NLRP3 inflammasome activation to reduce colonic mucosal and neurons damage, thereby improving depression-like behavior and neurotransmitter release in CUMS mice.",1
37277081,Saikosaponin B2 ameliorates depression-induced microglia activation by inhibiting ferroptosis-mediated neuroinflammation and ER stress.,"Saikosaponins B2 (SSB2) is one of the main active components isolated from Radix Bupleuri (Bupleurum chinense DC.), a herb widely used of traditional Chinese medicine. It has been used for the treatment of depression for more than two thousand years. However, the molecular mechanisms remain to be determined. In this study, we evaluated the anti-inflammatory effect and elucidated underlying molecular mechanisms of SSB2 in LPS-induced primary microglia and CUMS-induced mice model of depression. The effects of SSB2 treatment were investigated both in vitro and in vivo. The chronic unpredictable mild stimulation (CUMS) procedure was applied to establish the animal model of depression. Behavioural tests were used to evaluate the depressive-like behaviors in CUMS-exposed mice, including sucrose preference test, open field test, tail suspension test, and forced swimming test. The GPX4 gene of microglia was silenced using shRNA, and inflammatory cytokines were determined by Western Blot and immunofluorescence analysis. Endoplasmic reticulum stress and ferroptosis-related markers were detected by qPCR, flow cytometry and confocal microscopy. SSB2 reversed depressive-like behaviours in CUMS-exposed mice and relieved central neuroinflammation and ameliorated hippocampal neural damage. SSB2 alleviated LPS-induced activation of microglia through the TLR4/NF-κB pathway. LPS-induced ferroptosis, with increased levels of ROS, intracellular Fe<sup>2+</sup>, mitochondrial membrane potential, lipid peroxidation, GSH, SLC7A11, FTH, GPX4 and Nrf2, and decreased transcription levels of ACSL4 and TFR1, was attenuated with SSB2 treatment in primary microglia cells. GPX4 knockdown activated ferroptosis, induced endoplasmic reticulum (ER) stress, and abrogated the protective effects of SSB2. Further, SSB2 attenuated ER stress, balanced calcium homeostasis, reduced lipid peroxidation and intracellular Fe<sup>2+</sup> content by regulating the level of intracellular Ca<sup>2+</sup>. Our study suggested that SSB2 treatment can inhibit ferroptosis, maintain calcium homeostasis, relieve endoplasmic reticulum stress and attenuate central neuroinflammation. SSB2 exhibited anti-ferroptosis and anti-neuroinflammatory effects through the TLR4/NF-κB pathway in a GPX4-dependent manner.",1
38675471,<i>Bupleurum</i> in Treatment of Depression Disorder: A Comprehensive Review.,"The incidence of depression has been steadily rising in recent years, making it one of the most prevalent mental illnesses. As the pursuit of novel antidepressant drugs captivates the pharmaceutical field, the therapeutic efficacy of Traditional Chinese Medicine (TCM) has been widely explored. Chaihu (<i>Bupleurum</i>) has been traditionally used for liver conditions such as hepatitis, liver inflammation, liver fibrosis, and liver cancer. It is believed to have hepatoprotective effects, promoting liver cell regeneration and protecting against liver damage. In addition, <i>Bupleurum</i> has also been used as a Jie Yu (depression-relieving) medicine in China, Japan, Republic of Korea, and other Asian countries for centuries. This review article aims to summarize the research conducted on the antidepressant properties and mechanisms of <i>Bupleurum</i>, as well as discuss the potential of TCM formulas containing <i>Bupleurum</i>. This review highlights various antidepressant ingredients isolated from <i>Bupleurum</i>, including saikosaponin A, saikosaponin D, rutin, puerarin, and quercetin, each with distinct mechanisms of action. Additionally, Chinese herb prescriptions and extracts containing <i>Bupleurum</i>, such as Chaihu Shugansan, Xiaoyaosan, and Sinisan, are also included due to their demonstrated antidepressant effects. This review reveals that these <i>Bupleurum</i> compounds exhibit antidepressant effects through the regulation of neurotransmitter mechanisms (such as 5-HT and DA), the NMDA (N-methyl-D-aspartate) system, brain-derived neurotrophic factor (BDNF), and other intracellular signaling pathways. Collectively, this comprehensive review provides insights into the multiple applications of <i>Bupleurum</i> in the treatment of depression and highlights its potential as an alternative or complementary approach to traditional therapies. However, it is essential to consider the potential adverse effects and clinical restrictions of <i>Bupleurum</i> despite its promising potential. Further research is needed to elucidate its specific mechanisms of action and evaluate its effectiveness in human subjects.",1
22414105,Nature against depression.,"Depression is a major health problem currently recognized as a leading cause of morbidity worldwide. In the United States alone, depression affects approximately 20% of the population. With current medications suffering from major shortcomings that include slow onset of action, poor efficacy, and unwanted side effects, the search for new and improved antidepressants is ever increasing. In an effort to evade side effects, people have been resorting to popular traditional herbal medicines to relieve the symptoms of depression, and there is a need for more empirical knowledge about their use and effectiveness. This review provides an overview of the current knowledge state regarding a variety of natural plant products commonly used in depression. Herbal medicines discussed that have been used in clinical trials for the treatment of mild to moderate depression states include the popular St. John's wort, saffron, Rhodiola, lavender, Echium, and the Chinese formula banxia houpu. In addition, new emerging herbal products that have been studied in different animal models are discussed including Polygala tenuifolia, the traditional Chinese herbal SYJN formula, gan mai da zao, and Cannabis sativa constituents. A comprehensive review of the chemical, pharmacological, and clinical aspects of each of the reviewed products is provided. Finally, recent preclinical studies reporting the antidepressant action of marine-derived natural products are discussed at the end of the review.",1
41547067,Jujuboside A alleviates visceral pain and depression comorbidity and modulates the P2X7R-BDNF signaling axis.,"Visceral pain is frequently accompanied by depression, a comorbidity involving central neuroinflammation and abnormal neuronal plasticity. The P2X7 receptor (P2X7R) plays a crucial role in neuroinflammation and pyroptosis, while Jujuboside A (JuA), a major saponin extracted from Ziziphus jujuba seeds, has been reported to exert significant antidepressant and analgesic effects. In this study, we systematically evaluated the regulatory effects of JuA on the P2X7R-brain-derived neurotrophic factor (BDNF) pathway and on pyroptosis and apoptosis using a rat model of colorectal distension (CRD) and primary neuron/astrocyte cultures. JuA markedly alleviated visceral hypersensitivity and depressive-like behaviors in CRD rats and reduced P2X7R expression in both the spinal cord (SC) and hippocampus (HPC). Further investigations in vitro revealed that JuA inhibited excessive P2X7R activation in SC astrocytes, thereby decreasing the expression of NLRP3, Caspase-1, GSDMD, IL-1β and TNF-α, indicating suppression of pyroptosis. Similarly, JuA exerted an anti-pyroptotic effect in HPC astrocytes and inhibited neuronal apoptosis by reducing Caspase-3 and Bax levels while increasing Bcl2 expression, leading to upregulation of HPC BDNF. Collectively, JuA targets P2X7R and suppresses downstream pyroptotic and apoptotic signaling in vitro, which may contribute to its neuroprotective effects. These findings provide experimental evidence supporting the potential of JuA as a therapeutic agent for comorbid visceral pain and depression.",1
36408279,Antidepressant Active Components of Bupleurum chinense DC-Paeonia lactiflora Pall Herb Pair: Pharmacological Mechanisms.,"Depression is a serious psychological disorder with a rapidly increasing incidence in recent years. Clinically, selective serotonin reuptake inhibitors are the main therapy. These drugs, have serious adverse reactions, however. Traditional Chinese medicine has the characteristics of multiple components, targets, and pathways, which has huge potential advantages for the treatment of depression. The antidepressant potential of the herbal combination of Bupleurum chinense DC (Chaihu) and Paeonia lactiflora Pall (Baishao) has been extensively studied previously. In this review, we summarized the antidepressant active components and mechanism of Chaihu-Baishao herb pair. We found that it works mainly through relieving oxidative stress, regulating HPA axis, and protecting neurons. Nevertheless, current research of this combined preparation still faces many challenges. On one hand, most of the current studies only stay at the level of animal models, lacking of sufficient clinical double-blind controlled trials for further verification. In addition, studies on the synergistic effect between different targets and signaling pathways are scarce. On the other hand, this preparation has numerous defects such as poor stability, low solubility, and difficulty in crossing the blood-brain barrier.",1
35462897,Proprietary Medicines Containing <i>Bupleurum chinense</i> DC. (Chaihu) for Depression: Network Meta-Analysis and Network Pharmacology Prediction.,"<b>Background and Aims:</b> The rapid development of society has resulted in great competitive pressures, leading to the increase in suicide rates as well as incidence and recurrence of depression in recent years. Proprietary Chinese medicines containing <i>Bupleurum chinense</i> DC. (Chaihu) are widely used in clinical practice. This study aimed at evaluating the efficacy and safety of oral proprietary Chinese medicines containing Chaihu for treating depression by network meta-analysis (NMA) and exploring the potential pharmacological mechanisms of the optimal drugs obtained based on NMA. <b>Methods:</b> This study searched for clinical randomized controlled trial studies (RCTs) about Chaihu-containing products alone or in combination with selective serotonin reuptake inhibitors (SSRI), serotonin-norepinephrine reuptake inhibitors (SNRI), and cyclic antidepressants (CAS) for depression in eight databases. The search deadline is from data inception to April 2021. For efficacy assessment, the clinical response rate, the Hamilton Depression Scale-17 (HAMD-17), and adverse reactions were calculated. The methodological quality of the included studies was assessed for risk of bias following the <i>Cochrane Handbook for Systematic Reviews</i> of <i>Interventions</i>, and the data were subjected to NMA via the Stata version 16.0 software. Subsequently, the optimal drug obtained from the NMA results, Danzhi Xiaoyao pill (DZXY), was used to conduct network pharmacology analysis. We searched databases to acquire bioactive and potential targets of DZXY and depression-related targets. The protein-protein interaction (PPI) network, component-target network, the Gene Ontology (GO), and the Kyoto Encyclopedia of Genes and Genomes (KEGG) analysis were performed by the STRING database, Cytoscape 3.9.0 software, and R version 4.1.2, respectively. <b>Results:</b> Thirty-seven RCTs, with a total of 3,263 patients, involving seven oral proprietary Chinese medicines containing Chaihu, were finally included. The results of the NMA demonstrated that the top four interventions with the best efficiency were Jiawei Xiaoyao + SSRI, DZXY + SNRI, Xiaoyao pill + SSRI, and Jieyu pill + SNRI; the top four interventions reducing HAMD score were DZXY + SNRI, Jiawei Xiaoyao, Jieyu pill, and Puyu pill + SNRI; the top four interventions with the least adverse effects were Jieyu pill, Anle pill + SSRI, DZXY + SNRI, and Puyu pill + SNRI. In the aspects above, DZXY + SNRI performed better than other treatments. After network meta-analysis, we conducted a network pharmacology-based strategy on the optimal drugs, DZXY, to provide the pharmacological basis for a conclusion. A total of 147 active compounds and 248 targets in DZXY were identified, of which 175 overlapping targets related to depression. Bioinformatics analysis revealed that MAPK3, JUN, MAPK14, MYC, MAPK1, etc. could become potential therapeutic targets. The MAPK signaling pathway might play an essential role in DZXY against depression. <b>Conclusion:</b> This is the very first systematic review and network meta-analysis evaluating different oral proprietary Chinese medicines containing Chaihu in depressive disorder. This study suggested that the combination of proprietary Chinese medicines containing Chaihu with antidepressants was generally better than antidepressant treatment. The incidence of adverse reactions with antidepressants alone was higher than that with proprietary Chinese medicines containing Chaihu alone or in combination with antidepressants. DZXY + SNRI showed significantly better results in efficacy, HAMD scores, and safety. The antidepressant effect of DZXY may be related to its regulation of neuroinflammation and apoptosis.",1
40427467,Paeoniflorin Alleviates Lipopolysaccharide-Induced Neuroinflammation and Depression Through the Keap1/Nrf2/HO-1 Signaling Pathway.,"Depression is associated with bidirectional interactions between inflammatory responses and behavioral dysfunction. Paeoniflorin (PF), a monoterpene glycoside derived from <i>Paeonia lactiflora</i>, exhibits potent anti-inflammatory properties. This study investigates the therapeutic effects of PF on lipopolysaccharide (LPS)-induced depression-like behaviors in mice and neuroinflammation in BV2 microglial cells. Mice were co-administered PF (20, 40, or 80 mg/kg/day) and LPS (2 mg/kg) for 7 days. Behavioral tests; Nissl staining; and Golgi, Iba1, DLG4, and cytokine assays were conducted. Additionally, hippocampal NF-κB, Nrf2, and BDNF signaling pathways were analyzed using Western blots. In BV2 cells, oxidative stress and the Nrf2/HO-1 pathway were assessed using CCK-8, flow cytometry, and Western blotting after 24 h of LPS and PF treatment. PF significantly alleviated LPS-induced depression-like behaviors, increased hippocampal neuron and dendritic spine density, and upregulated synaptic proteins (PSD95, SNAP25, and BDNF). Mechanistically, PF suppressed NLRP3 inflammasome activation via the Akt/GSK3β pathway, reduced pro-inflammatory cytokines (TNF-α, IL-1β, and IL-6), and enhanced the Nrf2/HO-1 antioxidant axis. In BV2 cells, PF restored mitochondrial membrane potential, inhibited apoptosis, and decreased cytokine levels (TNF-α, IL-1β, and IL-6) by inhibiting TLR4/NF-κB signaling. In conclusion, PF significantly improved LPS-induced depression-like behaviors and attenuated neuroinflammation in BV2 microglial cells, highlighting its potential as a therapeutic agent for inflammation-associated depression.",1
40708436,Albiflorin on Neuropsychiatric and Neurodegenerative Disorders: A Systematic Review.,"Albiflorin, a key compound from Paeonia lactiflora, has shown therapeutic potential in neuropsychiatric and neurodegenerative disorders (NPDs and NDDs), especially depression and Alzheimer's disease (AD). This review aimed to summarize its pharmacological effects, mechanisms, pharmacokinetics, and therapeutic prospects. Albiflorin exhibits multi-target actions, including modulation of monoamine neurotransmitters, inhibition of neuroinflammation, and enhancement of neuroplasticity. In AD, it reduces Aβ accumulation, improves mitochondrial function, and activates MAPK/ERK and Nrf2/HO-1 signaling pathways. In depression, it restores phospholipid and tryptophan metabolism, regulates HPA axis function, and increases BDNF expression. Albiflorin crosses the blood-brain barrier (BBB) and may act indirectly via the gut-brain axis through its metabolite benzoic acid. Though brain concentrations are low, its pharmacological effects remain significant. Albiflorin also shows potential benefits in conditions like cerebral ischemia and hypoxic-ischemic brain injury. Toxicological data indicate low systemic toxicity and good safety margins in vivo and in vitro. Albiflorin demonstrates promising therapeutic potential for NPDs and NDDs via multi-pathway regulation. However, further studies are needed to optimize brain delivery, understand gut microbiota interactions, and confirm efficacy through clinical trials. The advancement of formulation strategies and pharmacokinetic research will be considered key to achieving clinical translation.",1
37844745,Saikosaponin a activates tet1/dll3/notch1 signalling and promotes hippocampal neurogenesis to improve depression-like behavior in mice.,"Radix Bupleuri, also named ""Chaihu"" in Chinese, is a substance derived from the dry roots of Bupleurum chinense DC. [Apiaceae] and Bupleurum scorzonerifolium Willd. [Apiaceae]. Radix Bupleuri was initially recorded as a medicinal herb in Shen Nong Ben Cao Jing, the earliest monograph concerning traditional Chinese medicine (TCM). Ever since, Radix Bupleuri has been broadly used to alleviate exterior syndrome, disperse heat, modulate the liver-qi, and elevate yang-qi in TCM. Radix Bupleuri has also been utilized as an important component in Xiaoyaosan, a classical formula for relieving depression, which was originated from the famous Chinese medical book called ""Tai Ping Hui Min He Ji Ju Fang"" in Song Dynasty. Currently, many valuable pharmacological effects of Radix Bupleuri have been explored, such as antidepressant, neuroprotective activities, antiinflammation, anticancer, immunoregulation, etc. Former studies have illustrated that Saikosaponin A (SSa), one of the primary active components of Radix Bupleuri, possesses potential antidepressant properties. However, the underlying mechanisms still remain unknown. We used a chronic social defeat stress (CSDS) mouse model to explore the ameliorative effects and potential mechanisms of SSa in depressive disorder in vivo. The CSDS mouse model was established and mice underwent behavioral studies using assays such as the social interaction test (SIT), sucrose preference test (SPT), forced-swim test (FST), tail suspension test (TST), and open field test (OFT). Western blotting, immunofluorescence, and Golgi staining were performed to investigate signaling pathway activity, and alterations in synaptic spines in the hippocampus. To model the anticipated interaction between SSa and Tet1, molecular docking and microscale thermophoresis (MST) techniques were employed. Finally, sh-RNA Tet1 was employed for validation via lentiviral transfection in CSDS mice to confirm the requirement of Tet1 for SSA efficacy. SSa dramatically reduced depressed symptoms, boosted the expression of Tet1, Notch, DLL3, and BDNF, encouraged hippocampus development, and enhanced the dendritic spine density of hippocampal neurons. In contrast, Tet1 knockdown in CSDS mice dampened the beneficial effects of SSa on depressive symptoms. Therefore, our results suggest that SSa significantly activates the Tet1/Notch/DLL3 signaling pathways and promotes hippocampal neurogenesis to exert antidepressant effects in the CSDS mouse model in vivo. The present results also provide new insight into the importance of the Tet1/DLL3/Notch pathways as potential targets for novel antidepressant development.",1
32178272,"Potential Antidepressant Effects of Scutellaria baicalensis, Hericium erinaceus and Rhodiola rosea.","Recent studies focused on the pharmacology and feasibility of herbal compounds as a potential strategy to target a variety of human diseases ranging from metabolic to brain disorders. Accordingly, bioactive ingredients which are found within a variety of herbal compounds are reported to produce both neuroprotective and psychotropic activities which may help to combat mental disorders such as depression, anxiety, sleep disturbances and cognitive alterations. In the present manuscript, we focus on three herbs which appear effective in mitigating anxiety or depression with favourable risk-benefit profiles, namely Scutellaria baicalensis (<i>S. baicalensis</i>), Hericium erinaceus (<i>H. erinaceus</i>) and Rhodiola rosea (<i>R. rosea</i>). These three traditional folk medicinal herbs target the main biochemical events that are implicated in mental disorders, mimicking, to some extent, the mechanisms of action of conventional antidepressants and mood stabilizers with a wide margin of tolerability. In detail, they rescue alterations in neurotransmitter and neuro-endocrine systems, stimulate neurogenesis and the synthesis of neurotrophic factors, and they counteract oxidative stress, mitochondrial dysfunction and inflammation. Albeit the encouraging results that emerge from both experimental and clinical evidence, further studies are needed to confirm and better understand the mental-health promoting, and specifically, the antidepressant effects of these herbs.",1
41780614,Mechanistic insights into the antidepressant effects of the Angelica sinensis and Ligusticum chuanxiong Herb Pair: Involvement of the PI3K/AKT signaling pathway.,"The Angelica sinensis and Ligusticum chuanxiong Herb Pair (DC) serves as a core pairing in Traditional Chinese Medicine for treating blood stasis and blood deficiency syndromes, which are frequently associated with depressive-like symptoms in clinical practice. The antidepressant potential of this combination aligns with its traditional functions of promoting qi circulation, activating blood flow, and alleviating depression. This study aims to investigate the antidepressant effects of DC and its potential mechanisms through a combination of network pharmacology prediction and in vitro and in vivo experimental validation. Network pharmacology screening identified active components and target molecules in DC, constructing a component-target network and validating binding activity through molecular docking. A CUMS-induced rat model of depression was established, with drug efficacy evaluated via behavioral tests (forced swim, sucrose preference, and open field tests) and blood rheology parameters measured. ELISA assay of neurotransmitter and inflammatory factor levels in serum and hippocampal tissue, Observation of histopathological changes in hippocampal tissue using HE and Nissl staining, Western blot and immunofluorescence assays were performed to detect the expression of proteins in the PI3K/AKT pathway. An in vitro inflammatory model was established by inducing BV-2 cells with LPS. The MTT assay was used to screen for the safe concentration of drug-containing serum and observe cell morphology, the Gries method for detecting NO release, ELISA for detecting inflammatory cytokines, Western blot analysis of PI3K/AKT pathway proteins was performed, and pathway inhibition was validated using LY294002. Through network pharmacology analysis, seven major active components of DC and 197 related functional targets for depression treatment were identified, with the majority enriched in the PI3K/AKT signaling pathway. Behavioral studies and in vivo experiments indicate that DC significantly ameliorates depressive-like behaviors in CUMS rats, reduces blood viscosity, increases hippocampal tissue levels of 5-HT, NE, and DA, decreases IL-1β, IL-6, and TNF-α content, and mitigates hippocampal neuronal damage. Western blot and immunofluorescence results indicate that DC can activate the PI3K/AKT pathway, upregulating p-AKT and BDNF expression. In vitro experiments further confirmed that the drug-containing serum could suppress LPS-induced inflammatory responses in BV-2 cells, reducing the release of factors such as NO and IL-1β. This effect was reversible upon treatment with the PI3K inhibitor LY294002. DC exhibits potent antidepressant effects by modulating the PI3K/AKT pathway to enhance neurotransmitter release and reduce inflammatory factor levels. This mechanism protects neurons and alleviates neuroinflammation, thereby exerting antidepressant effects.",1
35881212,Meranzin Hydrate Improves Depression-Like Behaviors and Hypomotility via Ghrelin and Neurocircuitry.,"To investigate whether meranzin hydrate (MH) can alleviate depression-like behavior and hypomotility similar to Chaihu Shugan Powder (CSP), and further explore the potential common mechanisms. Totally 120 Spraque-Dawley rats were randomly divided into 5-8 groups including sham, vehicle, fluoxetine (20 mg/kg), mosapride (10 mg/kg), CSP (30 g/kg), MH (9.18 mg/kg), [D-Lys3]-GHRP-6 (Dlys, 0.5 mg/kg), and MH+Dlys groups by a random number table, 8 rats in each group. And 32 mice were randomly divided into wild-type, MH (18 mg/kg), growth hormone secretagogue receptor-knockout (GHSR-KO), and GHSR+MH groups, 8 mice in each group. The forced swimming test (FST), open field test (OFT), tail suspension test (TST), gastric emptying (GE) test, and intestinal transit (IT) test were used to assess antidepressant and prokinetic (AP) effects after drug single administration for 30 min with absorbable identification in rats and mice, respectively. The protein expression levels of brain-derived neurotrophic factor (BDNF) and phosphorylated mammalian target of rapamycin (p-mTOR) in the hippocampus of rats were evaluated by Western blot. The differences in functional brain changes were determined via 7.0 T functional magnetic resonance imaging-blood oxygen level-dependent (fMRI-BOLD). MH treatment improved depression-like behavior (FST, OFT) and hypomotility (GE, IT) in the acute forced swimming (FS) rats (all P<0.05), and the effects are similar to the parent formula CSP. The ghrelin antagonist [D-Lys3]-GHRP-6 inhibited the effect of MH on FST and GE (P<0.05). Similarly, MH treatment also alleviated depression-like behavior (FST, TST) in the wild-type mice, however, no effects were found in the GHSR KO mice. Additionally, administration of MH significantly stimulated BDNF and p-mTOR protein expressions in the hippocampus (both P<0.01), which were also prevented by [D-Lys3]-GHRP-6 (P<0.01). Besides, 3 main BOLD foci following acute FS rats implicated activity in hippocampus-thalamus-basal ganglia (HTB) circuits. The [D-Lys3]-GHRP-6 synchronously inhibited BOLD HTB foci. As expected, prokinetic mosapride only had effects on the thalamus and basal ganglia, but not on the hippocampus. Within the HTB, the hippocampus is implicated in depression and FD. MH accounts for part of AP effects of parent formula CSP in acute FS rats, mainly via ghrelin-related shared regulation coupled to BOLD signals in brain areas. This novel functionally connection of HTB following acute stress, treatment, and regulation highlights anti-depression unified theory.",1
40682677,Paeoniflorin and depression: a comprehensive review of underlying molecular mechanisms.,"Depression is one of the common mental disorders that often leads to persistent low mood, feelings of sadness or a sense of hopelessness, disinterest, or lack of pleasure in most day-to-day things. Depression is a leading cause of disability worldwide and a major contributor to the global burden of disease. Depression is a multifactorial disorder involving several interlinked pathways. A decrease in BDNF impairs neuroplasticity and synaptic function. Overactivation of the HPA axis elevates cortisol and disrupts mood regulation. Whereas/TLR-4/NF-κB activation triggers neuroinflammation, while NLRP3 inflammasome activation induces pyroptosis, promoting neuronal damage. Besides this, oxidative stress from ROS/antioxidant imbalance leads to neuronal damage and exacerbates neuroinflammatory responses. Moreover, reduced biogenic amines (like serotonin and dopamine) weaken mood regulation, and increased glutamatergic transmission leads to excitotoxicity. Together, these alterations contribute to the onset and progression of depression, necessitating a multifaceted approach. Paeoniflorin is a monoterpene glycoside isolated from the aqueous extract of the dry root of Paeonia species such as Paeonia lactiflora, Paeonia suffruticosa, and Paeonia veitchii. It exhibits a wide range of pharmacological activities, including antidepressant. anti-inflammatory, antioxidant, anticonvulsive, analgesic and hepatoprotective activities. Various reports have delineated that paeoniflorin exerts antidepressant effects by modulating the crucial mediators implicated in the pathophysiology of depression, including BDNF, CREB, NF-κB, TLR-4, NLRP3, HPA axis, ROS, serotonin, glutamate, mTOR, HMGB1, caspases, and SNARE proteins, among others, thereby providing a multitargeted defense against depression. Considering the potential of paeoniflorin in modulating these mediators, the current review is structured to explore the mechanistic interplay among these pathways in mediating its antidepressant effects.",1
38074876,Antidepressant effect of licorice total flavonoids and liquiritin: A review.,"With the development of society and changes in lifestyle, major depressive disorder (MDD) has become a significant disease that plagues many people. Licorice, an excellent natural medicine with a long history of cultivation and application, is found in classical antidepressant prescriptions such as Chaihu Shugan Powder, Ganmai Dazao Decoction, Suanzaoren Decoction, etc. Licorice mainly contains triterpenoids and flavonoids, among which licorice total flavonoids (LF) and liquiritin are the main active components with good antidepressant effects. The pharmacological effects of licorice have been extensively investigated in current studies. However, a review of the antidepressant effects of LF and liquiritin has not been conducted. This article reviews the antidepressant effects of LF and liquiritin, including the biological characteristics of licorice and the pharmacological mechanism of LF and liquiritin in treating MDD. Studies have shown that LF and liquiritin can exert their antidepressant effects by improving depressive behavior, regulating endocrine and hypothalamic-pituitary-adrenal (HPA) axis function, affecting the brain-derived neurotrophic factor (BDNF)/tyrosine kinase B (TrkB) signaling pathway, enhancing synaptic plasticity, increasing monoamine neurotransmitter levels, protecting nerve cells, reducing inflammation, preventing apoptosis, reducing oxidation and other ways. This lays a theoretical foundation for the development of antidepressant drugs.",1
38631487,Jiawei Dachaihu decoction protects against mitochondrial dysfunction in atherosclerosis (AS) mice with chronic unpredictable mild stress (CUMS) via SIRT1/PGC-1α/TFAM/LON signaling pathway.,"JiaWei DaChaiHu is composed of Bupleurum chinense, Scutellaria baicalensis, Pinellia ternata, Paeonia lactiflora, Zingiber officinaleRoscoe, Poncirus tuifoliata, Rheum palmatum L., Curcumae Radix, Herba Lysimachiae, Ziziphus. JiaWei DaChaiHu is one of the most common traditional Chinese medicines for the treatment of depression. The chronic unpredictable mild stress (CUMS) has been shown to promote atherosclerosis (AS). Dachaihu has been widely used in traditional Chinese medicine and has been known to exert distinct pharmacological effects. This investigation aims to examine the therapeutic effect of Jiawei Dachaihu extract on AS animal models with CUMS. AS-CUMS mice model was established by Apoe<sup>-/-</sup> mice. Mice were treated with Jiawei Dachaihu. Serum total cholesterol (TC), triglyceride (TG), low-density lipoprotein (LDL-C), high-density lipoprotein (HDL-C) levels were measured using ELISA kits. Aortic tissue pathologic changes detected by oil red O staining. Mice behavioral changes detected by sucrose preference test and sucrose preference test. The relative mRNA expression levels of CRH, ND1, and TFAM were determined by qRT-PCR. 5-HT1A, BDNF, LON, TFAM, PGC-1α, and SIRT1 protein expression determined by western blotting. ATP content detected by ATP kits. The treatment with Jiawei Dachaihu extract alleviated the veins plaque and reduced stress signs in vitro and in vivo. It increased the ATP and HDL-C levels while decreased the TC, TG, LDL-C levels. Jiawei Dachaihu extract treatment upregulated Lon, SIRT1, TFAM, PGC-1α, BDNF, and 5-HT1A protein expression and regained mitochondrial function. Jiawei Dachaihu extract could alleviate AS and reduce CUMS by upregulating the SIRT1/PGC-1α signaling and promoted its crosstalk with Lon protein to maintain mitochondrial stability.",1
31911246,"Magnoflorine: A review of its pharmacology, pharmacokinetics and toxicity.","Magnoflorine is an important quaternary aporphine alkaloid that is isolated from some commonly used herbal medicines (e.g., Sinomenium acutum (Thunb.) Rehder & E.H.Wilson and Coptis chinensis Franch.). In recent years, magnoflorine has received increasing attention due to its multiple pharmacological activities. This review provides the first comprehensive summary of the plant sources, pharmacological effects, toxicity, and pharmacokinetic characteristics of magnoflorine. The results indicated that magnoflorine possesses a wide spectrum of pharmacological properties, including anti-diabetic, anti-inflammatory, neuropsychopharmacological, immunomodulatory, hypotensive, antioxidant, and antifungal activities. Pharmacokinetic studies have shown that magnoflorine has low bioavailability and high absorption and elimination rates. However, the other compounds (e.g., berberine) present in herbal medicines could reduce the absorption and removal rates of magnoflorine and increase its bioavailability. Moreover, toxicity studies have suggested that magnoflorine is non-toxic to most cells. However, long-term and high-dose toxicity testing in animals is still lacking. In view of good pharmacological activities, magnoflorine is expected to be a potential drug candidate for the treatment of diabetes, depression, or Alzheimer's disease. However, further studies are needed to elucidate its molecular mechanisms and targets, clarify its toxicity, and improve its oral bioavailability.",1
39637473,Saikosaponins from Bupleurum scorzonerifolium Willd. alleviates microglial pyroptosis in depression by binding and inhibiting P2X7 expression.,"The major depressive disorder (MDD) is a heterogeneous condition and characterized by a high recurrence rate, with neuroinflammation playing a significant role in its various potential pathologies. In recent years, neuronal pyroptosis induced by neuroinflammation has garnered increasing attention in depression research. Bupleurum scorzonerifolium Willd. is depression research in traditional Chinese medicine prescriptions to treat depression and exhibits notable anti-inflammatory properties. Saikosaponins (SSs) are the primary active components of Bupleurum scorzonerifolium Willd., although their mechanism of action in relation to anti-depressive effects remains unclear. The purpose is to evaluate the efficacy of Chinese herbal medicine in treating depression through the lens of modern pharmacology. Additionally, it aims to explore the potential value of new mechanisms in the treatment of depression. An in vivo model of depression was established by intraperitoneal injection of LPS. HE staining, Nissl staining, and Golgi staining were used to evaluate the effectiveness of depression treatments in each group of mice. The activation of microglia was analyzed using immunofluorescence to evaluate the anti-inflammatory effects of drugs. In vitro models, N9 cells induced by LPS and ATP used CCK-8 assay, and lactate dehydrogenase assay were conducted to explore the therapeutic effect of the SSs. Western blot and immunohistochemical methods were employed to investigate the expression of P2X7 and apoptosis-related proteins. BzATP was introduced as a P2X7 agonist, and CETSA and CHX pulse-chase assay were utilized to verify the combined action and stability of the SSs with P2X7. 57 triterpenoid saponin compounds were identified by Unifi in Bupleurum scorzonerifolium Willd. In both in vivo and in vitro models, the SSs has been shown to significantly improve depression-like behavior, reduce central inflammation, and significantly inhibit neuronal pyroptosis in mice. The SSs can significantly decrease the expression of P2X7 in the brains of depressed mice and enhance the stability of P2X7 protein in N9 cells. SSs in Bupleurum scorzonerifolium Willd. bind and inhibit the P2X7 receptor to alleviate neuronal pyroptosis and improve symptoms of depression.",1
41794258,Bupleurum chinense DC. ameliorates depression through hepatic lipopolysaccharide-binding protein-associated inflammation and monoamine biosynthesis.,"Bupleurum chinense DC. (Radix Bupleuri, Chaihu) has traditionally been applied to ""soothe the liver and relieve depression."" Contemporary pharmacological evidence indicates that Radix Bupleuri (RB) and its active components exhibit anti-inflammatory, antitumor, and antidepressant effects. Nevertheless, the mechanisms underlying its antidepressant activity remain unclear. To evaluate the antidepressant-like effects of RB in mouse models and to determine whether modulation of peripheral inflammatory status is associated with changes in the brain monoamine neurotransmitter system. A metabolic inflammation mouse model was established to investigate the regulatory effects of RB on hepatic lipopolysaccharide-binding protein (LBP) expression and the transcription of genes involved in the nuclear factor κB (NF-κB) signaling pathway. Subsequently, an inflammatory model was established in human hepatocellular carcinoma cells (HepG2) to examine the effects of saikosaponin and other herbal monomers on LBP expression at the transcriptional level. Finally, the chronic unpredictable mild stress (CUMS) mouse model was used to assess whether RB improves depressive-like behaviors by regulating hepatic LBP and modulating the NF-κB signaling pathway, thereby preserving the catalytic activity of monoamine-synthesizing enzymes, including tyrosine hydroxylase, tryptophan hydroxylase 2, DOPA decarboxylase, and dopamine β-hydroxylase. RB alleviated lipid metabolic disorders and hepatic inflammatory infiltration in the metabolic inflammation model, downregulated hepatic LBP expression, and suppressed NF-κB pathway activation at the transcriptional level. In vitro, saikosaponin A markedly reduced LBP mRNA expression compared with 15 other herbal monomers. Similarly, RB ameliorated depression-like behaviors in the CUMS model by downregulating hepatic LBP protein and mRNA expression, suppressing NF-κB pathway activation, and mitigating peripheral inflammatory signaling that interferes with the central nervous system. These effects subsequently enhanced monoamine biosynthesis, leading to elevated levels of 5-hydroxytryptamine, norepinephrine, and dopamine. RB alleviates depression by regulating hepatic LBP through the liver-brain axis to restore brain monoamine balance, consistent with the traditional Chinese medicine concept of ""soothing the liver and relieving depression.""",1
39094756,A refined formula derived from Jiawei-Xiaoyao pill exerts rapid antidepressant-like effects in LPS-induced depression by reducing neuroinflammation and restoring neuroplasticity signaling.,"Jiawei-Xiaoyao Pill (JWX), a classic formula in traditional Chinese medicine, is derived from Xiaoyao Pill by adding significant amounts of Gardeniae Fructus (GF) and Moutan Cortex (MC). It is frequently used for the treatment of depression. JWX has been demonstrated to uniquely elicit rapid antidepressant-like effects within the prescribed dosage range. To date, GF has been shown to have rapid antidepressant-like effects, but a much higher dose is required than its proportion in JWX. It is assumed that the synergism of GF with a minimum number of other herbs in JWX serves as a refined formula that exerts these rapid antidepressant-like effects. Identification of a refined formula is important for prioritizing the herbs and ingredients to optimize the quality control of JWX. However, such a refined formula for JWX has not been identified yet. Here we aimed to identify a refined formula derived from JWX for optimized rapid antidepressant-like effects. Since the neuroinflammation mechanism involving in depression treatment has not been previously investigated for JWX, we tested the mechanism for both JWX and the refined formula. Individual herbs (MC; ASR, Angelica Sinensis Radix; Bupleuri Radix; Paeonia Radix Alba) that show antidepressant-like responses were mixed with GF at the proportional dosage in JWX to identify the refined formula. Rapid antidepressant-like effects were assessed by using NSF (Novelty Suppressed Feeding Test) and other behavioral tests following a single administration. The identified formula was further tested in a lipopolysaccharide (LPS)-induced depressive model, and the molecular signaling mechanisms were investigated using Western blot analysis, immunofluorescence, and pharmacological inhibition of mTOR signaling. Scopolamine (Scop) was used as a positive control for induction of rapid antidepressant effects. A combination of GF, MC and ASR (GMA) at their dosages proportional to JWX induced behavioral signs of rapid antidepressant-like responses in both normal and LPS-treated mice, with the antidepressant-like effects sustained for 5 d. Similar to JWX or Scop, GMA rapidly reduced the neuroinflammation signaling of Iba-1-NF-кB, enhanced neuroplasticity signaling of CaMKII-mTOR-BDNF, and attenuated the upregulated expressions of the NMDAR sub-units GluN1 and GluN2B in the hippocampus of LPS-treated mice. GMA, JWX and Scop rapidly restored the number of BDNF-positive cells reduced by LPS treatment in the CA3 region of the hippocampus. Furthermore, rapamycin, a selective inhibitor of mTOR, blunted the rapid antidepressant-like effects and hippocampal BDNF signaling upregulation by GMA. GMA may serve as a refined formula from JWX, capable of inducing rapid antidepressant-like effects. In the LPS-induced depression model, the effects of GMA were mediated via rapidly alleviating neuroinflammation and enhancing neuroplasticity.",1
31328996,Managing Depression with <i>Bupleurum chinense</i> Herbal Formula: A Systematic Review and Meta-Analysis of Randomized Controlled Trials.,"<b><i>Objectives:</i></b> <i>Bupleurum chinense</i> (BC; Radix Bupleuri) formulae are widely used in herbal medicine clinical practice for major depressive disorder (MDD). This study provides an up-to-date and comprehensive systematic review and meta-analysis of BC formula for MDD. <b><i>Design:</i></b> Randomized controlled trials were retrieved from English and Chinese databases, from their inceptions to March 2019. Included studies compared BC formula alone or as integrative medicine to selective serotonin reuptake inhibitor (SSRI) antidepressants. Studies included adults 18-65 years of age. People with other types of depression or physical comorbidities, such as poststroke depression, bipolar, and other mental or physical disorders, were excluded. Meta-analysis was performed using STATA software. Grading of Recommendations Assessment, Development, and Evaluation was also conducted to assess the quality of evidence. <b><i>Results:</i></b> Thirty studies compared BC formula to antidepressants and 25 studies compared BC formula plus antidepressants to antidepressants alone. BC formula was more effective than antidepressants at improving depression severity measured on the Hamilton Rating Scale for Depression (HRSD) (standardized mean difference [SMD] -0.35, 95% confidence interval [CI] -0.52 to -0.18, <i>I</i><sup>2</sup> = 81.2%). Integrative use of BC formula plus SSRIs was also superior to SSRIs alone at improving HRSD scores (SMD -1.03, 95% CI -1.43 to -0.62, <i>I</i><sup>2</sup> = 94.2%). However, heterogeneity of the included studies was high and quality was low. The total number and severity of adverse events in the BC formula groups were less than that in the antidepressant groups. <b><i>Conclusions:</i></b> BC formula alone or given as integrative medicine with antidepressants reduced depression severity. However, the evidence is low quality and at risk of bias. Well-designed studies are needed to validate the results we identified in this review.",1
40816588,Preliminary exploration of the antidepressant mechanism of Bupleurum scorzonerifolium-Scutellaria baicalensis and its core SSa-Baicalin combination.,"The Bupleuri Radix-Scutellaria baicalensis Georgi pair first appeared in the Treatise on Febrile Diseases and is the core pair for the treatment of depression. Bupleurum scorzonerifolium Willd., a variety of Bupleuri Radix, is better at soothing the liver and relieving depression. However, neither the pharmacodynamic compounds nor the mechanism of the antidepressant effects of Bupleurum scorzonerifolium-Scutellaria baicalensis (BSSB) have been systematically investigated. The aim of this study was to investigate the antidepressant mechanism of BSSB and its key quality markers (Q-markers) components in combination. By observing the depressive behaviors and physicochemical indices of zebrafish, the optimal ratios for BSSB to exert antidepressant effects were determined. Second, the mechanism of BSSB in treating depression was studied in depressed mice. A combination of chemometric methods and network pharmacology, together with pharmacodynamic validation, was used to identify the antidepressant Q-markers of BSSB. On the basis of the results of the Q-marker pharmacodynamic comparison and content determination, the combination of SSa-Baicalin (SSa-BA) with the best pharmacodynamic efficacy was produced, and the optimal proportion of the combination was screened using a uniform design and analytic hierarchy process (AHP). The antidepressant efficacy and mechanism of SSa-BA were examined in depressed mice. At a 1:1 ratio, BSSB exerts its optimal antidepressant effect by attenuating the fluorescence intensity of IBa1 in the hippocampus, inducing the conversion of microglia from M1-type to M2-type, and inhibiting neuroinflammatory episodes. Sixty-two common components were detected at 11 different dosing ratios of BSSB, among which Baicalin, Baicalein, Wogonin, SSa, SSd, Kaempferol, and Puerarin were identified as antidepressant Q-markers. The total content of Baicalein, Baicalin, SSa, Wogonin, and SSd was in the range of 3.6083-3.8263 mg/g. In addition to alleviating depressive behaviors and 5-HT expression, the combination of SSa-BA at the optimal ratio of 6:1 (μmol/L) exerts pharmacological effects through the same mechanism as BSSB. This study systematically revealed that BSSB and its core component combination SSa-BA effectively alleviated depressive behaviors in mice by inhibiting microglia and inflammasome activation. Thus, this study provides important experimental evidence that BSSB and its core component combination SSa-BA are promising for the treatment of depression.",1
38972528,Neural Circuit Mechanisms of Sinisan formula for the Treatment of adolescent Depression: prefrontal cortex to dorsal raphe nucleus.,"Sinisan formula (SNSF), documented in the classic books Shanghan Lun, is known for its ability to regulate liver-qi and treat depression. However, its underlying mechanism, particularly its effects on dynamic real-time neuron activity and circuits remains to be fully elucidated. This study aimed to investigate the antidepressant effect of SNSF and its central nervous system mechanism on depression-like behaviors, focusing on the prefrontal cortex (PFC) to dorsal raphe nucleus (DRN) neural circuit in a stress-induced adolescent animal model. SNSF comprised four herbs, the root of Bupleurum chinense DC., the root of Paeonia lactiflora Pall., the fruit of Citrus aurantium L., the rhizome of Glycyrrhiza uralensis Fisch., in equal propotions. The adolescent depression animal model was induced by maternal separation (MS) and chronic restraint stress (CRS). In-vivo multichannel physiological electrodes were implanted into the PFC on PND 28 and animals were recorded 5 times during PND 35-46. From PND 47, the behavioral tests were performed to evaluate the antidepressant efficacy of SNSF. Subsequently, brain tissue was collected for Western blot and immunofluorescence staining analysis. Retro virus was injected into the DRN to explore sources of projections received by serotonergic (5-HTergic) neurons. And the PFC-to-DRN circuit was activated or inhibited through chemogenetic techniques to investigate the effects of SNSF on depression-like behaviors. Administration of SNSF for 18 days effectively alleviated depression-like behaviors in MS&CRS adolescent mice. The PFC emerged as the primary glutamatergic projection source of the DRN<sup>5-HT</sup> neurons. Following SNSF administration for 13/15/18 days, there was an increase in the firing rate of excitatory neurons and excitatory/inhibitory (E/I) ratio in the PFC. MS&CRS stress let to a reduction in the density of 5-HT+ and CaMKII + neurons in the DRN, accompanied by an increase in the density of GAD + neurons in the DRN, while SNSF administration reversed the alterations. Chemogenetic activation of the PFC-to-DRN circuit rescued the depression-like behaviors induced by MS&CRS, whereas suppression of this circuit attenuated the antidepressant effect of SNSF. SNSF significantly mitigated depression-like behaviors in MS&CRS mice. SNSF exerts its antidepressant effects by increasing the E/I ratio in the PFC and enhancing glutamatergic projections from the PFC to the DRN.",1
22196583,Anti-depressant-like effect of peony: a mini-review.,"Depression is a common psychiatric disorder, yet the clinical efficacy of antidepression therapies is unsatisfactory. Thus, the search for new anti-depressants continues, and natural products remain a promising source of new therapeutic agents. The root part of Paeonia lactiflora Pall. (Ranunculaceae), known as peony, is often used in Chinese herbal prescriptions for the treatment of depression-like disorders. The objective of this review is to provide scientific evidence to support further research on peony as a potential anti-depressant drug. This review summarizes the results obtained in our laboratory, together with other literature data obtained through a comprehensive search in databases including PubMed, ScienceDirect, Scirus, and Web of Science. The peony extract is active in the mouse forced swim test and tail suspension test, and it produces anti-depressant effects in chronic unpredictable mild stress-induced depression model in mice and rats. The anti-depressant mechanisms of peony are likely mediated by the inhibition of monoamine oxidase activity, neuro-protection, modulation of the function of hypothalamic-pituitary-adrenal axis, inhibition of oxidative stress, and the up-regulation of neurotrophins. Peony is used clinically to treat depression-like symptoms in Chinese medicine, and it has been shown to possess anti-depressant property in a battery of test models using laboratory animals. Its effect is likely mediated by multiple targets. Further studies are warranted to delineate the molecular mechanisms of action, determine the pharmacokinetics, establish the toxicological profile, and assess the potentials of peony in clinical applications. Identification of the clinically active ingredient(s) is also warranted.",1
36046834,A review for the pharmacological effects of paeoniflorin in the nervous system.,"Paeoniflorin, a terpenoid glycoside compound extracted from Paeonia lactiflora Pall, shows preventive and therapeutic effects in various types of nervous system disorders. However, to date, no comprehensive knowledge on the pharmacological effects of paeoniflorin on the nervous system is available online. Clarification of this issue may be useful for the development of paeoniflorin as a new drug for the treatment of nervous system disorders. To this end, the authors summarize the pharmacological aspects of paeoniflorin and its possible mechanisms, such as restoration of mitochondrial function; inhibition of neuroinflammation, oxidative stress, and cellular apoptosis; activation of adenosine A1 receptor, cAMP response element-binding protein (<i>CREB</i>) and extracellular signal-regulated kinase 1/2 (ERK1/2); or enhancement of brain-derived neurotrophic factor and serotonin function, in the prevention of disorders such as cerebral ischemia, subarachnoid hemorrhage, vascular dementia, Alzheimer's disease, Parkinson's disease, depression, post-traumatic syndrome disorder, and epilepsy, by reviewing the previously published literature.",1
35088681,Herbal Approaches in the Management of Mental Depression.,"Human's existence has become more stressful these days, most likely for the sake of improving one's lifestyle and fulfilling one's aspirations and needs. Depression is the most frequent neurological disorder, which affects millions of individuals worldwide. In clinical research, depression is the second most frequent chronic disease. A variety of herbal medications thought to have antidepressant-like effects have been reported in ancient pharmacopoeias from around the world. These provide several prospective chemicals that could be developed into modern mental medications while also causing no noticeable negative effects. The review is written to provide herbal treatment and comprehensive information about depression. Plants and plant formulations that were found effective in the treatment of depression are thoroughly reviewed. The antidepressant efficacies of medicinal plants, as well as their dosages, are investigated using experimental models. The review article contains 140 plants possessing antidepressant properties, 11 commercial formulations, and 25 active/isolated ingredients, as well as their chemical structure, which have been thoroughly reviewed with antidepressant activity after studying 283 references. Literature revealed that a variety of medicinal plants are effective for the treatment of depression such as Hypericum perforatum, Catha edulis, Tinospora cordifolia, Curcuma longa, Ferula foetida, Rhodio larosea, Glycyrrhiza glabra, Crocus sativus, Ocimumba silicum and Embelica officinalis. Potential compounds isolated from medicinal plants for the treatment of depressive disorders need to be established and herbal plant research could aid in this endeavour.",1
40453654,TLR4 as a therapeutic target: Antidepressant mechanism of saikosaponin A in regulating the NF-κB/BDNF axis and mitigating oxidative stress and inflammation <i>in vivo</i> and <i>in vitro</i>.,"Natural plant-derived active ingredients have gained increasing attention for their potential in the treatment of depression due to their safety and multi-target pharmacological activities. Saikosaponin A (SSA), a major bioactive saponin extracted from <i>Bupleurum</i> (a medicine and food homologous plant), has been reported to possess anti-inflammatory, neuroprotective, and antioxidative properties. In this study, we evaluated the antidepressant-like effects of SSA in a mouse model of chronic unpredictable mild stress (CUMS)-induced depression. Mice were subjected to CUMS, followed by daily administration of SSA (20 mg/kg, po for 6 weeks). Behavioral tests, including tail suspension test, open field test, elevated plus maze, and marble burying test, indicated that SSA significantly alleviated depressive-like and anxiety-like behaviors. Histopathological analysis by H&E staining showed that SSA reduced hippocampal neuronal damage induced by chronic stress. Biochemical assays revealed that SSA normalized levels of neurotransmitters (5-HT, DA, and 5-HIAA), enhanced antioxidant enzyme activity (SOD, CAT, and GSH), and suppressed neuroinflammatory cytokine production (TNF-α, IL-1β, and IL-6). Mechanistically, SSA exerted its antidepressant effects by inhibiting the TLR4/NF-κB signaling pathway and upregulating BDNF expression. In PC12 cells, TLR4 overexpression attenuated SSA's protective effects, whereas TLR4 silencing enhanced cellular resistance to corticosterone-induced damage. These findings suggest SSA alleviates CUMS-induced depression-like behaviors in mice by modulating neuroinflammation and oxidative stress through the TLR4/NF-κB/BDNF signaling axis, indicating its potential as a functional food-derived therapy for depression.",1
36278199,"Systematic review of ethnomedicine, phytochemistry, and pharmacology of <i>Cyperi Rhizoma</i>.","<i>Cyperi Rhizoma</i> (CR) is the dry rhizome of <i>Cyperus rotundus</i> L., a Cyperaceae plant. It has a long history of clinical medication and is known as the ""holy medicine"" of gynecology. CR smells sweet and bitter. It has the effect of soothing the liver and relieving depression, regulating qi, regulating meridian and relieving pain. It can be used to treat liver qi stagnation, chest pain, spleen and stomach qi stagnation, hernia pain, irregular menstruation and other diseases. At present, the main chemical constituents isolated from CR are volatile oil, flavonoids and terpenes. Modern pharmacological studies have shown that CR has a wide range of pharmacological activities, including antidepressant, hypoglycemic, antioxidant, anti-inflammatory, antipyretic and analgesic effects. In this paper, the botany, traditional application, phytochemistry, pharmacological effects, processing and other aspects of CR are reviewed. At the same time, the shortcomings of current research of CR are discussed in depth, and the possible solutions are put forward in order to find a breakthrough point for future research of CR.",1
37764277,Therapeutic Effects of Baicalin on Diseases Related to Gut-Brain Axis Dysfunctions.,"The gut-brain axis is an active area of research. Several representative diseases, including central nervous system disorders (Alzheimer's disease, Parkinson's disease, and depression), metabolic disorders (obesity-related diseases), and intestinal disorders (inflammatory bowel disease and dysbiosis), are associated with the dysfunctional gut-brain axis. Baicalin, a bioactive flavonoid extracted from <i>Scutellaria baicalensis</i>, is reported to exert various pharmacological effects. This narrative review summarizes the molecular mechanisms and potential targets of baicalin in disorders of the gut-brain axis. Baicalin protects the central nervous system through anti-neuroinflammatory and anti-neuronal apoptotic effects, suppresses obesity through anti-inflammatory and antioxidant effects, and alleviates intestinal disorders through regulatory effects on intestinal microorganisms and short-chain fatty acid production. The bioactivities of baicalin are mediated through the gut-brain axis. This review comprehensively summarizes the regulatory role of baicalin in gut-brain axis disorders, laying a foundation for future research, although further confirmatory basic research is required.",1
34334273,Paeoniflorin: A neuroprotective monoterpenoid glycoside with promising anti-depressive properties.,"Depression, as a prevalent and debilitating psychiatric disease, severely decreases the life quality of individuals and brings heavy burdens to the whole society. Currently, some antidepressants are applied in the treatment of severe depressive symptoms, while there are still some undesirable drawbacks. Paeoniflorin is a monoterpenoid glycoside that was firstly extracted from Paeonia lactiflora Pall, a traditional Chinese herb that is widely used in the Chinese herbal formulas for treating depression. This review summarized the previous pre-clinical studies of paeoniflorin in treating depression and further discussed the potential anti-depressive mechanisms for that paeoniflorin to be further explored and utilized in the treatment of depression clinically. Some electronic databases, e.g., PubMed and China National Knowledge Infrastructure, were searched from inception until April 2021. This review summarized the effective anti-depressive properties of paeoniflorin, which is related to its functions in the upregulation of the levels of monoaminergic neurotransmitters, inhibition of the hypothalamic-pituitary-adrenal axis hyperfunction, promotion of neuroprotection, promotion of hippocampus neurogenesis, and upregulation of brain-derived neurotrophic factor level, inhibition of inflammatory reaction, downregulation of nitric oxide level, etc. CONCLUSION: This review focused on the pre-clinical studies of paeoniflorin in depression and summarized the recent development of the anti-depressive mechanisms of paeoniflorin, which approves the role of paeoniflorin plays in anti-depression. However, more high-quality pre-clinical and clinical studies are expected to be conducted in the future.",1
38572433,The effect of scutellaria baicalensis and its active ingredients on major depressive disorder: a systematic review and meta-analysis of literature in pre-clinical research.,"<b>Background:</b> Scutellaria baicalensis, the dry root of <i>scutellaria baicalensis</i> georgi, is a traditional Chinese medicine with long. In clinic, scutellaria baicalensis is commonly used in prescription for the treatment of depression. Additionally, numerous pre-clinical studies have shown that Scutellaria baicalensis and its active constituents are effective for depression. In this study, we aims to systematically review the roles of scutellaria baicalensis in depression and summarize the possible mechanism. <b>Methods:</b> A systematic review and meta-analysis were conducted to analyze the existing studies on the effects of scutellaria baicalensis on depression in animal models. Briefly, we searched electronic databases including Pubmed and Embase for preclinical trial studies from inception to September 2023. The items in each study were evaluated by two independent reviewers, and meta-analyses were performed on scutellaria baicalensis-induced behavioral changes in the study. Finally, random effects model is used to collect data. <b>Results:</b> A total of 49 studies were identified, and 13 studies were included in the final analysis. They all reported the different antidepressant effects of scutellaria baicalensis and the underlying biological mechanisms. Among the included 13 studies, the results of eight articles SPT[SMD = -2.80, 95%CI(-4.03, -1.57), <i>p</i> < 0.01], the results of the nine articles OFT[SMD = -2.38, 95%CI(-3.53, -1.23), <i>p</i> < 0.01], and the results of two articles NSFT[SMD = -2.98, 95%CI(-3.94, -2.02), <i>p</i> < 0.01] were significantly different from the control group. The risk of bias was moderate in all studies, however, there was a significant heterogeneity among studies. <b>Conclusion:</b> These results preliminarily suggest that scutellaria baicalensis can alleviate depressive behaviors and modulate underlying mechanisms, which is expected to be a promising antidepressant.",1
40716620,Narcissoside from Bupleurum chinense DC. Alleviates depression by enhancing adult hippocampal neurogenesis via the TREM2/PI3K/Akt pathway.,"Bupleurum chinense DC. (Chaihu) [Apiaceae], a traditional Chinese medicinal herb, is a well-recognized natural remedy known for its antidepressant properties. Narcissoside (NCS), a flavonoid compound primarily extracted from Bupleurum chinense, has been reported to exert neuroprotective effects. To explore the potential antidepressant effect and mechanism of NCS against neuroinflammation and neurogenesis based on the TREM2/PI3K/Akt pathway. Using the chronic unpredictable mild stress (CUMS) mouse chronic stress models, different doses of NCS were administered to intervene. Depression-related behavior was tested in mice treated with NCS using sucrose preference test (SPT), open field test (OFT), tail suspension test (TST), and forced swimming test (FST). Neuroinflammation was observed by ELISA and qRT-PCR. Immunohistochemistry, immunofluorescence, Golgi staining, and electrophysiological methods were used to observe the characteristics of neurogenesis. Analysis of the signaling pathway involving TREM2/PI3K/Akt using western blotting. Pharmacological inhibition of adult neurogenesis by Temozolomide (TMZ) and deletion of TREM2 expression by shRNA lentiviral particles was used to validate the antidepressant-like and neurogenetic effects of microglial TREM2 expression on NCS intervention in CUMS mice. The interaction between NCS and TREM2 was predicted by molecular docking and verified by MST technique. NCS effectively improved depression-like behavior in mice. NCS reduced the release of pro-inflammatory factors, increased the production of new neurons, alleviated neuron injury, and promoted the dendrite maturation of new neurons in the hippocampus. Temozolomide, which inhibits adult neurogenesis in mice, impaired the antidepressant response of NCS. In addition, TREM2/PI3K/Akt signaling was enhanced after NCS intervention. A murine model subjected to CUMS and treated with NCS, a known flavonoid with novel antidepressant activity, exhibited alleviated depressive symptoms, along with restored neuron injury markers and improved neurogenesis. These effects were observed in depressed mice through modulation of the TREM2/PI3K/Akt signaling pathway. Knocking out TREM2 expression with shRNA lentiviral particles impaired the antidepressant response of NCS. NCS plays an antidepressant role, and its mechanism depends on the inhibition of neuroinflammation, the enhancement of adult hippocampal neurogenesis, and the activation of TREM2/PI3K/Akt pathway.",1
35847012,Integration of Non-Targeted Metabolomics and Targeted Quantitative Analysis to Elucidate the Synergistic Antidepressant Effect of Bupleurum Chinense DC<i>-</i>Paeonia Lactiflora Pall Herb Pair by Regulating Purine Metabolism.,"<i>Bupleurum chinense</i> DC (Chaihu)<i>-Paeonia lactiflora</i> Pall (Baishao) is among the most accepted herb pairs in many classic antidepressant prescriptions. Our previous study has shown that the Chaihu-Baishao herb pair (CBHP) had a better antidepressant effect than Chaihu or Baishao. Nevertheless, the synergistic antidepressant mechanism of this herb pair was not clearly understood. This study aimed to investigate the compatibility mechanism of Chaihu and Baishao for treating depression through a strategy of non-targeted metabolomics combined with targeted quantitative analysis and molecular biology techniques. First, the compatibility effects of CBHP were assessed by the chronic unpredictable mild stress (CUMS) rat model. Next, cortex metabolomics based on ultra-high-performance liquid chromatography combined with quadrupole orbitrap mass spectrometry (UPLC-Q-Orbitrap/MS) was used to discover the metabolic pathway that was synergistically regulated by CBHP. Based on the results of metabolomics analysis, metabolites were quantitatively validated by UPLC-MS/MS combined with the MRM mode in the crucial metabolic pathway. In addition, the signaling pathway associated with this metabolic pathway was detected by molecular biology techniques to further identify the biological meaning of the crucial metabolite on the synergistic antidepressant effect of CBHP. The antidepressant effect of CBHP was significantly better than that of Chaihu or Baishao single administrated in the behavioral test. According to cortex metabolomics, a total of 21 differential metabolites were screened out, and purine metabolism was selected as the crucial metabolic pathway by the enrichment analysis of differential metabolites. Subsequently, purine metabolism was confirmed as disorder in the CUMS group by targeted quantitative analysis, CBHP regulated more purine metabolites (six) than individual administration (two and two). The results showed that purine metabolism was modulated by CBHP through synergistically decreasing xanthine levels and inhibiting the conversion of xanthine dehydrogenase (XDH) to xanthine oxidase (XOD). Finally, the synergistic regulation effect of CBHP on xanthine synthesis was found to be related to inhibition of malondialdehyde (MDA) production, Nod-like receptor protein 3 (NLRP3) inflammasome expression, and interleukin (IL)-1<i>β</i>, IL-6, and tumor necrosis factor (TNF)-<i>α</i> secretion. The present study demonstrated that the regulation of purine metabolism, the suppression of oxidative stress, and inflammatory responses in the cortex were involved in the synergistic antidepressant effect of CBHP.",1
40348996,Antidepressant effect of Radix bupleuri - Radix paeoniae alba herb pair on chronic unpredictable mild stress rats based on cortical metabolomics.,"Depression is a serious mental disorder, and its incidence rate has increased rapidly. Radix Bupleuri (root of Bupleurum chinensis DC. BR)-Radix Paeoniae Alba (root of Paeonia lactiflora Pall. PRA) herb pair has been historically used for treating depression in Traditional Chinese Medicine (TCM) while the mechanisms need to be fully revealed. The effects of the BR-PRA herb pair were investigated using a rat model of chronic unpredictable mild stress (CUMS). First, the depressive-like behavior of rats was evaluated by open field test (OFT), elevated plus-maze test (EMP), and forced swimming test (FST). Secondly, histomorphological changes in the CA1 and CA3 regions of the hippocampus were analyzed by hematoxylin-eosin, nissl, and Golgi staining. Ultra high-performance liquid chromatograph tandem quadrupole mass spectrometry (UHPLC-QTRAP-MS/MS) was performed to reveal potential antidepressant mechanisms. Following CUMS exposure, rats displayed depressive-like behavior, and neuronal death in the hippocampal region was observed. Consequently, these abnormal changes were reversed by BR-PRA herb-pair intervention. A total of 26 different metabolites related to depression were identified by metabolomics, mainly involving eleven metabolic pathways of pentose phosphate pathway, purine metabolism, and amino sugar and nucleotide sugar metabolism. BR-PRA herb-pair improved four metabolites, including homocitrulline, N-acetyllysine, corticosterone, and N-acetylglutamate. It also may affect the development of depression by interfering with the hypothalamus-pituitary-adrenal axis (HPA axis), amino acid metabolism related to lysine and glutamate, and modulation of oxidative stress. BR-PRA herb-pair alleviated depressive-like behavior in CUMS rats, recovered hippocampus damage, and regulated cerebral cortex metabolism, which may be related to the HPA axis, amino acid metabolism related to lysine and glutamate, and modulation of oxidative stress. Not applicable.",1
38217462,Two Omics Methods Expose Anti-Depression Mechanism of Raw and Vinegar-Baked Bupleurum Scorzonerifolium Willd.,"Bupleurum scorzonerifolium willd. (BS) and its vinegar-baked product (VBS) has been frequently utilized for depression management in clinical Chinese medicine. This paper aims to elucidate the antidepressant mechanism of BS and VBS from the perspectives of metabonomics and gut microbiota. A rat model of depression was established by CUMS combined with feeding alone to evaluate the antidepressant effects of BS and VBS. UPLC-Q-TOF-MS/MS-based metabolomics and 16S rRNA sequencing of rat feces were applied and the correlation of differential metabolic markers and intestinal floras was analyzed. The result revealed that BS and VBS significantly improved depression-like behaviors and the levels of monoamine neurotransmitters in CUMS rats. There were 27 differential endogenous metabolites between CUMS and normal rats, which were involved in 8 metabolic pathways. Whereas, BS and VBS could regulate 18 and 20 metabolites respectively, wherein fifteen of them were shared metabolites. On the genus level, BS and VBS could regulate twenty-five kinds of intestinal floras in CUMS rats, that is, they increased the abundance of beneficial bacteria and decreased the abundance of harmful bacteria. In conclusion, both BS and VBS exert excellent antidepressant effects by regulating various metabolic pathways and ameliorating intestinal microflora dysfunction.",1
35589704,Anxiolytic and antidepressants' effect of Crataegus pinnatifida (Shan Zha): biochemical mechanisms.,"Depression and anxiety disorders are highly prevalent. Selective serotonin reuptake inhibitors (SSRIs) are the current first-line treatment for depression, but they have pronounced limitations. Traditional Chinese medicine can serve as a safe and effective alternative to conventional drugs, particularly since many herbal remedies have already been approved for human use as food additives, making the transition from bench to bedside more efficient. We previously demonstrated that a novel herbal treatment (NHT) induces anxiolytic- and antidepressant-like effects. NHT consists of four herbs: Crataegus pinnatifida (Shan Zha), Triticum aestivum (Fu Xiao Mai), Lilium brownii (Baihe), and the fruit of Ziziphus jujuba (Da Zao). In the current study, we examined the antidepressant-like and anxiolytic-like activities of each individual herb on stressed mice and compared those to the effects of NHT and escitalopram. We show here that Shan Zha is sufficient to produce an anxiolytic and antidepressant-like effect similar to NHT or the escitalopram through activation of 5-HT1A receptor and an elevation in BDNF levels in the hippocampus and Pre-frontal cortex (PFC). Chronic treatment with Shan Zha did not alter serotonin transporter levels in the PFC, as opposed to escitalopram treatment. These results were confirmed in vitro, as none of the herbs blocked SERT activity in Xenopus oocytes. Notably, Shan Zha is sold as a nutritional supplement; thus, its transition to clinical trials can be easier. Once its efficacy and safety are substantiated, Shan Zha may serve as an alternative to conventional antidepressants.",1
39701046,<italic>Scutellariae radix</italic> Ameliorates Prenatal Stress-Induced Anxiety-Like and Depression-Like Behavior in the Offspring via Reversing HPA Axis Hyperfunction and Ameliorating Neurodevelopmental Dysfunction.,"This study aimed to explore the impact and mechanism of Scutellariae radix (SR), dried root of Scutellaria baicalensis Georgi of Labiatae, on prenatal stress (PS)-induced anxiety-like and depression-like behavior in the offspring in a mouse prenatal stress model. The open field test (OFT), tail suspension test (TST), and forced swimming test (FST) were utilized to assess the behavior of the offspring. Histological changes were evaluated using HE staining and Nissl staining. ELISA was employed to detect the levels of related factors in the serum and fetal brains of offspring mice. Immunohistochemistry was used to determine the expressions of doublecortin and neurotrophic factors in the hippocampus, and RT-PCR reflected the expression of factors in the hippocampus and placenta of offspring mice. These various techniques collectively provided insight into the neurodevelopmental status by detecting indicators related to neurodevelopmental status. LC-MS/MS and molecular docking were used to clarify the chemical constituents and the pharmacodynamic components in S. radix. S. radix ameliorated prenatal stress-induced anxiety-like and depression-like behavior in the offspring. It also alleviated hippocampal neurogenesis impairment caused by prenatal stress and restored abnormal expression of hippocampal glutamate (Glu) and brain-derived neurotrophic factor in the offspring. Additionally, S. radix maintained normal 11β-HSD1 expression in the placenta of prenatal stress mice, ensuring a normal level of glucocorticoids (GCs) and glucocorticoid receptors (GRs) in the fetus. Furthermore, S. radix increased the mRNA expression of GR and 11β-HSD2 while decreasing the mRNA expression of 11β-HSD1, thereby normalizing levels of serum CRH, ACTH, and GC in the offspring. Finally, docking results indicated that baicalein, wogonin, wogonoside, and baicalin exhibited stronger binding ability with the target. The results of our study indicate that S. radix may have the potential to alleviate prenatal stress-induced anxiety-like and depression-like behaviors in offspring, at least partially through protecting placental barrier function, reversing HPA axis hyperfunction, and ameliorating neurodevelopmental dysfunction.",1
36574791,An integrated strategy to study the combination mechanisms of Bupleurum chinense DC and Paeonia lactiflora Pall for treating depression based on correlation analysis between serum chemical components profiles and endogenous metabolites profiles.,"Bupleurum chinense DC-Paeonia lactiflora Pall (BCD-PLP) is a common clinical herb pair in traditional Chinese medicine (TCM) prescriptions commonly used to treat depression. However, its combination mechanisms with its anti-depressive effects remain highly unclear. Here, an effective strategy has been developed to study the combination mechanisms of Bupleurum chinense DC (BCD) and Paeonia lactiflora Pall (PLP) by integrating serum pharmacochemistry analysis, metabolomics technology, and molecular docking technology. First, the depression model rats were replicated by the chronic unpredictable mild stress (CUMS) procedure, and the difference in the chemical composition in vivo before and after the combination of BCD and PLP was analyzed by integrating background subtraction and multivariate statistical analysis techniques. Then, UPLC/HRMS-based serum metabolomics was performed to analyze the synergistic effect on metabolite regulation before and after the combination of BCD and PLP. Further, the correlation analysis between the differential exogenous chemical components and the differential endogenous metabolites before and after the combination was employed to dissect the combination mechanisms from a global perspective of combining metabolomics and serum pharmacochemistry. Finally, the molecular docking between the differential chemical components and the key metabolic enzymes was applied to verify the regulatory effect of the differential exogenous chemical components on the differential endogenous metabolites. The serum pharmacochemistry analysis results demonstrated that the combination of BCD and PLP could significantly affect the content of 10 components in BCD (including 5 prototype components were significantly decreased and 5 metabolites were significantly increased) and 8 components in PLP (including 4 prototype components and 3 metabolites were significantly increased, 1 metabolite was significantly decreased), which indicated that the combination could enhance BCD prototype components' metabolism and the absorption of the PLP prototype components. Besides, metabolomics results indicated that the BCD-PLP herb pair group significantly reversed more metabolites (8) than BCD and PLP single herb group (5 & 4) and has a stronger regulatory effect on metabolite disorders caused by CUMS. Furthermore, the correlation analysis results suggested that saikogenin F and saikogenin G were significantly positively correlated with the endogenous metabolite itaconate, an endogenous anti-inflammatory metabolite; and benzoic acid was significantly positively correlated with D-serine, an endogenous metabolite with an antidepressant effect. Finally, the molecular docking results further confirmed that the combination of BCD and PLP could affect the activities of cis-aconitic acid decarboxylase and D-amino acid oxidase by increasing the in vivo concentration of saikogenin F and benzoic acid, which further enhances its anti-inflammatory activity and anti-depressive effect. In this study, an effective strategy has been developed to study the combination mechanisms of BCD and PLP by integrating serum pharmacochemistry analysis, multivariate statistical analysis, metabolomics technology, and molecular docking technology. Based on this strategy, the present study indicated that the combination of BCD and PLP could affect the activities of cis-aconitic acid decarboxylase and D-amino acid oxidase by increasing the concentration of saikogenin F and benzoic acid in vivo, which further enhances its anti-depressive effect. In short, this strategy will provide a reliable method for elucidating the herb-herb compatibility mechanism of TCM.",1
34900345,Cryptotanshinone ameliorates CUS-induced depressive-like behaviors in mice.,"Cryptotanshinone (CPT), a natural quinoid diterpene, isolated from <i>Salvia miltiorrhiza</i>, has shown various pharmacological properties. However, its effect on chronic unpredictable stress (CUS)-induced depression phenotypes and the underlying mechanism remain unclear. Therefore, the aim of this study was to investigate whether CPT could exert an antidepressant effect. We investigated the effects of CPT in a CUS-induced depression model and explored whether these effects were related to the anti-inflammatory and neurogenesis promoting properties by investigating the expression levels of various signaling molecules at the mRNA and protein levels. Administration of CPT improved depression-like behaviors in CUS-induced mice. CPT administration increased the levels of doublecortin-positive cells and reversed the decrease in the expression levels of brain-derived neurotrophic factor (BDNF)/tyrosine kinase receptor B (TrkB) signaling transduction, as well as the downstream functional proteins, phosphorylated extracellular regulated protein kinases (p-ERK), and cyclic adenosine monophosphate (cAMP)-response element-binding protein levels (p-CREB) in hippocampus. CPT treatment also inhibited the activation of microglia and suppressed M1 microglial polarization, while promoting M2 microglial polarization by monitoring the expression levels of arginase 1 (Arg-1) and inducible nitric oxide synthase (iNOS), and further inhibited the expression of proinflammatory cytokines, including interleukin (IL)-1, IL-6, and tumor necrosis factor-α (TNF-α), and increased the expression of the anti-inflammatory cytokine IL-10 by regulating nuclear factor-κB (NF-κB) activation. CPT relieves the depressive-like state in CUS-induced mice by enhancing neurogenesis and inhibiting inflammation through the BDNF/TrkB and NF-κB pathways and could therefore serve as a promising candidate for the treatment of depression.",1
40077679,"The Effects of Combined Scutellaria and Saffron Supplementation on Mood Regulation in Participants with Mild-to-Moderate Depressive Symptoms: A Randomized, Double-Blind, Placebo-Controlled Study.","<b>Background/Objectives:</b> The global prevalence of mental health disorders, particularly anxiety and depression, has increased significantly, with rates further elevated by the COVID-19 pandemic. Conventional pharmacological treatments, while effective, often lead to side effects that can impact patient adherence and quality of life. This has driven interest in safer, natural adjunctive therapies. <i>Crocus sativus</i> L. (<i>Iridaceae</i>) (saffron) and <i>Scutellaria baicalensis Georgi</i> (<i>Lamiaceae</i>) (scutellaria) have individually shown potential, in humans and animals, respectively, as mood regulators, with bioactive compounds that modulate neurotransmitter systems and possess anti-inflammatory and anxiolytic effects. This study aimed (1) to explore the efficacy and safety of scutellaria extracts in humans and (2) to test a possible synergistic effect when combining scutellaria and saffron on mood regulation in individuals experiencing mild-to-moderate depressive symptoms. <b>Methods:</b> In a randomized, double-blind, placebo-controlled trial, 180 participants with mild-to-moderate depressive symptoms were assigned to receive either scutellaria extract alone (SCUTELL'UP<sup>®</sup>), saffron extract alone (SAFFR'ACTIV<sup>®</sup>), a combination of scutellaria and saffron extracts (SAFFR'UP<sup>®</sup>), or a placebo for six weeks. The primary outcome was assessed using a standardized depression scale (Beck Depression Inventory). The secondary outcomes, including anxiety, emotional state, well-being level, and sleep quality, were all assessed using validated questionnaires. Safety and tolerability were evaluated throughout the study period. <b>Results:</b> The results confirmed the beneficial effects of saffron extract on depressive and anxious symptoms, as well as its role in improving sleep quality. For the first time in humans, scutellaria extract demonstrated a positive effect on mood regulation. Furthermore, a synergistic effect of the combination of these two extracts was identified, leading to enhanced improvements in depressive and anxious symptoms and emotional well-being among individuals with mild-to-moderate depression, compared to the placebo group. Minimal adverse effects were reported across all treatment groups. <b>Conclusions:</b> This natural adjunctive nutritional strategy offers a promising alternative for individuals seeking safer options for mental health support. Further research is warranted to exclude potential long-term side effects and to explore potential mechanisms of this combined supplementation.",1
39971013,Paeoniflorin inhibits chronic restraint stress-induced progression of hepatocellular carcinoma through suppressing norepinephrine-induced activation of hepatic stellate cells via SRC/AKT/ERK pathways.,"Paeoniae Radix Alba (the root of Paeonia lactiflora Pall.) is a well-known Chinese herb medicine used for alleviating depression and anxiety. Paeoniflorin (PF), an active ingredient of Paeoniae Radix Alba, is usually used in emotion and inflammation-related diseases. In recent years, some studies showed that PF may also possess anti-tumor potential. This study aimed to explore the effects of PF on chronic restraint stress (CRS)-induced hepatocellular carcinoma (HCC) progression and elucidate the potential molecular mechanisms. ICR male mice bearing H22-Luc orthotopic transplant tumors were subjected to CRS and administrated with PF. To identify the direct target of PF, network pharmacology, RNA sequencing, and molecular docking analyses were employed. CCK8, Western blotting and qRT-PCR assays were performed to explore the molecular mechanisms of PF. PF mitigated CRS-induced depression-like behaviors in tumor-bearing mice and suppressed the growth of orthotopically transplanted tumors. PF also decreased the number of c-fos positive neurons in the paraventricular nucleus of hypothalamus in CRS-exposed mice and lowered the serum norepinephrine (NE) level. NE treatment promoted the proliferation and αSMA production of hepatic stellate cells (HSCs), but did not alter the viability and migration of HCC cells. Furthermore, the conditional medium (CM) from NE-treated HSCs enhanced the proliferation and migration of HCC cells. PF not only inhibited NE-induced activation of HSCs, also reduced HSCs-CM induced viability and migration of HCC cells. Network pharmacology and RNA sequencing showed SRC was a potential target of PF in HSCs, which was further validated by molecular docking and cellular thermal shift assay. NE treatment upregulated the phosphorylation of SRC, AKT and ERK1/2 in HSCs, which was inhibited by PF. The findings of this study support that PF could ameliorate CRS-induced HCC progression by inhibiting CRS-induced HSCs activation through SRC/AKT/ERK signaling pathway. Our work may provide a new prospect for PF in the treatment of HCC with comorbid psychological stress.",1
41139445,[Modified <i>Chaihu Guizhi</i> Decoction alleviates anxiety- and depression-like behaviors in mice with chronic unpredictable mild stress by inhibiting the JAK2/STAT3 signaling pathway].,"To investigate the mechanisms of Modified <i>Chaihu Guizhi</i> Decoction (MCGD) for ameliorating anxiety- and depression-like behaviors in a mouse model of chronic unpredictable mild stress (CUMS). The main chemical constituents of MCGD were identified through literature review, and network pharmacology analysis was performed to predict the potential pharmacological mechanisms of MCGD. For <i>in vivo</i> validation, male C57BL/6J mice were randomized into control group, CUMS model group, fluoxetine (FLX) treatment group, and low- and high-dose MCGD treatment groups (<i>n</i>=15), and in all but the control group, CUMS models were established by daily exposure to two randomized stressors for 28 consecutive days. Starting from 3 days prior to modeling, MCGD and fluoxetine treatments were administered daily via gavage and intraperitoneal injection, respectively. Depression- and anxiety-like behaviors of the mice were assessed using sucrose preference test, forced swim test, open field test and elevated plus maze test. The changes in mRNA expressions of the clock genes and inflammatory markers and expressions of the JAK2/STAT3 signaling proteins were detected using RT-qPCR and Western blotting, and immunofluorescence staining was used to detect microglia activation in the mice. The key active compounds in MCGD identified by network pharmacology analysis included quercetin, acacetin, formononetin, nobiletin, and baicalein. GO analysis identified 607 enriched pathways, and KEGG pathway enrichment revealed significant involvement of the JAK2/STAT3 and NF-κB signaling pathways. In the mouse models of CUMS, treatment with both fluoxetine and MCGD significantly alleviated anxiety- and depression-like behaviors. MCGD treatment significantly reduced Iba1 expression, improved the inflammatory markers, reversed the decrease in clock gene circadian rhythm amplitude, and obviously downregulated the expressions of JAK2, p-STAT3, p-NF-κB, IL-1β, and IL-6 proteins. MCGD effectively alleviates anxiety- and depression-like behaviors in CUMS mice by modulating the inflammatory pathways and inhibiting the JAK2/STAT3 signaling pathway.",1
34049474,Berberine and Ginsenoside Rb1 Ameliorate Depression-Like Behavior in Diabetic Rats.,"<i>Rhizoma coptidis</i> (Huang-lian) and Asian <i>ginseng</i> have been widely used in the treatment of diabetes and other concurrent diseases with apparent effects. This study investigated the effects of the active ingredients of <i>R. coptidis</i> and <i>ginseng</i>, berberine and ginsenoside Rb1, on depression-like behavior in a rat diabetes model. The animal model was established via a high-fat diet and intraperitoneal injection of streptozotocin, while the animal's depression-like behavior was induced via chronic unpredictable mild stress. These experimental rats were divided into four groups: control, depression-like behavior (DLB), metformin plus fluoxetine hydrochloride (M+FH), and berberine plus ginsenoside Rb1 (B+GRb1) groups. Glucose metabolism and insulin resistance were evaluated by oral glucose test and glucose clamp study. Depression-like behavior was evaluated via behavioral analyses, including forced swim, sucrose preference, elevated plus maze, and open-field tests. HE and Nissl staining, plasma cortisol expression of adrenocorticotropic hormone, and brain-derived neurotrophic factor (BDNF) levels were assayed to explore the mechanisms of action. Compared with the control, rats in the DLB group had a significant increase in the levels of blood glucose and depression-like behavior. The B+GRb1 group significantly improved glucose metabolism and insulin resistance, reduced depression-like behavior, downregulated levels of plasma cortisol and adrenocorticotropic hormone under stress, and upregulated BDNF protein expression compared to the DLB rats. HE and Nissl staining data revealed that B+GRb1 protected neurons from pathological and morphological changes. Thus, berberine and ginsenoside Rb1 not only improved glucose metabolism in diabetic rats but also ameliorated their depression-like behavior under chronic unpredictable stress. Mechanistically, studied data with plasma hormonal levels and brain neuronal pathological/morphological changes supported the observed effects. The combination of berberine and ginsenoside Rb1 may have a clinical value in the management of diabetic patients with depression.",1
35924058,"Neuroprotective Effects and Mechanisms of Senegenin, an Effective Compound Originated From the Roots of Polygala Tenuifolia.","Senegenin is the main bioactive ingredient isolated from the dried roots of <i>Polygala tenuifolia</i> Willd. In recent years, senegenin has been proved to possess a variety of pharmacological activities, such as anti-oxidation, anti-inflammation, anti-apoptosis, enhancement of cognitive function. Besides, it has a good development prospect for the treatment of neurodegenerative diseases, depression, osteoporosis, cognitive dysfunction, ischemia-reperfusion injury and other diseases. However, there is no systematic literature that fully demonstrates the pharmacological effects of senegenin. In order to meet the needs of new drug research and precise medication, this review summarized the neuroprotective effects, mechanisms and gastrointestinal toxicity of senegenin based on the literatures published from the past 2 decades. In addition, an in-depth analysis of the existing problems in the current research as well as the future research directions have been conducted in order to provide a basis for the clinical application of this important plant extract.",1
35143936,Efficacy of paeoniflorin on models of depression: A systematic review and meta-analysis of rodent studies.,"Paeoniflorin, a bioactive compound extracted from the traditional Chinese herb, Paeonia lactiflora Pall, has been demonstrated to possess efficient antidepressant activity in previous studies. Our systematic review and meta-analysis aimed to assess the effectiveness of paeoniflorin in relieving depressive-like behaviors in animal models. We searched for in vivo studies on the antidepressant effects of paeoniflorin in rodents using electronic databases from their inception to April 2021. The measurements of animal behavioral tests, including the sucrose consumption, forced swimming, tail suspension, and open field tests, were regarded as the outcomes. Fourteen studies involving 416 animals met the inclusion criteria and were included in the meta-analysis. Statistical analysis revealed remarkable differences between the paeoniflorin and control groups. Furthermore, the paeoniflorin group showed great efficiency in improving depressive-like symptoms of animals in the sucrose consumption, forced swimming, tail suspension, and open field tests. Our meta-analysis demonstrates that paeoniflorin can significantly improve depressive-like symptoms in animals and suggests that it can be a potential therapy for patients with depression in the future.",1
41033421,Chaihu Longgu Muli Decoction attenuates chronic stress-induced endothelial dysfunction and potentiates chemotherapy in breast cancer by inhibiting cAMP/PKA/CREB1 mediated glycolysis.,"Clinical evidence indicates that breast cancer frequently coexist with depressive disorders, with research demonstrating a strong correlation between chronic stress-induced depression and the promotion of breast cancer growth and metastasis. Chaihu Longgu Muli Decoction (CLM), a traditional herbal formulation, has been commonly employed as an antidepressant in clinical. Nevertheless, the potential inhibitory effects of CLM on chronic stress-induced breast cancer progression remain to be elucidated. To investigate the effect and underlying mechanisms of CLM in the treatment of chronic stress-induced breast cancer progression. Using a syngeneic 4T1 breast cancer model combined with the chronic unpredictable mild stress (CUMS) paradigm, we evaluated the efficacy of CLM on CUMS-induced depressive-like behaviors and tumor progression. Scanning electron microscopy (SEM) and immunofluorescence staining were employed to assess morphological and molecular alterations in tumor vasculature. LC-MS identified the blood-absorbed components of CLM, and network pharmacology was employed to predict the signal pathways involved in CLM's suppression of CUMS-induced endothelial dysfunction. In vitro, epinephrine (Epi)-induced angiogenesis model were using human umbilical vein endothelial cells (HUVECs) was established to examine the effects of CLM on endothelial dysfunction. Finally, MMTV-PyMT transgenic mouse model of spontaneous breast cancer with comorbid depression was utilized to validate whether CLM enhances chemosensitivity by promoting tumor vascular normalization. In the 4T1-derived tumor model, CUMS enhanced tumor growth, upregulated the proliferation marker Ki67, and increased serum Epi levels. SEM and immunofluorescence staining revealed that CUMS promoted angiogenesis and endothelial dysfunction. CLM treatment significantly ameliorated CUMS-induced depressive-like behaviors and suppressed tumor growth. Notably, CLM restored CUMS-impaired endothelial function. LC-MS and network pharmacology analysis identified that CLM-mediated tumor vascular normalization was associated with cAMP signaling pathway. In vitro, CLM inhibited Epi-induced endothelial cell migration, invasion, and tube formation while upregulating tight junction proteins (VE-cad and ZO-1). Mechanistically, CLM suppressed cAMP/PKA/CREB1 activation and inhibits glycolysis. In MMTV-PyMT mice, CUMS accelerated tumor progression and vascular dysfunction, impaired the efficacy of Dox chemotherapy. Conversely, CLM promoted tumor vascular normalization, enhanced intratumoral Dox delivery, and effectively attenuated CUMS-driven breast cancer growth and metastasis. Chronic stress attenuates chemotherapeutic drug delivery by inducing endothelial dysfunction in breast cancer. CLM promotes tumor vascular normalization, reverses chronic stress-induced vascular dysfunction, and potentiates chemotherapy by inhibiting cAMP/PKA/CREB1 mediated glycolysis in breast cancer.",1
40657643,Preclinical and experimental evidence of salvianolic acid B in the treatment of neurological diseases.,"Neurological diseases such as stroke and Alzheimer's disease pose increasing challenges to global public health. Salvianolic Acid B (SalB), a major active component of <i>Salvia miltiorrhiza</i>, has garnered attention due to its anti-inflammatory, antioxidant, neuroprotective, and pro-angiogenic properties in neurological disease treatment. This paper aims to review the mechanisms and effects of SalB in the treatment of neurological diseases, exploring its role in improving neurological function, mitigating neuroinflammation, and reducing oxidative stress. SalB demonstrates multifaceted mechanisms in neurological disease management. In animal models of cerebral ischemia/reperfusion injury, SalB reduces infarct size and enhances neurological recovery via anti-inflammatory, anti-oxidative stress, and angiogenic pathways. It protects the blood-brain barrier and inhibits neuronal apoptosis in stroke models. In spinal cord injury models, SalB alleviates edema and promotes motor function recovery. In Alzheimer's disease models, SalB suppresses amyloid-beta formation and neuroinflammation. Additionally, SalB exhibits antidepressant and analgesic effects in pain-depression comorbidity models. These effects are mediated through the regulation of signaling pathways, including NF-κB, AMPK, PI3K/Akt, and Nrf2, highlighting SalB's broad therapeutic potential in neurological diseases. SalB exhibits promising prospects in the treatment of neurological diseases. However, its clinical application faces challenges such as chemical stability and bioavailability. Further research on the mechanisms of SalB and innovative drug delivery strategies is needed to advance its application in neurological disease therapy.",1
32810624,Integrated network pharmacology and metabolomics to dissect the combination mechanisms of Bupleurum chinense DC-Paeonia lactiflora Pall herb pair for treating depression.,"The compatibility of Bupleurum chinense DC (Chaihu)-Paeonia lactiflora Pall (Baishao) is one of the most accepted herb pairs in traditional Chinese medicine (TCM) prescriptions for treating depression. However, the combination mechanisms of this herb pair for anti-depression remain unclear. In this study, the combined effect of Chaihu-Baishao was evaluated by the chronic unpredictable mild stress (CUMS) rat model. Secondly, network pharmacology was constructed to dissect the united mechanisms. Based on the results of network pharmacology analysis, plasma metabolomics based on ultra-high-performance liquid chromatography combined with quadrupole time-of-flight mass spectrometry (UPLC-QTOF/MS) was performed to discover the collaborative effect on metabolite regulation. Furthermore, the targets from network pharmacology and the metabolites from metabolomics were jointly analyzed to select crucial metabolism pathways by MetaScape. Finally, the key metabolic enzymes and metabolites were experimentally validated by ELISA. The antidepressant effect of Chaihu-Baishao herb pair was significantly better than Chaihu or Baishao in sucrose preference test (SPT), open-field test (OFT), and forced swim test (FST). In network pharmacology, herb pair played synergetic effect through regulating shared pathways, such as MAPK signaling pathway and arachidonic acid metabolism, etc. Besides, by metabolomics, the herb pair improved more metabolites (14) than a single herb (10 & 9) and has a stronger regulation effect on metabolites. Correspondingly, herb pair adjusted more metabolism pathways (5) than individual herb (4 & 4). Furthermore, the arachidonic acid metabolism was selected as crucial metabolism pathways by a joint analysis of 199 targets and 14 metabolites. The results showed that herb pair regulated arachidonic acid metabolism by synergetic reducing the level of arachidonic acid, and inhibiting the enzyme activity of prostaglandin-endoperoxide synthase 1 (PTGS1) and prostaglandin-endoperoxide synthase 2 (PTGS2). This work provided an integrated strategy for revealing the combination mechanisms of Chaihu-Baishao herb pair for treating depression, and also a rational way for clarifying the composition rules of TCM.",1
22450800,Bupleurum falcatum prevents depression and anxiety-like behaviors in rats exposed to repeated restraint stress.,"Previous studies have demonstrated that repeated restraint stress in rodents produces increases in depression and anxietylike behaviors and alters the expression of corticotrophinreleasing factor (CRF) in the hypothalamus. The current study focused on the impact of Bupleurum falcatum (BF) extract administration on repeated restraint stress-induced behavioral responses using the forced swimming test (FST) and elevated plus maze (EPM) test. Immunohistochemical examinations of tyrosine hydroxylase (TH) expression in rat brain were also conducted. Male rats received daily doses of 20, 50, or 100 mg/kg (i.p.) BF extract for 15 days, 30 min prior to restraint stress (4 h/day). Hypothalamicpituitary- adrenal axis activation in response to repeated restraint stress was confirmed base on serum corticosterone levels and CRF expression in the hypothalamus. Animals that were pre-treated with BF extract displayed significantly reduced immobility in the FST and increased open-arm exploration in the EPM test in comparison with controls. BF also blocked the increase in TH expression in the locus coeruleus of treated rats that experienced restraint stress. Together, these results demonstrate that BF extract administration prior to restraint stress significantly reduces depression and anxiety-like behaviors, possibly through central adrenergic mechanisms, and they suggest a role for BF extract in the treatment of depression and anxiety disorders.",1
24974002,"A systematic review on the efficacy, safety and types of Chinese herbal medicine for depression.","Chinese herbal medicine (CHM) is one of the commonly used complementary and alternative medicine therapies for major depressive disorder. The objective of this study was to review the efficacy, safety and types of CHM for depression. We systematically searched key databases (9 Chinese and 7 English) up until May 2013 for randomized controlled trials (RCTs) and examined 7 systematic reviews for additional articles. Methodological quality was assessed by modified Jadad scale and Cochrane's risk of bias assessment. Only studies with moderate methodological quality, defined as modified Jadad scale score ≥3, were included in meta-analysis for efficacy. Of the 296 RCTs that were assessed in details, 278 (93.9%) had modified Jadad scale score < 3, and only 21 scored ≥ 3. The frequently used formulas were Xiao Yao decoction, Chaihu Shugan decoction and Ganmai Dazao decoction; while Chaihu, Bai Shao and Fu Ling were the frequently used single herb. Meta-analyses showed that CHM monotherapy was better than placebo and as effective as antidepressants in reducing Hamilton Depression Rating Scale (HDRS) score (CHM vs. placebo: mean difference: -7.97, 95% CI: -10.25 to -5.70, P < 0.00001, 2 studies; CHM vs. antidepressants: mean difference: 0.01, 95% CI: -0.28 to 0.30, P = 0.95, 7 studies). CHM were associated with less adverse events than antidepressants, and adding CHM to antidepressants reduced adverse events. Despite the overall positive results, due to the small number of studies with sufficient methodological quality, it is premature to accurately conclude the benefits and risks of CHM for depression.",1
41115486,Polygalae Radix extracts show anti-Parkinson's disease effects and reduce depression-like symptoms by modulating energy metabolism.,"Lately, herbs have evolved into promising therapeutic modalities for preventing and treating Parkinson's disease (PD). Polygalae Radix, a well-known traditional Chinese medicine (TCM), has long been utilized in TCM practice for its effects of opening orifices, dislodging phlegm, detoxifying, reducing swelling and calm the heart and mind. PD is a highly prevalent neurodegenerative disorder, with depression being one of its cardinal clinical manifestations. Roughly 40-50 % of people with PD may experience depression. However, drugs that can alleviate depressive symptoms in PD patients may exacerbate motor symptoms of PD. Therefore, therapeutic agents with low toxicity that are capable of ameliorating PD and its comorbid depressive symptoms represent a current research priority. Our study investigates the relieving effects and underlying mechanisms of Polygalae Radix extracts (PRE) on PD and its associated depressive symptoms. 1-methyl-4-phenyl-1-1,2,3,6-tetrahydropyridine (MPTP) was used to induce PD and its depressive symptoms in zebrafish. Alterations in dopamine (DA) neurons and cerebral vessels were visualized using transgenic zebrafish. The concentrations of DA were quantified by Enzyme-Linked Immunosorbent Assay (ELISA). Thigmotaxis tests and light-dark preference tests were utilized to investigate the depressive symptoms in PD zebrafish model. Glucose levels were measured to reflect the effect of PRE on glycolysis. In addition, multi-omics were used to reveal the underlying mechanism. PRE reduced Parkinsonian symptoms, including DA neurons and cerebral vasculature deficits, movement disorders, decreased responsiveness, and aberrant expression of PD-associated genes in zebrafish larvae. PRE also restored DA levels and abnormal expression of dat and autophagy-related genes in adult zebrafish PD models. Furthermore, it also alleviated depressive symptoms in this model. It improved the exploratory abilities of both larval and adult zebrafish in thigmotaxis behavior analyses and the light/dark preference tests, along with reversed the abnormal expression of genes related to depression. Transcriptomics and real-time qPCR revealed that PRE reduced glycolysis/gluconeogenesis and Tricarboxylic Acid (TCA) cycle disorders, which was further verified by metabolomics. PRE alleviated PD and depression-like symptoms, possibly by down-regulating pck1 expression, inducing normalization of glucose levels, thereby modulating glycolysis and TCA cycle related to energy metabolism.",1
33069838,"Polygalae Radix: A review of its traditional uses, phytochemistry, pharmacology, toxicology, and pharmacokinetics.","Polygalae Radix (Polygalaceae), the dried root of Polygala tenuifolia Willd. and Polygala sibirica L., has been widely used as a medicine for improving cognitive function. In China, Polygalae Radix has been widely used in the treatment of insomnia, forgetfulness, depression, cough, palpitation, and other diseases. More than 140 compounds have been isolated from Polygalae Radix, including saponins, xanthones, oligosaccharide esters, and so on. The compounds and extracts isolated from Polygalae Radix possess wide-ranging pharmacological activities, such as neuroprotective, antidepressant, hypnotic-sedative, anti-inflammatory, antiviral, antitumor, antioxidant, antiaging, and antiarrhythmic effects, among others. The clinical practice of traditional Chinese medicine has proved that raw Polygalae Radix can irritate the throat. Modern studies have found that raw Polygalae Radix exhibits a certain degree of toxicity to the gastrointestinal tract after long-term use or excessive doses and that its main toxic components are saponins. Thus, Polygalae Radix is usually processed, and/or combined with other herbs to reduce gastrointestinal irritation. This review investigated the pharmacokinetics of Polygalae Radix. Future research perspectives and the existing problems of Polygalae Radix were also discussed. This review can broaden the understanding regarding Polygalae Radix and provide references for further research.",1
37315645,"Identification of paeoniflorin from Paeonia lactiflora pall. As an inhibitor of tryptophan 2,3-dioxygenase and assessment of its pharmacological effects on depressive mice.","The radix of Paeonia lactiflora Pall. (PaeR) is a traditional Chinese medicine (TCM) clinically used for treating depression. Although it has been established that PaeR can protect the liver and alleviate depressive-like behaviors, its bioactive chemicals and antidepressant mechanism remain unclear. Our pilot study showed that PaeR reduced the expression of the L-tryptophan- catabolizing enzyme tryptophan 2,3-dioxygenase (TDO) in the livers of stress-induced depression-like mice. This study aimed to screen potential TDO inhibitors from PaeR and investigate the potential therapeutic use of TDO inhibition for treating depression. Molecular docking, magnetic ligand fishing, and secrete-pair dual luminescence assay were conducted for in vitro ligand discovery and high-throughput screening of TDO inhibitors. Stable TDO overexpression was achieved in HepG2 cell lines to evaluate the TDO inhibitory activities of drugs in vitro by RT-PCR and Western blot analyses of TDO at mRNA and protein levels. In vivo validation of TDO inhibitory potency and evaluation of TDO inhibition as a potential therapeutic strategy for major depressive disorder (MDD) were performed using mice subjected to ""3 + 1″ combined stresses for at least 30 days to induce depression-like behaviors. A well-known TDO inhibitor, LM10, was evaluated in parallel. The PaeR extract significantly ameliorated depressive-like behaviors of stressed mice, attributed to inhibition of TDO expression and tryptophan modulation metabolism. After a comprehensive analysis of molecular docking, ligand fishing, and luciferase assay, paeoniflorin was screened as a TDO inhibitor from the PaeR extract. This compound, structurally different from LM10, potently inhibited human and mouse TDO in cell- and animal-based assays. The effects of TDO inhibitors on MDD symptoms were evaluated in a stress-induced depression-like mouse model. In mice, both inhibitors had beneficial effects on stress-induced depressive-like behavioral despair and unhealthy physical status. Moreover, both inhibitors increased the liver serotonin/tryptophan ratio and decreased the kynurenine/tryptophan ratio after oral administration, demonstrating in vivo inhibition of TDO activity. Our data substantiated the potential of TDO inhibition as a therapeutic strategy to improve behavioral activity and decrease despair symptoms in major depressive disorder. This study introduced a hitherto undocumented comprehensive screening strategy to identify TDO inhibitors in PaeR extract. Our findings also highlighted the potential of PaeR as a source of antidepressant constituents and pinpointed the inhibition of TDO as a promising therapeutic approach for managing major depressive disorder.",1
37745719,A network pharmacology and molecular docking approach to reveal the mechanism of Chaihu Anxin Capsule in depression.,"As one of the most frequently diagnosed mental disorders, depression is expected to become the most common disease worldwide by 2030. Previous studies have shown that Chaihu Anxin Capsule has powerful antidepressant effects. However, its mechanisms are not fully understood. The aim of our research is to reveal the mechanisms of Chaihu Anxin Capsule in treating depression. Information about the ingredients of the herb was gathered using the TCMSP. Genes associated with antidepressants were gathered from the GeneCards database. An ""herbal-ingredient-target"" network was constructed and analyzed using Cytoscape software. The PPI network of the antidepressant targets of Chaihu Anxin Capsule was constructed using the STRING database. KEGG pathway and GO enrichment were used to analyze the antidepressant targets. Molecular docking technology was used to confirm the capacity of the primary active ingredients of Chaihu Anxin Capsule to bind to central targets using AutoDock Vina and PyMOL software. Network analysis showed that five targets might be therapeutic targets of Chaihu Anxin Capsule in depression, namely, JUN, IL6, AKT1, TP53, and STAT3. The gene enrichment analysis implied that Chaihu Anxin Capsule benefits patients with depression by modulating pathways related to lipids and atherosclerosis and the AGE-RAGE signaling pathway in diabetic complications. Molecular docking analyses revealed that JUN, IL6, AKT1, TP53, and STAT3 had good affinities for quercetin, beta-sitosterol and kaempferol. According to the bioinformatics data, the antidepressant effects of Chaihu Anxin Capsule may be primarily linked to cholesterol and atherosclerosis as well as the AGE-RAGE signaling pathway in diabetic complications. These results emphasize that the expected therapeutic targets may be possible indicators for antidepressant activity.",1
25719303,Plant-derived natural medicines for the management of depression: an overview of mechanisms of action.,"Depression is a serious widespread psychiatric disorder that affects approximately 17% of people all over the world. Exploring the neurological mechanisms of the antidepressant activity of plant-derived agents could have a crucial role in developing natural drugs for the management of depression. The aim of the present study is to review the neurological mechanisms of action of antidepressant plants and their constituents. For this purpose, electronic databases, including PubMed, Science Direct, Scopus, and Cochrane Library, were searched from 1966 to October 2013. The results showed that several molecular mechanisms could be proposed for the antidepressant activity of medicinal plants and their constituents. Hypericum species could normalize brain serotonin level. Liquiritin and isoliquiritin from Glycyrrhiza uralensis rhizome act via the noradrenergic system. Rosmarinus officinalis and curcumin from Curcuma longa interact with D1 and D2 receptors as well as elevate the brain dopamine level. Sida tiagii and Aloysia gratissima involve γ-aminobutyric acid and N-methyl-D-aspartate receptors, respectively. Fuzi polysaccharide-1 from Aconitum carmichaeli could affect brain-derived neurotrophic factor signaling pathways. Psoralidin from Psoralea corylifolia seed modulate the hypothalamic-pituitary-adrenal axis. The total glycosides of Paeonia lactiflora demonstrate an inhibitory effect on both subtypes of monoamine oxidase. 3,6'-Di-o-sinapoyl-sucrose and tenuifoliside A from Polygala tenuifolia exhibit cytoprotective effects on neuronal cells. Further preclinical and clinical trials evaluating their safety, bioefficacy, and bioavailability are suggested to prove the valuable role of natural drugs in the management of depressive disorders.",1
37258428,Salvianolic Acids Alleviate Chronic Mild Stress-Induced Depressive-Like Behaviors in Rats.,"Salvianolic acids possess anti-inflammatory properties. This study investigated the therapeutic effect of salvianolic acids on chronic mild stress (CMS)-induced depressive-like behaviors in rats and the involvement of toll-like receptor 4 (<i>TLR4</i>) and myeloid differentiation factor 88 (<i>MyD88</i>). Eighty male Sprague-Dawley rats were randomly subjected to CMS or non-CMS protocol for 6 weeks. Starting 3 weeks after CMS exposure, the rats in each group were administered saline, fluoxetine (positive control), salvianolic acids, or salvianolic acids + fluoxetine daily for 3 weeks. The body weight change, sucrose preference, and immobility duration in forced swimming were examined before and after drug treatment. The rats were sacrificed at 3 weeks after drug treatment. Quantitative real-time PCR was performed to measure the mRNA levels of <i>TLR4</i> and <i>MyD88</i> in the prefrontal cortex and hippocampus of rats. Compared with non-CMS rats, CMS rats had significantly reduced weight gains and sucrose preference, along with significantly increased immobility durations and elevated mRNA levels of <i>TLR4</i> and <i>MyD88</i> in both the prefrontal cortex and hippocampus. Treatment with fluoxetine and salvianolic acids, alone or in combination, facilitated weight gains, alleviated depressive-like behaviors, and reduced cerebral <i>TLR4/MyD88</i> mRNA levels in CMS rats. Besides, fluoxetine and salvianolic acids additively suppressed <i>TLR4/MyD88</i> mRNA expression in the prefrontal cortex of rats. Furthermore, <i>TLR4</i> mRNA levels in both hippocampus and prefrontal cortex positively correlated with <i>MyD88</i> mRNA expression, inflammatory cytokine secretion, and immobility duration but negatively correlated with sucrose preference. Thus, salvianolic acids alleviate depressive-like behaviors, possibly by suppressing <i>TLR4/MyD88</i>-mediated inflammatory signaling in the brain.",1
41218379,"Z-Ligustilide's antidepressant effects in adolescent depression involve the PTEN-induced putative kinase 1 (PINK1) - protein kinase A (PKA)- Na<sup>+</sup>/Ca<sup>2+</sup> exchanger (NCLX) pathway, facilitating mitochondrial endosymbiosis and promoting mitophagy in microglia.","Adolescent depression is a prevalent and escalating public health concern. Z-Ligustilide (Z-LIG), a bioactive phthalide extracted from Angelica sinensis (Oliv.) Diels-a Chinese herbal medicine commonly used for its antidepressant effects-exhibits significant anti-inflammatory properties, extensive brain distribution, and low cytotoxicity. Nevertheless, its underlying mechanism in adolescent depression remains unclear. This study aimed to investigate how the PINK1-PKA-NCLX pathway contributes to Z-LIG-induced M2 microglial polarization to alleviate adolescent depression. In this study, proteomic analysis followed by molecular docking, surface plasmon resonance (SPR), and tryptophan fluorescence quenching assays identified PINK1 as the target of Z-LIG. This finding was validated using a chronic unpredictable mild stress (CUMS)-induced adolescent rat model. Consequently, the efficacy of Z-LIG in depression-like behaviors and M2 microglial polarization in the hippocampus was confirmed. To explore the role of PINK1-PKA-NCLX pathway in Z-LIG-induced M2 microglial polarization, the NCLX inhibitor CGP-37,157 (CGP) and the PKA inhibitor dihydrochloride (H89) were used after PINK1 overexpression and Z-LIG treatment. The association between PINK1-PKA-NCLX signaling pathway and PINK1-Parkin pathway was investigated in the context of NCLX overexpression, Z-LIG treatment, and their combination with CGP. Finally, AAV-siPINK1 was administered in vivo to fur corroborate the antidepressant effects of Z-LIG through PINK1 targeting. PINK1-Parkin-mediated mitophagy and Ca<sup>2+</sup> signaling pathways were implicated in adolescent depression. Z-LIG binds strongly to PINK1, thereby enhancing its stability. Z-LIG effectively alleviated depression-like behaviors in adolescent rats by promoting M2 microglia in the hippocampus. PINK1 overexpression and Z-LIG treatment shifted lipopolysaccharide (LPS)-induced M1 microglia to M2 via PINK1-PKA-NCLX and PINK1-Parkin pathways, an effect that was reversed by H89 and CGP. Z-LIG exhibited effects similar to those of NCLX, characterized by reduced cytoplasmic reactive oxygen species (ROS) and DNA levels, while concurrently increasing DNA-mitochondria colocalization and mitochondrial ROS (mtROS) levels in LPS-treated BV2 cells. Furthermore, Z-LIG and NCLX enhanced the AMPK and Parkin phosphorylation. CGP negated the impact of Z-LIG on cytoplasmic ROS, DNA levels, DNA-mitochondria colocalization, and Parkin phosphorylation, but not on mtROS. AAV-si-PINK1 administration abolished the antidepressant effects of Z-LIG. PINK1-PKA-NCLX pathway contributes to the antidepressant effects of Z-LIG in adolescent depression by stabilizing mitochondrial endosymbiosis and promoting the PINK1-Parkin pathway, which together enhances M2 microglia in the hippocampus. This suggests that Z-LIG may serve as a novel treatment for adolescent depression.",1
38479544,Homotherapy-for-heteropathy of Bupleurum Chinense DC.-Scutellaria baicalensis Georgi in treating depression and colorectal cancer: A network pharmacology and animal model approach.,"Bupleurum chinense DC.-Scutellaria baicalensis Georgi (BS) is a classic drug pair that has good clinical effects on depression and many tumors. However, the concurrent targeting mechanism of how the aforementioned drug pair is valid in the two distinct diseases, has not been clarified yet. The components of BS were detected by LC-MS, combined with network pharmacology to explore the active ingredients and common targeting mechanism of its multi-pathway regulation of BS in treating depression and CRC, and to validate the dual effects of BS using the CUMS mice model and orthotopic transplantation tumor mice model of CRC. Twenty-nine components were screened, 84 common gene targets were obteined, and the top 5 key targets including STAT3, PIK3R1, PIK3CA, AKT1, IL-6 were identified by PPI network. GO and KEGG analyses revealed that PI3K/AKT and JAK/STAT signaling pathways might play a crucial role of BS in regulating depression and CRC. BS significantly modulated CUMS-induced depressive-like behavior, attenuated neuronal damage, and reduced serum EPI and NE levels in CUMS model mice. BS improved the pathological histological changes of solid tumors and liver tissues and inhibited solid tumors and liver metastases in tumor-bearing mice. BS significantly decreased the proteins' expression of IL-6, p-JAK2, p-STAT3, p-PI3K, p-AKT1 in hippocampal tissues and solid tumors, and regulated the levels of IL-2, IL-6 and IL-10 in serum of two models of mice. BS can exert dual antidepressant and anti-CRC effects by inhibiting the expression of IL-6/JAK2/STAT3 and PI3K/AKT pathway proteins and regulating the release of inflammatory cytokines.",1
41237868,Chaihu-Jia-Longgu-Muli Decoction improves dizziness with anxiety in rats by modulating tryptophan metabolism.,"Chaihu-Jia-Longgu-Muli Decoction (CLMD), recorded in Shang Han Za Bing Lun, has long been used in traditional Chinese medicine for dizziness, insomnia, epilepsy, anxiety, and depression. However, its mechanisms against dizziness with anxiety remain unclear. To validate a rat model of dizziness with anxiety induced by chronic restraint stress (CRS) combined with unilateral labyrinthectomy (UL), and to explore the potential mechanisms of CLMD intervention. A rat model was established using chronic restraint stress (CRS) combined with unilateral labyrinthectomy (UL). Fifty Sprague-Dawley rats were divided into Control, Sham, Model, CLMD, and paroxetine (PLXT) groups. Behavioral tests assessed vestibular and anxiety-like behaviors. Serum CORT, ACTH, IL-1β, and IL-6 were measured by ELISA. GABAergic neurons, astrocytes, and macrophages in the vestibular nuclei were examined by immunohistochemistry and immunofluorescence. Serum metabolomics was analyzed using UPLC-Q-Orbitrap HRMS/MS. The Model group exhibited significant vestibular dysfunction and anxiety, with elevated inflammatory factors and stress hormones. CLMD intervention modulated inflammatory cytokines, stress hormones, GABAergic imbalance, and tryptophan-kynurenine metabolism. Twenty-nine differential metabolites were identified, mainly in tryptophan, phenylalanine/tyrosine, and fatty acid pathways. CLMD significantly promoted vestibular function recovery and alleviated anxiety symptoms by improving neuroplasticity, regulating metabolic pathways, and modulating inflammation, showing potential as a treatment for dizziness with anxiety.",1
35098831,"A network pharmacology approach to predict potential targets and mechanisms of ""<i>Ramulus Cinnamomi (cassiae) - Paeonia lactiflora</i>"" herb pair in the treatment of chronic pain with comorbid anxiety and depression.","Traditional Chinese medicine (TCM) prescriptions have multiple bioactive properties. ""Gui Zhi-Shao Yao"" herb pair is widely used to treat chronic pain (CP), as well as anxiety and depression. However, its related targets and underlying mechanisms have not been deciphered. In this study, the network pharmacology method was used to explore the bioactive components and targets of ""Gui Zhi-Shao Yao"" herb pair and further elucidate its potential biological mechanisms of action in the treatment of CP with comorbid anxiety disorder (AD) and mental depression (MD). Following a series of analyses, we identified 15 active compounds, hitting 130 potential targets. After the intersections the targets of this herb pair and CP, AD and MD - sorted by the value of degree - nine targets were identified as the vital ones: Akt1, IL6, TNF, PTGS2, JUN, CASP3, MAPK8, PPARγ and NOS3. Gene ontology (GO) and Kyoto Encyclopedia of Genes and Genomes (KEGG) analysis results demonstrated 11 pathways, such as AGE-RAGE signalling pathway, IL-17 signalling pathway, TNF signalling pathway, which primarily participate in the pathological processes. This study preliminarily predicted and verified the pharmacological and molecular mechanisms of ""Gui Zhi-Shao Yao"" herb pair for treating CP with comorbid AD and MD from a holistic perspective. <i>In vivo</i> and <i>in vitro</i> experiments will be required to further investigate the mechanisms.KEY MESSAGEA network pharmacology approach was applied to identify key targets and molecular mechanisms.Nine targets were regarded as the vital targets for chronic pain with comorbid anxiety and depression.Predicted 11 pathways were the potential therapy targets and pharmacological mechanism of ""Gui Zhi-Shao Yao"" herb pair.",1
37925093,Revisiting Licorice as a functional food in the management of neurological disorders: Bench to trend.,"Traditional and scientific evidence attribute numerous bioactivities of Licorice (Glycyrrhiza glabra Linn.) in aging-related disorders. In this state-of-art review, an extensive search in several databases was conducted to collect all relevant literature and comprehensively analyze Licorice's pharmacological attributes, neuroprotective properties, safety, and its mechanistic role in treating various neurological conditions. Network pharmacology was employed for the first time exploring the mechanistic role of Licorice in neurological disorders. Its neuroprotective role is attributed to phytoconstituents, including liquiritin, glycyrrhizic acid, liquiritigenin, glabridin, 18ß-glycyrrhetinic acid, quercetin, isoliquiritigenin, paratocarpin B, glycyglabrone, and hispaglabridin B, as evident from in vitro and in vivo studies. Network pharmacology analysis reveals that these compounds protect against long-term depression, aging-associated diseases, Alzheimer's disease, and other addictions through interactions with cholinergic, dopaminergic, and serotonergic proteins, validated in animal studies only. Future clinical trials are warranted as Licorice administration has a limiting factor of mild hypertension and hypokalemia. Hopefully, scientific updates on Licorice will propagate a paradigm shift in medicine, research propagation, and development of the central nervous system phytopharmaceuticals.",1
41213440,Bupleurum chinense DC. reduces LPS-induced neuroinflammation in rats by activating CREB and suppressing NF-κB and TNF-α protein expression.,"Bupleurum chinense DC., is traditionally used for ""soothing the liver qi and relieving depression."" In traditional Chinese medicine theory, liver qi stagnation is often associated with emotional disturbances and mental depression, which modern research suggests may involve the underlying neuroinflammatory processes. This study evaluated its anti-neuroinflammatory effects and identified key mechanisms to elucidate its traditional use. This study aimed to examine the principal bioactive compounds in Bupleurum chinense DC. and their modulatory effects on neuroinflammation via the NF-κB, TNF-α, CREB signaling pathways. UPLC-MS/MS and network pharmacology were used to identify the chemical constituents and predict the anti-inflammatory targets of Bupleurum chinense DC. A lipopolysaccharide (LPS)-induced rat model was evaluated using an enzyme-linked immunosorbent assay (ELISA) and hematoxylin and eosin staining. Metabolomic analysis was performed to elucidate primary metabolic pathways. Subsequently, molecular docking, molecular dynamics simulations, Western blotting (WB), and reverse transcription quantitative polymerase chain reaction (RT-qPCR) were performed to validate the key components and targets. Through UPLC-MS/MS analysis, saikosaponin A, quercetin, rutin, saikosaponin C, and saikosaponin D were identified as key active compounds in Bupleurum chinense DC. Experimental results from inflammatory rat models demonstrated that Bupleurum chinense DC. ameliorates LPS-induced neuroinflammation. Metabolomic analysis revealed biomarkers associated with the TNF-α signaling pathway and identified TNF-α, NF-κB, and CREB as core therapeutic targets. Molecular docking and dynamics simulations confirmed the stability of compound-target interactions. Finally, ELISA, WB and RT-qPCR analyses confirmed that Bupleurum chinense DC. modulates NF-κB, TNF-α, and CREB in a dose-dependent manner, thereby mechanistically establishing its neuroprotective effects. Bupleurum chinense DC. mitigated inflammation by upregulating CREB protein expression and downregulating NF-κB and TNF-α within the TNF-α signaling pathway.",1
40907728,Discovery of antidepressant active compounds from Polygala tenuifolia Willd.: An integrated multitarget screening strategy combining network pharmacology with cell membrane chromatography coupled to high performance liquid chromatography.,"Polygala tenuifolia Willd. (YZ) is a traditional Chinese herb that is commonly used in the treatment of psycho-emotional disorders and managing depression. However, the complex chemical composition of this herb poses challenges for separating and identifying the constituents, and there have been few investigations on the bioactive compounds. This lack has hindered the establishment of the antidepressant mechanism of action, impeding the development of related drugs. The investigation of a comprehensive multi-method strategy for the rapid screening of multitarget synergistic antidepressant compounds from YZ and a preliminary evaluation of the antidepressant activity of the compounds. The chemical components of YZ were analyzed using ultra-high performance liquid chromatography-quadrupole orbitrap mass spectrometry (UPLC-Q-Orbitrap-MS). Building on this chemical profiling, potential antidepressant compounds from YZ were preliminarily screened via network pharmacology (NP). Subsequently, cell membrane chromatography (CMC) columns functionalized with 5-Hydroxytryptamine 1A Receptor (5-HT<sub>1A</sub>), 5-Hydroxytryptamine 2A Receptor (5-HT<sub>2A</sub>), Dopamine D1 Receptor (DRD1), and Dopamine D2 Receptor (DRD2) receptors were used for the targeted screening of multitarget synergistic antidepressant active compounds. Using molecular docking and surface plasmon resonance (SPR), the binding affinities were determined. Finally, the neuroprotective effects of these active compounds were explored in a corticosterone-damaged PC12 cell model. Ninety-five compounds from YZ were identified using UPLC-Q-Orbitrap-MS, and nine potential antidepressant active compounds were screened through the NP-CMC-HPLC combined strategy. Molecular docking and SPR analyses revealed that the nine compounds exhibited binding affinities below -5 kcal/mol and 10<sup>-4</sup> M for the target receptors. Compared with the positive control fluoxetine hydrochloride, these active compounds demonstrated promising neuroprotective effects. Notably, arillanin A and sibiricose A4 have not been previously reported to possess potential antidepressant activity. The established NP-CMC-HPLC strategy enabled rapid targeted discovery of potential antidepressant compounds from YZ, highlighting the potential of this strategy in the development of new drugs.",1
40290440,A novel antidepressant mechanism of baicalin: enhancing KIF5A-mediated axoplasmic transport and vesicular trafficking in glutamatergic neurons.,"Dysfunction of axoplasmic transport is closely linked to depression. Baicalin, a major flavonoid in <i>Scutellaria baicalensis</i>, a well-known traditional Chinese medicine used in depression treatment, has demonstrated antidepressant-like effects in previous studies. However, its potential role in regulating axoplasmic transport has not been explored. This study aims to investigate the antidepressant mechanisms of baicalin through modulation of axoplasmic transport in hippocampal neurons. Male C57BL/6N mice were exposed to chronic unpredictable mild stress (CUMS) and treated with baicalin (10, 20, 40 mg/kg) or fluoxetine (20 mg/kg). Depression-like behaviors were assessed using the sucrose preference test (SPT), forced swimming test (FST), tail suspension test (TST), and locomotor activity test (LAT). Hippocampal neuronal pathology was examined using transmission electron microscopy (TEM), Nissl, and Golgi staining. Transcriptomic analysis was conducted to explore the molecular mechanisms of baicalin. HT22 cells were cultured <i>in vitro</i> and treated with corticosterone (CORT) and baicalin. FM1-43 was used to label vesicles and track vesicular movement. mRNA and protein levels were measured by qRT-PCR, Western blotting, and immunofluorescence. Baicalin significantly alleviated CUMS-induced depressive behaviors, increasing sucrose preference, reducing immobility time in TST and FST, and increasing food intake without affecting locomotor activity. It improved hippocampal CA3 neuronal damage, increased dendritic spine density, and promoted presynaptic vesicle accumulation, particularly in glutamatergic neurons. Transcriptomic analysis revealed that baicalin upregulated vGLUT2 (encoded by the Slc17a6 gene) and significantly increased the expression of GluN2B, GluA1, and PSD95. Moreover, baicalin upregulated the expression of kinesin family member 5A (KIF5A) both <i>in vivo</i> and <i>in vitro</i>, enhancing vesicle movement along axons and increasing vesicle-associated membrane protein 2 (VAMP2) enrichment in synaptosomes. These findings suggest that baicalin enhances anterograde axoplasmic transport by upregulating KIF5A expression, facilitating vesicular trafficking and improving synaptic function in glutamatergic neurons. This study provides novel insights into the molecular mechanisms of antidepressant effects of baicalin, highlighting KIF5A as a potential therapeutic target for depression.",1
36676679,A Chinese Classical Prescription Chaihu Shugan Powder in Treatment of Post-Stroke Depression: An Overview.,"Post-stroke depression (PSD) is the most common mental health problem after a stroke with an incidence of up to 33%. PSD has a negative impact on the rehabilitation and recovery of motor and cognitive dysfunction after a stroke and significantly increases the chance of the recurrence of neurovascular events. At present, medication is the preferred method of coping with PSD. Modern medicine is still unclear regarding the pathogenesis of PSD, with clinical drug treatment mostly using antidepressants, such as selective serotonin reuptake inhibitor (SSRIs) and serotonin-norepinephrine reuptake inhibitors (SNRIs). However, a high proportion of patients fail to show an adequate antidepressant response and have adverse reactions after taking antidepressants. In recent years, as the advantages of traditional Chinese medicine (TCM) in clinical treatment continue to emerge, Chinese herbal and TCM formulae have begun to enter the awareness of Chinese scholars and even scholars around the world. As a classic formula with a history of more than 400 years, Chaihu Shugan powder (CHSG) has great advantages in the clinical treatment of PSD. Based on existing clinical and experimental studies, this article comprehensively analyzes clinical cases, mechanisms of action, and drug and chemical effects of CHSG in the treatment of PSD in order to provide more clinical experience and experimental theoretical support for CHSG in the treatment of PSD.",1
36873540,Quantitative proteomics reveals the therapeutic effects of RFAP against depression via pathway regulation of long-term depression and potentiation.,"RFAP is a compound extraction complex of four Traditional Chinese Medicine (TCM), including the dry bark of <i>Paeonia lactiflora</i> Pall. (Radix Paeoniae Alba), <i>Gardenia jasminoides</i> J. Ellis (Fructus Gardeniae), <i>Albizia julibrissin</i> Durazz. (Albizia julibrissin Durazz), and <i>Paeonia × suffruticosa</i> Andrews (Peony bark). Not only RFAP but also the individual ingredients have been commonly used for the treatment of depression in the clinic. However, the underlying mechanism of pharmacology is difficult to interpret since its holistic and multidrug nature. This study aimed to elucidate the potential antidepressant mechanism of RFAP in the treatment of chronic unpredictable mild stress (CUMS) rats' model via the quantitative proteomics approach. We established the CUMS rats' model and evaluated the efficacy of RFAP using multiple behavior assays, including the sugar preference test, open field test, and forced swimming test. Then label-free quantitative proteomics analyses were performed to evaluate the integrated changes of proteome profiling in control, CUMS, RFAP low dose, and RFAP high dose groups. Finally, we validated the critical changed proteins in the pathways of long-term depression and potentiation via RT-PCR and Western blotting assays. We successfully established the CUMS rats' model. The behavior assays indicated that the rats demonstrated a tendency to behavioral despair after four weeks. Label-free quantitative proteomics showed that 107 proteins were significantly upregulated and 163 proteins were downregulated in the CUMS group compared to the control group. These differentially expressed proteins were involved in long-term potentiation, long-term depression, nervous system development, neuronal synaptic structural constituent of ribosome, ATP metabolic process, learning or memory, and cellular lipid metabolic process. RFAP treatment partially restored the differentially expressed protein profile. The protective effect of RFAP on behavioral assessment were consistent with the results of proteomics. The results indicated that RFAP exerted a synergistic effect on CUMS by regulating long-term inhibition and potentiation-related proteins.",1
38113631,Berberine exerts antidepressant effects in vivo and in vitro through the PI3K/AKT/CREB/BDNF signaling pathway.,"Depression, a global neuropsychiatric disorder, brings a serious burden to patients and society as its incidence continues to rise. Berberine is one of the main compounds of a variety of Chinese herbal medicines and has been shown to have multiple pharmacological effects. However, whether berberine can exert antidepressant effects in vivo and in vitro and its related mechanisms remain to be explored. The chronic restraint stress (CRS) method and corticosterone (CORT) were applied to simulate depression-like behavior in vivo and neuronal apoptosis in vitro, respectively. The antidepressant effects of berberine were evaluated by behavioral tests and changes in the content of monoamine neurotransmitters. Inflammatory cytokines were detected and immunofluorescence staining was used to observe the expression levels of apoptosis-related proteins. RT-qPCR and Western blot were used to examine the mRNA and protein expression (or phosphorylation) levels of biomarkers of the PI3K/AKT/CREB/BDNF signaling pathways. Behavioral tests and levels of neurotransmitters proved that berberine could effectively ameliorate depression-like symptoms in CRS mice. Meanwhile, the results of ELISA and immunofluorescence staining showed that berberine could alleviate inflammatory status and reduce cell apoptosis in vivo and in vitro. Moreover, the changes of the PI3K/AKT/CREB/BDNF signaling pathway induced by CRS or CORT in mouse hippocampus or HT-22 cells were significantly reversed by berberine. Our current study suggested that berberine could exert antidepressant effects in vitro and in vivo, which may be associated with the PI3K/AKT/CREB/BDNF signaling pathway.",1
37948105,Electroacupuncture promotes synaptic plasticity in rats with chronic inflammatory pain-related depression by upregulating BDNF/TrkB/CREB signaling pathway.,"Chronic inflammatory pain (CIP) frequently coincides with depression among patients. The onset and development of pain and depression are associated with altered neural synaptic plasticity. Electroacupuncture (EA) can effectively relieve CIP and depression. However, the underlying mechanisms have not been fully illustrated. To explore whether EA can relieve CIP and depression by regulating hippocampal synaptic plasticity, and the present study offers foundational evidence for the efficacy of EA in treating CIP-related depression (CIPD). Rats were divided into four groups: 0.9% normal saline group, complete Freund's adjuvant (CFA) group, CFA + duloxetine group, and CFA + EA group. Pain hypersensitivity was detected by mechanical withdrawal threshold and thermal paw withdrawal latency, and the depression level was gauged using the open field test, the sucrose preference test, and the forced swimming test. The morphology of the hippocampal neurons was observed using Nissl staining. The protein expression levels of synuclein (Syn), postsynaptic density protein-95 (PSD-95), brain-derived neurotrophic factors (BDNFs), tyrosine-protein kinase B (TrKB), p-TrkB, cAMP response element binding protein (CREB), and p-CREB were measured by western blotting and immunofluorescence staining. BDNF and TrkB mRNA expression were detected using quantitative real-time polymerase chain reaction (PCR) (qRT-PCR). The content of 5-hydroxytryptamine (5-HT) and γ-aminobutyric acid (GABA) was detected using enzyme-linked immunosorbent assay, and the glutamic acid (Glu) content was determined using the ultraviolet colorimetry method. The hippocampal neuron ultrastructure was observed using transmission electron microscopy. EA could alleviate CIP and related depressive behaviors as well as protect the hippocampal neuronal structure from damage and regulate 5-HT/GABA/Glu levels in the hippocampus. Additionally, EA could significantly increase the expression of synapse-associated proteins such as PSD-95 and Syn by activating the BDNF/TrKB/CREB signaling pathway. EA improves pain and depressive behaviors in CIPD rats, and the mechanism may be related to synaptic plasticity mediated by the BDNF/TrKB/CREB signaling pathway.",1
38851983,The role of BDNF transcription in the antidepressant-like effects of 18β-glycyrrhetinic acid in a chronic social defeat stress model.,"Xiaoyaosan (XYS), a traditional Chinese medicine formulation, has been used in the treatment of depression. However, no studies have yet identified the active compounds responsible for its antidepressant effects in the brain. We investigated the antidepressants effects of XYS and identified 18β-glycyrrhetinic acid (18β-GA) as the primary compound present in the brain following XYS injection. Furthermore, we explored the molecular mechanisms underlying the antidepressant-like effects of both XYS and 18β-GA. To investigate the antidepressant-like effects of XYS and elucidate the associated molecular mechanisms, we employed various methodologies, including cell cultures, the chronic social defeat stress (CSDS) model, behavioral tests, immunoprecipitation, quantitative PCR (qPCR) assays, Western blotting assays, luciferase assays, chromatin immunoprecipitation (ChIP) assays, immunofluorescence staining, and dendritic spine analysis. We identified 18β-GA as the primary compound in the brain following XYS injection. In vitro, 18β-GA was found to bind with ERK (extracellular signal-regulated kinase), subsequently activating ERK kinase activity toward both c-Jun and cAMP response element binding protein (CREB). Moreover, 18β-GA activated brain-derived neurotrophic factor (BDNF) transcription by stimulating nuclear factor-erythroid factor 2-related factor 2 (Nrf2), c-Jun, and CREB, while also inhibiting methyl CpG binding protein 2 (MeCP2) both in vitro and in vivo. Chronic intraperitoneal (i.p.) administration of 18β-GA exhibited prophylactic antidepressant-like effects in a CSDS model, primarily by activating BDNF transcription in the medial prefrontal cortex (mPFC). Interestingly, a single i.p. injection of 18β-GA produced rapid and sustained antidepressant-like effects in CSDS-susceptible mice by engaging the BDNF-tropomyosin receptor kinase B (TrkB) signaling pathway in the mPFC. These findings suggest that the activation of BDNF transcription in the mPFC underlies the antidepressant-like effects of 18β-GA, a key component of XYS in the brain.",1
40403895,Zhi-Zi-Chi decoction ameliorates depression-like behavior in chronic unpredictable mild stress-induced mice via the PI3K/AKT/mTOR signaling pathway.,"Zhi-Zi-Chi decoction (ZZCD), a famous classical prescription of traditional Chinese medicine (TCM), has long been used for depression treatment, but its detailed molecular anti-depression mechanisms remain to be further elucidated. To explore the antidepressant properties and potential mechanisms of ZZCD in ameliorating depression-like behavior through network pharmacology and in vivo experimental validation. A chronic unpredictable mild stress (CUMS)-induced mouse depressive model was established in this present study. The sucrose preference test (SPT) and tail suspension test (TST) were performed to assess the antidepressant effects of ZZCD. In addition, the underlying molecular mechanisms of ZZCD against depression were dissected using an integrated network pharmacology approach, and these predicted results were verified in a mouse depressive model. Subsequently, the levels of inflammatory cytokines, neurotransmitters, genes or proteins associated with potential targets as well as the related proteins of the PI3K/AKT/mTOR signaling pathways were measured using ELISA kits, RT-qPCR, and Western blot. ZZCD effectively ameliorated CUMS-induced depressive behavior of mice. Treatments with ZZCD at doses of 3 and 6 g/kg obviously improved the sucrose preference rate in the SPT and attenuated the accumulated immobility time in the TST of CUMS mice. This was accompanied by a decrease in inflammatory factor levels and restoration of the 5-hydroxytryptamine (5-HT) levels in the hippocampi. The network informatics results revealed that the PI3K/AKT/mTOR signaling pathway, AKT1, TNF-α, and IL-6 might be the potential targets of ZZCD against depression. Correspondingly, an in vivo experiment verified that treatment with ZZCD up-regulated the protein expression levels of p-PI3K/PI3K, p-AKT/AKT, and p-mTOR/mTOR related to the PI3K/AKT/mTOR pathway and reversed the mRNA expression levels of IL-6, TNF-α, and AKT1 in the hippocampi. Our research suggested that ZZCD had antidepressant effects in CUMS-induced depressive mice. The mechanisms underlying the effects of ZZCD against depression were associated with the modulation of inflammatory factor levels as well as related genes or protein expression of the PI3K/AKT/mTOR pathway. Accordingly, ZZCD might serve as a clinically promising TCM prescription for depression treatment.",1
40906192,The quercetin-serotonin transporter (SERT) connection: a new hope for depression therapy?,"Quercetin, a naturally occurring flavonoid, has been found to be a potential agent for the treatment of major depressive disorder (MDD), given the complexity of its interaction with the serotonin transporter (SERT). Clinically, quercetin has direct and indirect modulatory effects as opposed to conventional selective serotonin reuptake inhibitors (SSRI), which act mainly by inhibiting SERT after a time delay and communicate with SERT through possible binding location preferences and allosteric processing, while simultaneously controlling its definite expression through anti-inflammatory and antioxidant pathways, such as the NF-kB, AMPK/SIRT-1, and Nrf2-ARE cascades. These processes assist in modifying serotonergic neurotransmission and minimizing oxidative and inflammatory strains, which are the major contributors to the pathophysiology of depression. Quercetin positively affects neuroplasticity and regulates the gut-to-brain axis, which affirms its antidepressant effects. Preclinical evidence indicates that quercetin can cause more rapid and extensive effects than SSRIs. However, translation issues include poor bioavailability and interindividual variation. Future trials should focus on inflammatory markers and individual quercetin formulations to maximize therapeutic effects in the depressed state.",1
38850305,Therapeutic potential of Bergenin in the management of neurological-based diseases and disorders.,"Originally sourced from plants, Bergenin has been used as a medicinal compound in traditional medicine for centuries, and anecdotal reports suggest a wide range of therapeutic uses. Naturally-occurring and lab-synthesized Bergenin, as well as some of its related compounds, have been shown in in vivo and in vitro studies to alter activity of several enzymes and proteins critical in cellular functioning, including reelin, GSK-3β, Lingo-1, Ten-4, GP-43, Aβ 1-42, P-tau, SOD1,2, GPx, Glx1, NQO1, HO1, PPAR-ɣ, BDNF, VEGF, and STAT6. Additionally, Bergenin alters levels of several cytokines, such as IL-6, IL-1β, TNF-α, and TGF-β. Behavioral and cellular effects of Bergenin have been shown to involve PI3K/Akt, NF-κB, PKC, Nrf2, and Sirt1/FOXO3a pathways. These pathways, enzymes, and proteins have been shown to be important in normal neurological functioning, and/or dysfunctions in these pathways and proteins have been shown to be important in several neuro-based disorders or diseases, which suggests that Bergenin could be therapeutic in management of neuropsychiatric conditions or neurological disorders. In preclinical studies, Bergenin has been shown to be useful for the management of Alzheimer's disease, Parkinson's disease, anxiety, depression, addiction, epilepsy, insomnia, stroke, and potentially, state control. Our review aims to summarize current evidence supporting the conclusion that Bergenin could play a role in treating various neuro-based disorders and that future studies should be conducted to evaluate the mechanisms by which Bergenin could exert its therapeutic effects.",1
32754030,Antidepressant and Anti-Neuroinflammatory Effects of Bangpungtongsung-San.,"Bangpungtongsung-san (BTS) is a traditional Korean medicine consisting of 18 herbs, some which have antidepressant effects. Here, we used an animal model of reserpine-induced depression and lipopolysaccharide (LPS)-stimulated BV2 microglia to assess the antidepressant and anti-neuroinflammatory effects of BTS. Aside from a control group, C57BL/6 mice were administered reserpine (0.5 mg/kg) daily for 10 days <i>via</i> intraperitoneal injection. BTS (100, 300, or 500 mg/kg), vehicle (PBS), or fluoxetine (FXT, 20 mg/kg) was administered orally 1 h before reserpine treatment. Following treatment, a forced swimming test (FST), tail suspension test (TST), and open field test (OFT) were performed, and immobility time and total travel distance were measured. Administration of BTS not only reduced immobility time in the FST and TST but also significantly increased the total travel distance in the OFT. Furthermore, reserpine-treated mice showed significantly elevated serum levels of corticosterone, a stress hormone; however, treatment with BTS significantly reduced corticosterone levels, similar to FXT treatment. Serotonin in reserpine-treated mice was significantly reduced compared to that in control mice, while BTS mice exhibited increased serotonin levels. BTS mice showed increased expression of brain-derived neurotrophic factor (BDNF) and a higher ratio of phosphorylated cAMP response element-binding protein (p-CREB) to CREB (p-CREB/CREB) in the hippocampus. Additionally, reserpine-treated mice exhibited significantly elevated mRNA levels of pro-inflammatory cytokines, but BTS mice showed reduced mRNA levels of interleukin (<i>IL)-1β, IL-6</i>, and tumor necrosis factor (<i>TNF)-α</i> in the hippocampus. To further demonstrate the anti-neuroinflammatory effects of BTS <i>in vitro</i>, we examined its anti-neuroinflammatory and neuroprotective effects in lipopolysaccharide (LPS)-stimulated BV2 microglia. BTS significantly reduced the levels of NO, inducible nitric oxide synthase (iNOS), cyclooxygenase (COX)-2, TNF-α, IL-1β, and IL-6 in a dose-dependent manner <i>via</i> a decrease in the expression of nuclear factor (NF)-κB p65. Furthermore, the neuroprotective factor heme oxygenase-1 (HO-1) was upregulated <i>via</i> the nuclear factor-E2-related factor 2 (NRF2)/CREB pathway. Taken together, our data suggest that BTS has considerable potential as an anti-neuroinflammation and antidepressant agent, as it has clear effects on depressive behaviors and associated factors caused by reserpine-induced depression.",1
40506009,Investigating acupuncture therapy in depression: mechanisms of synaptic plasticity regulation.,"Depression is a severe heterogeneous mental illness that is highly co-morbid with other mental and somatic disorders. It poses a significant healthcare burden on both individuals and society. Currently, the use of single-target antidepressants exhibits suboptimal efficacy with significant adverse effects. Acupuncture has been advocated as a practical and effective treatment for depression, due to its low adverse effects rate compared to antidepressant medication. Currently, several studies have shown that acupuncture treatment for depression primarily involves multiple therapeutic mechanisms, including the regulation of specific gene expression, neuropeptide and neurotransmitter release, increasing the expression of neurotrophic factors, suppressing hyperactivity of the hypothalamic-pituitary-adrenal (HPA) axis, attenuating inflammatory responses, and restoring gut microbiota balance. These therapeutic effects involve the regulation of critical signaling pathways, including the cAMP-responsive element binding protein (CREB) signaling pathway, mitogen-activated protein kinases (MAPK) signaling pathway, mechanistic target of rapamycin (mTOR) signaling pathway, and toll-like receptors (TLR) signaling pathway. Notably, depression-associated molecular mechanisms and signaling pathway dysregulations are closely linked to impaired neural and synaptic plasticity. Acupuncture synergistically modulates the neuro-immune-microbiome multidimensional network and integrates crosstalk among key pathways such as CREB, thereby systemically restoring synaptic plasticity. This multi-dimensional integrative mechanism likely underlies its therapeutic superiority over single-target antidepressants. This review aims to elucidate how acupuncture restores cerebral synaptic plasticity by rectifying depression-related systemic dysfunctions and signaling pathway abnormalities, which will advance our understanding of its regulatory potential in depression treatment and inform the development of precision therapeutic strategies.",1
34979889,The Role of Natural Products in Treatment of Depressive Disorder.,"Depressive disorder is one of the most common psychiatric syndromes that, if left untreated, can cause many disturbances in a person's life. Numerous factors are involved in depression, including inflammation, brain-derived neurotrophic factor (BDNF), GABAergic system, hypothalamic- pituitary-adrenal (HPA) Axis, monoamine neurotransmitters (serotonin (5-HT), noradrenaline, and dopamine). Common treatments for depression are selective serotonin reuptake inhibitors, tricyclic antidepressants, and monoamine oxidase inhibitors, but these drugs have several side effects such as anxiety, diarrhea, constipation, weight loss, and sexual dysfunctions. These agents only reduce the symptoms and temporarily reduce the rate of cognitive impairment associated with depression. As a result, extensive research has recently been conducted on the potential use of antidepressant and sedative herbs. According to the available data, herbs used in traditional medicine can be significantly effective in reducing depression, depressive symptoms and improving patients' performance. The present study provides a summary of biomarkers and therapeutic goals of depression and shows that natural products such as saffron or genipin have antidepressant effects. Some of the useful natural products and their mechanisms were evaluated. Data on various herbs and natural isolated compounds reported to prevent and reduce depressive symptoms is also discussed.",1
37944872,Ononin ameliorates depression-like behaviors by regulating BDNF-TrkB-CREB signaling in vitro and in vivo.,"Ononin is a flavonoid compound found in several medicinal plants, including Astragalus membranaceus, Sophora flavescens, and Ononis spinosa. These plants have been traditionally used in various parts of the world for their medicinal properties, including anti-inflammatory, antioxidant, and antitumor effects. Major depression is a common, long-lasting, and recurrent psychiatric disorder with a high suicide rate. Naturally occurring flavonoids treat depression via poorly understood mechanisms. The present study aimed to determine whether ononin conferred an antidepressant-like effect in PC12 cell models and chronic mild stress (CMS)-induced depressive rat models and to explore its possible mechanisms. Depression-related behaviors were measured using sucrose preference, tail suspension and open-field tests. Furthermore, to explore these mechanisms, we employed in vitro and in vivo assay methods, including neurite outgrowth, western blotting, quantitative RT-PCR, and staining methods. Treatment with ononin or BDNF significantly increased PC12 cells' neuronal growth and differentiation. Furthermore, ononin promotes the activation of TrkB and growth factors and upregulates the PI3K/Akt and BDNF/TrkB/CREB signaling pathways. The in vitro results were consistent with CMS-induced depressive rat models, in which ononin treatment significantly decreased depression-like behaviors and activated TrkB, growth factors, and BDNF/TrkB/CREB signaling pathways in the frontal cortex and hippocampus. Depression-induced microscopic alterations in the frontal cortex and hippocampus of rats with CMS-induced depression were also mitigated following ononin treatment. Based on these findings, we suggest that ononin is a promising antidepressant candidate for treating depression.",1
37612866,The Therapeutic Effect of Silymarin and Silibinin on Depression and Anxiety Disorders and Possible Mechanism in the Brain: A Systematic Review.,"Depression and anxiety are the most common mental disorders worldwide. We aimed to review silymarin and silibinin effects and underlying mechanisms in the central nervous system (CNS) for depression and anxiety treatment. The research protocol was prepared based on following the PRISMA statement. An extensive search was done in essential databases such as PubMed, Cochrane Library, Web of Science (ISI), Embase, and Scopus. Considering the study inclusion and exclusion criteria, 17 studies were finally included. The desired information was extracted from the studies and recorded in Excel, and the consequences and mechanisms were reviewed. Silymarin and silibinin upregulated brain-derived neurotrophic factor (BDNF) and improved neural stem cells (NSCs) proliferation in the cortex and hippocampus. They also increased neurochemical serotonin (5-HT), dopamine (DA), and norepinephrine (NE) levels. Silymarin and silibinin reduced malondialdehyde (MDA) formation and increased glutathione (GSH), superoxide dismutase (SOD), and catalase (CAT) activities. In addition, silymarin and silibinin reduced interleukin (IL)-6, IL-1β, and IL-12β, reducing tumor necrosis factor α (TNF-α) induced neuroinflammation. Silymarin and silibinin exert anti-depression and anxiolytic effects by regulating neurotransmitters, endocrine, neurogenesis, and immunologic systems. Therefore, as natural and complementary medicines, they can be used to reduce the symptoms of depression and anxiety; However, more clinical studies are needed in this field.",1
41242308,Shenling Kaixin granules attenuate depression via multi-target mechanisms: evidence from CSDS model and cellular studies.,"Major depressive disorder (MDD) is a highly prevalent, disabling psychiatric illness with multifactorial pathogenesis-including neurotransmitter imbalance, neuroinflammation, oxidative stress, and impaired neuroplasticity. Current pharmacotherapies have limited efficacy and are often accompanied by adverse effects, underscoring the need for safer, more effective interventions. We evaluated the effects of Shenling Kaixin Granules (SLKX) on CSDS-induced depression-like behaviors in mice and systematically elucidated underlying mechanisms using complementary in vivo and in vitro approaches. A CSDS mouse model was used to model depression-like behavior. Mice received various doses of SLKX for 28 days. Behavioral assessments, biochemical measurements, and molecular assays were performed to define pharmacological effects and implicated pathways. In addition, a corticosterone (CORT)-induced SH-SY5Y injury model was established, and the PI3K inhibitor LY294002 was applied to test the causal involvement of pathways identified in vivo. The chemical profile of SLKX was characterized by UPLC-MS. Depression-like phenotypes were assessed via the sucrose preference, social interaction, elevated plus maze, light-dark box, and open field tests. Hippocampal neurotransmitters, cytokines, and oxidative-stress markers were quantified by ELISA. Western blot analyses measured key proteins in the PI3K/AKT/CREB-BDNF, TLR4/NF-κB, Nrf2/HO-1, and apoptotic cascades. Neuroinflammation, apoptosis, and hippocampal ultrastructure were evaluated by immunofluorescence, TUNEL staining, and transmission electron microscopy. Serum metabolite profiles were obtained by untargeted metabolomics. Furthermore, the CORT-induced SH-SY5Y model with LY294002 intervention was used to substantiate key pathways in vitro. UPLC-MS identified 26 constituents in SLKX that may underlie its pharmacological activity. SLKX significantly attenuated weight loss and depression-like behaviors (anhedonia, social avoidance, anxiety-like behavior, and reduced exploration) and restored hippocampal neurotransmitter balance in CSDS mice. Mechanistically, SLKX activated Nrf2/HO-1 signaling and enhanced antioxidant capacity; inhibited TLR4/MyD88/NF-κB signaling and suppressed inflammatory cytokine release; blocked mitochondria-mediated apoptosis; promoted PI3K/AKT/CREB-BDNF activation and enhanced neuroplasticity; and corrected CSDS-induced serum metabolic disturbances. In vitro, SLKX-containing serum significantly ameliorated CORT-induced SH-SY5Y injury. Its antioxidant and neurotrophic actions depended on PI3K/AKT-mediated Nrf2 activation and enhancement of CREB/BDNF signaling, providing causal evidence. SLKX exerts antidepressant effects by synergistically modulating neural-immune-endocrine-metabolic networks through multitarget mechanisms. Convergent findings from animal and cell studies support the core mechanisms of SLKX and lay an experimental foundation for its potential clinical application in depression.",1
39408591,Baicalin Ameliorates Depression-like Behaviors via Inhibiting Neuroinflammation and Apoptosis in Mice.,"Depression is a common neuropsychiatric disease which brings an increasing burden to all countries globally. Baicalin, a flavonoid extracted from the dried roots of Scutellaria, has been reported to exert anti-inflammatory, antioxidant, and neuroprotective effects in the treatment of depression. However, the potential biological mechanisms underlying its antidepressant effect are still unclear. In the present study, we conducted extensive research on the potential mechanisms of baicalin's antidepressant effect using the methods of network pharmacology, including overlapped terms-based analysis, protein-protein interaction (PPI) network topology analysis, and enrichment analysis. Moreover, these results were further verified through molecular docking, weighted gene co-expression network analysis (WGCNA), differential gene expression analysis, and subsequent animal experiments. We identified forty-one genes as the targets of baicalin in the treatment of depression, among which <i>AKT1</i>, <i>IL6</i>, <i>TP53</i>, <i>IL1B</i>, and <i>CASP3</i> have higher centrality in the more core position. Meanwhile, the roles of peripheral genes derived from direct potential targets were also observed. Our study suggested that biological processes, such as inflammatory reaction, apoptosis, and oxidative stress, may be involved in the therapeutic process of baicalin on depression. These mechanisms were validated at the level of structure, gene, protein, and signaling pathway in the present study. Taken together, these findings propose a new perspective on the potential mechanisms underlying baicalin's antidepressant effect, and also provide a new basis and clarified perspective for its clinical application.",1
38457106,Inulae Flos has Anti-Depressive Effects by Suppressing Neuroinflammation and Recovering Dysfunction of HPA-axis.,"Depression is a debilitating mood disorder that causes persistent feelings of sadness, emptiness, and a loss of joy. However, the clinical efficacy of representative drugs for depression, such as selective serotonin reuptake inhibitors, remains controversial. Therefore, there is an urgent need for more effective therapies to treat depression. Neuroinflammation and the hypothalamic-pituitary-adrenal (HPA) axis are pivotal factors in depression. Inulae Flos (IF), the flower of Inula japonica Thunb, is known for its antioxidant and anti-inflammatory effects. This study explored whether IF alleviates depression in both in vitro and in vivo models. For in vitro studies, we treated BV2 and PC12 cells damaged by lipopolysaccharides or corticosterone (CORT) with IF to investigate the mechanisms of depression. For in vivo studies, C57BL/6 mice were exposed to chronic restraint stress and were administered IF at doses of 0, 100, and 300 mg/kg for 2 weeks. IF inhibited pro-inflammatory mediators, such as nitric oxide, inducible nitric oxide synthase, and interleukins in BV2 cells. Moreover, IF increased the viability of CORT-damaged PC12 cells by modulating protein kinase B, a mammalian target of the rapamycin pathway. Behavioral assessments demonstrated that IF reduced depression-like behaviors in mice. We found that IF reduced the activation of microglia and astrocytes, and regulated synapse plasticity in the mice brains. Furthermore, IF lowered elevated CORT levels in the plasma and restored glucocorticoid receptor expression in the hypothalamus. Collectively, these findings suggest that IF can alleviate depression by mitigating neuroinflammation and recovering dysfunction of the HPA-axis.",1
40881230,Paeoniflorin ameliorates depressive behaviours by modulating microbiota-gut-brain axis functions.,"Major depressive disorder (MDD), characterised by persistent anhedonia and elevated suicide risk, represents a global mental health challenge. Recent studies suggest a link between gut-brain axis dysfunction and depression. The natural compound paeoniflorin demonstrates clinically relevant antidepressant effects, yet its underlying neurobiological mechanisms remain elusive. This study aims to examine how paeoniflorin alleviates depression-like behaviours in rats subjected to chronic unpredictable mild stress (CUMS) by modulating the function of gut-brain axis, and explore the connections between gut microbiota, metabolites and MDD. Depression-like behaviours in rats were induced by CUMS, and the antidepressant effect of paeoniflorin was assessed using behavioural tests. The composition and function of the intestinal microbiota were analysed using 16S rRNA sequencing, and metabolomic analysis was performed on serum, hippocampus, jejunum and faecal samples. Enzyme-linked immunosorbent assay and hematoxylin and eosin staining were used to detect the levels of inflammatory factors and cortisol, as well as the infiltration of inflammatory cells in the jejunum of rats after cohousing. Long-term potentiation assays and Golgi staining were used to detect dendritic spine density and synaptic plasticity, respectively. Paeoniflorin significantly alleviated depression-like behaviours and cognitive deficits in CUMS rats. 16S rRNA sequencing revealed that paeoniflorin improved the abundance and diversity of the gut microbiota in CUMS rats. Enrichment of differential metabolites in the brain, intestine, faeces and serum revealed a primary accumulation in the amino acid metabolism pathway. We further observed a correlation between the relative abundance of microbial communities and metabolites. Cohousing experiments verified that microbial metabolites of paeoniflorin can reduce neuroinflammation and improve synaptic plasticity. Disruptions in gut microbiota and its metabolites impair gut-brain interactions. Paeoniflorin's neuroprotective and antidepressant effects are mediated through the modulation of the function of the gut-brain axis.",1
40769438,"Sijunzi Decoction treatment improved depression with qi deficiency/fatigue in the strain-dependent manner, involved in anti-inflammation in the hippocampus and muscles.","In the traditional Chinese medicine (TCM) clinic, qi deficiency is a common syndrome pattern in major depressive disorder (MDD). Sijunzi decoction (SJZD), a classic muti-herbal formula to replenish qi and nourish blood, is widely used to treat qi deficiency syndrome. The symptoms of qi deficiency are very similar to fatigue. Currently the mainstream antidepressant treatment outcome for depression with fatigue remains unsatisfying. SJZD has potential for improvement in the treatment of depression with qi deficiency, which has not been scientifically characterized previously. The study aimed to test the effects of SJZD in a mouse model of depression with qi deficiency/fatigue and to investigate the associated mechanisms, focusing on inflammation in the hippocampus and muscles. Balb/c and 129S1/SvImJ (129/S1) strains of mice were compared for depression-like and qi deficiency-like behaviors following receiving the same procedure of chronic unpredictable mild stress (CUMS). Qi deficiency behavior was assessed using grip strength test (GST), exhaustive swimming test (EST) and degree of redness (DOR). Depressive behavior was assessed using sucrose preference test (SPT), tail suspension test (TST), and forced swimming test (FST). SJZD was administrated for 1 week in CUMS-exposed mice in both strains. The conventional antidepressant fluoxetine (FLX), ineffective to fatigue/qi deficiency, was used to compared with SJZD, qPCR was used to detect gene expressions of inflammatory factors in the hippocampus and muscles in both strains. Balb/c and 129/S1 mice both showed depressive symptoms comparably after exposed to CUMS. However, qi deficiency symptoms were only shown in Balb/c mice, with decreased grip strength in GST, reduced swimming times in EST and decreased degree of redness in DOR. SJZD was able to reverse both depressive deficits and qi deficiency in Balb/c mice, without influencing 129/S1 mice. Consistent with the depression-phenotype, the expressions of the inflammatory factors including IL-1β, TNF-α, NF-kB and CD8 in the hippocampus were upregulated in both Balb/c and 129/S1 mice, which were reversed by SJZD only in Balb/c mice. Consistent with the qi deficiency-phenotype, the expressions of these inflammatory factors were up-regulated in the muscles only in Balb/c mice, which were reversed by SJZD. In contrast, FLX elicited antidepressant effects without changing qi deficiency in Balb/c mice, consistent with its improvement of inflammation in the hippocampus, but not muscles. Balb/c strain mice showed co-susceptibility to depression and qi deficiency/fatigue following CUMS, both of which were alleviated by SJZD. These effects were associated with the suppression of inflammation in the hippocampus and muscles respectively, suggesting that the anti-inflammation effects of SJZD on both brain and the peripheral systems may play a part in qi-replenishing and antidepressant functions. Our study provides the first scientific evidence, leveraging animal genetics, to demonstrate the necessity and efficacy of stratified treatment of depression, using TCM treatment based on syndrome differentiation.",1
36604883,"[Comparison of therapeutic efficacy of Wuling Capsules prepared with different methods for rats with syndrome of liver Qi stagnation, spleen deficiency, and blood stasis].","Wuling Capsules is one of the commonly used drugs for the clinical treatment of chronic hepatitis B with the syndrome of liver Qi stagnation, spleen deficiency, and blood stasis. However, the present preparation method of Wuling Capsules ignores some macromolecules like polysaccharides. In this study, the influences of different ethanol concentrations in the preparation process on the extraction rates of macro-and micro-molecules were investigated. Further, the therapeutic efficacy of Wuling Capsules was evaluated with the reserpine-induced rat model of liver Qi stagnation, spleen deficiency, and blood stasis. When 50% ethanol was used for the last time of extraction, the concentrations of polysaccharides, salvianolic acid B, and schisandrin in the extract, as well as the dry extract yield, increased significantly compared with those of the original preparation method. However, the fingerprints of micro-molecules showed little difference between the two methods, with a similarity of 0.862. The study then set the 50% ethanol extraction as the new preparation method. The pharmacodynamics evaluation showed that the Wuling Capsules prepared with the original and new methods both significantly alleviated the emotional depression and metabolic disturbance in model rats, demonstrating good performance in protecting the rats against gastric mucosal injuries, modulating intestinal function, and activating blood circulation. The mechanism of action may be related to the regulation of gastrointestinal hormone secretion, reduction of inflammation, and promotion of dopamine synthesis in cortex and hippocampus. At the same dose, the Wuling Capsules prepared with the original and new methods showed roughly the same overall therapeutic efficacy. However, the Wuling Capsules prepared with the new method had stronger effect in activating blood circulation and modulating inflammation, but weaker effects in regulating gastrin and dopamine. The present study provides basis data for optimizing the preparation process of Wuling Capsules and deciphering the mechanism of its therapeutic effect on liver Qi stagnation, spleen deficiency, and blood stasis.",1
33120798,Soothing liver-qi stagnation method for cancer-related depression: A protocol for systematic review and meta-analysis.,"Cancer-related depression (CRD) is the most common mood disorder in patients with malignant tumors, negatively influencing the patient's daily life. Traditional Chinese medicine, as an alternative CRD therapy, has shown good treatment performance in recently years. Soothing liver-qi stagnation, as a classic therapy for depression, is based on traditional Chinese medicine theory. However, there is no evidence-based medical confirmation for the soothing liver-qi stagnation method for CRD treatment. We will systematically search relevant articles from their inception to July 1, 2019 in the following electronic databases: the Cochrane Library, PubMed, EMBASE, Chinese National Knowledge Infrastructure Database, Chinese Biomedical Literature Database, Chinese Science and Technique Journals Database, and the Wan-fang Database. The primary outcome is the total scores of the Hamilton rating scale for depression and, the efficacy rate of reducing Hamilton rating scale for depression scores. The secondary outcomes are adverse reactions and quality of life as assessed by standard instruments. Two researchers will independently perform study selection, data extraction, and quality assessment. If there is any disagreement, it will be settled through third-party negotiations. We will assess the risk of bias and data synthesis using Review Manager (the Cochrane Collaboration) software, Version 5.3.0. This work will evaluate the clinical effectiveness and safety of the soothing liver-qi stagnation method for CRD. This study may provide evidence-based medical corroboration for clinical application of the soothing liver-qi stagnation method for CRD treatment. CRD42019145678.",1
40134975,Near-infrared brain imaging study of depressive disorder with liver qi stagnation syndrome before and after treatment.,"This study is a cohort study of depressive disorder patients with liver qi stagnation syndrome specified under the theory of Integrated Chinese and Western Medicine (ICWM). They were measured hemodynamic activity, using fNIRS assessment with verbal fluency task (VFT) pre-treatment and post-treatment, to examine the neurophysiological characteristics, and to explore the impact of drug treatment on it. This study recruited patients who were diagnosed with depressive episodes according to the DSM-V diagnostic and Traditional Chinese Medicine (TCM) diagnostic criteria in the outpatient department of Yuquan Hospital Tsinghua University. 35 patients who met the criteria were recruited. All patients were treated with selective serotonin reuptake inhibitors (SSRIs) drugs. The clinical evaluation, VFT and fNIRS assessment were performed pre-treatment and post-treatment two times. After 3 months of treatment, the clinical evaluation, VFT and fNIRS assessment were performed again as a follow-up assessment for the third time. There were statistically significant differences in HAMD scores between pre-treatment and follow-up assessment (<i>p</i> =0.037), with the total scores of HAMD significantly decreased in follow-up assessment. The lDLPFC and mPFC activation in fNIRS during VFT was significantly increased after treatment, as compared to pretreatment assessment, in CH13(<i>p</i> = 0.003) and CH30 (<i>p</i> = 0.035), and the improvement at lDLPFC remained in the follow-up assessment in CH13 (<i>p</i> = 0.007). This indicates that the activation of the lDLPFC improved after the treatment, and this improvement can remain stable. Hemodynamic activation can reflect the changes of brain function after the one-month treatment, even before the changes of clinical symptoms in depression liver-qi stagnation syndrome. Physiological indicators like fNIRS result may better reflect the improvement of depression liver-qi stagnation syndrome than ethological indicators like HAMD.",1
25821499,A network-based approach to investigate the pattern of syndrome in depression.,"In Traditional Chinese Medicine theory, syndrome is essential to diagnose diseases and treat patients, and symptom is the foundation of syndrome differentiation. Thus the combination and interaction between symptoms represent the pattern of syndrome at phenotypic level, which can be modeled and analyzed using complex network. At first, we collected inquiry information of 364 depression patients from 2007 to 2009. Next, we learned classification models for 7 syndromes in depression using naïve Bayes, Bayes network, support vector machine (SVM), and C4.5. Among them, SVM achieves the highest accuracies larger than 0.9 except for Yin deficiency. Besides, Bayes network outperforms naïve Bayes for all 7 syndromes. Then key symptoms for each syndrome were selected using Fisher's score. Based on these key symptoms, symptom networks for 7 syndromes as well as a global network for depression were constructed through weighted mutual information. Finally, we employed permutation test to discover dynamic symptom interactions, in order to investigate the difference between syndromes from the perspective of symptom network. As a result, significant dynamic interactions were quite different for 7 syndromes. Therefore, symptom networks could facilitate our understanding of the pattern of syndrome and further the improvement of syndrome differentiation in depression.",1
39367470,Acupuncture may play a key role in anti-depression through various mechanisms in depression.,"Depression has emerged as a significant global health concern, exerting a profound impact on individuals, as evidenced by its high prevalence and associated suicide rates. Considering its pervasive nature, the absence of optimal treatment modalities remains a challenge. Acupuncture has garnered substantial clinical and experimental validation for its efficacy in addressing diverse forms of depression, including postpartum, post-stroke, and adolescent depression. This article endeavors to elucidate the distinctive attributes and underlying mechanisms of acupuncture in the contemporary treatment of depression. Research has demonstrated that acupuncture exerts diverse physiological effects in animal models of depression, encompassing modulation of the brain, serum, and brain-gut axis. These effects are attributed to various mechanisms, including anti-inflammatory and anti-oxidative actions, promotion of neuronal plasticity, neuroprotection, neurotrophic effects, modulation of neurotransmitters, regulation of endocrine and immune functions, and modulation of cell signal pathways. Currently, the therapeutic mechanism of acupuncture involves the engagement of multiple targets, pathways, and bidirectional regulation. Hence, acupuncture emerges as a promising alternative medical modality, exhibiting substantial research prospects and meriting comprehensive worth further study and dissemination.",1
40945253,Dendrobine and Erianin alleviate inflammation-induced depressive-like behaviors by targeting phosphodiesterase 4B in adolescent mice.,"Adolescent depression is highly prevalent due to current adverse circumstances such as academic struggles and substance abuse. Early-life inflammation is able to evoke adolescent depression. Dendrobine (DEN) and Erianin (ERI), two active compounds from Dendrobium officinale, a traditional Chinese medicine, are known to help regulate immune responses and gastrointestinal functions under the theory of Yin and Yang balance. However, their roles in inflammation-related adolescent depression remain unclear. This study aims to investigate the roles and mechanisms of DEN and ERI on adolescent depression. An inflammation-induced depression model was performed by intraperitoneal injections of lipopolysaccharide (LPS) and various behaviors were assessed in adolescent mice. Neuronal survival and synaptic structure were evaluated using Golgi staining, Nissl staining and transmission electron microscope. Neuroinflammation and microglial activation were analyzed using Elisa, immunofluorescence and Sholl analysis. Network pharmacology and molecular docking were applied to identify and select target proteins. RNA sequencing, cellular thermal shift assay (CETSA) and lentivirus were used to elucidate the interaction between DEN, ERI and phosphodiesterase 4B (PDE4B) along with the underlying mechanisms. Network pharmacology analysis showed that DEN and ERI were closely associated with depressive disorders, sharing 385 intersecting proteins. Administration of 10 mg/kg dose of DEN and ERI showed the most effective antidepressant effect in LPS-treated depressive mice, reducing immobilization time by approximately 45% and 38% in the forced swim test (FST) and tail suspension test (TST), while increasing the sucrose preference rate by 26% and 25%, respectively. Interestingly, compared with fluoxetine, DEN treatment exhibited better antidepressant effect. In addition, there was no significant difference between DEN and ERI combination therapy and DEN monotherapy. DEN and ERI treatment also alleviated neuronal damage, inhibited microglial activation, and reduced release of pro-inflammatory cytokines and oxidative stress in the hippocampus (HIP) and prefrontal cortex (PFC) of adolescent mice. Importantly, RNA sequencing data identified 886 and 788 differentially expressed genes (DEGs) following DEN and ERI treatment compared to LPS-treated group. KEGG pathway enrichment analyses, quantitative PCR and western blot results confirmed that DEN and ERI prevented inhibition of TLR4 expression and activation of PI3K/AKT/NF-κB pathway. Molecular docking model showed that the minimum binding energy of DEN and ERI with PDE4B were below -5 kcal/mol, and CETSA results further proved that PDE4B was a crucial target protein for DEN and ERI. Overexpression of PDE4B counteracted the effects of DEN and ERI on the TLR4//NF-κB pathway and the production of pro-inflammatory cytokines in LPS-treated microglial cells. Our data revealed that both DEN and ERI have antidepressant effects in LPS-treated mice. Mechanically, DEN and ERI alleviated LPS-induced microglial activation and neuroinflammation by binding to PDE4B and preventing TLR4/NF-κB signaling pathway. Together, the protective effects of DEN and ERI against inflammation-induced depressive disorders highlight DEN and ERI-mediated PDE4B/TLR4/NF-κB pathway as a potential therapeutic target for adolescent patients.",1
40727849,Acupuncture for Adolescent Depression Disorder: protocol for a randomized controlled trial.,"Adolescent Depression Disorder (ADD) is a disease with a high rate of disability and death worldwide, and its incidence is increasing, seriously influencing the physical and mental health of adolescents. Acupuncture is a complementary alternative therapy that has achieved good clinical efficacy in the intervention of depression, but its efficacy in ADD is uncertain. Therefore, the aim of this pilot trial is to preliminarily explore the possibility of acupuncture in the treatment of ADD, and to evaluate the feasibility of conducting further large-scale clinical trials to verify the efficacy of acupuncture. In this pilot randomized controlled trial, 60 participants will be randomly assigned to receive acupuncture or sham acupuncture for 8 weeks of treatment and 4 weeks of follow-up. The primary outcome will be the difference in Children's Depression Rating Scale-revised (CDRS-R) scores at weeks 0 and 8 of treatment. Secondary outcomes will include 17-item Hamilton Depression Scale (HAMD-17) clinical score reduction rate and clinical remission rate, difference in CDRS-R scores, HAMD-17 scores, 14-item Hamilton Depression Scale (HAMD-14) scores, Pittsburgh Sleep Quality Index scale (PSQI) scores, and Columbia-Suicide Severity Rating Scale (C-SSRS) scores. All outcomes will be assessed at weeks 0, 2, 4, 6, 8 of treatment and week 12 of the follow-up period. In addition, we will assess the safety outcomes from baseline to the end of this trial and feasibility outcome after treatment. The trial protocol is in accordance with the principles of the Declaration of Helsinki, and has been approved by the Ethics Committee of the Affiliated Traditional Chinese Medicine Hospital, Guangzhou Medical University (approval number 2024NK73). The results of this trial will be made publicly available on the registration platform. Professional writers will not be used for this trial. Future authorship of trial publications will be based on the authors' contributions. The results of this study will provide information on the efficacy and safety of acupuncture in the treatment of add, and evaluate the feasibility of acupuncture in the treatment of add, which will provide the basis for further clinical intervention and scientific research. http://itmctr.ccebtcm.org.cn/zh-CN/UserPlatform/ProjectView?pid=730cb4d2-3634-4789-a51d-85a20514aa0a, identifier ITMCTR2024000186.",1
31259837,Traditional Chinese acupuncture and postpartum depression: A systematic review and meta-analysis.,"Acupuncture, a key component of traditional Chinese medicine, is a form of alternative medicine in which thin needles are inserted into the body commonly for pain relief. To date, the role of traditional Chinese acupuncture in mood disorders in the postpartum period is unclear. Thus, this study aimed to review the effectiveness of acupuncture in patients with postpartum depression (PPD). We searched databases such as PUBMED, EMBASE, and Cochrane Controlled Trials Register until September 2018. Meta-analysis was performed using Comprehensive Meta-Analysis 2.0 software. The mean difference (MD) and risk ratio (RR) with 95% confidence intervals (CI) were calculated to evaluate the results of each comparison. A total of 887 PPD patients from 12 randomised controlled trials were included in the quantitative meta-analysis, with 443 patients in the treatment group and 444 patients in the control group. Patients in the acupuncture group had significantly better performances assessed by the Hamilton Depression Scale than those in the control group, and the pooled MD was -1.27 (95% CI: -2.55 to 0.01; p = 0.05, I = 83%) in the random-effect model. In addition, significantly better performance in the effective rate was observed in the acupuncture group than in the control group, and the pooled RR was 1.20 (95% CI: 1.09 to 1.33; p < 0.0001, I = 46%). However, in subgroup analysis for the acupuncture therapy alone, only effective rate showed a significantly better performance. Traditional Chinese acupuncture seems to be effective in improving some symptoms of PPD, although the evidence is uncertain. Therefore, further studies following standardized guidelines with a low risk of bias are needed to confirm the effectiveness of acupuncture in the treatment of PPD.",1
29907576,Effectiveness of acupuncture in postpartum depression: a systematic review and meta-analysis.,"To assess the clinical effectiveness of acupuncture in the treatment of postpartum depression (PPD). The following electronic databases were systematically searched: PubMed, Cochrane Library, SCI, Elsevier SDOL, China National Knowledge, Wan Fang database and Chinese Science and Technology Periodical Database. Only randomised controlled trials (RCTs) of acupuncture for PPD were considered. Primary outcomes were the Hamilton Rating Scale for Depression (HAMD) or the Edinburgh Postnatal Depression Scale (EPDS) scores and effective rate. Our secondary outcome was the level of oestradiol. The quality of all included trials was evaluated according to the Cochrane Collaboration. This protocol was registered in PROSPERO (CRD42016048528). Nine trials involving 653 women were selected. The result of this meta-analysis demonstrated that the acupuncture group had a significantly greater overall effective rate compared with the control group (seven trials, n=576, I<sup>2</sup>=24%; relative risk (RR) 1.15, 95% CI 1.06 to 1.24; P<0.001). Moreover, acupuncture significantly increased oestradiol levels compared with the control group (mean difference (MD) 36.92, 95% CI 23.14 to 50.71, P<0.001). Regarding the HAMD and EPDS scores, no difference was found between the two groups (five trials, n=276, I<sup>2</sup>=82%; MD-1.38, 95% CI -3.40 to 0.64; P=0.18; two trials, n=60, I2=16%; MD 1.08, 95% CI -1.09 to 3.26; P=0.33). Acupuncture appears to be effective for postpartum depression with respect to certain outcomes. However, the evidence thus far is inconclusive. Further high-quality RCTs following standardised guidelines with a low risk of bias are needed to confirm the effectiveness of acupuncture for postpartum depression.",1
41376232,Observation of the efficacy and safety of acupuncture for postpartum depression.,"To evaluate the clinical efficacy and safety of acupuncture for postpartum depression group. A total of 84 participants were allocated into the acupuncture (<i>n =</i> 59) and blank control (BC; <i>n =</i> 25) groups. Participants in the acupuncture group received acupuncture therapy twice a week for 16 sessions in total, while participants in the BC group received no medical intervention. The primary outcomes were the response and elimination rates. The secondary outcome measures were the scores of the 17-item Hamilton Depression Rating Scale (HDRS17) and the factor analysis of the HDRS17. Compared to the BC group, the acupuncture group showed significant improvement in response and elimination rates (both <i>P <</i> 0.05). A significant difference at week 8 was found in the between-group HDRS17 score alterations [<i>RR</i> = －3.04, 95% <i>CI</i> (－5.16, －0.92), <i>P <</i> 0.05]. In addition, the reduction in depression and insomnia in the acupuncture group was greater than that in the BC group [between-group difference, depression: <i>RR</i> =1.20, 95% <i>CI</i> (0.14, 2.26), <i>P <</i> 0.05; insomnia: <i>RR</i> = 0.89, 95% <i>CI</i> (0.16, 1.62), <i>P <</i> 0.05]. There were no severe adverse events in our study. Acupuncture alleviated the severity of postpartum depressive symptoms compared to the control condition, and no serious adverse events occurred during the treatment.",1
36867647,Practitioners' perspectives on acupuncture treatment for postpartum depression: A qualitative study.,"Acupuncture may become a treatment for postpartum depression (PPD). Currently, little is known about the use of acupuncture in the treatment of PPD from the point of view of practitioners. The aim of this study was to explore practitioners' perspectives on the treatment of PPD with acupuncture and provide suggestions for future improvement. This study employed a qualitative descriptive method. Semistructured, open-ended interviews were conducted with 14 acupuncture practitioners from 7 hospitals via face-to-face or telephone interviews. The data were collected using interview outline from March to May 2022 and analysed using qualitative content analysis. In general, the use of acupuncture for treating PPD was positively regarded by practitioners. They claimed that acupuncture is both safe and helpful for breastfeeding women who are experiencing emotional discomfort and that it can alleviate a variety of somatic symptoms. The following three themes were extracted: (a) patient acceptance and compliance; (b) acupuncture as a treatment for PPD; and (c) the advantages and drawbacks of acupuncture treatment. Practitioners' optimistic outlooks demonstrated that acupuncture is a promising treatment option for PPD. However, the time cost was the most significant barrier to compliance. Future development will focus mostly on improving acupuncture equipment and the style of service.",1
39247617,Network pharmacology- and molecular docking-based investigation on the mechanism of action of Si-ni San in the treatment of depression combined with anxiety and experimental verification in adolescent rats.,"The incidence rate of adolescent depression and anxiety has been increasing since the outbreak of COVID-19, which there are no effective therapeutic drugs available. Si-ni San is commonly used in traditional Chinese medicine for the treatment of depression-like as well as anxiety-like behavior, but its mechanism for treating depression combined with anxiety during adolescence is not yet clear. Network pharmacology was used to explore potential drug molecules and related targets, molecular docking and molecular dynamics (MD) simulation were used to evaluate the interaction between the potential drug molecules and related targets, and a model of anxiety combined with depression in adolescent rats as well as the following behavioral tests and molecular biology tests were used to verify the results from network pharmacology and molecular docking. As a result, 256 active ingredients of Si-ni San and 1128 potential targets were screened out. Among them, quercetin, Luteolin, kaempferol, 7-Methoxy-2-methyl isoflavone, formononetin showed to be the most potential ingredients; while STAT3, IL6, TNF, AKT1, AKT1, TP53, IL1B, MAPK3, VEGFA, CASP3, MMP9 showed to be the most potential targets. AGE-RAGE signaling pathway in diabetic complications, IL-17 signaling pathway, HIF-1 signaling pathway, PI3K-Akt signaling pathway and TNF signaling pathway, which are involved in anti-inflammation processes, showed to be the most probable pathways regulated by Si-ni San. Molecular docking and MD simulation between the compounds to inflammation-associated targets revealed good binding abilities of quercetin, Luteolin, kaempferol, nobiletin and formononetin to PTGS2 and PPARγ. In the experiment with adolescent rats, Si-ni San markedly suppressed early maternal separation (MS) combined with adolescent chronic unpredictable mild stress (CUMS)-induced depression combined with anxiety. The qPCR results further indicated that Si-ni San regulated the oxidative stress and inflammatory response. This study demonstrates that adolescent anxiety- and depression-like behavior induced by MS combined CUMS can be ameliorated by Si-ni San by improved inflammation in hippocampus via targeting TNF pathway and Nrf2 pathway, helping to reveal the mechanism of Si-ni San in treating adolescent depression combined with anxiety.",1
37015141,Does acupuncture treatment have satisfactory clinical efficacy for late-life depression? A systematic review and meta-analysis.,"This systematic review and meta-analysis aimed to assess the clinical efficacy of acupuncture in late-life depression (LLD). A comprehensive search of seven electronic databases was conducted from inception to November 2022, including the Cochrane Library, PubMed, Embase, CNKI, VIP, CBM and the Wan Fang database. All data analysis were conducted by Revman 5.3. A total of nine RCTs involving 603 participants were included. The meta-analysis results showed that acupuncture combined with antidepressants significantly reduced HAMD scores (MD, -3.69 [95% CI, -5.11 to -2.27], I<sup>2</sup> =74%) and a significantly higher cure rate (RR, 1.11 [95% CI, 1.01 to 1.22], I<sup>2</sup> = 0%) compared with antidepressants alone. However, no significant difference was found between acupuncture and antidepressants in reducing HAMD scores and improving clinical outcomes. Acupuncture combined or not combined with antidepressants is an effective and safe treatment for LLD.",1
35960108,Effectiveness of acupuncture in postpartum depression: A protocol for an overview of systematic reviews.,"Since conflicting evidence from systematic reviews and meta-analyses (SRs/MAs) on the effectiveness of acupuncture in the treatment of postpartum depression is observed. To systematically collate, appraise and synthesize the evidence from these SRs/MAs, an overview will be performed, and this study is an overview protocol. Eight databases will be searched: Medicine, Web of science, Cochrane Library, Embase, China National Knowledge Infrastructure, SinoMed, VIP, and Wanfang Data. SRs/MAs of acupuncture on postpartum depression will be included. Literature screening, data extraction, and evaluation of the review quality will be performed by 2 independent reviewers. The methodological quality, reporting quality, and evidence quality will be assessed using the assessment of multiple systematic reviews-2 tool, the preferred reporting items for systematic reviews and meta-analyses checklists, and the grading of recommendations, assessment, development, and evaluation system, respectively. The results will be presented in the context of the topic and the objects of the overview. This study will help bridge the implementation gap between clinical evidence and its translation in clinical application, identify flaws in research and guide future high-quality study.",1
27774110,Chinese Herbal Medicine for Postpartum Depression: A Systematic Review of Randomized Controlled Trials.,"<i>Background</i>. Postpartum depression (PPD) does great harm to women following childbirth. The aim of this study was to conduct a systematic review of the literature to assess the efficacy and safety of CHM for the treatment of PPD. <i>Methods</i>. Published or ongoing registered trials were searched for from the inception of the various databases to December 31, 2015. Data extraction and methodology assessment were conducted independently by two researchers. RevMan 5.3 software was used to analyze the data. <i>Results</i>. Forty-seven registered clinical trials (RCTs) were identified and reviewed. The results showed CHM alone or in combination with routine treatments could reduce HAMD score, EPDS score, incidence of adverse events, TESS, and SERS. CHM combined with routine treatment was more effective in increasing serum estradiol levels and reducing progesterone levels than routine treatment alone. Meanwhile, pooled data revealed that MRLQS combined with routine treatments or MRLQS plus MSHS combined with routine treatments were more effective than other therapeutic methods in TCM. MRLQS plus MSHS alone was found to be an effective alternative when compared to routine treatments. <i>Conclusions</i>. This review suggested that CHM was safe and effective in the treatment of PPD. However, this could not be proven conclusively. To ensure evidence-based clinical practice, more rigorously designed trials are warranted.",1
41074408,Clinical Efficacy and Therapeutic Mechanism of Acupuncture in the Treatment of Adolescent Depression.,"Pharmacological treatment for adolescent depression is limited in safety and efficacy. Acupuncture treatment for depression has been endorsed by the World Health Organization. This study aimed to analyze the efficacy and mechanisms of acupuncture in treating adolescent depression. An 4-week clinical trial was conducted from February 1, 2022 to June 30, 2024 at three hospitals. Patients aged 12 to 18 years were divided into three treatment groups: Manual acupuncture (MA), antidepressants (ADM), or acupuncture combined with antidepressants (MA+ADM). The 24-item Hamilton Depression scale (HAMD-24) scores, serum neurotransmitters levels, and resting-state functional magnetic resonance imaging (RS-fMRI) data were assessed at baseline (week 0) and after treatment (week 4). After a 4-week intervention, both the MA and MA+ADM groups showed significant improvement in HAMD-24 scores. The MA+ADM group experienced more improvement, particularly in addressing somatization and sleep disorders. The study revealed that acupuncture increased serum levels of 5-hydroxytryptamine (5-HT), kynurenic acid, dopamine noradrenaline, adrenaline, L-histidine, and picolinic acid in adolescents with depression. Acupuncture was also found to regulate the excitability of depression-related brain regions (frontal lobe, caudate nucleus, anterior cingulate, and paracingulate gyri) and the functional connectivity of depression-related circuits (limbic-cortical-striatal-pallidal-thalamic circuit and hate circuit). Furthermore, significant negative correlations were observed between week 0 and week 4 HAMD-24 scores and up-regulated serum levels of 5-HT and dopamine. Scores were positively associated with increased amplitude of low-frequency fluctuations and regional homogeneity values. Acupuncture improves adolescents' depressive mood and sleep quality and alleviates somatic symptoms by modulating neurotransmitters levels and brain activity. No: ChiCTR2200056171. https://www.chictr.org.cn/showproj.html?proj=151197.",1
31016194,Effectiveness of Acupuncture Used for the Management of Postpartum Depression: A Systematic Review and Meta-Analysis.,"Previous studies have demonstrated that acupuncture was an effective alternative for treating major depressive disorders. However, the use of acupuncture for the treatment of postpartum depression remains controversial. This review summarizes the most significant studies in the area of acupuncture treatment for postpartum depression and provides a detailed overview of the efficacy of acupuncture for the treatment of postpartum depression. We undertook a systematic review of publicly available electronic databases to identify studies that evaluated acupuncture for the treatment of postpartum depression. Our meta-analysis selected randomized controlled trials (RCTs) and quasi-RCTs that reported on the treatment effect of acupuncture on postpartum depression. Eight prospective trials reporting data on postpartum depression were included in our meta-analysis. The results demonstrated that acupuncture treatment could significantly reduce HAMD scores (SMD: -1.08; 95%CI: -2.11 to -0.05; P=0.040). However, with regard to EPDS, clinical response, and serum estradiol levels, pooled analysis suggested no beneficial effects of acupuncture for postpartum women in EPDS (RR: 1.23; 95%CI: 0.90 to 1.67; P=0.195); clinical response (RR: 1.00; 95%CI: 0.89 to 1.12; P=0.969); and the levels of serum estradiol (SMD: 1.96; 95%CI: -0.01 to 3.93; P=0.051). First, there was relatively high heterogeneity among the studies, except for clinical response. In order to identify the sources of heterogeneity, we divided the studies into subgroups by way of controls. However, heterogeneity still existed, which suggested that it arose from participants rather than controls. Second, the sample size of the studies was small, causing the power of summary results to be low. This may result in over- or underestimating the interpretation of the results. Third, our analysis used pooled data, which restricted us from performing a more detailed analysis. Our meta-analysis suggested that acupuncture treatment may reduce HAMD scores, while no significant effects on EPDS, clinical response, and serum estradiol levels were observed.",1
35910879,Reliability of Evidence to Guide Decision-Making in the Use of Acupuncture for Postpartum Depression.,"There is conflicting evidence on the effectiveness of acupuncture in the treatment of postpartum depression (PPD). This study aimed to assess previous systematic reviews/meta-analyses (SRs/MAs) on the effectiveness of acupuncture to treat PPD. SRs/MAs regarding the use of acupuncture for PPD were identified from the establishment of digital databases to November 2021. The Assessing the Methodological Quality of Systematic Reviews 2 (AMSTAR-2) was applied to evaluate the methodological quality of included SRs/MAs. The Grades of Recommendations, Assessment, Development and Evaluation (GRADE) was utilized to evaluate the evidence quality for outcomes of interest. Six studies that conducted quantitative syntheses were included. According to AMSTAR-2, the methodological quality of these SRs/MAs was critically low owing to limitations of items 2, 4, and 7. According to GRADE, no study included high-quality evidence and most studies included low-quality evidence. Acupuncture m be beneficial for PPD, however, due to limitations of current evidence and inconsistent findings, further studies are needed to provide stronger evidence to draw definitive conclusions.",1
37068818,[<i>Tiaoqi Jieyu</i> acupuncture for treatment-resistant depression: a randomized controlled trial].,"To observe the effect of <i>Tiaoqi Jieyu</i> (regulating <i>qi</i> and relieving depression) acupuncture on the clinical symptoms of treatment-resistant depression (TRD), and to explore the relationship between the acupuncture pain sensitivity and symptom's improvement. A total of 78 patients with TRD were randomly divided into an observation group (39 cases, 3 cases dropped off) and a control group (39 cases, 4 cases dropped off). The patients in the control group were treated with medications according to the treatment plan of psychiatrists (at least one medication was 5-hydroxytryptamine reuptake inhibitor). On the basis of the control group, the patients in the observation group were treated with <i>Tiaoqi Jieyu</i> acupuncture, and Baihui (GV 20), Yintang (GV 24<sup>+</sup>), Yanglingquan (GB 34), Taichong (LR 3), Hegu (LI 4), Neiguan (PC 6), Yinlingquan (SP 9) and Zusanli (ST 36), etc. were selected. The acupuncture was given three times a week. Both groups were treated for 8 weeks. After 8-week treatment, the response rate of Hamilton depression scale-24 (HAMD-24) score after was evaluated in the two groups. The scores of HAMD-24 and Hamilton anxiety scale (HAMA) were compared between the two groups before treatment, after 4, 8-week treatment and 12 weeks after treatment (follow-up). After the first treatment and 8-week treatment, the visual analogue scale (VAS) score in the observation group was evaluated, and the correlation between VAS score after the first treatment and HAMD-24 score before treatment, between VAS score after the first treatment and the course of disease in the observation group was analyzed, and the correlation between difference of VAS after 8-week treatment and after the first treatment and difference of HAMD-24 score before treatment and after 8-week treatment was analyzed. After 8-week treatment, the response rate of HAMD-24 score in the observation group was 52.8% (19/36), higher than 17.1% (6/35) in the control group (<i>P</i><0.001). Compared before treatment, the scores of HAMD-24 and HAMA in the two groups were decreased after 4-week treatment, 8-week treatment and in follow-up (<i>P</i><0.05), and those in the observation group were superior to the control group (<i>P</i><0.05). After 8-week treatment, the acupuncture pain VAS score in the observation group was (5.28±2.13) points, which was higher than (3.33±1.62) points after the first treatment (<i>P</i><0.001). There was a negative correlation between VAS score after the first treatment and HAMD-24 score before treatment in the observation group (<i>r </i>=-0.486, <i>P</i>=0.003); there was no correlation between acupuncture pain VAS score after the first treatment and the course of disease in the observation group (<i>P</i>>0.05). After 8-week treatment, there was a positive correlation between the difference of VAS score and the difference of HAMD-24 score in the observation group (<i>r </i>=0.514, <i>P</i>=0.001). <i>Tiaoqi Jieyu</i> acupuncture could improve the depression and anxiety in patients with TRD, and the symptom's improvement is related to the recovery of acupuncture pain sensitivity.",1
37266323,Structural and functional improvement of amygdala sub-regions in postpartum depression after acupuncture.,"This study aimed to analyze the changes in structure and function in amygdala sub-regions in patients with postpartum depression (PPD) before and after acupuncture. A total of 52 patients with PPD (All-PPD group) were included in this trial, 22 of which completed 8 weeks of acupuncture treatment (Acu-PPD group). An age-matched control group of 24 healthy postpartum women (HPW) from the hospital and community were also included. Results from the 17-Hamilton Depression Scale (17-HAMD) and the Edinburgh Postnatal Depression Scale (EPDS) were evaluated, and resting-state functional magnetic resonance imaging (rs-fMRI) scans were performed at baseline and after the acupuncture treatment. Sub-regions of the amygdala were used as seed regions to measure gray matter volume (GMV) and analyzed for resting-state functional connectivity (RSFC) values separately. Finally, correlation analyses were performed on all patients with PPD to evaluate association values between the clinical scale scores, GMV, and RSFC values, while controlling for age and education. Pearson's correlation analyses were conducted to investigate the relevance between GMV and RSFC values of brain regions that differed before and after acupuncture treatment and clinical scale scores in Acu-PPD patients. The HAMD scores for Acu-PPD were reduced after acupuncture treatment (<i>P</i> < 0.05), suggesting the positive effects of acupuncture on depression symptoms. Structurally, the All-PPD group showed significantly decreased GMV in the left lateral part of the amygdala (lAMG.L) and the right lateral part of the amygdala (lAMG.R) compared to the HPW group (<i>P</i> < 0.05). In addition, the GMV of lAMG.R was marginally increased in the Acu-PPD group after acupuncture (<i>P</i> < 0.05). Functionally, the Acu-PPD group showed a significantly enhanced RSFC between the left medial part of the amygdala (mAMG.L) and the left vermis_6, an increased RSFC between the right medial part of the amygdala (mAMG.R) and left vermis_6, and an increased RSFC between the lAMG.R and left cerebelum_crus1 (<i>P</i> < 0.05). Moreover, correlation studies revealed that the GMV in the lAMG.R was significantly related to the EPDS scores in the All-PPD group (<i>P</i> < 0.05). Our findings demonstrated that the structure of amygdala sub-regions is impaired in patients with PPD. Acupuncture may improve depressive symptoms in patients with PPD, and the mechanism may be attributed to changes in the amygdala sub-region structure and the functional connections of brain areas linked to the processing of negative emotions. The fMRI-based technique can provide comprehensive neuroimaging evidence to visualize the central mechanism of action of acupuncture in PPD.",1
40753796,"Acupressure as a non-pharmacological treatment for depression: Neurophysiological, biochemical, and psychological mechanisms.","Depression is a common and serious psychological disorder with high prevalence and recurrence rates. Still, there are treatment-resistant depression in the clinic, so exploring other treatments is necessary. Acupressure is a non-invasive therapeutic method based on the principles of traditional Chinese medicine, which promotes health and relieves symptoms by applying pressure to specific acupoints on the body. Modern medical research on acupressure has gradually deepened, explaining and validating it through multiple perspectives, e.g., physiology, neurology, and biochemistry. However, the mechanisms underlying the treatment of depression with acupressure, the adoption of a multidisciplinary model of collaboration in treatment, and the improvement of the quality of related research have not yet been thoroughly described. Therefore, the present review summarized the mechanisms, including the neurophysiological, biochemical, and psychological mechanisms behind the treatment of depression with acupressure, its strengths (e.g., no side effects, easy operation, and good patient compliance), and limitations (e.g., individual differences in effects and lack of large-scale systematic studies) in treatment of depression and researches, and its potential for collaboration with other therapies (e.g., acupressure with medication, psychotherapy, and other Chinese medicine), and multidisciplinary approaches.",1
35926637,Paroxetine combined with traditional chinese medicine prescriptions in the treatment of postpartum depression: A systematic review of randomized controlled trials.,"Postpartum depression is a common mental disease in obstetric puerperium. Its etiology is not completely clear, and its clinical manifestations are complex. It has serious adverse effects on the body and mind of mothers and infants. Treatment should also follow the principle of individualization. Preliminary studies have shown that traditional chinese medicine prescriptions combined with paroxetine is effective in treating postpartum depression. In order to better determine the therapeutic effect, further exploration was carried out. Does the study better evaluate the therapeutic effect and provide data support for clinical promotion? The search comes from using the following electronic databases established until January 2022. The meta analysis results show that paroxetine combined with traditional chinese medicine prescriptions can reduce the Hamilton Depression Scale (HAMD) score [WMD = -7.35, 95 % CI (-10.84, -3.87), P＜0.001] and Edinburgh Postpartum Depression Scale (EPDS) score [WMD = -3.24, 95 % CI (-5.96, -0.53), P &lt; 0.001].And better than paroxetine treatment alone in terms of improving clinical efficacy [RR = 1.22, 95 % CI (1.16, 1.30), P &lt; 0.001]. Based on the combination of paroxetine and traditional chinese medicine prescriptions in the treatment of postpartum depression, there is a certain clinical effect, and a strong research design and a certain number of RCTs are required at the same time. Future research should clarify the specific composition and composition of traditional Chinese medicine prescriptions.",1
29454341,Treatment of depression with Chai Hu Shu Gan San: a systematic review and meta-analysis of 42 randomized controlled trials.,"Depression is a common mental disorder. Chai Hu Shu Gan San, a traditional Chinese medicine, is used to treat depression empirically. We present a systematic review and meta-analysis of the therapeutic efficacy and safety of Chai Hu Shu Gan San in treating depression. Several databases, including PubMed, China National Knowledge Internet, Wanfang, Chongqing VIP, and the Cochrane library, were systematically searched from their date of foundation to January 1, 2017. In this review, wehave included randomized control trials that compared Chai Hu Shu Gan San (or its combination with a regular Western medicine) with a regular Western medicine alone for the treatment of depression. Two investigators independently extracted and analyzed the data using RevMan 5.2.0 software. Mean difference (with a 95% confidence interval) was used as efficacy indices for outcomes. We included 42 studies involving 3234 patients with depression in 15 different types of diseases. Meta analyses showed better effect of Chai Hu Shu Gan San than fluoxetine for pure depression (MD = - 1.59, from - 2.82 to - 0.37, 4 trials, I<sup>2</sup> = 26%), for post-stroke depression (MD = - 4.20, from - 6.20 to - 2.19, 7 trials, I<sup>2</sup> = 96%), and for postpartum depression (MD = - 4.10, from - 7.48 to - 0.72 7 trials, I<sup>2</sup> = 86%). None of the articles reported severe adverse events of oral administration of Chai Hu Shu Gan San. Furthermore, any adverse effects of using Chai Hu Shu Gan San alone were fewer than those of regular Western medicines. This review found that Chai Hu Shu Gan San has some advantages in treating depression, especially post-stroke depression and post-partum depression. A meticulously designed and conducted randomized control trial is needed for further evaluation.",1
40469980,Sinisan ameliorates early-life stress-induced depressive-like behaviors by repairing DRN synaptic damage through CaSR.,"Early-life stress (ELS) is a well-established risk factor for adolescent depression, yet the underlying neurobiological mechanisms remain incompletely understood. The dorsal raphe nucleus (DRN), a key serotonergic center, demonstrates stress-induced synaptic impairments that may underlie depressive phenotypes. Sinisan (SNS), a classical Chinese herbal formula, shows clinical efficacy against mood disorders, but its effects on adolescent stress-induced DRN synaptic damage are unknown. Using a maternal separation plus chronic unpredictable mild stress (MSCUMS) model in adolescent rats, we integrated behavioral tests with various neurobiological analyses. Depressive-like behaviors were evaluated, synaptic ultrastructure in the DRN was examined via electron microscopy, and CaSR expression was measured. The therapeutic effects of SNS and the mechanistic role of CaSR were investigated through pharmacological activation (GdCl3). MS-CUMS induced: (1) depressive-like behaviors, (2) DRN synaptic ultrastructural damage, and (3) Calcium-sensing receptor (CaSR) downregulation. SNS treatment normalized depression/anxiety behaviors, restored CaSR expression and ameliorated synaptic damage. CaSR activation (GdCl3) reversed these deficits, confirming its mechanistic role. These results demonstrate that CaSR mediates ELS-induced DRN synaptic impairment, and SNS exerts rapid antidepressant effects via CaSR upregulation.",1
40778325,Comparative efficacy and safety of acupuncture for adolescent depression: protocol for a systematic review and Bayesian network meta-analysis.,"Adolescents are in a critical stage of development and represent a high-risk population for depression. Various studies have demonstrated the efficacy of acupuncture therapies in the treatment of adolescent depression. However, trials directly comparing the efficacy and safety of different acupuncture therapies for adolescent depression are still lacking. To identify the optimal acupuncture therapy for treating adolescent depression, we will conduct a systematic review and network meta-analysis of various acupuncture therapies for adolescent depression. Randomized controlled trials (RCTs) investigating the efficacy and safety of acupuncture in adolescent depression will be systematically searched across the Cochrane Central Register of Controlled Trials (CENTRAL), PubMed, Embase, Web of Science, and the China National Knowledge Infrastructure (CNKI) databases from inception to December 2025. Study quality will be assessed using the Cochrane Risk of Bias Tool (RoB 2.0), while the Confidence in Network Meta-Analysis (CINeMA) framework will evaluate evidence certainty. The primary outcomes will be included at least one validated depression rating scale for adolescent. Secondary endpoints include safety outcomes, measured by the incidence of adverse events during the study period. Bayesian network meta-analysis will be performed using the gemtc package (v0.8-7) in R statistical software (version 4.0.5). This study will clarify the comparative efficacy and safety of acupuncture for adolescent depression, guiding clinical decision-making. identifier (CRD 42024581768).",1
39323936,Inadequate Evidence for Acupuncture as an Alternative or Adjunct to Antidepressants/Psychotherapy for Postpartum Depression: A Bayesian Systematic Review and Network Meta-Analysis.,"Acupuncture is popular in the treatment of mental illness. This study determined its feasibility and role in managing postpartum depression (PPD) using a network meta-analysis. We systematically searched seven databases up to May 2024 for randomized controlled trials (RCTs) appraising acupuncture's efficacy and safety against waitlist-control, placebo, standard control, or as an add-on treatment. Cochrane criteria were followed. Thirteen studies encompassing 872 participants underwent analysis. Both pairwise and network meta-analysis indicated that acupuncture, psychotherapy, and antidepressants were comparable in clinical efficacy rate and in reducing Hamilton Depression Scale and Edinburgh Postnatal Depression Scale scores. Acupuncture and psychotherapy also effectively mitigated concurrent anxiety symptoms. Combining acupuncture with antidepressants augmented therapeutic efficacy and reduced reported gastrointestinal adverse effects associated with antidepressant use. Acupuncture combined with psychotherapy offered similar benefits with superior safety profile. However, the quality of evidence ranged from very low to low due to significant risks of bias and limited sample sizes. The efficacy of psychotherapy and the combination of acupuncture and psychotherapy might be underestimated, as most RCTs used supportive therapy or individual counseling as positive controls instead of recommended approaches like interpersonal psychotherapy (IPT) or cognitive behavioral therapy (CBT) per PPD guidelines. Current evidence precludes strong recommendations of administering acupuncture in PPD. Rigorous RCTs are essential to validate promising outcomes observed in comparisons between acupuncture, antidepressants, and their combined application. It remains inconclusive whether acupuncture's antidepressive effect is specific or non-specific. Given that psychotherapy is a recommended first-line treatment, investigating the potential efficacy enhancement of combining acupuncture with IPT/CBT is paramount to ascertain the preferred therapeutic approach for PPD.",1
15010661,Complementary therapies as adjuncts in the treatment of postpartum depression.,"Postpartum depression affects an estimated 13% of women who have recently given birth. This article discusses several alternative or complementary therapies that may serve as adjuncts in the treatment of postpartum depression. The intent is to help practitioners better understand the treatments that are available that their clients may be using. Complementary modalities discussed include herbal medicine, dietary supplements, massage, aromatherapy, and acupuncture. Evidence supporting the use of these modalities is reviewed where available, and a list of resources is given in the appendix.",1
29540339,Acupuncture at BL67 for mild postpartum depression: a prospective case series.,"The aim of this study was to explore the effects of acupuncture on mild postpartum depression (PPD). 15 patients diagnosed with PPD were enrolled in the study. Patients who satisfied the inclusion criteria received acupuncture therapy eight times over 4 weeks in the form of two 20-min treatment sessions per week. The treatment site was the BL67 acupuncture point (on the outside of the fifth toenail). After disinfecting the skin on the toes, sterile steel needles were gently inserted into the acupuncture point until the patient started to feel numb or swollen, a sensation known as <i>de qi</i>. Acupuncture was performed by the same doctor using HuanQiu stainless steel needles that were 0.2 mm in diameter and 40 mm in length. The Hamilton Depression Scale (HAMD) was used to evaluate the clinical effects of this therapy. Questionnaires were distributed to patients before therapy and 1 week after therapy and were immediately completed and checked. Treatment was associated with symptomatic improvement for all patients who adhered to therapy. The nine patients who completed treatment had an average pain score of 6.66 (SD 0.86); these patients' average pre-treatment pain score was 10.83 (SD 1.47). Six patients who did not complete treatment had an average pain score of 11.23 (SD 1.48); the average pre-treatment pain score of these patients was 10.5 (SD 2.21). Thus, symptoms did not significantly improve for patients who failed to adhere to the therapy. There was no significant difference between the two groups with respect to HAMD score before treatment (P=0.363). By contrast, asignificant between-group difference in post-treatment HAMD score was detected (P=0.001). Two patients discontinued treatment due to haemorrhage at the site of needling, and four patients discontinued treatment due to the inconvenience of traffic. There were no significant complications. Acupuncture therapy at BL67 may alleviate symptoms of mild PPD, however controlled clinical investigations are required to confirm its efficacy and effectiveness for this condition.",1
38449668,Processed <i>Polygonatum cyrtonema</i> Hua attenuates postpartum depression in rat model by regulating monoamines and hormones.,"<i>Polygonatum cyrtonema</i> Hua is a traditional Chinese medicinal food herb which can regulate the liver and Qi, nourish the heart and blood, moisten the lungs and nourish the kidneys with the potential to treat emotional diseases. However, few studies have explored the effects of <i>Polygonatum cyrtonema</i> Hua on postpartum depression. Therefore, we investigated whether processed <i>Polygonatum cyrtonema</i> Hua could improve postpartum depression in rat models by regulating monoamines and hormones. Female Sprague-Dawley rats were randomized into normal control (0.9%Nacl), Sham operation (0.9%Nacl), postpartum depression model (0.9%Nacl), fluoxetine (2.5 mg/kg Fluoxetine), low, medium and high dose of processed <i>Polygonatum cyrtonema</i> Hua (2.5 g/kg, 5 g/kg, 10 g/kg) groups. Rats in these groups received drug intervention, and then subjected to Open-field test and Forced swimming test. Brain tissues and serum samples were collected and used to quantify levels of monoamines, hypothalamic-pituitary-adrenal axis and serum Estradiol. The status of neuronal cells in hippocampus 1 region was examined through hematoxylin-eosin staining, whereas expression of estrogen receptor α and β was detected by immunohistochemistry. Rats in the model group showed decreased mobility time, the disorder of neuronal cells in hippocampus 1 area, and decreased concentration of 5-hydroxytryptamine and dopamine in brain tissue, norepinephrine and estradiol in serum as well as estrogen receptor α and β expression. They also exhibited increased adrenocorticotropic hormone, corticosterone and corticotropin releasing hormone in serum. However, the treatment with processed <i>Polygonatum cyrtonem</i> Hua or fluoxetine reversed the above abnormalities. The H group showed significant improvement in postpartum depression in rats, and processed <i>Polygonatum cyrtonema</i> Hua can be used as a developing drug for the prevention or treatment of depression.",1
38915473,Therapeutic potential of <i>Erxian decoction</i> and its special chemical markers in depression: a review of clinical and preclinical studies.,"The increasing prevalence of depression is a major societal burden. The etiology of depression involves multiple mechanisms. Thus, the outcomes of the currently used treatment for depression are suboptimal. The anti-depression effects of traditional Chinese medicine (TCM) formulations have piqued the interest of the scientific community owing to their multi-ingredient, multi-target, and multi-link characteristics. According to the TCM theory, the functioning of the kidney is intricately linked to that of the brain. Clinical observations have indicated the therapeutic potential of the kidney-tonifying formula <i>Erxian Decoction</i> (EXD) in depression. This review aimed to comprehensively search various databases to summarize the anti-depression effects of EXD, explore the underlying material basis and mechanisms, and offer new suggestions and methods for the clinical treatment of depression. The clinical and preclinical studies published before 31 August 2023, were searched in PubMed, Google Scholar, China National Knowledge Infrastructure, and Wanfang Database. This review followed the Preferred Reporting Items for Systematic Reviews and Meta-Analyses guidelines. Clinical studies have demonstrated that EXD exhibits therapeutic properties in patients with menopausal depression, <i>postpartum</i> depression, and maintenance hemodialysis-associated depression. Meanwhile, preclinical studies have reported that EXD and its special chemical markers exert anti-depression effects by modulating monoamine neurotransmitter levels, inhibiting neuroinflammation, augmenting synaptic plasticity, exerting neuroprotective effects, regulating the hypothalamic-pituitary-adrenal axis, promoting neurogenesis, and altering cerebrospinal fluid composition. Thus, the anti-depression effects of EXD are mediated through multiple ingredients, targets, and links. However, further clinical and animal studies are needed to investigate the anti-depression effects of EXD and the underlying mechanisms and offer additional evidence and recommendations for its clinical application. Moreover, strategies must be developed to improve the quality control of EXD. This review provides an overview of EXD and guidance for future research direction.",1
40195969,Meta-analysis of Xiaoyao formula as an adjuvant therapy for treating postpartum depression.,"Xiaoyao Powder/Pill, as a classical Chinese herbal formula, has been widely used for treating depression. This meta-analysis aims to evaluate the effectiveness of Xiaoyao formula (XYF) as an adjuvant therapy for treating postpartum depression. We searched studies indexed in international databases (Cochrane Library, Embase, and PubMed) and Chinese databases (SinoMed, CNKI, and Wanfang). Randomized controlled trials (RCTs) assessing the efficacy of XYF in combination with Western therapy compared to Western therapy alone for treating postpartum depression were eligible. The total response rate was defined as a reduction of more than 25% in depression scores, while clinical recovery was defined as a reduction of more than 75% in depression scores. Our analysis included ten RCTs comprising 810 women. The combination of XYF and Western therapy led to a significant improvement in the total response rate (risk ratios [RR] 1.17; confidence intervals [CI] 1.08-1.26) and the clinical recovery rate (RR 1.56; 95% CI 1.27-1.91) compared to Western therapy alone. Additionally, XYF as an adjuvant therapy also significantly decreased Hamilton Depression Scale scores (standard mean difference [SMD] -1.69; 95% CI -2.37 to -1.01). Adjuvant treatment with XYF can effectively alleviate depression in postpartum women. However, further well-designed RCTs are necessary to validate these findings, as the current evidence remains uncertain.",1
39319351,The effect of curcumax on postpartum women's depression: a randomized controlled trial.,"Postpartum depression is a major psychiatric disorder that affects the mother-baby attachment and may impair cognitive development of the child. This study aimed to evaluate the effect of curcumax (including ginger, turmeric, and black pepper) on postpartum depression in reproductive-aged women. This was a randomized controlled trial in which 124 women were recruited and randomly assigned into two groups of curcumax (n=62) and placebo (n=62) who consumed curcumax or placebo for 8 weeks (one capsule each day). Postpartum depression was measured using Edinburgh Depression Scale. Data were analyzed using Chi-square, independent t-test, and GEE. The mean (SD) score of depression score was 15.83 (2.77) and 15.45 (2.97) before intervention, which reduced to 3.48 (4.29) and 7.22 (3.98) in the intervention and control groups, respectively after 4 weeks (p<0.0001). After eight weeks of intervention, these scores reduced to 1.72 (3.30) and 5.85 (3.67) in the intervention and control groups, respectively (p<0.0001). The results of this study showed that curcumax significantly reduced the mean score of postpartum depression among reproductive-aged women. Because it is the first time this herb was used as an anti-depressant, its effective dose was not available. Therefore, further studies with higher doses of this herb are recommended. https://irct.behdasht.gov.ir/search/result?query=IRCT20210822052254N1, identifier IRCT20210822052254N1.",1
32765632,Use of Traditional Chinese Medicine for Patients Diagnosed with Postpartum Depression: A Nationwide Population-Based Study.,"Postpartum depression (PPD) is one of most common postnatal complications, affecting approximately 10%-15% of women after childbirth annually. Traditional Chinese medicine (TCM) has been gaining popularity as the choice of treatment for PPD in Taiwan. Hence, our aim was to analyze the utilization of TCM among PPD patients in Taiwan. A cross-sectional study was conducted using a random sample of one million beneficiaries selected from the Taiwanese National Health Insurance Research Database. We identified patients with PPD who had received either TCM treatment or non-TCM treatment from the database during 2000-2012. Multivariate logistic regression analysis was used to identify the factors associated with the use of TCM. A total of 653 patients with PPD were enrolled. The majority of patients with PPD were 26-30 years old, lived in a highly urbanized area of Taipei, had a monthly income <20,000 NT$, and were private enterprise employees. Around 52.7% of PPD patients had the motivation to seek TCM services. Younger women, who resided in central and southern Taiwan and who had used TCM one year before PPD diagnosis, were more likely to use TCM services. PPD patients who underwent TCM treatment had a lower overall medical expenditure than non-TCM users. Most TCM users chose simple Chinese herbal medicine. The coexisting factors that made PPD patients to seek TCM services were respiratory or oral infections. We demonstrated the characteristics of those that seek TCM for PPD, which may provide useful insights to health care providers towards resource allocation.",1
34369698,[Mild and moderate postpartum depression treated with acupuncture of <i>Tiaoren Tongdu:</i> a real world study].,"To observe the clinical therapeutic effect on mild and moderate postpartum depression treated with acupuncture of <i>Tiaoren Tongdu</i> (regulating the conception vessel and unblocking the governor vessel) on the base of real world. A total of 116 patients with mild and moderate postpartum depression were divided into an acupuncture group (103 cases) and a non-acupuncture group (13 cases) according to treatment regimen provided. In the acupuncture group, acupuncture of <i>Tiaoren Tongdu</i> was applied to Baihui (GV 20), Yintang (GV 29), Zhongwan (CV 12), Qihai (CV 6), Guanyuan (CV 4), Neiguan (PC 6), Shenmen (HT 7), Hegu (LI 4), Zusanli (ST 36), Sanyinjiao (SP 6) and Taichong (LR 3). Needles were retained for 30 min each time, the treatment was given once every other day, 3 times a week. In the non-acupuncture group, psychotherapy was provided, once daily. The duration of treatment in the two groups was 8 weeks. According to the treatment times of acupuncture, the acupuncture group was subdivided into an acupuncture A group (60 cases with total treatments ≥ 6 times) and an acupuncture B group (43 cases with total treatments<6 times). Using propensity score matching method, the patients of the acupuncture A and B groups were matched each other. Finally, 31 pairs of cases were matched successfully. Before treatment, at 1st, 2nd, 4th and 8th weeks of treatment, as well as at 3-month follow-up, the scores of Hamilton depression scale (HAMD) were compared in patients among the three groups. Using Logistic regression, the impact of acupuncture frequencies on the therapeutic effect was analyzed and the clinical therapeutic effect was assessed. The total effective rate of the acupuncture A group was 100.0% (31/31), better than 76.9% (10/13) in the non-acupuncture group and 58.1% in the acupuncture B group (18/31) (<i>P</i><0.05). HAMD score at each time point after treatment was lower than that before treatment in the patients of each group (<i>P</i><0.05). But HAMD score at each time point after treatment in either the acupuncture A group or the acupuncture B group was lower than that in the non-acupuncture group separately (<i>P</i><0.05), HAMD scores in the acupuncture A group at the 4th and 8th weeks of treatment and at follow-up were lower than those in the acupuncture B group (<i>P</i><0.05). Logistic regression analysis showed that the total times of acupuncture treatment and the persistent days of treatment had a certain relation to therapeutic effect (<i>P</i><0.05). Acupuncture of <i>Tiaoren Tongdu</i> effectively improves in mild and moderate postpartum depression and its therapeutic effect is closely related to treatment course.",1
38726147,Effect of Shenqi Jieyu formula on inflammatory response pathway in hippocampus of postpartum depression rats.,"To investigate whether SJF functions in similar manner as the key substance in the inflammatory process, soluble epoxide hydrolase (sEH) inhibitor, to inhibit the arachidonic acid metabolic pathway and nuclear factor kappa-B(NF-κB) signal path in the hippocampi of postpartum depression rats. The rats were subcutaneous injected estradiol benzoate and progesterone to build PPD rat model. SJF, paroxetine hydrochloride and sEH inhibitor (AUDA) were used to treat PPD rats for 3 weeks. Then the morphological changes of hippocampi and various proteins were observed after that behavioral test were conducted in all 36 SD rats in six group: SJF, paroxetine, AUDA, PPD, sham and normal group. Weight, results of sucrose preference, upright times, total and center squares crossing decreased significantly (P < 0.01), whereas immobility time increased (P < 0.01). Results above were reversed in animals that in the SJF, paroxetine and AUDA groups. Hippocampal neurons in PPD rats partially degenerated with narrowed nuclei, increased autophagy and mitochondria bound to lysosomes were visible while the autophagy of hippocampal neurons in the paroxetine and AUDA group decreased, with a small amount of lysosomes. sEH, COX-2, 5-LOX, TNF-α, IL-1, IL-6, NF-κB p65, and Cor increased in hippocampi of PPD rats while EETs and 5-HT decreased. Protein expressions of Ibal, GFAP, p-IκBα, p65, and p-p65(S536)increased in PPD animals. Those changes were reversed by SJF, paroxetine and AUDA. Gene expressions of TNF-α, IL-1β, IL-6, 5-LOX, COX-2 and p65 increased in PPD rats and the changes of expression in these genes were reversed by paroxetine and AUDA. SJF reversed the gene expression changes of COX-2, TNF-α, and IL-1β. SJF may have an analogous effect as sEH inhibitor to relieve depressive symptoms by suppressing inflammatory signaling pathways in hippocampi of PPD rats, which involves AA metabolic pathway and NF-κB signal pathway.",1
36951085,[Analysis of regularity of acupoint selection and compatibility of acupuncture in the treatment of postpartum depression].,"To analyze the regularity of acupoint selection, and compatibility of acupuncture in the treatment of postpartum depression. Articles both in English and Chinese published in databases of CNKI, Wanfang, VIP, Chinese biomedical literature database (SinoMed), PubMed, Embase, Cochrane Library from the inception to February of 2021 were retrieved by using key words ""acupuncture"" or ""moxibustion"" or ""electroacupuncture"" or ""acupoint application"" or "" acupoint burying"" or ""acupoint injection"" or ""fire needling"" and ""postpartum depression"" or ""puerperal depression"". The frequencies of selected acupoints and meridians were counted by using data mining technology, and the points with high frequency were analyzed by cluster analysis. A total of 42 articles were included, containing 65 prescriptions and 80 points. The highest frequency of acupoints were Baihui (GV20), Sanyinjiao (SP6), Taichong (LR3), Neiguan (PC6), Zusanli (ST36) and Shenmen (HT7). The most frequently selected channels were Bladder Meridian, Governor Meridian and Liver Meridian. Among the specific points, intersection points, five-<i>shu</i> points, yuan-source points and back-<i>shu</i> points were widely used. Through cluster analysis, four effective cluster groups ［GV20-SP6, LR3-PC6, Xinshu (BL15)-Ganshu (BL18)-Pishu (BL20)-Guanyuan (CV4), Hegu (LI4)-Qihai(CV6)-Qimen (LR14)］ were obtained, as well as a group of main points (GV20-SP6-LR3-PC6-ST36-HT7) and two groups of matching points ［LI4-CV6-LR14 and BL15-BL18-BL20-CV4-Sishencong (EX-HN1)］. Through data mining technology, this paper summarized the acupoint selection and compatibility law of acupuncture in the treatment of postpartum depression, focusing on regulating Qi, blood and spirit, so as to provide reference for guiding the clinical acupuncture treatment and scientific research of postpartum depression.",1
35089211,The effect of acupuncture on condition being studied emotional disorders in patients with postpartum: A protocol for systematic review and meta-analysis.,"As one of the common postpartum diseases, postpartum emotional disorders (PEDs) mainly include postpartum depression, postpartum anxiety, posttraumatic stress disorder, and obsessive-compulsive disorder, which significantly affect the patient's quality of life. Acupuncture has been widely used as a popular alternative complementary therapy for the treatment of PEDs. Nevertheless, its effectiveness and safety remain uncertain. Hence, the first systematic review and meta-analysis will be urgently executed to explore the effectiveness and safety of acupuncture in the treatment of PEDs. Eight databases will be searched, including the PubMed, Web of Science, EMBASE, the Cochrane Central Register of Controlled Trials, Chinese National Knowledge Infrastructure, Chinese Biomedical Literature Database, Wanfang Database, and Technology Periodical Database. Only randomized controlled trials of acupuncture for PEDs will be considered. The languages are limited to English and Chinese. All publications were retrieved by 2 researchers independently. Assessment of the Edinburgh Postpartum Depression Scale will be dedicated as a primary outcome, and secondary outcomes include the Hamilton Anxiety Inventory, the Hamilton Depression Inventory, the Orientation to Life Questionnaire (sense of coherence 29-item scale), and adverse effects of acupuncture. The Cochrane Risk of Bias tool will be used to assess the quality of the eligible publications. Additionally, the level of evidence for results will be evaluated by using the Grades of Recommendation, Assessment, Development, and Evaluation method. All data will be analyzed statistically by using RevMan V.5.3 software. This study will provide a high level of the evidence-based basis for the effectiveness and safety of acupuncture in the treatment of PEDs. The findings of this study will assess the safety, efficacy, and adverse effects of acupuncture in the treatment of PEDs. No ethical approval is required as patient data will not be collected. In addition, the results of this meta-analysis will be disseminated through publication in peer-reviewed scholarly journals or relevant academic conferences. INPLASY 2021120091.",1
41409594,The role of natural products and traditional Chinese medicine formulas in postpartum depression: mechanism and prospects.,"Postpartum depression (PPD) is a common postpartum complication mediated by multiple factors, which can lead to dual damage to both maternal and infant health. There is an urgent need to explore alternative intervention strategies, as the current conventional antidepressant medications have drawbacks, including delayed onset, severe side effects, and low patient tolerance. Due to their multi-target potential, certain metabolites derived from traditional Chinese medicine (TCM) and other natural products are being investigated as treatments for PPD. However, a systematic understanding of their molecular mechanisms, grounded in the pathophysiology of PPD, is lacking. Therefore, this article synthesizes recent literature to systematically review the pathophysiological mechanisms of PPD and to elucidate the molecular mechanisms underlying the therapeutic effects of TCM formulas and natural products. This review also critically discusses the limitations of current research-particularly issues related to standardization and safety-and proposes key priorities for future preclinical studies and clinical translation.",1
38026979,Si-Ni-San alleviates early life stress-induced depression-like behaviors in adolescence via modulating Rac1 activity and associated spine plasticity in the nucleus accumbens.,"<b>Background:</b> Early life stress (ELS) is a major risk factor for depression in adolescents. The nucleus accumbens (NAc) is a key center of the reward system, and spine remodeling in the NAc contributes to the development of depression. The Si-Ni-San formula (SNS) is a fundamental prescription for treating depression in traditional Chinese medicine. However, little is known about the effects of SNS on behavioral abnormalities and spine plasticity in the NAc induced by ELS. <b>Purpose:</b> This study aimed to investigate the therapeutic effect and the modulatory mechanism of SNS on abnormal behaviors and spine plasticity in the NAc caused by ELS. <b>Methods:</b> We utilized a model of ELS that involved maternal separation with early weaning to explore the protective effects of SNS on adolescent depression. Depressive-like behaviors were evaluated by the sucrose preference test, the tail suspension test, and the forced swimming test; anxiety-like behaviors were monitored by the open field test and the elevated plus maze. A laser scanning confocal microscope was used to analyze dendritic spine remodeling in the NAc. The activity of Rac1 was detected by pull-down and Western blot tests. Viral-mediated gene transfer of Rac1 was used to investigate its role in ELS-induced depression-like behaviors in adolescence. <b>Results:</b> ELS induced depression-like behaviors but not anxiety-like behaviors in adolescent mice, accompanied by an increase in stubby spine density, a decrease in mushroom spine density, and decreased Rac1 activity in the NAc. Overexpression of constitutively active Rac1 in the NAc reversed depression-related behaviors, leading to a decrease in stubby spine density and an increase in mushroom spine density. Moreover, SNS attenuated depression-like behavior in adolescent mice and counteracted the spine abnormalities in the NAc induced by ELS. Additionally, SNS increased NAc Rac1 activity, and the inhibition of Rac1 activity weakened the antidepressant effect of SNS. <b>Conclusion:</b> These results suggest that SNS may exert its antidepressant effects by modulating Rac1 activity and associated spine plasticity in the NAc.",1
36316904,Network pharmacology and molecular docking analysis on the mechanism of Baihe Zhimu decoction in the treatment of postpartum depression.,"Baihe Zhimu decoction (BZD) has significant antidepressant properties and is widely used to treat mental diseases. However, the multitarget mechanism of BZD in postpartum depression (PPD) remains to be elucidated. Therefore, the aim of this study was to explore the molecular mechanisms of BDZ in treating PPD using network pharmacology and molecular docking. Active components and their target proteins were screened from the traditional Chinese Medicine Systems Pharmacology Database and Analysis Platform (TCMSP). The PPD-related targets were obtained from the OMIM, CTD, and GeneCards databases. After overlap, the targets of BZD against PPD were collected. Protein-protein interaction (PPI) network and core target analyses were conducted using the STRING network platform and Cytoscape software. Moreover, molecular docking methods were used to confirm the high affinity between BZD and targets. Finally, the DAVID online tool was used to perform gene ontology (GO) and Kyoto Encyclopedia of Genes and Genomes (KEGG) pathway enrichment analysis of overlapping targets. The TCMSP database showed that BZD contained 23 active ingredients in PPD. KEGG analysis showed that overlapping genes were mainly enriched in HIF-1, dopaminergic synapses, estrogen, and serotonergic synaptic signalling pathways. Combining the PPI network and KEGG enrichment analysis, we found that ESR1, MAOA, NR3C1, VEGFA, and mTOR were the key targets of PPD. In addition, molecular docking confirmed the high affinity between BZD and the PPD target. Verified by a network pharmacology approach based on data mining and molecular docking methods, the multi-target drug BZD may serve as a promising therapeutic candidate for PPD, but further in vivo/in vitro experiments are needed.",1
35244051,Effects of the non-pharmacological interventions of traditional Chinese medicine on postpartum depression: A protocol for systematic review and network meta-analysis.,"Postpartum depression (PPD) has become one of the common disorders during the postpartum period. The non-pharmacological interventions of traditional Chinese medicine (TCM) have achieved good results in the treatment of PPD. However, the efficacy of different non-pharmacological interventions of TCM for PPD has not been fully elucidated. Due to the large number of non-pharmacological intervention of TCM modalities, the selection of appropriate non-pharmacological interventions of TCM has become an urgent clinical problem. The aim of this network meta-analysis was to explore the best choice for different non-pharmacological interventions of TCM for PPD. PubMed, Web of Science, Scopus, Cochrane Library, Embase, China Scientific Journal Database, China National Knowledge Infrastructure, Chinese Biomedical Literature Database, and Wanfang Data were searched to identify the randomized controlled trials of non-pharmacological interventions of TCM for PPD from the inception to February 2022. Two researchers will be independently responsible for literature screening, data extraction, and assessment of their quality. Standard pair-wise and Bayesian network meta-analysis will be performed to compare the efficacy of different non-pharmacological interventions of TCM for PPD via Stata 14.0 and WinBUGS1.4 software. The results of this meta-analysis will be submitted to a peer-reviewed journal for publication. The conclusion of this systematic review will provide evidence for the selection of an optimal non-pharmacological interventions of TCM for PPD. Ethical approval is not required for this study. The systematic review will be published in a peer-reviewed journal, presented at conferences, and shared on social media platforms. DOI 10.17605/OSF.IO/TM96G.",1
34490139,919 Syrup Alleviates Postpartum Depression by Modulating the Structure and Metabolism of Gut Microbes and Affecting the Function of the Hippocampal GABA/Glutamate System.,"Postpartum depression (PPD) is a mental disorder that affects pregnant women around the world, with serious consequences for mothers, families, and children. Its pathogenesis remains unclear, and medications for treating PPD that can be used during lactation remain to be identified. 919 syrup (919 TJ) is a Chinese herbal medicine that has been shown to be beneficial in the treatment of postpartum depression in both clinical and experimental studies. The mechanism of action of 919 TJ is unclear. 919 syrup is ingested orally, making the potential interaction between the drug and the gut microbiome impossible to ignore. We therefore hypothesized that 919 syrup could improve the symptoms of postpartum depression by affecting the structure and function of the intestinal flora, thereby altering hippocampal metabolism. We compared changes in hippocampal metabolism, fecal metabolism, and intestinal microflora of control BALB/c mice, mice with induced untreated PPD, and mice with induced PPD treated with 919 TJ, and found that 4-aminobutyric acid (GABA) in the hippocampus corresponded with PPD behaviors. Based on changes in GABA levels, multiple key gut bacterial species (<i>Mucispirillum schaedleri, Bifidobacterium pseudolongum, Desulfovibrio piger, Alloprevotella tannerae, Bacteroides</i> sp.2.1.33B and <i>Prevotella</i> sp. CAG:755) were associated with PPD. Metabolic markers that may represent the function of the intestinal microbiota in mice with PPD were identified (Met-Arg, urocanic acid, thioetheramide-PC, L-pipecolic acid, and linoleoyl ethanolamide). The relationship between these factors is not a simple one-to-one correspondence, but more likely a network of staggered functions. We therefore believe that the composition and function of the entire intestinal flora should be emphasized in research studying the gut and PPD, rather than changes in the abundance of individual bacterial species. The introduction of this concept of ""GutBalance"" may help clarify the relationship between gut bacteria and systemic disease.",1
36126781,Saffron essential oil ameliorates CUMS-induced depression-like behavior in mice via the MAPK-CREB1-BDNF signaling pathway.,"Saffron, the dried stigma of Crocus sativus L., has a long history of use in the treatment of depression in traditional Chinese medicine and Islamic medicine. The unique aroma of saffron, primarily derived from its volatile oil, has been widely used by folk to mitigate anxiety and depression via sniffing because the aroma of saffron has a pleasant and invigorating effect. This study aimed to investigate the antidepressant effect and the underlying mechanism of saffron essential oil (SEO) in mice exposed to chronic unpredictable mild stress (CUMS). In this study, compounds of SEO were identified using gas chromatography-mass spectrometry analysis, while network pharmacology was used to predict potential active compounds, antidepressant targets, and related signaling pathways of SEO. The CUMS depression model was further used to explore the therapeutic effect and possible mechanism of SEO. During the modeling period, mice were regularly administered fluoxetine (3.6 mg/kg, i.g.) or diluted SEO (2%, 4%, and 6% SEO, inhalation). The antidepressant and neuroprotective effects of SEO were evaluated by behavior tests (the open field test, the sucrose preference test, the tail suspension test, and the forced swimming test), hematoxylin-eosin staining, and Nissl staining. The enzyme-linked immunosorbent assay kits were used to measure dopamine (DA), 5-serotonin (5-HT), brain-derived neurotrophic factor (BDNF), and γ-aminobutyric acid (GABA) levels in serum. The relative abundance of Raf1, MEK1, P-ERK1/2/ERK1/2, P-CREB1/CREB1, BDNF, and P-Trk B/Trk B in the hippocampus was determined using western blot (WB). According to the network pharmacology analysis, seven active SEO compounds mediated 113 targets related to depression treatment, most of which were enriched in the 5-HT synapse, calcium signaling pathway, and cAMP signaling pathway. In vivo experiments indicated that fluoxetine and SEO improved depression-like behaviors in depressed mice. The levels of 5-HT, DA, BDNF, and GABA in serum increased significantly. Histopathological examinations revealed that fluoxetine and SEO ameliorated neuronal damage in the hippocampus. WB analysis showed that the relative expressions of Raf1, MEK1, P-ERK1/2/ERK1/2, P-CREB1/CREB1, BDNF, and P-Trk B/Trk B were significantly higher in the fluoxetine and SEO groups than in the CUMS group. Overall, these findings suggest that SEO significantly alleviates the depressive symptoms in CUMS exposed mice and partially restores hippocampal neuronal damage. Meanwhile, the best efficacy was observed in 4% SEO. Furthermore, the antidepressant mechanism of SEO is primarily dependent on the regulation of the MAPK-CREB1-BDNF signaling pathway.",1
39241390,"Network pharmacology screening, in vitro and in vivo evaluation of antianxiety and antidepressant drug-food analogue.","Depression and anxiety disorders are prevalent psychiatric conditions, and currently utilized chemical drugs typically come with significant adverse effects. China boasts a wealth of medicinal and food herbs known for their safe and effective properties. This study aimed to develop novel formulations with improved antidepressant and anxiolytic effects derived from medicinal and food herbs. Screening combinations with antidepressant and anxiolytic effects using techniques such as network pharmacology and validating their effects in vitro and in vivo experiments. Utilizing network pharmacology and molecular docking, we identified the top ten medicinal herbs with anxiolytic and antidepressant potential. Herbs with cytoprotective effects and non-toxic characteristics were further screened to formulate the herbal blends. Subsequently, we established a PC12 cell injury model and a chronic unpredictable mild stress (CUMS) model in mice to assess the effects of our formulations. Ten medicinal herbs were initially screened, and six of them were deemed suitable for formulating the blend, namely Gancao, Dazao, Gouqizi, Sangye, Huangqi, and Jinyinhua (GDGSHJ). The GDGSHJ formulation reduced Lactate Dehydrogenase (LDH) leakage, decreased apoptosis, and demonstrated a favorable antidepressant and antianxiety effect in the CUMS mouse model. Besides, GDGSHJ led to the upregulation of serum 5-Hydroxytryptamine (5-HT) content and brain tissue 5-HT, Gamma-aminobutyric acid (GABA), and Dopamine (DA) levels. It also downregulated the expression of SLC6A4 and SLC6A3 genes in the mouse hippocampus while upregulating HTR1A, DRD1, DRD2, and GABRA1 genes. Our formulation exhibited robust antidepressant and antianxiety effects without inducing substantial toxicity. This efficacy appears to be mediated by the expression of relevant genes within the hippocampus of mice. The formulation achieved this effect by balancing 5-HT levels in the serum and DA, GABA, and 5-HT levels within brain tissue.",1
38296172,Jiao-tai-wan and its effective component-berberine improve diabetes and depressive disorder through the cAMP/PKA/CREB signaling pathway.,"Jiao-tai-wan (JTW), a classic herbal formula of traditional Chinese medicine recorded in Han Shi Yi Tong, has been used to alleviate sleep disorders since ancient times. In modern pharmacological research, JTW has been adopted for treating diabetes mellitus and even exerts antidepressant effects. However, the potential mechanisms deserve further elucidation. The prevalence of diabetes mellitus combined with depressive disorder (DD) is continuing to increase, yet it is currently under-recognized and its treatment remains inadequate. The present study aims to explore the underlying therapeutics and mechanisms of JTW on DD. Chronic restraint stress was used on db/db mice to construct a mouse model of DD. The therapeutic effects of JTW were assessed by glucolipid metabolic indexes, behavioral tests, and depression-related neurotransmitter levels. The inflammatory status and cell apoptosis of different mice were investigated and the changes in the cAMP/PKA/CREB pathway were detected. Combining the results of fingerprinting with molecular docking, the active components of JTW were screened. A cellular model was constructed by intervention of glucose combined with corticosterone (CORT). The levels of apoptosis and depression-related neurotransmitters in HT-22 cells were examined, and the changes in the cAMP/PKA/CREB pathway were tested. Finally, the activator and inhibitor of the PKA protein were used for reverse validation experiments. JTW could improve the impaired glucose tolerance, lipid metabolism disorders, and depression-like symptoms in DD mice. Meanwhile, JTW could alleviate the inflammatory status, suppress the microglia activation, and improve hippocampal neuron apoptosis in DD mice. The dual effects of JTW might be associated with the activation of the cAMP/PKA/CREB pathway. Berberine (Ber) was identified for the in vitro experiment, it could reverse the apoptosis of HT-22 cells and up-regulate the depression-related neurotransmitter levels, and the effects of Ber were related to the activation of the cAMP/PKA/CREB pathway as well. JTW could exert both hypoglycemic and antidepressant effects through activating the cAMP/PKA/CREB signaling pathway, its active component, Ber, could improve the damage to HT-22 cells induced by glucose combined with CORT via the activation of the cAMP/PKA/CREB pathway. Ber may be one of the effective components of the dual effects of JTW.",1
34627986,Anti-depressive effects of Jiao-Tai-Wan on CORT-induced depression in mice by inhibiting inflammation and microglia activation.,"Jiao-Tai-Wan (JTW) is a very famous traditional Chinese medicine formula for the treatment of psychiatric disorders, especially in anxiety, insomnia and depression. However, its molecular mechanism of treatment remains indistinct. We aimed to reveal the action mechanism of JTW on anti-depression via inhibiting microglia activation and pro-inflammatory response both in vivo and in vitro. The corticosterone (CORT)-induced depression mouse model was used to evaluate the therapeutic efficacy of JTW. Behavioral tests (open field, elevated plus maze, tail suspension and forced swim test) were conducted to evaluate the effect of JTW on depressive-like behaviors. The levels of inflammatory factors and the concentration of neurotransmitters were detected by RT-qPCR or ELISA assays. Then three hippocampal tissue samples per group (Control, CORT, and JTW group) were sent for RNA sequencing (RNA-seq). Transcriptomics data analysis was used to screen the key potential therapeutic targets and signaling pathways of JTW. Based on 8 bioactive species of JTW by our previous study using High-performance liquid chromatography (HPLC) analysis, molecular docking analyses were used to predict the interaction of JTW-derived compounds and depression targets. Finally, the results of transcriptome and molecular docking analyses were combined to verify the targets, key pathways, and efficacy of JTW treatment in vivo and vitro. JTW ameliorated CORT-induced depressive-like behaviors, neuronal damage and enhanced the levels of monoamine neurotransmitters in the serum of mice. JTW also inhibited CORT-induced inflammatory activation of microglia and decreased the serum levels of interleukin- 6(IL-6) and interleukin- 1β (IL-1β) in vivo. Transcriptomic data analysis showed there were 10 key driver analysis (KDA) genes with the strongest correlation which JTW regulated in depression mice. Molecular docking analysis displayed bioactive compound Magnoflorine had the strongest binding force to the key gene colony-stimulating factor 1 receptor (CSF1R), which is the signaling microglia dependent upon for their survival. Meanwhile, CSF1R staining showed it was consistent with inflammatory activation of microglia. Our vitro experiment also showed JTW and CSF1R inhibitor significantly reduced lipopolysaccharide (LPS)/interferon-gamma (IFNɣ)-induced inflammatory activation response in macrophage cells. Our study suggests that JTW might ameliorate CORT-induced neuronal damage in depression mice by inhibiting CSF1R mediated microglia activation and pro-inflammatory response.",1
38490155,Cynaroside improved depressive-like behavior in CUMS mice by suppressing microglial inflammation and ferroptosis.,"Depression is a common mental health disorder, and in recent years, the incidence of various forms of depression has been on the rise. Most medications for depression are highly dependency-inducing and can lead to relapse upon discontinuation. Therefore, novel treatment modalities and therapeutic targets are urgently required. Traditional Chinese medicine (TCM) offers advantages in the treatment of depression owing to its multi-target, multi-dimensional approach that addresses the root cause of depression by regulating organ functions and balancing Yin and Yang, with minimal side effects. Cynaroside (CNS), an extract from the traditional Chinese herb honeysuckle, is a flavonoid compound with antioxidant properties. In this study, network pharmacology identified 44 potential targets of CNS associated with depression and several highly correlated inflammatory signaling pathways. CNS alleviated LPS-induced M1 polarization and the release of inflammatory factors in BV-2 cells. Transcriptomic analysis and validation revealed that CNS reduced inflammatory polarization, lipid peroxidation, and ferroptosis via the IRF1/SLC7A11/GPX4 signaling pathway. In vivo experiments showed that CNS treatment had effects similar to those of fluoxetine (FLX). It effectively ameliorated anxiety-, despair-, and anhedonia-like states in chronic unpredictable mild stress (CUMS)-induced mice and reduced microglial activation in the hippocampus. Thus, we conclude that CNS exerts its therapeutic effect on depression by inhibiting microglial cells from polarizing into the M1 phenotype and reducing inflammation and ferroptosis levels. This study provides further evidence that CNS is a potential antidepressant, offering new avenues for the treatment of depression.",1
39385284,Identification of molecular targets of Hypericum perforatum in blood for major depressive disorder: a machine-learning pharmacological study.,"Major depressive disorder (MDD) is one of the most common psychiatric disorders worldwide. Hypericum perforatum (HP) is a traditional herb that has been shown to have antidepressant effects, but its mechanism is unclear. This study aims to identify the molecular targets of HP for the treatment of MDD. We performed differential analysis and weighted gene co-expression network analysis (WGCNA) with blood mRNA expression cohort of MDD and healthy control to identify DEGs and significant module genes (gene list 1). Three databases, CTD, DisGeNET, and GeneCards, were used to retrieve MDD-related gene intersections to obtain MDD-predicted targets (gene list 2). The validated targets were retrieved from the TCMSP database (gene list 3). Based on these three gene lists, 13 key pathways were identified. The PPI network was constructed by extracting the intersection of genes and HP-validated targets on all key pathways. Key therapeutic targets were obtained using MCODE and machine learning (LASSO, SVM-RFE). Clinical diagnostic assessments (Nomogram, Correlation, Intergroup expression), and gene set enrichment analysis (GSEA) were performed for the key targets. In addition, immune cell analysis was performed on the blood mRNA expression cohort of MDD to explore the association between the key targets and immune cells. Finally, molecular docking prediction was performed for the targets of HP active ingredients on MDD. Differential expression analysis and WGCNA module analysis yielded 933 potential targets for MDD. Three disease databases were intersected with 982 MDD-predicted targets. The TCMSP retrieved 275 valid targets for HP. Separate enrichment analysis intersected 13 key pathways. Five key targets (AKT1, MAPK1, MYC, EGF, HSP90AA1) were finally screened based on all enriched genes and HP valid targets. Combined with the signaling pathway and immune cell analysis suggested the effect of peripheral immunity on MDD and the important role of neutrophils in immune inflammation. Finally, the binding of HP active ingredients (quercetin, kaempferol, and luteolin) and all 5 key targets were predicted based on molecular docking. The active constituents of Hypericum perforatum can act on MDD and key targets and pathways of this action were identified.",1
38815404,Quercetin inhibits neuronal Ferroptosis and promotes immune response by targeting lipid metabolism-related gene PTGS2 to alleviate breast cancer-related depression.,"Quercetin, the key ingredient in Xiaoyao Kangai Jieyu Formula, has been previously found to relieve breast cancer-related depression (BCRD). We want to explore the potential mechanisms and therapeutic targets of quercetin alleviating BCRD. BALB/c mice were injected subcutaneously with 4T1 cells and corticosterone (CORT) to create a BCRD mice model. The primary hippocampal neurons were co-induced with 10 μg/ml lipopolysaccharide (LPS) and 200 μM CORT for 6 h to establish an in vitro model of BCRD. Quercetin was applied to explore its effect on disease symptoms, gut microbiota, and lipid metabolism of BCRD mice. Lipid metabolism-related genes were screened based on network pharmacology. Molecular docking was employed to prove whether quercetin bound to prostaglandin-endoperoxide synthase 2 (PTGS2). PTGS2 overexpression was carried out to explore the underlying mechanism of quercetin treatment on BCRD. Quercetin treatment not only altered the composition and abundance of gut microbiota but also alleviated abnormal lipid metabolism in BCRD mice. In particular, quercetin down-regulated BCRD and lipid metabolism-related genes screened by network pharmacology, especially PTGS2. Further, molecular docking verified the stable binding between quercetin and PTGS2. In hippocampal neurons, quercetin promoted proliferation but reduced ferroptosis-related markers (total Fe, Fe2+, MDA, and ROS) levels by targeting PTGS2. In BCRD mice, quercetin reduced the high immobility time and increased the sucrose preference rate and serotonin (5-HT), dopamine (DA), and noradrenaline (NE) levels. Meanwhile, quercetin increased CD4+/CD8+ T cells ratio and IL-2 and IFN-γ levels but reduced CA153 and IL-10 levels to alleviate BCRD development. However, PTGS2 overexpression reversed these effects of quercetin on BCRD. Quercetin inhibited neuronal ferroptosis and promoted immune responses in BCRD mice by targeting the lipid metabolism-related gene PTGS2. This provided a reference for quercetin in the treatment of BCRD.",1
40547671,Integrative Multi-omics and Network Pharmacology Reveal the Mechanisms of Xiaoyaosan in Treating Depression.,"With the continued rise in the incidence and prevalence of depression globally, treatment options involving traditional Chinese medicine (TCM) are receiving increasing attention. Xiaoyaosan, which is commonly used to treat depression, has been used in clinical practice for more than 1000 years in China. Our previous research has confirmed that Xiaoyaosan (XYS), an herbal TCM prescription, can improve depressive-like behavior by regulating the gut microbes closely related to immune-inflammatory processes, providing a potential basis for the antidepressant actions of XYS. The aim of this research is to investigate the antidepressant mechanism of XYSspecifically, we examined the downregulation of the PI3K/Akt/mTOR signaling pathway, restoration of Th17/Tregs, and reduction of inflammatory responseusing network pharmacology, transcriptomics, 4D proteomics, molecular docking, molecular dynamics simulation, and animal experiments. The chemical components of XYS were obtained using the PubChem database and HERB. The ADMET lab 3.0 drug absorption, distribution, metabolism, excretion, and toxicity prediction tool was used to screen the potential ingredients of the compound. The Swiss Target Prediction and SEA TCM ingredient target prediction platforms were used to predict the targets of potential active ingredients. The STRING database was used for protein-protein interaction (PPI) network analysis of the target. A chronic immobilization stress (CIS) rodent model of depression was established using male Sprague-Dawley rats (<i>n</i> = 75). Tests for depressive-like behaviors included the sucrose preference test, open field test, and forced swim test. Transcriptomics and 4D-DIA proteomics were employed to explore gene and protein expression changes in the colon tissue. Molecular docking and molecular dynamics simulations verify the binding of XYS's components and core targets. Rat colons were processed for Western blot detection of PI3K, p-PI3K, mTOR, p-mTOR, Akt, p-Akt, and Th17/Treg-related receptors (RORγ and Foxp3) and for RT-PCR detection of PI3K, mTOR, Akt, RORγt, and Foxp3. Flow cytometry was used to detect Th17 and Treg cell subsets in the colon, and ELISA was applied to detect IL-1 β, TNF-α, IL-17, IL-21, IL-22, IL-10, and TGF-β levels. The core components and core targets were screened by network pharmacology, which combined with molecular dynamics simulation, molecular docking, 4D proteomics, and transcriptomics sequencing revealed that the PI3k/Akt/mTOR signaling pathway is an important pathway underlying the antidepressant effects of XYS. XYS administration ameliorated depressive-like behavior and reduced weight loss in rats with CIS. Western blotting and RT-qPCR experiments showed that compared with the CIS model group, the expression of p-PI3K, p-mTOR, p-Akt, and RORγt was reduced, while that of Foxp3 was increased, in the H-XYS group. Moreover, flow cytometry suggested restored Th17/Treg balance in the colon, while ELISA indicated reduced TNF-α, IL-21, IL-22, IL-17, and IL-1β but increased IL-10 and TGF-β levels in the colons of rats in the H-XYS group. Network pharmacology, combined with 4D proteomics, transcriptomics, molecular docking, molecular dynamics simulation, and in vivo experiments, was performed to explore the antidepressant mechanism of XYS. XYS downregulated the PI3K/Akt/mTOR signaling pathway to restore Th17/Treg balance, reduce the release of proinflammatory factors, and ameliorate depressive behaviors in a CIS rat model.",1
39467428,Key role of PPAR-γ-mediated suppression of the NFκB signaling pathway in rutin's antidepressant effect.,"Depression is a chronic and recurrent disorder with an unknown etiology. Efficacious antidepressant treatments with minimal side effects are urgently needed. Neuroinflammation may contribute to depression, as anti-inflammatory drugs have been shown to alleviate depressive symptoms in clinical practice. Rutin, a naturally occurring flavonoid derived from plants, is abundant in many antidepressant herbs, including Hemerocallis citrina Baroni. Historical Chinese medical texts, including the renowned Compendium of Materia Medica, document H. citrina Baroni as possessing antidepressant properties. Rutin, one of its primary active constituents, is recognized for its anti-inflammatory effects. Despite this, little is known about its specific target and mechanism. In the present study, molecular docking, and surface plasmon resonance imaging (SPRi) analysis were used to identify the special targets of rutin. Meanwhile, the potential antidepressant effects were evaluated in the chronic social defeat stress (CSDS) paradigm, an animal model of depression. Then, Western blotting, quantitative real-time polymerase chain reaction (qRT-PCR), Co-immunoprecipitation (Co-IP) as well as antagonists of PPAR-γ were utilized to investigate the mechanism underlying the antidepressant effect of rutin. Both molecular docking and SPRi analysis showed high docking scores and interactions between rutin and PPAR-γ. In vivo, rutin promoted the nuclear translocation of PPAR-γ in the hippocampus of mice, inhibited NFκB-mediated inflammatory pathways, and subsequently reduced the expression of pro-inflammatory factors (e.g., iNOS, IL-6), aligning with an antidepressant effect. However, this therapeutic effect was attenuated by GW9662, a specific antagonist of PPAR-γ. As a result of activating PPAR-γ and inhibiting NFκB pathway activation, rutin reduces neuroinflammation and exhibits an antidepressant effect. These findings shed light on the antidepressant mechanism of rutin and could be valuable for the development of new antidepressants.",1
40550295,Xiaoyaosan alleviates chronic psychological stress-induced TH17/Treg imbalance via modulation of the FKBP5/NF-κB axis.,"Xiaoyaosan (XYS), a classical herbal formulation indicated for ""depression syndrome"", can improve chronic stress-related mood disorders and immune disorders through multi-target modulation of inflammatory mediators, although its precise mechanism in regulating Th17/Treg balance remains to be clarified. This study aims to elucidate the regulatory impact of XYS on the peripheral Th17/Treg immunological imbalance generated by chronic psychological stress through modulation of the FKBP5/NF-κB signaling pathway, thereby establishing a mechanistic foundation for developing innovative interventions with dual stress-adaptogenic and immunoregulatory properties. FKBP5 knockout (FKBP5<sup>-/-</sup>) and C57BL/6 mice underwent a 35-day chronic unpredictable mild stress (CUMS) paradigm. C57BL/6 mice were subsequently treated with XYS (1.61, 3.22, and 6.44 g/kg/d), fluoxetine (3 mg/kg/d). Behavioral phenotyping included the Open Field Test (OFT), Tail Suspension Test (TST), Forced Swimming Test (FST) and Sucrose preference test (SPT). Serum inflammatory cytokines (IL-17A, IL-23, IL-10, TNF-α) measured by enzyme-linked immunosorbent test (ELISA). Splenic Th17/Treg subset ratios were analyzed using multicolor flow cytometry. Western blotting evaluated FKBP5 expression and NF-κB pathway dynamics (IκB-α degradation, P65 nuclear translocation). UPLC-HRMS-based phytochemical profiling coupled with molecular docking elucidated XYS-FKBP5 interactions. FKBP5/IKKα/β complex formation was validated through confocal immunofluorescence (IF) colocalization and reciprocal co-immunoprecipitation (CO-IP) assays. CUMS mice exhibited significant depression-like behaviors and hippocampal neuronal damage, concomitant with elevated serum corticosterone levels and Th17/Treg immune dysregulation. Medium- and high-dose XYS interventions substantially ameliorated these behavioral abnormalities, reversed hippocampal pathological alterations, suppressed pro-inflammatory responses, and rectified Th17/Treg imbalance. Crucially, XYS exerted therapeutic effects through targeted suppression of FKBP5-IKK complex interaction, effectively blocking NF-κB nuclear translocation, thereby restoring Th17/Treg homeostasis. XYS ameliorates chronic psychological stress-induced Th17/Treg immune imbalance through FKBP5-targeted suppression of NF-κB hyperactivation. This multicomponent synergistic mechanism establishes a novel therapeutic strategy for stress-associated inflammatory comorbidities, particularly depression with immune dysregulation.",1
40425078,Icariin mitigates depressive-like behavior in rats by regulating mitochondrial function.,"Epimedii Folium is a famous traditional Chinese medicine that has been utilized to treat depression, impotency and rheumatism for centuries in China. Icariin (ICA) is the primary flavonoid and quality control ingredient of Epimedii Folium. The objective of this investigation was to clarify the mechanisms through which ICA improved depressive-like behavior in prenatal stress (PS) offspring rats. Male offspring rats subjected to PS were utilized to investigate the antidepressant effect and possible mechanism of ICA. H&E staining, Nissl staining, ELISA, western blot, immunofluorescence staining and molecular docking were carried out in this work. ICA treatment markedly mitigated depressive-like behavior and hippocampal neuronal damage in PS offspring rats. The hippocampal synaptic plasticity of PS offspring rats was impaired, while the abnormal expressions of synaptic plasticity proteins and the synaptic ultrastructure were restored after the administration of ICA. Importantly, ICA treatment improved disrupted mitochondrial dynamics and morphology, thereby reversing the decline in ATP level and mitochondrial membrane potential (MMP) in the hippocampus of PS offspring rats. The reduction of MMP in PS rats further induced the apoptosis of hippocampal neurons, while this trend was markedly reversed after the treatment with ICA. Concurrently, ICA reversed the decrease of mitochondrial biogenesis proteins (SIRT1, PGC-1α, NRF1, and TFAM) and the interaction between SIRT1 and PGC-1α. Further studies found that treatment with ICA notably counteracted the reduction in SIRT1 deacetylase activity and the increase in PGC-1α acetylation level in the hippocampus of PS rats. Additionally, ICA enhanced mitophagy by activating the PINK1/Parkin signaling pathway. ICA exerted anti-depressive effects in PS offspring rats, partly by improving mitochondrial dynamics, biogenesis, and mitophagy.",1
39770479,(-)-Syringaresinol Exerts an Antidepressant-like Activity in Mice by Noncompetitive Inhibition of the Serotonin Transporter.,"<i>Albizia julibrissin</i> Durazz. is one of the most popular herbs used for depression treatment, but the molecular basis for its mechanism of action has not been fully addressed. Previously, we isolated and identified two lignan glycoside derivatives that were shown to noncompetitively inhibit serotonin transporter (SERT) activity but with a relatively low inhibitory potency compared with those of conventional antidepressants. We characterized the pharmacological profile of the parental compound of these previously isolated lignan glycosides, (-)-syringaresinol (SYR), in inhibiting SERT by using biochemical, pharmacological, and behavioral approaches. SYR, as a potent inhibitor, decreases SERT V<sub>max</sub> but with little change in K<sub>m</sub> for its fluorescent substrate. SYR was shown to block the conformational conversion essential for substrate transport by stabilizing SERT in an outward-open and inward-closed conformation. In addition, our molecular docking and biochemical validation demonstrated that SYR binds to an allosteric site in SERT and noncompetitively inhibits SERT transport and binding activity. Furthermore, administration of SYR was indicated to exert an antidepressant-like activity and to effectively attenuate chronic unpredictable mild stress (CUMS)-induced abnormalities in behaviors and synaptic protein expression in depressive animal models. This study not only provides molecular insights into the mechanism of action of <i>A. julibrissin</i> in the treatment of depression, but also opens up the possibility of development of a novel class of allosteric site-targeted therapeutic agents with an underlying mechanism of action different from that of conventional antidepressants.",1
39904199,Exploring the active components and potential mechanisms of Zhimu-Huangbai herb-pair in the treatment of depression.,"The Zhimu-Huangbai herb-pair (ZB) is commonly used to treat depression. Previous research has verified that ZB is effective as an antidepressant. Nevertheless, its active components and potential mechanism still require further elucidation. This study aims to analyze the compounds of ZB penetrating into the brain using UPLC-MS and investigate the potential mechanisms of ZB in the treatment of depression through in vivo and in vitro experiments. The compounds of ZB that penetrate into the brain were identified using the UPLC-MS method. Network pharmacology analysis was employed to predict the therapeutic targets and mechanisms of the compounds of ZB in the brain for the treatment of depression. Subsequently, the molecular docking method was used to analyze the binding between active compounds and target proteins. Rat depression models induced by CUMS were used to investigate the impact of ZB on depression. Finally, the mechanism of ZB treatment for depression was investigated using the LPS-induced BV2 cell inflammation model. A total of 17 compounds were identified in ZB that crossed the blood-brain barrier (BBB). The network pharmacological analysis showed that the anti-depressant mechanism of ZB is closely related to inflammatory cytokines, including TNF and IL-6. Furthermore, KEGG and PPI analyses demonstrated that ZB regulates the microglia M1/M2 phenotypic polarization by modulating inflammation-related pathways. ZB was found to improve depression-like behavior in vivo. The molecular docking indicated that the compounds in ZB that penetrate into the brain have a strong binding ability to RELA and PPAR-γ. ZB inhibited the expression of p-p65 and increased the expression of PPAR-γ in the mPFC. By rebalancing the ratio of pro-inflammatory/anti-inflammatory cytokines, ZB was able to reduce neuroinflammation in the mPFC and hippocampus regions. The immunofluorescence results showed that ZB-containing serum reduced M1 polarization induced by LPS in BV2 cells. This study reveals that ZB effectively alleviates depression by regulating the M1/M2 phenotypic polarization of microglial cells. The mechanism may be that the active compounds of ZB reduce M1 phenotypic polarization by inhibiting P65 and increase M2 phenotypic polarization by promoting PPARγ.",1
36045534,The Mechanisms Underlying the Pharmacological Effects of GuiPi Decoction on Major Depressive Disorder based on Network Pharmacology and Molecular Docking.,"Major Depressive Disorder (MDD) is a common affective disorder. GuiPi decoction (GPD) is used to treat depression in China, Japan, and Korea. However, its effective ingredients and antidepressant mechanisms remain unclear. We attempted to reveal the potential mechanisms of GPD in the treatment of MDD by network pharmacology and molecular docking. In addition, we conducted an enzymatic activity assay to validate the results of molecular docking. GPD-related compounds and targets, and MDD-related targets were retrieved from databases and literature. The herb-compound-target network was constructed by Cytoscape. The protein- protein interaction network was built using the STRING database to find key targets of GPD on MDD. Enrichment analysis of shared targets was analyzed by MetaCore database to obtain the potential pathway and biological process of GPD on MDD. The main active compounds treating MDD were screened by molecular docking. The PDE4s inhibitors were screened and verified by an enzyme activity assay. GPD contained 1222 ingredients and 190 potential targets for anti-MDD. Possible biological processes regulated by GPD were neurophysiological processes, blood vessel morphogenesis, Camp Responsive Element Modulator (CREM) pathway, and Androgen Receptor (AR) signaling crosstalk in MDD. Potential pathways in MDD associated with GPD include neurotransmission, cell differentiation, androgen signaling, and estrogen signaling. Fumarine, m-cresol, quercetin, betasitosterol, fumarine, taraxasterol, and lupeol in GPD may be the targets of SLC6A4, monoamine oxidase A (MAOA), DRD2, OPRM1, HTR3A, Albumin (ALB), and NTRK1, respectively. The IC50 values of trifolin targeting Phosphodiesterase (PDE) 4A and girinimbine targeting PDE4B1 were 73.79 μM and 31.86 μM, respectively. The IC50 values of girinimbine and benzo[a]carbazole on PDE4B2 were 51.62 μM and 94.61 μM, respectively. Different compounds in GPD may target the same protein, and the same component in GPD can target multiple targets. These results suggest that the effects of GPD on MDD are holistic and systematic, unlike the pattern of one drug-one target.",1
40481474,Exploring the neuroprotective mechanisms of Jiawei Suanzaoren decoction in depression: insights from network pharmacology and molecular docking.,"Depression is a prevalent and debilitating neuropsychiatric disorder, often associated with neuroinflammation, oxidative stress, and neuronal apoptosis. Jiawei Suanzaoren (JWSZR), a traditional Chinese medicine (TCM) formulation, has demonstrated potential in alleviating depressive symptoms. However, its precise molecular mechanisms remain unclear. This study aims to elucidate the neuroprotective effects of JWSZR in depression using network pharmacology, molecular docking, and in vitro experimental validation. Active compounds of JWSZR were identified using the TCMSP and HERB databases, and depression-related targets were retrieved from GeneCards, DisGeNET, and OMIM. A protein-protein interaction (PPI) network was constructed, followed by functional enrichment analyses, including Gene Ontology (GO) and Kyoto Encyclopedia of Genes and Genomes (KEGG) pathways. Molecular docking was employed to predict the interactions between JWSZR's active components and key target proteins. Furthermore, in vitro experiments were performed using corticosterone (CORT)-induced PC12 cell model to validate the neuroprotective effects of JWSZR, assessing cell viability and apoptosis rates. Network pharmacology and molecular docking revealed that JWSZR exerts neuroprotective effects through multiple targets, including estrogen receptor ESR2, HSP90AA1, and STAT1. These targets regulate immune responses, inflammatory pathways, and cell survival. In vitro, JWSZR significantly improved cell viability and reduced apoptosis in CORT-treated PC12 cells, indicating its potential to protect against depression-related neurodegeneration. This study provides novel insights into the neuroprotective mechanisms of JWSZR in depression, suggesting that it may act through multi-target interactions involving immune modulation and apoptosis inhibition.",1
34976096,Network Pharmacology and Molecular Docking Analyses of Mechanisms Underlying Effects of the <i>Cyperi Rhizoma</i>-<i>Chuanxiong Rhizoma</i> Herb Pair on Depression.,"We aimed to investigate the mechanisms underlying the effects of the <i>Cyperi Rhizoma</i>-<i>Chuanxiong Rhizoma</i> herb pair (CCHP) against depression using a network pharmacology approach. A network pharmacology approach, including screening of active compounds, target prediction, construction of a protein-protein interaction (PPI) network, gene ontology (GO) and Kyoto Encyclopedia of Genes and Genomes (KEGG) pathway enrichment analyses, and molecular docking, molecular dynamics (MD) simulations, and molecular mechanics Poisson-Boltzmann surface area (MMPBSA), were used to explore the mechanisms of CCHP against depression. Twenty-six active compounds and 315 and 207 targets of CCHP and depression, respectively, were identified. The PPI network suggested that AKT1, IL-6, TP53, DRD2, MAPK1, NR3C1, TNF, etc., were core targets. GO enrichment analyses showed that positive regulation of transcription from RNA polymerase II promoter, plasma membrane, and protein binding were of great significance. Neuroactive ligand-receptor interaction, PI3K-Akt signaling pathway, dopaminergic synapse, and mTOR signaling pathway were important pathways. Molecular docking results revealed good binding affinities for the core compounds and core targets. MD simulations and MMPBSA validated that quercetin can stably bind to 6hhi. The effects of CCHP against depression involve multiple components, targets, and pathways, and these findings will promote further research on and clinical application of CCHP.",1
40803031,Evidences for action of icariin on depressive behavior in prenatal stress offspring rats and mechanism by integrating metabolomics and network pharmacology.,"Depression, as a prevalent and persistent mental disorder, poses a significant load for people and the community. Given the limitations of conventional antidepressant drugs, including their adverse side effects and suboptimal efficacy, traditional Chinese medicine has garnered considerable attention as a complementary and alternative therapeutic approach. Icariin (ICA), a natural compound, has demonstrated promising antidepressant properties; however, its precise mechanisms of action remain to be fully elucidated. Our research aims to investigate the underlying mechanisms for ICA treating depression, providing new insights into its potential therapeutic applications. The antidepressant mechanisms of ICA were investigated utilizing a prenatal stress (PS)-induced offspring depression model, employing an integrated approach combining metabolomic profiling and network pharmacology analysis. The depression model was established in PS offspring, followed by comprehensive behavioral assessments. Untargeted metabolomic profiling of hippocampus (HIP) and prefrontal cortex (PFC) tissues was performed to identify differentially expressed metabolites, with subsequent metabolic pathway analysis conducted with MetaboAnalyst tool. Concurrently, network pharmacology analysis was implemented to identify potential molecular targets underlying ICA's antidepressant effects. An integrated compound-reaction-enzyme-gene network was constructed and visualized through Cytoscape. Finally, molecular docking simulations were performed to validate the binding interactions between ICA and the identified core targets. ICA demonstrated significant antidepressant effects by ameliorating depressive-like behaviors in PS offspring rats. Metabolomic analysis revealed 246 significantly differentially expressed metabolites associated with ICA's therapeutic efficacy against depression. Through integrated bioinformatics analysis, we identified 13 key targets (ALDH2, AOC3, CHKB, CYP19A1, CYP1A1, CYP1A2, CYP1B1, DPYS, NOS2, PDE5A, PNLIP, PTGS2, XDH) along with their associated metabolic pathways and key metabolites that potentially mediate ICA's antidepressant actions. Molecular docking confirmed stable binding conformations between ICA and these core targets, with favorable binding energies. Furthermore, the study elucidated distinct metabolic alterations in both HIP and PFC regions, providing insights into the region-specific neurochemical modifications induced by ICA treatment. The study is the first to explore mechanism by which ICA alleviates depressive behaviors in PS offspring through an integrated approach combining HIP and PFC tissue metabolomics, network pharmacology, and experimental validation. The molecular mechanisms responsible for the antidepressant effects of ICA was elucidated. The established approach provides a novel methodological framework for investigating the pharmacological properties and mechanistic pathways of natural compounds.",1
39486672,"Traditional Chinese herbal formula, Fuzi-Lizhong pill, produces antidepressant-like effects in chronic restraint stress mice through systemic pharmacology.","Fuzi-Lizhong pill (FLP) is a well-validated traditional Chinese medicine (TCM) formula that has long been used in China for gastrointestinal disease and adjunctive therapy for depression. In our previous study, we reported that the principal herb of FLP, Aconitum carmichaelii Debx. (Fuzi), exhibits antidepressant-like effects. However, there have been no reports on whether FLP produces antidepressant-like effects and its potential molecular mechanisms. We aim to demonstrate the antidepressant-like effects of FLP in chronic restraint stress (CRS) mice and to explore the associated molecular mechanisms. The active components and probable molecular targets of FLP, as well as the targets related to depression, were identified through network pharmacology. A protein-protein interaction (PPI) network was generated using the overlapping targets, followed by the visualization as well as identification of the core targets associated with the antidepressant-like action of FLP. Subsequently, KEGG and GO enrichment analyses were conducted. UHPLC-MS/MS was employed to further detect the active compounds in FLP. Molecular docking was applied to assess the connections between the active components as well as the core targets. The efficacy of FLP in treating depression and its molecular mechanisms were examined using western blotting, ELISA, 16S rRNA sequencing, HE staining, Nissl staining, and Golgi-Cox staining in a CRS-induced mouse model. Network pharmacology and UHPLC-MS/MS analyses indicated that the active compounds of FLP comprised taraxerol, songorine, neokadsuranic acid B, ginkgetin, hispaglabridin B, quercetin, benzoylmesaconine and liquiritin. KEGG pathway analysis implicated that the PI3K/Akt/mTOR as well as MAPK signaling pathways are closely related to the therapeutic effects of FLP on depression. Molecular docking analysis demonstrated that the main components of FLP bind to PI3K, AKT, mTOR, BDNF and MAPK. FLP significantly decreased immobility in mice that were elevated by CRS in the FST and the TST. FLP also significantly increased sucrose preference in mice after CRS in the SPT. FLP upregulated proteins associated with BDNF-TrkB and PI3K/Akt/mTOR signaling and downregulated proteins associated with MAPK signaling. Serum levels of CORT, IL-6, IL-1β, and TNF-α in CRS mice were significantly decreased following treatment with FLP. In addition, FLP ameliorated CRS-induced gut microbiota dysbiosis as demonstrated by 16S rRNA sequencing analysis. FLP ameliorated CRS-induced intestinal inflammation and neuronal damage. Finally, antidepressant-like effects and concomitant increases in dendritic spine density induced by FLP administration were also reduced after rapamycin treatment. These results demonstrate that FLP has antidepressant-like effects in mice exposed to CRS that involve activation of the PI3K/Akt/mTOR signaling pathway, increase in spinogenesis, inhibition of the MAPK signaling pathway, decrease in inflammation, and amelioration of gut microbiota dysbiosis. These findings provide novel evidence for the clinical application of FLP on depression.",1
38704913,"Deciphering the therapeutic potential of SheXiangXinTongNing: Interplay between gut microbiota and brain metabolomics in a CUMS mice model, with a focus on tryptophan metabolism.","Depression, a prevalent and multifaceted mental disorder, has emerged as a significant public health concern due to its escalating prevalence and heightened risk of severe suicidality. Given its profound impact, the imperative for preventing and intervening in depression is paramount. Substantial evidence underscores intricate connections between depression and cardiovascular health. SheXiangXinTongNing (XTN), a recognized traditional Chinese medicine for treating Coronary Heart Disease (CHD), prompted our exploration into its antidepressant effects and underlying mechanisms. In this investigation, we assessed XTN's antidepressant potential using the chronic unpredictable mild stress (CUMS) mice model and behavioral tests. Employing network pharmacology, we delved into the intricate mechanisms at play. We characterized the microbial composition and function in CUMS mice, both with and without XTN treatment, utilizing 16S rRNA sequencing and metabolomics analysis. The joint analysis of these results via Cytoscape identified pivotal metabolic pathways. In the realm of network pharmacology, XTN administration exhibited antidepressant effects by modulating pathways such as IL-17, neuroactive ligand-receptor interaction, PI3K-Akt, cAMP, calcium, and dopamine synapse signaling pathways. Our findings revealed that XTN significantly mitigated depression-like symptoms and cognitive deficits in CUMS mice by inhibiting neuroinflammation and pyroptosis. Furthermore, 16S rRNA sequencing unveiled that XTN increased the alpha-diversity and beta-diversity of the gut microbiome in CUMS mice. Metabolomics analysis identified brain metabolites crucial for distinguishing between the CUMS and CUMS+XTN groups, with a focus on pathways like Tryptophan metabolism and Linoleic acid metabolism. Notably, specific bacterial families, including Alloprevotella, Helicobacter, Allobaculum, and Clostridia, exhibited robust co-occurring relationships with brain tryptophan metabolomics, hinting at the potential mediating role of gut microbiome alterations and metabolites in the efficacy of XTN treatment. In conclusion, our study unveils modifications in microbial compositions and metabolic functions may be pivotal in understanding the response to XTN treatment, offering novel insights into the mechanisms underpinning the efficacy of antidepressants.",1
41307677,A classic traditional chinese medicine formula for depression: mechanistic insights from phytochemical constituents and multitarget pathways.,"Depression is a common mood disorder that seriously affects the quality of life and working ability of patients. Zhi-Zi-Hou-Po Decoction (ZZHPD), a classical formula from the Traditional Chinese Medicine (TCM), is widely used to treat depression. Although ZZHPD exhibits potent antidepressant effects, its specific mechanism of action and active ingredients remain unknown. This article focused on identifying and analysing the major phytochemical in ZZHPD that exhibit antidepressant effects. It also provided theoretical data for the standardized clinical application of ZZHPD. A systematic review of the materia medica, chemical composition, and pharmacological effects from multi-source literature databases to elucidate the antidepressant mechanism of ZZHPD. And further validation was performed using a comprehensive bioinformatics analysis of network pharmacology and molecular docking. The antidepressant effect of ZZHPD is achieved through multiple pathways and targets. The key phytochemical constituents of ZZHPD include 3 categories, iridoids, flavonoids, and lignans, which are specifically included geniposide, magnolol, honokiol, hesperidin, hesperetin, naringin, naringenin, nobiletin, and 3,5,6,7,8,3',4'-heptamethphoxyflavone (HMF). The main antidepressant mechanisms include enhancing monoaminergic system function, inhibiting neuroinflammation, restoring HPA axis negative feedback, enabling neurogenesis and neuroplasticity, neuroprotective effects, inhibition of neuronal apoptosis and pyroptosis, antioxidative stress, and regulation of noncoding RNA. In summary, ZZHPD demonstrates antidepressant effects through multi-component, multi-target, and multi-pathway mechanisms. It shows promise for treating depression at the molecular, cellular, and systemic levels, with significant clinical application value.",1
35717786,Traditional herbal formula Jiao-tai-wan improves chronic restrain stress-induced depression-like behaviors in mice.,"Jiao-tai-wan (JTW) has been often used to treat insomnia and diabetes mellitus. Recent studies found its antidepressant activity, but the related mechanism is not clear. This study is to evaluate the therapeutic effects of JTW on chronic restraint stress (CRS)-induced depression mice and explore the potential mechanisms. CRS was used to set up a depression model. Mice in different groups were treated with 0.9 % saline, JTW and fluoxetine. After the last day of CRS, the behavioral tests were conducted. The levels of neurotransmitters, inflammatory cytokines and HPA axis index were detected and the protein expressions of NLRP3 inflammasome complex were determined. H&E, NISSL, TUNEL and immunofluorescence staining were used to observe histopathological changes and the activation of microglia and astrocytes. The potential mechanisms were explored via network pharmacology and verified by Western blot. The assessment of liver and kidney function showed that JTW was non-toxic. Behavioral tests proved that JTW can effectively ameliorate depression-like symptoms in CRS mice, which may be related to the inhibition of NLRP3 inflammasome activation. JTW can also improve the inflammatory state and HPA axis hyperactivity in mice, and has a protective effect on CRS-induced hippocampal neurons damage. The network pharmacology analysis and the results of Western blot suggested that the antidepressant effects of JTW may be related to the MAPK signaling pathway. Our findings indicated that JTW may exert antidepressant effects in CRS-induced mice by inhibiting NLRP3 inflammasome activation and improving inflammatory state, and MAPK signaling pathway may also be involved.",1
41045619,Ginsenoside compound K ameliorates depressive-like behaviors by targeting kynurenine 3-monooxygenase.,"With its high prevalence, frequent recurrence, and significant disability rates, depression has emerged as a major global health burden. Ginsenosides, the primary components of the herbal medicine ginseng, demonstrate antidepressant effects. Drug affinity-responsive target stability (DARTS) and lipid chromatography-mass spectrometry were employed to identify the potential targets of ginsenosides. Active components were characterized through biolayer interferometry (BLI), molecular docking, and site-directed mutagenesis assays to assess binding affinity and interaction sites. RNAscope in situ hybridization and tissue clearing were used to visualize the expression pattern of kynurenine 3-monooxygenase (KMO) and the distribution of ginsenoside metabolite compound K (CK) in brain. In corticosterone-induced depressive mouse models, behavioral phenotyping, viral-mediated gene manipulations, and bulk RNA sequencing with Mfuzz clustering were performed to explore the roles of KMO and ginsenosides in vivo. DARTS-based screening identified KMO as a critical binding target of ginsenosides. Among the components, CK showed the strongest direct binding to KMO, as confirmed by BLI. Molecular docking and mutations of candidate residues (I309 and G316) validated the specificity of the KMO-CK interaction. Spatial visualization via tissue clearing revealed colocalization of KMO and CK in the brain, with notable enrichment of KMO in thalamic neurons. Importantly, CK exerts antidepressant effects in a KMO-dependent pattern: it alleviated corticosterone-induced depressive-like behaviors and counteracted the associated upregulation of KMO expression. Furthermore, CK restored the neuroactive kynurenine pathway balance by modulating the quinolinic acid/kynurenic acid ratio. KMO serves as a direct target of ginsenosides in the brain. CK acts as a novel brain-penetrant KMO inhibitor that confers antidepressant activity. The enrichment of KMO in thalamic neurons-as opposed to cortical microglia-offers new insights into the neuroanatomical basis of KMO function and the mechanism of antidepressant interventions.",1
36440424,Potential mechanisms underlying the therapeutic roles of sinisan formula in depression: Based on network pharmacology and molecular docking study.,"The incidence of depression has been increasing globally, which has brought a serious burden to society. Sinisan Formula (SNSF), a well-known formula of traditional Chinese medicine (TCM), has been found to demonstrate an antidepressant effect. However, the therapeutic mechanism of this formula remains unclear. Thus, the present study aimed to explore the mechanism of SNSF in depression through network pharmacology combined with molecular docking methods. Bioactive compounds, potential targets of SNSF, and related genes of depression were obtained from public databases. Essential ingredients, potential targets, and signaling pathways were identified using bioinformatics analysis, including protein-protein interaction (PPI), the Gene Ontology (GO), and the Kyoto Encyclopedia of Genes and Genomes (KEGG). Subsequently, Autodock software was further performed for conducting molecular docking to verify the binding ability of active ingredients to targets. A total of 91 active compounds were successfully identified in SNSF with the use of the comprehensive network pharmacology approach, and they were found to be closely connected to 112 depression-related targets, among which CREB1, NOS3, CASP3, TP53, ESR1, and SLC6A4 might be the main potential targets for the treatment of depression. GO analysis revealed 801 biological processes, 123 molecular functions, and 67 cellular components. KEGG pathway enrichment analysis indicated that neuroactive ligand-receptor interaction, serotonergic synapse pathways, dopaminergic synapse pathways, and GABAergic synapse pathways might have played a role in treating depression. Molecular docking suggested that beta-sitosterol, nobiletin, and 7-methoxy-2-methyl isoflavone bound well to the main potential targets. This study comprehensively illuminated the active ingredients, potential targets, primary pharmacological effects, and relevant mechanism of the SNSF in the treatment of depression. SNSF might exert its antidepressant effects by regulating the signaling pathway of 5-hydroxytryptamine, dopamine, GABA, and neuroactive ligand receptor interactions. Still, more pharmacological experiments are needed for verification.",1
36431060,Network Pharmacology and Experimental Validation to Investigate the Antidepressant Potential of <i>Atractylodes lancea</i> (Thunb.) DC.,"<i>Atractylodes lancea</i> (Thunb.) DC. (AL) has been indicated in traditional prescriptions for the treatment of depression. However, the mechanism of action of AL in the treatment of depression is still unclear. This study aimed to investigate the antidepressant potential of AL using network pharmacology, molecular docking, and animal experiments. The active components of AL were retrieved from the traditional Chinese medicine systems pharmacology database and analysis platform (TCMSP), and the depression-related targets were screened through the DisGeNET database. Overlapping targets of AL and depression were selected and analyzed. Ten active compounds of AL showed anti-depressant potential, including stigmasterol, 3β-acetoxyatractylone, wogonin, β-sitosterol, selina-4(14),7(11)-dien-8-one, atractylenolide I, atractylenolide II, atractylenolide III, patchoulene, and cyperene. These compounds target 28 potential antidepressant genes/proteins. Gene Ontology (GO) enrichment analysis revealed that the potential targets might directly influence neural cells and regulate neuroinflammation and neurotransmitter-related processes. The potential Kyoto Encyclopedia Genes and Genomes (KEGG) pathways for the antidepressant effects of AL include neuroactive ligand-receptor interactions, calcium signaling pathways, dopaminergic synapse, interleukin (IL)-17 signaling pathways, and the pathways of neurodegeneration. IL-6, nitric oxide synthase 3 (NOS), solute carrier family 6 member 4 (SLC6A4), estrogen receptor (ESR1), and tumor necrosis factor (TNF) were the most important proteins in the protein-protein interaction network and these proteins showed high binding affinities with the corresponding AL compounds. AL showed an antidepressant effect in mice by decreasing immobility time in the tail suspension test and increasing the total contact number in the social interaction test. This study demonstrated the antidepressant potential of AL, which provides evidence for pursuing further studies to develop a novel antidepressant.",1
40617360,Erchen decoction alleviates anxiety and depression-like behaviors in high-fat diet-induced obesity mice via the Adipose-Brain axis.,"Erchen decoction (ECD) is a traditional Chinese medicine composed of six herbs that are historically recognized for their therapeutic effects on obesity, lipid metabolic disorders and systemic inflammation. However, the role and underlying mechanisms of ECD in alleviating anxiety and depression-like behaviors (ADBs) associated with obesity remain unclear. This study aimed to investigate the role and mechanisms by which ECD improves ADBs in obese mice, with a focus on the adipose-brain axis. An obesity model was established by feeding a high-fat diet (HFD) and then administering ECD by gavage. ADBs were evaluated via the open-field test and elevated plus maze test. Biochemical assays, histopathological observation, real-time PCR, immunofluorescence staining, untargeted metabolomics, and network pharmacology analysis were performed to investigate the potential mechanisms underlying the effects of ECD. Furthermore, the active components of ECD were qualitatively and quantitatively identified through extensive targeted mass spectrometry. ECD treatment not only improved HFD-induced adipose deposition and liver steatosis but also reduced neuroinflammation and inguinal white adipose tissue (iWAT) inflammation. Additionally, ECD inhibited the activation of microglia in the brain (p < 0.001), enhanced astrocyte activation (p < 0.001), and upregulated brain-derived neurotrophic factor (BDNF) expression (p < 0.05, p < 0.01). Furthermore, ECD intervention significantly alleviated HFD-induced ADBs. ECD alleviated HFD-induced ADBs by ameliorating inflammation in both iWAT and the brain, indicating that ECD is a potential therapy for ADBs. In addition, this is a preclinical mouse study to temper its applicability to human populations.",1
34447243,"Icariin, an Up-and-Coming Bioactive Compound Against Neurological Diseases: Network Pharmacology-Based Study and Literature Review.","Icariin is a biologically active substance in <i>Epimedii herba</i> that is used for the treatment of neurologic disorders. However, a comprehensive analysis of the molecular mechanisms of icariin is lacking. In this review, we present a brief history of the use of icariin for medicinal purposes; describe the active chemical components of <i>Epimedii herba</i>; and examine the evidence from experimental studies that have uncovered molecular targets of icariin in different diseases. We also constructed a protein-protein interaction network and carried out Gene Ontology and Kyoto Encyclopedia of Genes and Genomes functional enrichment analyses to predict the therapeutic actions of icariin in nervous system diseases including Alzheimer disease, Parkinson disease, ischemic stroke, depressive disorder, multiple sclerosis, glioblastoma, and hereditary spastic paraplegias. The results of our analyses can guide future studies on the application of icariin to the treatment of neurologic disorders.",1
41164411,"Inflammation-related biomarkers and berberine therapy in post-stroke depression: evidence from bioinformatics, machine learning, and experimental validation.","Post-stroke depression (PSD), a common neuropsychiatric complication, significantly hinders stroke recovery and quality of life. Given the established role of inflammation in the pathogenesis of PSD, this study aimed to identify key inflammation-related genes and pathways using bioinformatics and machine learning and further evaluate the protective effects of traditional Chinese medicine (TCM) monomer compounds. PSD-related datasets (GSE16561, GSE98793) were obtained from the Gene Expression Omnibus (GEO). Differentially expressed genes (DEGs) were identified using the limma package, followed by functional enrichment analysis with Gene Ontology (GO) and Kyoto Encyclopedia of Genes and Genomes (KEGG). Three machine learning algorithms-random forest, support vector machine-recursive feature elimination (SVM-RFE), and least absolute shrinkage and selection operator (LASSO)-were applied to screen inflammation-related hub genes. Immune cell infiltration was analyzed using single-sample gene set enrichment analysis (ssGSEA). Candidate TCM compounds were explored via the Coremine Medical database. A PSD rat model was established to validate hub gene expression and to assess the efficacy of berberine (BBR). Analysis identified 35 inflammation-related DEGs (IDEGs) significantly enriched in immunological processes, including malaria pathogenesis, NETosis, innate immune deficiencies, Rap1 signaling, and IL-17 cascades. The integration of machine learning pinpointed TLR2 and CYP1B1 as core hub genes, demonstrating robust diagnostic performance in external validation. Molecular docking suggested a strong binding affinity between the TCM compound BBR and TLR2/CYP1B1 proteins. PSD rats exhibited prolonged immobility in forced swim/tail suspension tests and decreased sucrose preference versus controls, alongside neuronal damage, edema, and inflammatory infiltration (HE staining). BBR treatment reversed these behavioral deficits and pathological changes. Western blot analysis confirmed elevated TLR2 and CYP1B1 expression in PSD rats, significantly downregulated by BBR. Enzyme-linked immunosorbent assay (ELISA) showed increased serum IL-1β, IL-6, and TNF-<i>α</i> levels in PSD, which BBR effectively reduced. This study identifies TLR2 and CYP1B1 as core inflammation-related genes in PSD. BBR demonstrates therapeutic efficacy as an active monomer compound against PSD, likely mediated through downregulating TLR2 and CYP1B1 expression, consequently diminishing the concentrations of pro-inflammatory mediators (IL-1β, IL-6, TNF-<i>α</i>) that mediate cerebroprotective actions.",1
40621015,Serum Pharmacology Combined with Network Pharmacology Reveals the Effects and Mechanisms of Ganmai Dazao Decoction in the Treatment of Depression.,"Ganmai Dazao Decoction (GMZ) is a famous classic traditional Chinese medicine compound prescription for the treatment of depression and has a good clinical effect. However, its specific components and molecular mechanisms are still unclear. The chronic unpredictable mild stress (CUMS) mouse model was employed in this study, and the antidepressant effect of GMZ was evaluated via behavioral and serum corticosterone level assessment. Chemical components in GMZ water decoction, drug-containing serum, and drug-containing brain homogenate were detected by ultraperformance liquid chromatography quadrupole time-of-flight mass spectrometry (LC-TOF-MS). GO and KEGG analyses were performed on the intersecting targets of drugs and diseases to predict the antidepressant pharmacological mechanism of GMZ. Potential active components of GMZ were screened by molecular docking. The predicted targets were further validated for their role in and to verify the pharmacological mechanism of GMZ through <i>in vitro</i> and <i>in vivo</i> experiments. The CUMS mouse model was successfully established and GMZ (7 and 14 g/kg) was proven to have an antidepressant effect in this study. By using LC-TOF-MS analysis, 36 chemical components were identified in GMZ water decoction, 33 and 7 chemical components were identified in mouse serum and brain homogenates, respectively. There were 237 intersection targets between drug active targets and disease targets, and 48 core targets were further screened by the STRING database. GO and KEGG analyses indicated that GMZ regulated cAMP signaling pathway to achieve an antidepressant effect. Three potential components of GMZ were screened out by molecular docking, including Glyasperin C, Naringenin, and Scopoletin. The regulation effects of GMZ and its active components on the cAMP-PKA-CREB-BDNF signaling pathway were confirmed by <i>in vitro</i> and <i>in vivo</i> experiments. Our research proved that GMZ exerts an antidepressant effect through regulating the cAMP signaling pathway based on the model of ""pharmacodynamics-serum pharmacology-network pharmacology-mechanism verification"". This model could be a prospective approach to exploring the pharmacological mechanisms of traditional Chinese medicine.",1
37657207,Verbascoside: A neuroprotective phenylethanoid glycosides with anti-depressive properties.,"Verbascoside is a natural and water-soluble phenylethanoid glycoside found in several medicinal plants. It has extensive pharmacological effects, including antioxidative and antineoplastic actions, and a wide range of therapeutic effects against depression. In this review, we appraised preclinical and limited clinical evidence to fully discuss the anti-depression capacity of verbascoside and its holistic characteristics that can contribute to better management of depression in vivo and in vitro models, as well as, its toxicities and medicinal value. This review was prepared according to the Preferred Reporting Items for Systematic Reviews and Meta-Analyses (PRISMA). A systematic review of 32 preclinical trials published up to April 2023, combined with a comprehensive bioinformatics analysis of network pharmacology and molecular docking, was conducted to elucidate the antidepressant mechanism of action of verbascoside. Studies included in the systematic review were obtained from 7 electronic databases: PubMed, Scopus, Web of Science, Cochrane, ResearchGate, ScienceDirect, and Google Scholar. Studies on the antidepressant effects of verbascoside showed that various pharmacological mechanisms and pathways, such as modulating the levels of monoamine neurotransmitters, inhibiting hypothalamic-pituitary-adrenal (HPA) axis hyperfunction and promoting neuroprotection may be involved in the process of its action against depression. Verbascoside promotes dopamine (DA) biosynthesis by promoting the expression of tyrosine hydroxylase mRNA and protein, upregulates the expression of 5-hydroxytryptamine receptor 1B (5-HT1B), prominence protein, microtubule-associated protein 2 (MAP2), hemeoxygenase-1 (HO-1), SQSTM1, Recombinant Autophagy Related Protein 5 (ATG5) and Beclin-1, and decreases the expression of caspase-3 and a-synuclein, thus exerting antidepressant effects. We identified seven targets (CCL2, FOS, GABARAPL1, CA9, TYR, CA12, and SQSTM1) and three signaling pathways (glutathione metabolism, metabolism of xenobiotics by cytochrome P450, fluid shear stress and atherosclerosis) as potential molecular biological sites for verbascoside. These findings provide strong evidence that verbascoside exerts its antidepressant effects through various pharmacological mechanisms. However, further multicentre clinical case-control and molecularly targeted fishing studies are required to confirm the clinical efficacy of verbascoside and its underlying direct targets.",1
40221743,Molecular mechanisms of the Xiao-chai-hu-tang on chronic stress-induced colorectal cancer growth based on an integrated network pharmacology and RNA sequencing approach with experimental validation.,"Chronic stress is a risk factor for the development of colorectal cancer (CRC). Xiao-chai-hu-tang (XCHT) is a traditional Chinese medicine prescription and has been widely used to treat chronic stress-related diseases and cancer. However, its role in chronic stress-induced CRC remains unclear. Our study aimed to investigate the roles of XCHT in CRC development under chronic stress. A xenografted CRC mouse model subjected to chronic restraint stress (CRS) was utilized to determine the effects of XCHT on CRC growth in vitro and in vivo. XCHT was administered via oral gavage once daily at dosages of 10.27 g/kg and 20.54 g/kg. RNA-sequencing was combined with network pharmacology to investigate potential target and pathway in this study. ELISA, RT-qPCR and immunofluorescence were performed to detect the expression of inflammation related genes. Glycolysis related genes and phenotype were evaluated by western blot, RT-qPCR and seahorse. XCHT significantly alleviated depression-like behaviors in CRS mice (p < 0.05) and effectively reduced tumor size and weight in a dose-dependent manner (p < 0.01). Mechanistic studies revealed that XCHT inhibited the CRS-induced upregulation of IL-6, attenuated the IL-6/JAK2/STAT3 signaling pathway (p < 0.05), and suppressed glycolysis by downregulating glycolytic enzymes (p < 0.01). Additionally, XCHT treatment reversed the CRS-induced decrease in immune cell infiltration, including CD4<sup>+</sup> and CD8<sup>+</sup> T cells, and reduced F4/80<sup>+</sup> macrophage levels. XCHT could reverse the tumor energy metabolism reprogramming and improve the inflammatory microenvironment in CRC under chronic stress through the IL-6/JAK2/STAT3 pathway. Therefore, XCHT might represent a promising therapeutic strategy for suppressing psychologically associated CRC progression.",1
35003290,Identification of Potential Biomarkers of Depression and Network Pharmacology Approach to Investigate the Mechanism of Key Genes and Therapeutic Traditional Chinese Medicine in the Treatment of Depression.,"To explore the potential target of depression and the mechanism of related traditional Chinese medicine in the treatment of depression. Differential gene expression in depression patients and controls was analyzed in the GEO database. Key genes for depression were obtained by searching the disease databases. The COREMINE Medical database was used to search for Chinese medicines corresponding to the key genes in the treatment of depression, and the network pharmacological analysis was performed on these Chinese medicines. Then, protein-protein interaction analysis was conducted. Prediction of gene phenotypes was based on Gene Ontology (GO) and Kyoto Encyclopedia of Genes and Genomes (KEGG) pathway enrichment scores. The total number of differentially expressed genes in the GEO database was 147. Combined with the GEO dataset and disease database, a total of 3533 depression-related genes were analyzed. After screening in COREMINE Medical, it was found that the top 4 traditional Chinese medicines with the highest frequency for depression were <i>Paeonia lactiflora</i> Pall., Crocus sativus L., <i>Bupleurum chinense</i> DC., and <i>Cannabis sativa</i> L. The compound target network consisted of 24 compounds and 138 corresponding targets, and the key targets involved PRKACA, NCOA2, PPARA, and so on. GO and KEGG analysis revealed that the most commonly used Chinese medicine could regulate multiple aspects of depression through these targets, related to metabolism, neuroendocrine function, and neuroimmunity. Prediction and analysis of protein-protein interactions resulted in the selection of nine hub genes (ESR1, HSP90AA1, JUN, MAPK1, MAPK14, MAPK8, RB1, RELA, and TP53). In addition, a total of four ingredients (petunidin, isorhamnetin, quercetin, and luteolin) from this Chinese medicine could act on these hub genes. Our research revealed the complicated antidepressant mechanism of the most commonly used Chinese medicines and also provided a rational strategy for revealing the complex composition and function of Chinese herbal formulas.",1
39041272,Integrating Molecular Biology and Network Pharmacology to Analyze the Antidepressant Mechanism of Glycyrrhizaglabra.,"Antidepressants have adverse effects and induce drug resistance when used excessively or frequently. Therefore, adjuvants are needed to reduce the use of antidepressants during treatment. Traditional Chinese medicine (TCM) is an important adjunctive approach to depression with safety, environmental protection, and low toxicity. Glycyrrhizaglabra (licorice, GG) is a plant commonly used in various herbal remedies. To explore the potential antidepressant-related targets of Glycyrrhizaglabra (GG) and its underlying mechanisms, we utilized a combination of animal behavioral experiments, molecular biology, and network pharmacology to analyze the antidepressant effects of GG. Initially, we conducted behavioral assays to verify the capacity of GG to mitigate depressive-like behaviors in mice. Subsequently, we selected 56 active compounds and 695 target compounds of licorice from TCMSP. The PPI network screened 80 core targets for enrichment analysis. Lastly, Western blot and ELISA techniques were utilized to authenticate and corroborate the predicting outcomes of PPI and enrichment analysis. GG extracts reversed lipopolysaccharide (LPS)-induced depression-like behavior in behavioral tests. The results of enrichment analysis showed that,GG significantly affected neurodegeneration pathways, neuroactive ligand-receptor interaction, cAMP signaling pathway, serotonergic synapse, dopaminergic synapse, and MAPK signaling pathway. Mechanistic studies showed that GG reduced IL-1β, IL-6, and TNF-α levels, 5-HTRA1 expression, and GSK3β phosphorylation in mouse hippocampus. It also increased BDNF and DRD1 expression and CREB and ERK1/2 phosphorylation. Our experimental results demonstrate that GG targets multiple proteins associated with depression, influencing diverse pathways and consequently regulating depressive-like behaviors in mice.",1
35230627,Exploring the Potential Antidepressant Mechanisms of Pinellia by Using the Network Pharmacology and Molecular Docking.,"About 350 million people worldwide suffered from depression, but less than half of the patients received effective and regular treatments. Traditional Chinese Medicine (TCM) such as pinellia has been proven effective for antidepressant treatment with fewer side effects. However, the exact mechanisms remain unclear. Herein, we use the methods of network pharmacology and molecular docking to analyze the effective monomer components of pinellia and reveal the involved signaling pathways to produce antidepressant effects. TCMSP, BATMAN-TCM, and TCMID databases were utilized to analyze the bioactive ingredients and target genes derived from pinellia via the screening the molecular weight (MW), oral bioavailability (OB), blood-brain barrier (BBB) and drug similarity (DL). OMIM, TTD, DisGeNET, GeneCards and DrugBank databases were used to obtain key genes of depression. Then, the networks of protein-protein interaction (PPI) and ""medicine-ingredients-targets-pathways"" were built. The target signaling pathways were enriched by GO and KEGG by using R language. Furthermore, bioactive ingredients binding of the targets were verified by molecular docking. Nine active monomer ingredients and 96 pivotal gene targets were selected from pinellia. 10,124 disease genes and 87 drug-disease intersecting genes were verified. GO analysis proposed that the receptor activity of neurotransmitter, postsynaptic neurotransmitter, G protein-coupled neurotransmitter, and acetylcholine through the postsynaptic membrane could be modulated by pinellia. KEGG pathway analysis revealed that pinellia influenced depression-related neural tissue interaction, cholinergic synapse, serotonin activated synapse and calcium signaling pathway. Besides, the reliability and accuracy of results obtained from the indirect network pharmacology were validated by molecular docking. The bioactive components of pinellia made significant antidepressant effects by regulating the key target genes/proteins in the pathophysiology of depression.",1
38582152,Network pharmacology and experimental evidence: ERK/CREB/BDNF signaling pathway is involved in the antidepressive roles of Kaiyu Zhishen decoction.,"Major Depressive Disorder (MDD) emerges as a complex psychosomatic condition, notable for its considerable suicidality and mortality rates. Increasing evidence suggests the efficacy of Chinese herbal medicine in mitigating depression symptoms and offsetting the adverse effects associated with conventional Western therapeutics. Notably, clinical trials have revealed the adjunctive antidepressant potential of Kaiyu Zhishen Decoction (KZD) alongside Western medication. However, the standalone antidepressant efficacy of KZD and its underlying mechanisms merit in-depth investigation. This research aims to elucidate the impact of KZD on MDD and delineate its mechanistic pathways through integrated network pharmacological assessments and empirical in vitro and in vivo analyses. To ascertain the optimal antidepressant dosage and mechanism of KZD, a Chronic Unpredictable Mild Stress (CUMS)-induced depression model in mice was established to evaluate depressive behaviors. High-Performance Liquid Chromatography (HPLC) and network pharmacological approaches were employed to predict KZD's antidepressant mechanisms. Subsequently, hippocampal samples were subjected to 4D-DIA proteomic sequencing and validated through Western blot, immunofluorescence, Nissl staining, and pathway antagonist applications. Additionally, cortisol-stimulated PC12 cells were utilized to simulate neuronal damage, analyzing protein and mRNA levels of MAPK-related signals and cell proliferation markers. The integration of network pharmacology and HPLC identified kaempferol and quercetin as KZD's principal active compounds for MDD treatment. Proteomic and network pharmacological KEGG pathway analyses indicated the MAPK signaling pathway as a critical regulatory mechanism for KZD's therapeutic effect on MDD. KZD was observed to mitigate CUMS-induced upregulation of p-ERK/ERK, CREB, and BDNF protein expressions in hippocampal cells by attenuating oxidative stress, thereby ameliorating neuronal damage and exerting antidepressant effects. The administration of PD98059 counteracted KZD's improvements in depression-like behaviors and downregulated p-ERK/ERK and BDNF protein expressions in the hippocampus. This investigation corroborates KZD's pivotal, dose-dependent role in antidepressant activity. Both in vivo and in vitro experiments demonstrate KZD's capacity to modulate the ERK-CREB-BDNF signaling pathway by diminishing ROS expression induced by oxidative stress, enhancing neuronal repair, and thus, manifesting antidepressant properties. Accordingly, KZD represents a promising herbal candidate for further antidepressant research.",1
41101552,Unraveling the antidepressant mechanisms of JiaWeiSiNiSan: Insights from network pharmacology and experimental validation.,"Depression is a prevalent mental health disorder with significant global impact. JiaWeiSiNiSan (JWSNS) has been employed for centuries in traditional Chinese medicine as a classical herbal formula for treating depression. However, the precise mechanisms underlying its therapeutic effects remain unclear. This study aims to elucidate the active components and molecular mechanisms of JWSNS as an antidepressant using network pharmacology and experimental validation both in vivo and in vitro. Ultra-high-performance liquid chromatography-quadrupole time-of-flight tandem mass spectrometry was employed to analyze an aqueous extract, drug-containing serum, and cerebrospinal fluid (CSF) components of JWSNS. The investigation further examines the primary antidepressant components, prospective therapeutic targets, and potential pharmacological mechanisms of the brain-entering components of JWSNS through network pharmacology. This hypothesis was subsequently validated through experiments on chronic unpredictable mild stress (CUMS)mice and lipopolysaccharide-induced cellular assay. The analysis revealed 189 compounds in the aqueous extract of JWSNS, with 27 detected in serum and 23 in cerebrospinal fluid. The intersection analysis revealed 68 overlapped targets between JWSNS-containing CSF and depression, predominantly enriched in the serotonergic synapse, dopaminergic synapse, tyrosine metabolism, and tryptophan (Trp) metabolism signaling pathways. This study has demonstrated that the protein-protein interaction network of common targets includes key genes such as AKT1, TNF, MAOA, MAOB, and SLC6A4. JWSNS administration ameliorates depressive-like behaviors, disruptions in the IDO1-Try-Kyn pathway, elevated pro-inflammatory cytokines, neuronal loss, and microglial activation in the hippocampus and medial prefrontal cortex of CUMS mice. Furthermore, in vivo and in vitro studies have demonstrated that JWSNS results in an enhancement of CD200-CD200R and CX3CL1-CX3CR1 axes. This study demonstrated that JWSNS exhibits antidepressant-like effects in CUMS-exposed mice by ameliorating Trp metabolism disorders and reducing IDO1 activity, thereby modifying microglia-neuron communication and safeguarding hippocampal neurons.",1
36560929,Systematic review of Kaixinsan in treating depression: Efficacy and pharmacological mechanisms.,"Kaixinsan (KXS) has been in use as an effective classic formulation of traditional Chinese medicine for depression. However, its active components and action mechanism against depression remain elusive. The purpose of this study was to summarize and evaluate the efficacy and potential pharmacological mechanisms of KXS in antidepressant treatment. Reports on the use of KXS in the treatment of depression were systematically collected from PubMed, Web of Science, Embase, China National Knowledge Infrastructure, Chongqing VIP, and Wanfang Data from the establishment to July 2022, including those on mood disorders in neurological diseases such as Alzheimer's disease. Meta-analysis was conducted with the Review Manager 5.3 software. Online datasets, traditional Chinese medicine system pharmacological analysis platform, GeneCards, online Mendelian inheritance in man, and DisGeNET were used to investigate the depression-related genes. The gene ontology (GO) and Kyoto Encyclopedia of Genes and Genomes (KEGG) pathway enrichments were performed to construct the 'component-target-pathways' network using Metascape online analyses. Ten studies were included in the analysis. Meta-analysis showed that both low-dose KXS (SMD = 19.66, <i>Z</i> = 7.96, and <i>I</i> <sup>2</sup> = 42%) and high-dose KXS (SMD = 23.84, <i>Z</i> = 8.46, and <i>I</i> <sup>2</sup> = 13%) could increase the sucrose preference in depression models. In addition, 5-hydroxytryptamine (5-HT) (SMD = 10.91, <i>Z</i> = 2.95, and <i>I</i> <sup>2</sup> = 50%) returned to normal level after the treatment at low dose KXS. In network pharmacology, 50 active components and 376 gene targets were screened out. AKT1, GAPDH, ALB, TNF, and TP53 were the core target proteins. GO analysis showed that KXS mainly treats depression in biological processes such as response to drugs, cellular calcium ion homeostasis, and regulation of chemical synaptic signal transmission. KEGG results show that the mechanism of action of KXS in treating depression is through neural activity ligand-receptor interaction, the calcium signaling and CAMP signaling pathways. The study reveals the active components and potential molecular mechanism of KXS in the treatment of depression and provides evidence for future basic research.",1
41448368,Uncovering the bidirectional molecular pathway: How shugan wendan decoction treats concurrent depression and atherosclerosis.,"Shugan Wendan Decoction (SGWDD) is a herbal remedy effective against atherosclerosis and depression, yet its mechanism for treating both conditions is not fully understood. This study seeks to confirm the molecular link between depression and atherosclerosis and to explore how SGWDD alleviates this comorbidity. We used a chronic unpredictable mild stress (CUMS) animal model with a high-fat diet (HFD) and a THP-1 foam cell model to investigate the CASP1- and MMP9-mediated ""Lipid and Atherosclerosis Pathway"" and ""Tryptophan Metabolism Pathway"" linking depression and atherosclerosis. The therapeutic effects of SGWDD on this comorbidity were evaluated and its impact on the bidirectional mechanisms was identified through intragastric administration and SGWDD-medicated serum. Behavioral tests, LC-MS/MS, serological assays, pathological staining, qPCR, Western blot, immunohistochemical staining, molecular docking, and molecular dynamics simulation were utilized. In vivo, HFD intervention increased serum LDL-C, TC, and arterial NLRP3, CASP1, MMP9, IL-1β, IL-18, and IDO, leading to preatherosclerotic lesions. CUMS intervention impaired behavioral performance, raised serum ACTH and cortisol, and lowered serum 5-HT and hepatic ATF3, LDLR, and CYP7A1. Atherosclerosis and depression may exacerbate each other's pathological progression, with CASP1 and MMP9 serving as key regulatory factors. Dysregulation of CASP1 and MMP9 can affect downstream molecules such as IL-1β and IDO, increasing susceptibility to atherosclerosis and depression. SGWDD can ameliorate both atherosclerosis and depression concurrently. Mechanistically, this herbal compound can inhibit the expression of CASP1 and MMP9, leading to alterations in downstream pathways. Depression may exacerbate the progression of atherosclerosis through the ""Lipid and Atherosclerosis Pathway,"" while atherosclerosis may heighten the susceptibility to depression by perturbing the ""Tryptophan Metabolism Pathway."" SGWDD exhibits efficacy in managing this comorbidity, partly attributable to its capacity to inhibit CASP1 and MMP9.",1
34880597,UPLC-MS/MS and Network Pharmacology-Based Analysis of Bioactive Anti-Depression Compounds in Betel Nut.,"Betel nuts have long been used in traditional Chinese medicine. In our study, the bioactive components of betel nut were systematically investigated, and the main components and their target genes in the treatment of depression were predicted. The metabolites of the kernels and peels were analyzed with a UPLC-MS/MS system. Mass spectrometry outcomes were annotated by MULTIAQUANT. ""Compound-disease targets"" were utilized to construct a pharmacology network. A total of 873 metabolites were identified, with a high abundance of flavonoids, alkaloids, and phenols. Moreover, the abundance of flavonoids, alkaloids, and phenols in the kernel was significantly higher than that in the peel. A high abundance of catechin, arginine, and phenylalanine was detected in the kernel, while a high abundance of arginine, arecoline, and aminobutyric acid was detected in the peel. Catechins and cyanoside were the most abundant flavonoids in the kernel and peel, respectively. Arecoline was the most abundant alkaloid. A total of 111 metabolites showed a significant difference between the kernels and peels. The relative abundance of 40 differential metabolites was higher than 100,000, including 14 primary metabolites, 12 flavonoids, 4 phenols, and 4 alkaloids. Among the 40 high abundance metabolites, 20 were higher in the kernel and 20 in the peel. In addition, the enrichment of metabolic pathways found that the kernel and peel of the fruit adopted different metabolic pathways for the synthesis of flavonoids and alkaloids. Network pharmacology prediction showed that 93 metabolites could target 141 depression-related genes. The main components of betel nut intervention in depression were predicted to include L-phenylalanine, protocatechuic acid, okanin, nicotinic acid, L-tyrosine, benzocaine, syringic acid, benzocaine, phloretic acid, cynaroside, and 3,4-dihydroxybenzaldehyde. Betel nuts are rich in natural metabolites, and some of these metabolites can participate in the intervention of depression. In addition, the metabolites showed distinct characteristics between the kernel and peel. Therefore, it is necessary to comprehensively and rationally use betel nuts.",1
41189264,Investigating the molecular mechanism of Yangxin decoction in treating major depressive disorder using network pharmacology and molecular docking technology approaches.,"Yangxin decoction has been used to treat major depressive disorder (MDD). This study aims to identify the active components and potential mechanisms of Yangxin decoction in treating MDD using network pharmacology and molecular docking technology. The active components and targets of Yangxin decoction were screened, and MDD-related targets were predicted. Networks of ""herbal medicine-active components-potential targets"" and protein-protein interaction were constructed. Core components and core targets were identified through network topology analysis. Gene ontology functional and Kyoto Encyclopedia of Genes and Genomes pathway enrichment analyses were performed on candidate genes. Molecular docking was conducted using AutoDock software (Olson Laboratory of the Scripps Research Institute, San Diego) to explore the interactions between core targets and active components, and the results were visualized using PyMOL (DeLano Scientific LLC, South San Francisco). A total of 433 active components and 392 targets of Yangxin decoction were identified, along with 11,796 MDD-related targets. There were 680 overlapping targets between Yangxin decoction and MDD, associated with 104 active components. Core targets identified through network topology analysis and molecular docking included serine/threonine kinase 1 (AKT1), tumor necrosis factor, interleukin-6, tumor protein P53, and proto-oncogene tyrosine-protein kinase Src. Gene ontology enrichment analysis revealed 1606 biological processes, 191 cellular components, and 373 molecular functions. Kyoto Encyclopedia of Genes and Genomes pathway analysis identified 212 signaling pathways, with significant enrichment in caffeine metabolism, bladder cancer, advanced glycation end products-receptor for advanced glycation end products signaling pathway in diabetic complications, and vascular endothelial growth factor signaling pathway. Molecular docking results showed strong binding energy between core active components and core targets. Yangxin decoction exhibits multi-component, multi-pathway, and multi-target therapeutic characteristics. It primarily regulates targets such as AKT1, tumor necrosis factor, interleukin-6, tumor protein P53, and proto-oncogene tyrosine-protein kinase Src through advanced glycation end products-receptor for advanced glycation end products, vascular endothelial growth factor, and ErbB signaling pathways, exerting anti-inflammatory, immune-regulating, and oxidative stress-inhibiting effects to alleviate MDD.",1
39263345,Antidepressant-Like Activity and Molecular Docking Analysis of a Sesquiterpene Lactone Isolated from the Root Bark of <i>Ximenia americana</i> (L.).,"Depression, a global cause of disability and premature death, is often treated by traditional healers in Africa using medicinal herbs such as <i>Ximenia americana</i> (L.). With recent pharmacological studies showing the potential antidepressant properties of <i>X. americana</i> extract, this study aimed to evaluate the antidepressant-like effects of the compound(s) isolated from <i>X. americana</i> extract using the forced swim test (FST) and tail suspension test (TST) models predictive of depression. The extracts, administered orally within a dose range of 100-400 mg/kg, notably decreased the immobility time in both the FST and the TST. The most significant reduction occurred at the highest dose of 400 mg/kg, with a decrease of 117.66 s in FST and 53.5 s in TST. However, this reduction in immobility was not linked to changes in movements, as observed in an open-field test (OFT), suggesting that the effect of the extracts was not due to activation of locomotion. Subsequently, a sesquiterpene lactone, dehydrocostus lactone (<b>1</b>) was isolated through solubility-based fractionation and column chromatography of the active root bark extract of <i>X. americana</i>. Dehydrocostus lactone (400 mg/kg) demonstrated a 46.50 s reduction in immobility time in the FST, which was comparable to the positive control, imipramine (30 mg/kg). With a highly favorable docking score of -8.365 kcal/mol on an antidepressant target, monoamine oxidase A (MAO-A; pdb ID: 2BXS), dehydrocostus lactone (<b>1</b>) potentially outperforms the standard MAO-A inhibitor drug, isocarboxazid (-5.847 kcal/mol). Dehydrocostus lactone (<b>1</b>) displayed strong interactions involving hydrogen bond and hydrophobic and electrostatic interactions with specific MAO-A binding site residues. These findings highlight that the antidepressant-like activity of <i>X. americana</i> is partly attributed to the presence of dehydrocostus lactone. Additionally, it also supports the traditional medicinal use of the plant for treating depression.",1
36070047,Network pharmacological investigation into the mechanism of Kaixinsan powder for the treatment of depression.,"Kaixinsan powder (KXS), a classic prescription of traditional Chinese Medicine (TCM), is widely used in the treatment of depression, but its mechanism remains unclear. The network pharmacology method was used to constructe the ""herb-component-target"" network, and elucidated KXS potential mechanisms of action in the treatment of depression. Moreover, molecular docking was applied to valid the important interactions between the ingredients and the target protein. The ""herb-component-target"" network indicated that the ingredients of Girinimbin, Gomisin B and Asarone, and the protein targets of ESR, AR and NR3C1 mostly contribute to the antidepressant effect of KXS. KEGG pathway analysis highlighted the most significant pathways associated with depression treatment, including neuroactive ligand-receptor interaction pathway, serotonergic synapse pathway, PI3K-Akt signaling pathway and MAPK signaling pathway. Go enrichment analysis indicated that the mechanism of KXS in treating depression was involved in the biological process of GPCR signal transduction, hormone metabolism and nerve cell apoptosis. Moreover, molecular docking results showed that Polygalaxanthone III, Girinimbine and Pachymic acid performed greater binding ability with key antidepressant target 5-HTR. In conclusion, this study preliminarily revealed key active components in KXS, including Gomisin B, Asarone, Ginsenoside Rg1, Polygalaxanthone III and Pachymic acid, could interact with multiple targets (5-HTR, DR, ADRA, AR, ESR, NR3C1) and modulate the activation of multiple pathways (Neuroactive ligand -receptor interaction pathway, serotonergic synapse pathway, PI3K-Akt signaling pathway and MAPK signaling pathway).",1
41015074,Network pharmacology combined with experimental verification for exploring the potential antidepressant mechanism of Traditional Chinese Medicine Buyang Huanwu Decoction in lipopolysaccharide-induced depressed mouse model.,"Major depression (MDD) is a psychophysiological disorder that places heavy burden on human society. The Buyang Huanwu Decoction (BHD) can delay the pathological progression of MDD; however, its pharmacological mechanism remains unclear. This study aims to investigate the anti- antidepressant mechanism of BHD. This study identifies BHD targets and depression-related targets. Cross analysis reveals BHD's potential antidepressant targets. A protein-protein interaction network is constructed and functionally enriched. Molecular docking focuses on the top six hub targets and their active compounds. Network pharmacology predictions are validated in lipopolysaccharide (LPS)-induced depressed mice after treatment with BHD, combined with behavioral tests, RT-qPCR, immunohistochemistry, and biological safety by alanine aminotransferase (ALT), aspartate aminotransferase (AST), and blood urea nitrogen (BUN) assays. We obtain 306 candidate targets for BHD to alleviate MDD, and analyze their biological functions in the study. KEGG enrichment illustrates that the lipid and atherosclerosis and PI3K-Akt signaling pathways are important. Then we obtain four core targets, including JUN, STAT3, TP53, and RELA. These results are validated by random forest analysis and molecular docking. BHD alleviates anxiety-depression-like behaviors in LPS-induced mice, reduces hippocampal Jun, Stat3, and Rela mRNA levels and suppresses microglial activation and pro-inflammatory cytokine release. This study suggests that BHD effectively ameliorates LPS-induced anxiety- and depression-like behavior, likely by suppressing the Jun, Stat3, and Rela signaling to regulate neuroinflammation in hippocampus. This work offers novel insights into the mechanisms underlying herbal formulas as natural preventive intervention for MDD.",1
40915371,Jiao-tai-wan and its bioactive constituent jatrorrhizine exert antidepressant effects via the STING pathway.,"Jiao-tai-wan (JTW) is a classical traditional Chinese medicine formula that has long been used to treat insomnia. Recent pharmacological studies have highlighted its potential antidepressant effects. However, its role in regulating neuroinflammation associated with depression and the underlying mechanisms remains unclear. To elucidate the therapeutic mechanisms of JTW in depression and to identify its bioactive constituents. A chronic restraint stress (CRS) model was established in C57BL/6J mice, which were administered saline, low-dose JTW (2.4 g/kg/day), or high-dose JTW (4.8 g/kg/day) via gavage for 21 days. LPS-stimulated BV2 cells were utilized as an in vitro neuroinflammatory model. Molecular docking identified jatrorrhizine (JAT) as the key anti-inflammatory component of JTW. The in vitro study was conducted in two phases. Phase I included four groups: Control, LPS, LPS + low-dose JAT (LJAT), and LPS + high-dose JAT (HJAT). Phase II involved BV2 cells transfected with si-NC or si-STING, assigned to Control, LPS, and LPS + JAT groups. In vivo, CRS mice were treated with either JAT or C176, a STING inhibitor. Behavioral assessments, histopathological analysis, and cytokine measurements in serum and hippocampal tissues were performed. Mechanistic investigations using immunofluorescence, RT-qPCR, and Western blot were conducted to examine STING pathway activity in both BV2 cells and hippocampal tissues. JTW alleviated depressive-like behaviors in CRS mice by inhibiting microglial activation, reducing neuroinflammation, and protecting hippocampal neurons, effects associated with suppression of the STING signaling pathway. In vitro, JAT mitigated LPS-induced cytotoxicity in BV2 cells. Integrated in vivo validation confirmed JAT as the principal bioactive constituent mediating the antidepressant effects of JTW through inhibition of the STING pathway. JTW could exert antidepressant effects by modulating neuroinflammation via inhibition of the STING pathway, with JAT identified as its key active constituent. The results provide pharmacological evidence supporting the use of traditional Chinese medicine in the treatment of depression.",1
38007768,Exploration on Anti-Depression Mechanism of Baihe Zhimu Decoction Based on Network Pharmacology and Molecular Docking.,"To analyze anti-depression mechanism of Baihe Zhimu decoction (BZD) based on network pharmacology method, which provides reference for the development of new drugs and the clinical application of classical prescriptions. The main chemical components and targets of Baihe and Zhimu were obtained through traditional Chinese medicine pharmacology system technology platform (TCMSP) database, and the active components of TCM were filtered according to ADME; Major targets for anti-depression were get through Gencards, OMIM and DRUGBANK databases; Protein interaction analysis was performed using the String platform; Build PPI networks and mine potential protein functional modules in the network; The Metascape platform was used to analyze the ""drug-ingredients-target"" and its involved biological processes and pathways; Finally, the molecular docking validation was performed by Systems Dock Web Site. The core active ingredients of BZD treating depression are kaempferol and Stigmasterol, The core targets are AKT1, TNF, TP53, PTGS2, and CASP3. The biological pathway of the anti-depression mainly acts on Lipid and atherosclerosis, Chemical carcinogenesis and receptor activation. Molecular docking results showed that AKT1, TNF and TP53 have good affinity with components kaempferol and Stigmasterol. This study initially revealed the mechanism of multicomponent, multiple target and multiple pathway of anti-depression, which may be related to neuroactive ligand-receptor interaction, atherosclerotic, PI3K-Akt and TNF signaling pathway.",1
38174416,"Investigating the mechanism of Sinisan formula in depression treatment: a comprehensive analysis using GEO datasets, network pharmacology, and molecular docking.","The herbal formula Sinisan (SNS) is a commonly used treatment for depression; however, its mechanism of action remains unclear. This article uses a combination of the GEO database, network pharmacology and molecular docking technologies to investigate the mechanism of action of SNS. The aim is to provide new insights and methods for future depression treatments. The study aims to extract effective compounds and targets for the treatment of depression from the T CMSP database. Relevant targets were searched using the GEO, Disgenet, Drugbank, PharmGKB and T T D databases, followed by screening of core targets. In addition, GO and KEGG pathway enrichment analyses were performed to explore potential pathways for the treatment of depression. Molecular docking was used to evaluate the potential targets and compounds and to identify the optimal core protein-compound complex. Molecular dynamics was used to further investigate the dynamic variability and stability of the complex. The study identified 118 active SNS components and 208 corresponding targets. Topological analysis of P P I networks identified 11 core targets. GO and KEGG pathway enrichment analyses revealed that the mechanism of action for depression involves genes associated with inflammation, apoptosis, oxidative stress, and the MAP K3 and P I3K-Akt signalling pathways. Molecular docking and dynamics simulations showed a strong binding affinity between these compounds and the screened targets, indicating promising biological activity. The present study investigated the active components, targets and pathways of SNS in the treatment of depression. Through a preliminary investigation, key signalling pathways and compounds were identified. These findings provide new directions and ideas for future research on the therapeutic mechanism of SNS and its clinical application in the treatment of depression.",1
37847347,Integrated bioinformatics and network pharmacology identifying the mechanisms and molecular targets of Guipi Decoction for treatment of comorbidity with depression and gastrointestinal disorders.,"Guipi decoction (GPD) not only improves gastrointestinal (GI) function, but also depressive mood. The bioinformatics study aimed to reveal potential crosstalk genes and related pathways between depression and GI disorders. A network pharmacology approach was used to explore the molecular mechanisms and potential targets of GPD for the simultaneous treatment of depression comorbid GI disorders. Differentially expressed genes (DEGs) of major depressive disorder (MDD) were identified based on GSE98793 and GSE19738, and GI disorders-related genes were screened from the GeneCards database. Overlapping genes between MDD and GI disorders were obtained to identify potential crosstalk genes. Protein-protein interaction (PPI) network was constructed to screen for hub genes, signature genes were identified by LASSO regression analysis, and single sample gene set enrichment analysis (ssGSEA) was performed to analyze immune cell infiltration. In addition, based on the Traditional Chinese Medicine Systems Pharmacology (TCMSP) database, we screened the active ingredients and targets of GPD and identified the intersection targets of GPD with MDD and GI disorder-related genes, respectively. A ""component-target"" network was constructed using Cytoscape, the Gene Ontology (GO) and Kyoto Encyclopedia of Genes and Genomes (KEGG) pathway analyses were performed. The MDD-corrected dataset contained 2619 DEGs, and a total of 109 crosstalk genes were obtained. 14 hub genes were screened, namely SOX2, CRP, ACE, LEP, SHH, CDH2, CD34, TNF, EGF, BDNF, FN1, IL10, PPARG, and KIT. These genes were identified by LASSO regression analysis for 3 signature genes, including TNF, EGF, and IL10. Gamma.delta.T.cell was significantly positively correlated with all three signature genes, while Central.memory.CD4.T.cell and Central.memory.CD8.T.cell were significantly negatively correlated with EGF and TNF. GPD contained 134 active ingredients and 248 targets, with 41 and 87 relevant targets for the treatment of depression and GI disorders, respectively. EGF, PPARG, IL10 and CRP overlap with the hub genes of the disease. We found that GPD may regulate inflammatory and oxidative stress responses through EGF, PPARG, IL10 and CRP targets, and then be involved in the treatment of both depression and GI disorders.",1
41377151,"Integrating network pharmacology, molecular docking and experimental validation to explore therapeutic targets for alleviating allergic rhinitis with anxiety and depressive behaviors.","Allergic rhinitis (AR) represents an inflammatory disorder affecting the nasal mucosa, triggered by exposure to allergens. This pathological process is often followed by olfactory hypofunction and depression. The therapeutic application of Traditional Chinese Medicine (TCM) is gaining increasing recognition, particularly in the context of treating AR. Although Xiaochaihu Decoction (XCHD) is recognized as a classic formula within the Treatise on Febrile Diseases and exhibits antidepressant properties, its specific function in AR has yet to be elucidated. <i>In vivo</i>, animal experiments confirmed that XCHD ameliorated neuroinflammation in the olfactory bulb based on restoration of the nasal mucosal barrier. Behavioral experiments further verified that XCHD alleviated depression behavior and olfactory impairment in mice. Combined with the molecular docking results and component target screening, the experimental results indicate that XCHD is critical in treating AR and is expected to be a candidate for treating impaired olfactory function and depression.",1
39684318,Combining Network Pharmacology and Transcriptomic Strategies to Explore the Pharmacological Mechanism of Total Ginsenoside Ginseng Root and Its Impact on Antidepressant Effects.,"Depression is one of the most common neurological diseases, which imposes a substantial social and economic burden on modern society. The purpose of this study was to explore the mechanism of total ginsenoside ginseng root (TGGR) in the treatment of depression through a comprehensive strategy combining network pharmacology, transcriptomics, and in vivo experimental validation. The Traditional Chinese Medicine Systematic Pharmacology (TCMSP) database and literature were used to collect the main components and targets of TGGR. Gene Ontology (GO) and Kyoto Encyclopedia of Genes and Genomes (KEGG) analyses were applied to explore the underlying mechanisms. In addition, the chronic unpredictable mild stress (CUMS)-induced C57BL/6 mouse model was used to evaluate the antidepressant activity of TGGR. The results showed that TGGR improved depression-like behavior in mice and increased the decrease in serum 5-hydroxytryptamine (5-HT) and brain-derived neurotrophic factor (BDNF) levels caused by CUMS. Combined network pharmacology and transcriptomic analysis showed that the AMP-activated kinase (AMPK) signaling pathway mainly enriched the core target. Immunohistochemistry, Western blotting, and reverse transcription quantitative polymerase chain reaction (RT-qPCR) were used to confirm whether TGGR exerts antidepressant effects by regulating this pathway. The results showed that TGGR has a regulatory impact on related proteins in the AMPK pathway, and the regulatory effect of TGGR on proteins was inhibited after the administration of related pathway inhibitors. In summary, total ginsenosides may regulate the AMPK signaling pathway and activate the sirtuin 1 (SIRT1) peroxisome proliferator-activated receptor-gamma coactivator 1-alpha (PGC-1α) pathway to have therapeutic effects on depression.",1
38004472,Integrating Metabolomics and Network Pharmacology to Explore the Mechanism of Xiao-Yao-San in the Treatment of Inflammatory Response in CUMS Mice.,"Depression can trigger an inflammatory response that affects the immune system, leading to the development of other diseases related to inflammation. Xiao-Yao-San (XYS) is a commonly used formula in clinical practice for treating depression. However, it remains unclear whether XYS has a modulating effect on the inflammatory response associated with depression. The objective of this study was to examine the role and mechanism of XYS in regulating the anti-inflammatory response in depression. A chronic unpredictable mild stress (CUMS) mouse model was established to evaluate the antidepressant inflammatory effects of XYS. Metabolomic assays and network pharmacology were utilized to analyze the pathways and targets associated with XYS in its antidepressant inflammatory effects. In addition, molecular docking, immunohistochemistry, Real-Time Quantitative Polymerase Chain Reaction (RT-qPCR), and Western Blot were performed to verify the expression of relevant core targets. The results showed that XYS significantly improved depressive behavior and attenuated the inflammatory response in CUMS mice. Metabolomic analysis revealed the reversible modulation of 21 differential metabolites by XYS in treating depression-related inflammation. Through the combination of liquid chromatography and network pharmacology, we identified seven active ingredients and seven key genes. Furthermore, integrating the predictions from network pharmacology and the findings from metabolomic analysis, Vascular Endothelial Growth Factor A (VEGFA) and Peroxisome Proliferator-Activated Receptor-γ (PPARG) were identified as the core targets. Molecular docking and related molecular experiments confirmed these results. The present study employed metabolomics and network pharmacology analyses to provide evidence that XYS has the ability to alleviate the inflammatory response in depression through the modulation of multiple metabolic pathways and targets.",1
40157401,"Exploring the mechanism of Sinisan in the treatment of ulcerative colitis with depression based on UPLC-Q-Orbitrap-MS combined with network pharmacology, molecular docking, and experimental validation.","SiniSan (SNS), a traditional formula from the Treatise on Typhoid Fever, has been shown in modern clinical practice to effectively treat both ulcerative colitis (UC) and depression, although the underlying mechanisms remain incompletely understood. This study employed UPLC-Q-Orbitrap-MS, network pharmacology, molecular docking, and experimental validation to investigate SNS's mechanism in treating UC with comorbid depression. UPLC-Q-Orbitrap-MS, in conjunction with network pharmacology and molecular docking, identified active constituents and potential targets of SNS. A UC model induced by a 3 % dextran sulfate sodium (DSS) solution was used for experimental validation. Therapeutic efficacy was assessed through behavioral tests, ELISA, routine blood tests, histopathology, immunofluorescence, Western blot, and qRT-PCR. SNS alleviated weight loss and inflammation in DSS-induced colitis in mice while exhibiting antidepressant effects in the open field test, forced swim test, and tail suspension test. Furthermore, SNS improved intestinal mucosal barrier function and restored hippocampal blood-brain barrier integrity. It inhibited microglial proliferation and neuroinflammation in the Hippocampus Cornu Ammonis 1 and dentate gyrus regions. Mechanistic analysis revealed that SNS mediates its effects on UC by modulating targets in the PI3K/AKT signaling pathway. SNS ameliorates UC with comorbid depression by restoring the integrity of both the intestinal mucosal barrier and the blood-brain barrier, alleviating DSS-induced colitis and neuroinflammation.",1
34471414,Exploring the Mechanism of Action of Herbal Medicine (<i>Gan-Mai-Da-Zao</i> Decoction) for Poststroke Depression Based on Network Pharmacology and Molecular Docking.,"Poststroke depression (PSD) is the most common and serious neuropsychiatric complication occurring after cerebrovascular accidents, seriously endangering human health while also imposing a heavy burden on society. Nevertheless, it is difficult to control disease progression. <i>Gan-Mai-Da-Zao</i> Decoction (GMDZD) is effective for PSD, but its mechanism of action in PSD is unknown. In this study, we explored the mechanism of action of GMDZD in PSD treatment using network pharmacology and molecular docking. <i>Material and methods</i>. We obtained the active components of all drugs and their targets from the public database TCMSP and published articles. Then, we collected PSD-related targets from the GeneCards and OMIM databases. Cytoscape 3.8.2 was applied to construct PPI and composite target disease networks. In parallel, the DAVID database was used to perform GO and KEGG enrichment analyses to determine the biological processes enriched in the treatment-related drugs in vivo. Finally, molecular docking was used to verify the association between the main active ingredients and their targets. The network pharmacological analysis of GMDZD in PSD revealed 107 active ingredients with important biological effects, including quercetin, luteolin, kaempferol, naringenin, and isorhamnetin. In total, 203 potential targets for the treatment of this disease were screened, including STAT3, JUN, TNF, TPT53, AKT1, and EGFR. These drugs are widely enriched in a series of signaling pathways, such as TNF, HIF-1, and toll-like receptor. Moreover, molecular docking analysis showed that the core active components were tightly bound to their core targets, further confirming their anti-PSD effects. This prospective study was based on the integrated analysis of large data using network pharmacology technology to explore the feasibility of GMDZD for PSD treatment that was successfully validated by molecular docking. It reflects the multicomponent and multitarget characteristics of Chinese medicine and, more importantly, brings hope for the clinical treatment of PSD.",1
40816580,Antidepressant effects of total phenols and total saponins of Kai-Xin-San mediated by synaptic plasticity induced by BDNF/TrkB/Akt pathway.,"Kai-Xin-San (KXS) is a classic prescription for treating affective disorders in traditional Chinese medicine (TCM) over millennium. Although antidepressant effects of KXS have been demonstrated in both clinical and preclinical studies, antidepressant constituents and action mechanisms of KXS remain unclear. To reveal antidepressant constituents and action mechanisms of KXS using the method of ""fraction-spectrum-effect-mechanism"". Homologous fractions of KXS were isolated through solvent extraction combined with macroporous resin chromatography methods. The quantification of the fractions was performed using chemical chromogenic methods. Antidepressant effects of the homologous fractions were assessed using tail suspension test (TST), forced swimming test (FST) and open field test (OFT) in mice. Two major fractions of total phenols (TP) and total saponins (TS) were chosen for further studies. The constituents of TP and TS were identified using UPLC-Q-Exactive Orbitrap-MS (UPLC-MS) method, and their antidepressant effects were verified on chronic restraint stress (CRS) model in mice by behavioral evaluations including sucrose preference test (SPT), TST, FST and OFT. Network pharmacology was used to predict antidepressant mechanisms of TP and TS based on the homologous constituents determined in UPLC-MS analysis. Proteomic analyses were undertaken with tissues of hippocampus (HP) and prefrontal cortex (PFC) in CRS mice treated by TP and TS. Western blot (WB) was employed to verify the findings in network pharmacology and proteomic analyses. Five homologous fractions of essential oils (EO), TP, TS, oligosaccharides (OL) and polysaccharides (PO) were isolated from KXS with homologous contents exceeding 50 %. Results of TST and FST indicated that all the five fractions significantly decreased the immobility time of mice, while OFT results exhibited that their locomotor activities remained unchanged. A total of 50 constituents and 114 constituents were identified in the TP and TS, respectively. CRS tests demonstrated that both TP and TS significantly increased the percent of sucrose consumption and decreased the immobility time in the TST and FST, without affecting their locomotor activities. Results of both network pharmacology and proteomic analyses primarily pointed to similar contents highly related to depression. GO analysis on TP and TS principally enriched in synaptic structures and functions, as well as neural metabolic and gene expression processes. KEGG analysis on TP and TS principally enriched in pathways of neurodegeneration-multiple diseases, as well as neurotrophin signaling pathway in HP and PFC. Results of WB verified that TP and TS significantly reversed the decrease in signature proteins of synaptic plasticity including presynaptic SYN1, postsynaptic PSD95 and GRIA1, as well as the underlying mechanism of BDNF/TrkB/Akt pathway in the HP and PFC induced by CRS. This is the first study on antidepressant constituents and action mechanisms of KXS guided by the method of ""fraction-spectrum-effect-mechanism"". Albeit the findings are still preliminary, it provides an example in methodology for unraveling the complicated chemical system and action mechanisms of TCM prescriptions.",1
38218856,The antidepressive mechanism of Longya Lilium combined with Fluoxetine in mice with depression-like behaviors.,"Traditional Chinese medicine is one of the most commonly used complementary and alternative medicine therapies for depression. Integrated Chinese-western therapies have been extensively applied in numerous diseases due to their superior efficiency in individual treatment. We used the meta-analysis, network pharmacology, and bioinformatics studies to identify the putative role of Longya Lilium combined with Fluoxetine in depression. Depression-like behaviors were mimicked in mice after exposure to the chronic unpredictable mild stress (CUMS). The underlying potential mechanism of this combination therapy was further explored based on in vitro and in vivo experiments to analyze the expression of COX-2, PGE2, and IL-22, activation of microglial cells, and neuron viability and apoptosis in the hippocampus. The antidepressant effect was noted for the combination of Longya Lilium with Fluoxetine in mice compared to a single treatment. COX-2 was mainly expressed in hippocampal CA1 areas. Longya Lilium combined with Fluoxetine reduced the expression of COX-2 and thus alleviated depression-like behavior and neuroinflammation in mice. A decrease of COX-2 curtailed BV-2 microglial cell activation, inflammation, and neuron apoptosis by blunting the PGE2/IL-22 axis. Therefore, a combination of Longya Lilium with Fluoxetine inactivates the COX-2/PGE2/IL-22 axis, consequently relieving the neuroinflammatory response and the resultant depression.",1
41391369,WenDan Decoction activates neuronal autophagy in the hippocampus via the gut-brain axis to improve depressive-like behavior in HFD mice.,"High-fat diet (HFD) is implicated in depression pathogenesis. WenDan Decoction (WDD), a classical traditional Chinese medicine formula, shows promise for metabolic and psychiatric disorders, but its precise mechanisms require elucidation. The chemical constituents of WDD were characterized by UPLC-MS/MS. The antidepressant effects of WDD in HFD mice were evaluated through behavioral tests, ELISA, and histopathology. Gut-brain axis mechanisms were investigated via 16S rRNA sequencing, untargeted metabolomics, network pharmacology, Nissl staining, transmission electron microscopy, Western blot, and RT-qPCR. Validation was performed through antibiotic depletion, fecal microbiota transplantation (FMT), and exogenous prostaglandin F2α (PGF2α) supplementation experiments. WDD administration significantly ameliorated depressive-like behaviors of HFD mice with relatively low hepatorenal toxicity. It restored intestinal mucosal integrity, mitigated inflammation, re-established gut microbial homeostasis and subsequently regulated arachidonic acid metabolism. Correlation analysis revealed that the strongest negative association between the differential microbiota Lactobacillus murinus and the arachidonic acid metabolite PGF2α. WDD attenuated blood-brain barrier disruption by diminishing pro-inflammatory metabolites, suppressed PI3K/AKT/mTOR pathway, and restored autophagic flux, thereby rescuing neuronal ultrastructural and functional impairments. The application of PI3K agonists reversed the effective regulation of WDD. Crucially, FMT experiments further confirmed that the gut microbiota and metabolite PGF2α are essential for WDD's antidepressant effects. WDD ameliorates depressive-like behaviors in HFD mice by modulating the gut microbiota and metabolism to suppress PI3K/AKT/mTOR pathway activation and restore autophagic flux. This study provides crucial mechanistic insights into WDD's effects against depression.",1
40064322,Integration of network pharmacology and untargeted metabolomics reveals Changpu San's antidepressant mechanisms via tryptophan metabolism.,"Changpu San (CPS) is a traditional Chinese medicine (TCM) formula historically used to treat symptoms resembling depression. However, its antidepressant effects and underlying mechanisms remain unclear. This study aims to evaluate CPS's antidepressant effects and elucidate its mechanisms by combining network pharmacology with untargeted metabolomics. A chronic unpredictable mild stress (CUMS) mouse model was used to assess CPS's antidepressant effects via behavioral tests and body weight monitoring. By integrating network pharmacology and untargeted metabolomics, both based on UPLC-Q-Exactive-Orbitrap-MS for CPS chemical profiling and serum metabolite analysis, a key pathway was identified. This pathway was validated through UPLC-QQQ-MS/MS and ELISA by measuring relevant biomarkers, while its association with colonic microbiota was further investigated using 16S rDNA sequencing. CPS alleviated depression-like behaviors in CUMS mice. A total of 140 compounds were identified in CPS, revealing 140 core targets related to depression. Metabolomics analysis identified 42 serum metabolites significantly altered in CUMS mice, with tryptophan metabolism emerging as a shared pathway across both approaches. Experimental validation showed CPS partially reversed tryptophan metabolism dysregulation, significantly increasing tryptophan levels and reducing kynurenine levels in the brain. Moreover, CPS modulated the colonic microbiota, with key genera such as Prevotella and Bacillus showing correlations with tryptophan metabolism and inflammation. CPS shows promise as an effective antidepressant, potentially through modulating tryptophan metabolism and reshaping colonic microbiota. This study provides valuable insights into its mechanisms and offers a methodological reference for researching other TCM formulas.",1
41763619,Exploring the intervention mechanism of Acori Tatarinowii Rhizoma-Polygalae Radix herb pair on post-stroke depression based on multi-omics analysis.,"The herb pair of Acori Tatarinowii Rhizoma (Shi Chang Pu) and Polygalae Radix (Yuan Zhi) is a classic combination in Traditional Chinese Medicine for ""opening the orifices to revive the mind, and relieving depression to calm the spirit"". Acori Tatarinowii Rhizoma-Polygalae Radix Herb Pair (APHP) has been widely used in treating post-stroke depression (PSD) and has shown promising results. However, its underlying combined mechanism of action remains unclear. This study is aimed to evaluate the therapeutic effect of APHP on PSD and elucidate its mechanism through transcriptome and metabolomic approaches. A PSD rat model was developed using middle cerebral artery occlusion (MCAO) coupled with chronic unpredictable mild stress (CUMS). Subsequently, the therapeutic efficacy of APHP on PSD were assessed through behavioral experiments, hematoxylin-eosin (HE) staining, Nissl staining, enzyme-linked immunosorbent assay (ELISA), and immunofluorescence. Then a systematic study was conducted on its mechanism using network pharmacology, transcriptomics and metabolomics. APHP effectively alleviated depressive-like behaviors and restrained neuroinflammation in PSD rats. Specifically, APHP reversed anhedonia and despair-like states, ameliorated pathological brain damage and neuronal loss, inhibited inflammation, and regulated neurotransmitter levels. Ultra-performance liquid chromatography-tandem mass spectrometry (UPLC-MS/MS) analysis and network pharmacology indicated that kaempferol and α-Asarone might be the effective candidate ingredients ameliorating PSD via the modulation of inflammatory signaling pathways. Transcriptomic analysis revealed that compared to the model group, there were 80 genes upregulated and 167 genes downregulated in the APHP group. Metabolomic analysis identified upregulation of theobromine and 3-methylxanthine in the model group, which were downregulated following APHP treatment. Further analyses suggested that APHP may regulate the inflammatory response via the PI3K/AKT/NF-κB signaling pathway, inhibit the gene expression of CCL4 and IL-1 β in brain tissue, ameliorate metabolic disorders, and modulate the caffeine metabolism pathway, thereby exerting a protective effect. APHP exhibited significant anti-PSD effects, potentially improving depressive symptoms and alleviating neuroinflammation by regulating the PI3K/AKT/NF-κB signaling cascade and modulating the caffeine metabolism pathway. This research establishes a solid basis for the clinical use of APHP in PSD management and paves the way for developing safer and more effective drugs derived from this herb pair.",1
40231535,Potential Anti-inflammatory Properties of Corydalis rhizoma for Co-Treatment of Neuropathic Pain and Major Depressive Disorder: Network Pharmacology with Molecular Docking and Molecular Dynamics Simulation Approaches.,"Neuropathic pain (NP) frequently coexists with major depressive disorder (MDD), sharing common molecular pathways that affect brain function. Targeting these molecular pathways through multi-target herbal remedies, such as the extract from Corydalis rhizoma (CR), may offer new therapeutic strategies; however, the variability in composition and potential toxicity of natural products, as seen with mishandled herbs, presents significant challenges in the U.S. herbal medicine landscape. This study utilized network pharmacology and molecular docking to explore the mechanisms linking NP and MDD via the herbal remedy CR, while addressing the challenges posed by natural product variability and potential toxicity. We identified potential bioactive components of CR using various databases and assessed their pharmacological properties and toxicity. Common targets of CR's bioactive components for treating MDD/NP were identified, followed by protein-protein interaction (PPI) analysis. Gene Ontology (GO) and Kyoto Encyclopedia of Genes and Genomes (KEGG) analyses were performed to select potential pathways. Additionally, docking analyses evaluated the binding affinity between ligands and receptors, while molecular dynamics (MD) simulations were conducted to assess the stability and interactions of these complexes over time. We identified 24 active ingredients in CR, primarily alkaloids and phytosterols, with favorable pharmacokinetics, including the ability to cross the blood-brain barrier and low toxicity at lower doses. These ingredients were associated with 125 genes and five key therapeutic targets- AKT1, CASP3, ESR1, BCL2, and MAPK3-integral to synaptic signaling and neurotransmitter activity. The molecular docking analysis revealed significant interactions, with CASP3 and tetrahydrocorysamine demonstrating the highest binding affinity at -9.6 kcal/mol, suggesting their potential for neuroprotection, antidepressant effects, and pain relief. MD simulations confirmed the strong binding affinity predicted by docking, particularly for the CASP3- THC complex. This study highlights the therapeutic potential of CR's active components in treating MDD/NP through a comprehensive framework of network pharmacology, molecular docking, and MD simulations. While the findings are promising, further preclinical research is necessary to validate the safety, efficacy, and mechanisms of action of these compounds.",1
40910010,"Clinical efficacy and regulatory mechanisms of Shi Pi Zeng Ye formula in treating functional constipation comorbid with depression: integrating clinical observation, mass spectrometry, bioinformatics, and molecular docking.","The Shi Pi Zeng Ye Formula (SPZY), a traditional Chinese herbal compound, is empirically used for qi and yin replenishment and has been prescribed for managing functional constipation (FC) comorbid with depression. Although its clinical efficacy is recognized, the active constituents and their precise mechanisms of action in treating FC comorbid with depression have yet to be fully determined. This research aims to elucidate the efficacy and mechanisms underlying the therapeutic effects of SPZY on FC comorbid with depression, employing a single-arm study design alongside mass spectrometry, network pharmacology, and molecular docking. In this study, 202 patients suffering from FC were recruited and treated with SPZY over a 12-week period. The primary outcome measures included the Wexner Constipation Assessment Scale (WCS) and the Hamilton Depression Rating Scale-17 (HAMD-17). Secondary outcomes were evaluated using the Patient Assessment of Constipation Quality of Life (PAC-QOL) and the Hamilton Anxiety Rating Scale (HAMA). Assessments were conducted at baseline, 4 weeks, and 12 weeks post-treatment. The study also explored the action mechanisms of SPZY through mass spectrometry, network pharmacology, and molecular docking to ascertain the binding affinities of SPZY's active components to critical targets. The study findings indicated significant improvements in WCS (p < 0.0001), HAMD-17 (p < 0.0001), PAC-QOL (p < 0.0001), and HAMA (p < 0.001) scores from baseline to 3 months. Mass spectrometry identified Nobiletin, Tangeritin, and Magnolol as pivotal active components of SPZY. Pathological processes potentially modulated by SPZY in FC comorbid with depression include regulation of membrane potential, response to alcohol, regulation of developmental growth, and neuroactive ligand-receptor interaction pathways. Network pharmacology analysis pinpointed SLC6A3 and OPRM1 as central therapeutic targets of SPZY. Molecular docking results suggested that Sugiol, Shinpterocarpin, Medicarpin, and Formononetin have high binding affinities to SLC6A3 and OPRM1, with the SLC6A3-Medicarpin complex exhibiting the strongest binding energy (-9.6 kcal/mol). The SPZY formula is effective in alleviating symptoms of FC and depression. The interaction between SLC6A3 and Medicarpin is identified as a crucial mechanism in the therapeutic efficacy of SPZY for treating FC comorbid with depression.",1
40740639,"Mechanistic insights into the anti-depressant effect of quercetin: an integrated bibliometrics, bioinformatics, and animal experimentation.","Accumulating clinical evidence demonstrates the therapeutic potential of Traditional Chinese Medicine (TCM) in mitigating depressive disorders. This research focuses on quercetin, a principal bioactive constituent shared among five classical TCM antidepressant formulations, to systematically decode its multi-target mechanisms via an integrative framework combining neuroinflammatory modulation and synaptic plasticity regulation. A tripartite experimental design was implemented. Firstly, bibliometric analysis systematically screened antidepressant TCM prescriptions and their bioactive components. Secondly, network pharmacology delineated the therapeutic mechanisms of quercetin - a key phytochemical identified through prior analysis. Finally, we established a chronic unpredictable mild stress (CUMS)-induced depression-like behavior model in mice for validation. Bibliometric analysis showed that the clinical efficacy of 5 TCM antidepressant prescriptions were identified by evidence-based medicine. In these prescriptions, <i>Radix Bupleuri</i>, <i>Rhizoma Cyperi</i>, and <i>Radix Glycyrrhizae</i> were the most commonly used herbs, while Quercetin was identified as the shared bioactive nexus across these prescriptions. Network pharmacology analysis revealed that quercetin may be closely related to PI3K/AKT pathway in depression. And results of animal experimentation showed that quercetin could improve depression-like behaviors and restore neurotransmitters levels. Concurrently, quercetin may inhibit neuroinflammation and ameliorate synaptic ultrastructural by PI3K/AKT pathway. The present study elucidated the mechanism of quercetin, an active ingredient in TCM prescriptions, in the treatment of depression through data mining, network pharmacology prediction, and experimental validation. This integrated research method will provide a new perspective for the development of TCM.",1
39884598,Polysaccharides from Scrophularia ningpoensis Hemsl. improve reserpine-induced depression-like behavior by inhibiting HTR2A/HTR2C mediated AKT/GSK3β/β-catenin/CBP/BDNF signalling.,"Scrophularia ningpoensis Hemsl. is a traditional Chinese medicine used to regulate blood sugar levels, immunity, etc. We previously isolated polysaccharides from S. ningpoensis Hemsl. (SNPS) and innovatively observed that SNPS exhibit antidepressant properties; however, the underlying mechanism is still unclear. Here, we employed network pharmacology to predict the potential targets and antidepressant mechanism of SNPS. Accordingly, we detected the effects of SNPS on monoamine neurotransmitter synthesis, metabolism, receptor expression and signal transduction in reserpine (RES)-treated mice using ELISA, HPLC-electrochemistry, metabonomics, Golgi-Cox staining and Western blotting. Finally, the mechanism of SNPS on key targets (HTR2A and HTR2C) was verified in vivo and in vitro. Results showed that SNPS ameliorated depression by restoring monoamine neurotransmitter homeostasis and hippocampal neurogenesis. SNPS reversed the depletion of 5-HT, NE and DA by activating the tryptophan (Trp)/5-HT and tyrosine (Tyr)/DA/NE metabolic pathways. SNPS decreased HTR2A and HTR2C contents, leading to the phosphorylation of AKT and GSK3β, followed by increases in β-catenin, CBP and BDNF levels. Mechanistically, SNPS reduced the levels of HTR2A and HTR2C proteins by inhibiting their mRNA transcription, rather than inducing protein degradation. In conclusion, by inhibiting the transcription of HTR2A and HTR2C, SNPS activated the AKT/GSK3β/β-catenin/CBP/BDNF pathway, thereby exerting dose-dependent antidepressant effects.",1
32256358,An Integrated Pharmacology-Based Analysis for Antidepressant Mechanism of Chinese Herbal Formula Xiao-Yao-San.,"Clinical studies and basic science experiments have widely demonstrated the antidepressant and anxiolytic effects of the herbal formula Xiao-Yao-San (XYS). However, the system mechanism of these effects has not been fully characterized. The present study conducted a comprehensive network pharmacological analysis of XYS and sorted all pharmacologically active components (149) through the TCMSP webserver. Then, all potential molecular targets (449) were predicted, of which there were 99 genes clearly related to depression. To further investigate the mechanism of antidepressant effects of XYS, a compound-depression targets (C-DTs) network was constructed, and Gene Ontology (GO) functional and KEGG pathway enrichment analyses were performed for the 99 targets. Enrichment results revealed that XYS could regulate multiple aspects of depression through these targets, related to metabolism, neuroendocrine function, and neuroimmunity. Prediction and analysis of protein-protein interactions resulted in selection of three hub genes (AKT1, TP53, and VEGFA). In addition, a total of seven ingredients from XYS could act on these hub genes and they were identified through ultra-high-performance liquid chromatography-quadrupole time-of-flight mass spectrometry (UPLC-Q/TOF-MS), including paeoniflorin, quercetin, luteolin, acacetin, aloe-emodin, Glyasperin C, kaempferol. Hereafter, we investigated the effects of paeoniflorin and its predicted target, the results suggest that it can reverse the neurotoxicity produced by CORT and could be a neuroprotective effect by promoting the phosphorylation of Akt. Overall, our research revealed the complicated antidepressant mechanism of XYS, and also provided a rational strategy for revealing the complex composition and function of Chinese herbal formula.",1
