symptom ,Herb_id,P_value,FDR(BH),FDR(Bonferroni)
Dyssomnia,SMHB00596,0.000577,0.003923,1
Vitreous Detachment Posterior,SMHB00596,0.024232,0.052098,1
Insomnia,SMHB00596,1.00E-05,0.000143,0.254553
Angina Symptoms,SMHB00596,0.024232,0.052098,1
Hemoptysis,SMHB00596,0.000693,0.004526,1
Epistaxis,SMHB00596,0.047887,0.077434,1
Subwakefullness Syndromes,SMHB00596,0.047887,0.077434,1
 Anemic,SMHB00596,0.047887,0.077434,1
Melena,SMHB00596,0.000577,0.003923,1
Palpitation(S),SMHB00596,0.001434,0.008137,1
Unresponsive To Stimuli,SMHB00596,0.024232,0.052098,1
Anemia,SMHB00596,0.024232,0.052098,1
Cough,SMHB00596,0.044011,0.07328,1
 Long Sleeper Syndrome,SMHB00596,0.047887,0.077434,1
Motion Sickness,SMHB00596,0.000577,0.003923,1
Lip Paresthesia,SMHB00596,0.024232,0.052098,1
Muscle Wasting,SMHB00596,0.047887,0.077434,1
Urethra Hemorrhage,SMHB00596,0.024232,0.052098,1
Air Sickness,SMHB00596,0.000577,0.003923,1
 Sleep-Related Neurogenic Tachypnoea,SMHB00596,0.047887,0.077434,1
Short-Sleeper,SMHB00596,0.047887,0.077434,1
Vitreous Detachment,SMHB00596,0.024232,0.052098,1
Uterine Bleeding,SMHB00596,0.000441,0.003167,1
Hemorrhage Postpartum,SMHB00596,0.037914,0.066713,1
Vision Halo,SMHB00596,0.024232,0.052098,1
Sleep Disorder,SMHB00596,5.30E-05,0.000562,1
Sea Sickness,SMHB00596,0.000577,0.003923,1
Metrorrhagia,SMHB00596,2.00E-05,0.000254,0.499936
Hemorrhage Of Pregnancy,SMHB00596,0.005504,0.023938,1
Menorrhagia,SMHB00596,0.011203,0.037373,1
Menometrorrhagia,SMHB00596,0.011203,0.037373,1
Poor Quality Sleep,SMHB00596,0.024232,0.052098,1
Cough Persistent,SMHB00596,0.008128,0.031317,1
Erythematous Condition,SMHB00596,0.047887,0.077434,1
Insomnia Adverse Event,SMHB00596,0.024232,0.052098,1
Transient Insomnia,SMHB00596,0.024232,0.052098,1
Haemorrhage Ant Chamber Eye,SMHB00002,None,None,None
Hemorrhage,SMHB00002,None,None,None
Abdominal Tenderness,SMHB00002,0.019472,0.04715,1
 Physical Suffering,SMHB00002,None,None,None
Polymenorrhea,SMHB00002,None,None,None
 Anemic,SMHB00002,0.038573,0.067295,1
Abdominal Pain,SMHB00002,None,None,None
Hematemesis,SMHB00002,None,None,None
Hyperalgia,SMHB00002,None,None,None
" Disease, Endometrial",SMHB00002,0.019472,0.04715,1
Pain,SMHB00002,None,None,None
Menses Abnormal,SMHB00002,None,None,None
Anemia,SMHB00002,0.019472,0.04715,1
Bronchiectasis,SMHB00002,0.000371,0.002762,1
Burning Pain,SMHB00002,None,None,None
 Splitting Pain,SMHB00002,None,None,None
Uterine Disorder,SMHB00002,0.019472,0.04715,1
 Migratory Pain,SMHB00002,None,None,None
 Subfertility,SMHB00002,None,None,None
Infertility,SMHB00002,None,None,None
Uterine Bleeding,SMHB00002,4.00E-06,6.50E-05,0.104469
Hemorrhage Postpartum,SMHB00002,0.025238,0.053416,1
Ache,SMHB00002,None,None,None
Scalp Pruritus,SMHB00002,0.019472,0.04715,1
 Hypomenorrhea,SMHB00002,None,None,None
Asthenia,SMHB00002,None,None,None
Lips Bleeding,SMHB00002,0.019472,0.04715,1
Metrorrhagia,SMHB00002,None,None,None
Hemorrhage Of Pregnancy,SMHB00002,None,None,None
Pain Radiating,SMHB00002,None,None,None
Crushing Pain,SMHB00002,None,None,None
Vaginal Bleeding,SMHB00002,0.019472,0.04715,1
Retrograde Menstruation,SMHB00002,None,None,None
Typhoid Fever,SMHB00002,None,None,None
Menorrhagia,SMHB00002,None,None,None
Menometrorrhagia,SMHB00002,None,None,None
General Abdominal Pain-Symptom,SMHB00002,0.019472,0.04715,1
Gastric Ulcer Bleeding,SMHB00002,0.019472,0.04715,1
Female Infertility,SMHB00002,0.019472,0.04715,1
 Physical Suffering,SMHB00001,None,None,None
Cough Productive,SMHB00001,None,None,None
"Sputums, Induced",SMHB00001,None,None,None
Rheumatism,SMHB00001,None,None,None
Soft Tissue Injury,SMHB00001,0.00021,0.00175,1
Amenorrhea,SMHB00001,0.043509,0.072737,1
Abdominal Pain,SMHB00001,None,None,None
Caustic Injury,SMHB00001,None,None,None
Hyperalgia,SMHB00001,None,None,None
"Amenorrhea, Postpartum",SMHB00001,0.043509,0.072737,1
Jaundice,SMHB00001,None,None,None
Pain,SMHB00001,None,None,None
Arthritic Pains,SMHB00001,None,None,None
Cough,SMHB00001,None,None,None
Burning Pain,SMHB00001,None,None,None
 Splitting Pain,SMHB00001,None,None,None
Gasping,SMHB00001,None,None,None
Bronchial Asthma,SMHB00001,None,None,None
Sputum,SMHB00001,None,None,None
 Migratory Pain,SMHB00001,None,None,None
Musculoskeletal Pain,SMHB00001,0.029214,0.057221,1
Ache,SMHB00001,None,None,None
Pain Radiating,SMHB00001,None,None,None
Crushing Pain,SMHB00001,None,None,None
Menopause,SMHB00001,None,None,None
Cough Persistent,SMHB00001,None,None,None
Sputum Purulent,SMHB00001,None,None,None
Deglutitional Syncope,SMHB00538,0,0,0.000132
Pharyngolaryngitis,SMHB00538,0.041965,0.070815,1
Larynx,SMHB00538,0.004229,0.019581,1
Stomatitis,SMHB00538,0.021203,0.04873,1
Laryngopharyngeal Dysaesthesia,SMHB00538,0.000171,0.001472,1
Stroke,SMHB00538,0.011369,0.037721,1
Localized; Swelling,SMHB00538,0.006258,0.026133,1
Otitis Media Purulent,SMHB00538,0.021203,0.04873,1
Presyncope,SMHB00538,0,0,0.000325
Oral Mucositis,SMHB00538,0.021203,0.04873,1
Laryngeal Pain,SMHB00538,0.021203,0.04873,1
Other Conjunctivitis Nos,SMHB00538,0.021203,0.04873,1
Stokes-Adams Syncope,SMHB00538,0,0,0.000132
Laryngeal Edema,SMHB00538,0.021203,0.04873,1
Masseter Muscle Spasm,SMHB00538,0.041965,0.070815,1
Syncope Cough,SMHB00538,0,0,0.000132
Hyperventilation Syncope,SMHB00538,0,0,0.000132
Smarting Of Skin,SMHB00538,0.021203,0.04873,1
Hematoma,SMHB00538,0.041965,0.070815,1
Trismus,SMHB00538,0.041965,0.070815,1
Skin Pain,SMHB00538,0.021203,0.04873,1
Syncope Exertional,SMHB00538,0,0,0.000132
Syncope Cardiac,SMHB00538,0,0,0.000132
Otitis,SMHB00538,0.021203,0.04873,1
 Cva Nos Acute,SMHB00538,0.008643,0.032544,1
Syncope Postural,SMHB00538,0,0,0.000132
Skin Swelling,SMHB00538,0.041965,0.070815,1
Syncopal Vertigo,SMHB00538,0,0,0.000132
Convulsive Syncope,SMHB00538,0,0,0.000132
Carotid Sinus Syncope,SMHB00538,0,0,0.000132
Syncope Micturition,SMHB00538,0,0,0.000132
Pharynx Disease,SMHB00538,0.041965,0.070815,1
Ear Drainage,SMHB00538,0.041965,0.070815,1
Tonsillitis,SMHB00538,0.041965,0.070815,1
Throat Tightness,SMHB00538,6.00E-06,8.80E-05,0.147932
Fever Convulsions,SMHB00538,0.041965,0.070815,1
Syncopal Episode,SMHB00538,0,0,0.000132
Obnubilation,SMHB00538,3.00E-06,4.30E-05,0.064404
Syncope,SMHB00538,0,0,0.000325
Lockjaw,SMHB00538,0.041965,0.070815,1
Situational Syncope,SMHB00538,0,0,0.000132
Pharyngolaryngeal Pain,SMHB00538,6.00E-06,8.80E-05,0.147932
Edema Pharynx,SMHB00538,0.001304,0.007513,1
Oral Ulcer,SMHB00538,0.002572,0.013112,1
Sutton'S Disease,SMHB00538,0.021203,0.04873,1
Panic State,SMHB00003,0.026654,0.054547,1
Deglutitional Syncope,SMHB00003,None,None,None
Abdominal Tenderness,SMHB00003,0.013414,0.040487,1
Stroke,SMHB00003,None,None,None
 Physical Suffering,SMHB00003,None,None,None
Presyncope,SMHB00003,None,None,None
"Sputums, Induced",SMHB00003,None,None,None
Stokes-Adams Syncope,SMHB00003,None,None,None
Narcosis,SMHB00003,None,None,None
Syncope Cough,SMHB00003,None,None,None
Hyperventilation Syncope,SMHB00003,None,None,None
Hyperalgia,SMHB00003,None,None,None
Syncope Exertional,SMHB00003,None,None,None
Stupor,SMHB00003,None,None,None
Syncope Cardiac,SMHB00003,None,None,None
Pain,SMHB00003,None,None,None
Burning Pain,SMHB00003,None,None,None
 Splitting Pain,SMHB00003,None,None,None
Pseudocomas,SMHB00003,None,None,None
 Anal Discomforts,SMHB00003,None,None,None
 Cva Nos Acute,SMHB00003,None,None,None
Pseudocomas,SMHB00003,None,None,None
Syncope Postural,SMHB00003,None,None,None
Convulsions Neonatal,SMHB00003,None,None,None
Syncopal Vertigo,SMHB00003,None,None,None
Abdomen Bloating,SMHB00003,None,None,None
Angina Pectoris,SMHB00003,0.004638,0.021128,1
Sputum,SMHB00003,None,None,None
 Migratory Pain,SMHB00003,None,None,None
Convulsive Syncope,SMHB00003,None,None,None
Depressed Mood,SMHB00003,None,None,None
Hemorrhage Postpartum,SMHB00003,None,None,None
Carotid Sinus Syncope,SMHB00003,None,None,None
Ache,SMHB00003,None,None,None
Syncope Micturition,SMHB00003,None,None,None
Sleep Disorder,SMHB00003,None,None,None
Abdomen Ruq Pain,SMHB00003,0.013414,0.040487,1
Asthenia,SMHB00003,None,None,None
Pain Precordial,SMHB00003,2.00E-06,3.70E-05,0.054238
Syncopal Episode,SMHB00003,None,None,None
Syncope,SMHB00003,None,None,None
Pain Radiating,SMHB00003,None,None,None
Situational Syncope,SMHB00003,None,None,None
Crushing Pain,SMHB00003,None,None,None
General Abdominal Pain-Symptom,SMHB00003,0.013414,0.040487,1
Abdomen Distention,SMHB00597,0.00194,0.010421,1
Neoplastic Growth,SMHB00597,0.034192,0.062682,1
Abdominal Tenderness,SMHB00597,0.008654,0.032544,1
 Physical Suffering,SMHB00597,0.008955,0.033209,1
Cyst,SMHB00597,0.042565,0.07148,1
Abdominal Pain,SMHB00597,0.013233,0.040422,1
Pain,SMHB00597,0.012317,0.039331,1
Buerger Disease,SMHB00597,0.008654,0.032544,1
Chest Mass,SMHB00597,0.017237,0.045046,1
Burning Pain,SMHB00597,0.008955,0.033209,1
 Splitting Pain,SMHB00597,0.008955,0.033209,1
 Migratory Pain,SMHB00597,0.008955,0.033209,1
Ache,SMHB00597,0.016148,0.044013,1
Neoplasm Benign Nos,SMHB00597,0.008654,0.032544,1
Abdomen Tumor,SMHB00597,7.10E-05,0.000721,1
Pain Radiating,SMHB00597,0.008955,0.033209,1
Crushing Pain,SMHB00597,0.008955,0.033209,1
General Abdominal Pain-Symptom,SMHB00597,0.008654,0.032544,1
Abdomen Distention,SMHB00006,None,None,None
Larynx,SMHB00006,None,None,None
Constipation,SMHB00006,None,None,None
Trichophytosis,SMHB00006,None,None,None
Scabies,SMHB00006,None,None,None
Suppuration,SMHB00006,None,None,None
Tinea,SMHB00006,None,None,None
Lethargy,SMHB00006,0.003029,0.014919,1
Ascites,SMHB00006,None,None,None
Tinea Corporis,SMHB00006,None,None,None
Sarcoptic Red Mange,SMHB00006,None,None,None
Pus,SMHB00006,None,None,None
Carbuncle,SMHB00006,None,None,None
Skin Ulcer(S),SMHB00006,None,None,None
Defecation Pain,SMHB00006,None,None,None
Colonic Inertia,SMHB00006,None,None,None
Epidermophytosis,SMHB00006,None,None,None
Poisoning By,SMHB00006,None,None,None
Scabies,SMHB00006,0.012069,0.038774,1
Vulvar Diseases,SMHB00006,0.003029,0.014919,1
Warts,SMHB00006,0.00605,0.025431,1
Larynx,SMHB00534,0.000774,0.004954,1
Constipation,SMHB00534,0.003388,0.016389,1
Gastric Disorder,SMHB00534,0.018095,0.046235,1
Trichophytosis,SMHB00534,0.027026,0.054805,1
Scabies,SMHB00534,0.027026,0.054805,1
Suppuration,SMHB00534,0.044655,0.074068,1
Tinea,SMHB00534,0.001607,0.008972,1
Lethargy,SMHB00534,0.009087,0.033209,1
Blood Prolactin Decreased,SMHB00534,0.018095,0.046235,1
Ascites,SMHB00534,0.000467,0.003305,1
Tinea Corporis,SMHB00534,0.027026,0.054805,1
Sarcoptic Red Mange,SMHB00534,0.027026,0.054805,1
Pus,SMHB00534,0.044655,0.074068,1
Epidermophytosis,SMHB00534,0.027026,0.054805,1
Scabies,SMHB00534,0.035878,0.064462,1
Warts,SMHB00534,0.018095,0.046235,1
Abdominal Tenderness,SMHB00007,0.013847,0.040951,1
 Physical Suffering,SMHB00007,None,None,None
Rheumatism,SMHB00007,None,None,None
Polymenorrhea,SMHB00007,None,None,None
Abdominal Pain,SMHB00007,None,None,None
Hyperalgia,SMHB00007,None,None,None
" Disease, Endometrial",SMHB00007,0.013847,0.040951,1
Yang Deficiency,SMHB00007,None,None,None
Pain,SMHB00007,None,None,None
Menses Abnormal,SMHB00007,None,None,None
Dryness Vaginal,SMHB00007,0.013847,0.040951,1
Arthritic Pains,SMHB00007,None,None,None
Burning Pain,SMHB00007,None,None,None
Abnormal Menstrual Cycle,SMHB00007,0.013847,0.040951,1
 Splitting Pain,SMHB00007,None,None,None
Uterine Disorder,SMHB00007,0.013847,0.040951,1
 Migratory Pain,SMHB00007,None,None,None
Musculoskeletal Pain,SMHB00007,0.027508,0.055251,1
 Subfertility,SMHB00007,None,None,None
Infertility,SMHB00007,None,None,None
Oligomenorrhea,SMHB00007,0.001096,0.006521,1
Ache,SMHB00007,None,None,None
 Hypomenorrhea,SMHB00007,None,None,None
Nervousness,SMHB00007,None,None,None
"Ejaculation
",SMHB00007,None,None,None
Pain Radiating,SMHB00007,None,None,None
Crushing Pain,SMHB00007,None,None,None
Hypervigilance,SMHB00007,None,None,None
Retrograde Menstruation,SMHB00007,None,None,None
Anxiety,SMHB00007,None,None,None
General Abdominal Pain-Symptom,SMHB00007,0.013847,0.040951,1
Atrophy,SMHB00007,None,None,None
Female Infertility,SMHB00007,0.013847,0.040951,1
Pharyngolaryngitis,SMHB00005,0.029214,0.057221,1
Larynx,SMHB00005,0.002044,0.010916,1
Laryngopharyngeal Dysaesthesia,SMHB00005,5.70E-05,0.000593,1
Localized; Swelling,SMHB00005,5.70E-05,0.000593,1
 Physical Suffering,SMHB00005,0.02489,0.053056,1
Laryngeal Pain,SMHB00005,0.014712,0.042343,1
Soft Tissue Injury,SMHB00005,0.00021,0.00175,1
Laryngeal Edema,SMHB00005,0.014712,0.042343,1
Extremity Numbness,SMHB00005,None,None,None
Smarting Of Skin,SMHB00005,0.014712,0.042343,1
Hematoma,SMHB00005,0.029214,0.057221,1
Vidian Neuralgia,SMHB00005,None,None,None
Skin Pain,SMHB00005,0.014712,0.042343,1
Pain,SMHB00005,0.03383,0.062226,1
Perineal Neuralgia,SMHB00005,None,None,None
Iliohypogastric Nerve Neuralgia,SMHB00005,None,None,None
Stump Neuralgia,SMHB00005,None,None,None
Micturition Disorder,SMHB00005,None,None,None
Burning Pain,SMHB00005,0.02489,0.053056,1
 Splitting Pain,SMHB00005,0.02489,0.053056,1
Skin Swelling,SMHB00005,0.029214,0.057221,1
Paroxysmal Nerve Pain,SMHB00005,None,None,None
 Venomous Bite,SMHB00005,0.029214,0.057221,1
 Migratory Pain,SMHB00005,0.02489,0.053056,1
Musculoskeletal Pain,SMHB00005,0.029214,0.057221,1
Ache,SMHB00005,0.004216,0.019534,1
Neuralgia,SMHB00005,None,None,None
Pharynx Disease,SMHB00005,0.029214,0.057221,1
Tonsillitis,SMHB00005,0.029214,0.057221,1
Throat Tightness,SMHB00005,1.00E-06,2.40E-05,0.032895
Supraorbital Neuralgia,SMHB00005,None,None,None
Pain Radiating,SMHB00005,0.02489,0.053056,1
Crushing Pain,SMHB00005,0.02489,0.053056,1
Atypical Neuralgia,SMHB00005,None,None,None
Lower Extremity Pain Musculoskeletal,SMHB00005,None,None,None
Pharyngolaryngeal Pain,SMHB00005,9.80E-05,0.000927,1
Edema Pharynx,SMHB00005,0.000625,0.004175,1
Ilioinguinal Neuralgia,SMHB00005,None,None,None
Cough Persistent,SMHB00005,0.003038,0.014948,1
Thyroid Tumor,SMHB00005,0.00021,0.00175,1
Nerve Pain,SMHB00005,None,None,None
Poisoning By,SMHB00005,None,None,None
Herpes Zoster Disease,SMHB00005,0.014712,0.042343,1
Cough Productive,SMHB00028,None,None,None
"Sputums, Induced",SMHB00028,None,None,None
Hoarseness,SMHB00028,0.038457,0.067282,1
Genital Pruritus,SMHB00028,None,None,None
 Skin Scaly,SMHB00028,0.0258,0.053532,1
Cough,SMHB00028,None,None,None
Tuberculosis,SMHB00028,None,None,None
Arbovirus,SMHB00028,0.012981,0.039733,1
Arbovirus,SMHB00028,0.012981,0.039733,1
Sputum Discoloured,SMHB00028,None,None,None
Sputum,SMHB00028,None,None,None
Asthenia,SMHB00028,None,None,None
"Sports Injury, Nos",SMHB00028,0.012981,0.039733,1
" Disease Of Vocal Cords, Nos",SMHB00028,None,None,None
Cough Persistent,SMHB00028,None,None,None
Sputum Purulent,SMHB00028,None,None,None
Enterobiasis,SMHB00028,0.012981,0.039733,1
Lice Infestation,SMHB00028,0.000163,0.001407,1
Panic State,SMHB00010,0.039422,0.067979,1
Deglutitional Syncope,SMHB00010,None,None,None
Sharp Headache,SMHB00010,None,None,None
Facial Nerve Motor Disorder,SMHB00010,0.019905,0.04715,1
Stroke,SMHB00010,None,None,None
 Physical Suffering,SMHB00010,None,None,None
Presyncope,SMHB00010,None,None,None
"Sputums, Induced",SMHB00010,None,None,None
Heaviness Of Head,SMHB00010,0.039422,0.067979,1
"Headache, Periorbital",SMHB00010,None,None,None
Bilateral Headache,SMHB00010,None,None,None
 Cryptogenic Epilepsies,SMHB00010,None,None,None
Ocular Headache,SMHB00010,None,None,None
Stokes-Adams Syncope,SMHB00010,None,None,None
Facial Nerve Sensory Disorder,SMHB00010,0.019905,0.04715,1
Headache Throbbing,SMHB00010,None,None,None
Syncope Cough,SMHB00010,None,None,None
Facial Neuritides,SMHB00010,0.019905,0.04715,1
Hyperventilation Syncope,SMHB00010,None,None,None
Hyperalgia,SMHB00010,None,None,None
Radiculopathy,SMHB00010,0.019905,0.04715,1
Aura,SMHB00010,None,None,None
Single Seizure,SMHB00010,None,None,None
Syncope Exertional,SMHB00010,None,None,None
Orthostatic Headache,SMHB00010,None,None,None
Facial Myokymia,SMHB00010,0.019905,0.04715,1
Syncope Cardiac,SMHB00010,None,None,None
Nerve Root Disorder,SMHB00010,0.019905,0.04715,1
Pain,SMHB00010,None,None,None
Language Disorder,SMHB00010,0.019905,0.04715,1
Burning Pain,SMHB00010,None,None,None
Acquired Language Disorder,SMHB00010,0.019905,0.04715,1
"Epilepsy, Awakening",SMHB00010,None,None,None
 Splitting Pain,SMHB00010,None,None,None
 Cva Nos Acute,SMHB00010,None,None,None
Syncope Postural,SMHB00010,None,None,None
"Neuralgia, Sluder",SMHB00010,0.019905,0.04715,1
Convulsions Neonatal,SMHB00010,None,None,None
Cervical Radiculopathy,SMHB00010,0.019905,0.04715,1
Syncopal Vertigo,SMHB00010,None,None,None
 Venomous Bite,SMHB00010,None,None,None
Dysphonia,SMHB00010,0.019905,0.04715,1
Trigeminal Autonomic Cephalgia,SMHB00010,0.019905,0.04715,1
Sputum,SMHB00010,None,None,None
 Migratory Pain,SMHB00010,None,None,None
Convulsive Syncope,SMHB00010,None,None,None
Nerve Root Pain,SMHB00010,0.019905,0.04715,1
Epilepsy,SMHB00010,None,None,None
Neuralgia Facial,SMHB00010,0.019905,0.04715,1
Carotid Sinus Syncope,SMHB00010,None,None,None
Rebound Hypertension,SMHB00010,0.019905,0.04715,1
Ache,SMHB00010,None,None,None
Syncope Micturition,SMHB00010,None,None,None
"Disorder Of Seventh Cranial Nerve, Nos",SMHB00010,0.019905,0.04715,1
Migraine,SMHB00010,0.000388,0.002844,1
Acquired Facial Neuropathies,SMHB00010,0.019905,0.04715,1
"Facial Neuropathies, Familial",SMHB00010,0.019905,0.04715,1
 Generalised Headache,SMHB00010,None,None,None
"Avulsion, Nerve Root",SMHB00010,0.019905,0.04715,1
Geniculate Ganglionitis,SMHB00010,0.019905,0.04715,1
Syncopal Episode,SMHB00010,None,None,None
Syncope,SMHB00010,None,None,None
Pain Radiating,SMHB00010,None,None,None
Situational Syncope,SMHB00010,None,None,None
Crushing Pain,SMHB00010,None,None,None
Vertex Headache,SMHB00010,None,None,None
"Headache, Retro-Ocular",SMHB00010,None,None,None
Compression Nerve Root,SMHB00010,0.019905,0.04715,1
Typhoid Fever,SMHB00010,None,None,None
"Headache, Dull",SMHB00010,None,None,None
Headache Unilateral,SMHB00010,None,None,None
Radiculitis,SMHB00010,0.019905,0.04715,1
Tenderness,SMHB00010,0.039422,0.067979,1
Myofacial Pain Syndrome,SMHB00010,0.019905,0.04715,1
Headache,SMHB00010,None,None,None
King Evil,SMHB00010,None,None,None
Sputum Purulent,SMHB00010,None,None,None
Slurred Speech,SMHB00010,None,None,None
Tetanus,SMHB00010,0.019905,0.04715,1
Dyssomnia,SMHB00029,0.021523,0.049159,1
Insomnia,SMHB00029,None,None,None
Hemorrhage,SMHB00029,None,None,None
Pulse Weakness,SMHB00029,0.002283,0.011914,1
 Physical Suffering,SMHB00029,None,None,None
Cough Productive,SMHB00029,None,None,None
"Sputums, Induced",SMHB00029,None,None,None
Laryngeal Pain,SMHB00029,None,None,None
Hemoptysis,SMHB00029,None,None,None
Subwakefullness Syndromes,SMHB00029,0.021523,0.049159,1
Dreams,SMHB00029,0.021523,0.049159,1
Hematemesis,SMHB00029,None,None,None
Sore Throat,SMHB00029,None,None,None
Hyperalgia,SMHB00029,None,None,None
Palpitation(S),SMHB00029,None,None,None
Pain,SMHB00029,None,None,None
Boredom,SMHB00029,None,None,None
Cough,SMHB00029,None,None,None
Burning Pain,SMHB00029,None,None,None
 Long Sleeper Syndrome,SMHB00029,0.021523,0.049159,1
 Splitting Pain,SMHB00029,None,None,None
Sputum,SMHB00029,None,None,None
 Migratory Pain,SMHB00029,None,None,None
 Sleep-Related Neurogenic Tachypnoea,SMHB00029,0.021523,0.049159,1
Short-Sleeper,SMHB00029,0.021523,0.049159,1
Ache,SMHB00029,None,None,None
Bad Dream,SMHB00029,None,None,None
Sleep Disorder,SMHB00029,0.000665,0.00437,1
Asthenia,SMHB00029,None,None,None
Throat Tightness,SMHB00029,None,None,None
Cough Nonproductive,SMHB00029,None,None,None
Nightmares,SMHB00029,None,None,None
Throat Dry,SMHB00029,None,None,None
Pain Radiating,SMHB00029,None,None,None
Crushing Pain,SMHB00029,None,None,None
" Disease Of Vocal Cords, Nos",SMHB00029,0.042601,0.07148,1
Pharyngolaryngeal Pain,SMHB00029,None,None,None
Mental Status Altered,SMHB00029,None,None,None
Mental Status Altered,SMHB00029,None,None,None
Poor Quality Sleep,SMHB00029,0.010818,0.036554,1
Abdomen Distention,SMHB00013,None,None,None
Pharyngolaryngitis,SMHB00013,0.037724,0.066384,1
Larynx,SMHB00013,0.003417,0.016444,1
Laryngopharyngeal Dysaesthesia,SMHB00013,0.000124,0.00113,1
Localized; Swelling,SMHB00013,0.005063,0.02245,1
 Physical Suffering,SMHB00013,0.003636,0.017299,1
Laryngeal Pain,SMHB00013,0.019039,0.04715,1
Bright Red Blood Per Rectum,SMHB00013,None,None,None
Urologic Disease,SMHB00013,None,None,None
Duodenal Ulcer Hemorrhage,SMHB00013,None,None,None
Laryngeal Edema,SMHB00013,0.019039,0.04715,1
Extremity Numbness,SMHB00013,None,None,None
Rheumatic Disorder,SMHB00013,None,None,None
Smarting Of Skin,SMHB00013,0.019039,0.04715,1
Hematoma,SMHB00013,0.037724,0.066384,1
Gastrointestinal Discomfort,SMHB00013,None,None,None
Rhinorrhea,SMHB00013,None,None,None
Skin Pain,SMHB00013,0.019039,0.04715,1
Skin Laceration,SMHB00013,None,None,None
Emesis,SMHB00013,None,None,None
Jaundice,SMHB00013,8.00E-06,0.000109,0.187924
Pain,SMHB00013,0.005857,0.024895,1
Malaise And Fatigue,SMHB00013,None,None,None
Tongue Discoloration,SMHB00013,None,None,None
Micturition Disorder,SMHB00013,None,None,None
Burning Pain,SMHB00013,0.003636,0.017299,1
 Splitting Pain,SMHB00013,0.003636,0.017299,1
Skin Swelling,SMHB00013,0.037724,0.066384,1
Placental Disorder,SMHB00013,None,None,None
 Venomous Bite,SMHB00013,0.037724,0.066384,1
 Migratory Pain,SMHB00013,0.003636,0.017299,1
Ache,SMHB00013,0.000778,0.004956,1
Change In Bowel Habits,SMHB00013,None,None,None
Joint Swollen,SMHB00013,None,None,None
Gi Bleeding,SMHB00013,None,None,None
Pharynx Disease,SMHB00013,0.037724,0.066384,1
Tonsillitis,SMHB00013,0.037724,0.066384,1
 Stomach Discomfort,SMHB00013,None,None,None
Throat Tightness,SMHB00013,4.00E-06,6.00E-05,0.095283
Nose Dryness,SMHB00013,None,None,None
 Duodenitis Hemorrhagic,SMHB00013,None,None,None
Ocular Icterus,SMHB00013,0.019039,0.04715,1
Pain Radiating,SMHB00013,0.003636,0.017299,1
Crushing Pain,SMHB00013,0.003636,0.017299,1
Pharyngolaryngeal Pain,SMHB00013,0.000214,0.001776,1
Chest Symptom Heaviness,SMHB00013,None,None,None
Chest Symptom Heaviness,SMHB00013,None,None,None
Edema Pharynx,SMHB00013,0.00105,0.006332,1
Enteritis,SMHB00013,0.019039,0.04715,1
Abdomen Distention,SMHB00031,0.037674,0.066384,1
Abdominal Tenderness,SMHB00031,0.010385,0.03576,1
 Physical Suffering,SMHB00031,0.000609,0.004088,1
Conjunctivitis,SMHB00031,0.030846,0.058607,1
Abdominal Pain,SMHB00031,0.002781,0.013996,1
Dermatosis Of Scalp,SMHB00031,0.020667,0.048222,1
Pain,SMHB00031,0.001,0.006099,1
Buerger Disease,SMHB00031,0.010385,0.03576,1
Burning Pain,SMHB00031,0.000609,0.004088,1
 Splitting Pain,SMHB00031,0.000609,0.004088,1
 Stool Loose,SMHB00031,None,None,None
Thirst,SMHB00031,None,None,None
 Migratory Pain,SMHB00031,0.000609,0.004088,1
Carbuncle,SMHB00031,0.005182,0.022802,1
Ache,SMHB00031,0.001522,0.008573,1
Spleen Disorder,SMHB00031,None,None,None
Pain Radiating,SMHB00031,0.000609,0.004088,1
Crushing Pain,SMHB00031,0.000609,0.004088,1
" Disease Of Vocal Cords, Nos",SMHB00031,None,None,None
General Abdominal Pain-Symptom,SMHB00031,0.010385,0.03576,1
Appendicitis,SMHB00031,0.030846,0.058607,1
Enteritis,SMHB00031,0.010385,0.03576,1
Hepatitis,SMHB00031,0.020667,0.048222,1
Sharp Headache,SMHB00015,None,None,None
Erythrosis,SMHB00015,0.00476,0.021453,1
Anorectal Disorder,SMHB00015,None,None,None
"Headache, Periorbital",SMHB00015,None,None,None
Bilateral Headache,SMHB00015,None,None,None
Ocular Headache,SMHB00015,None,None,None
Headache Throbbing,SMHB00015,None,None,None
Orthostatic Headache,SMHB00015,None,None,None
Carbuncle,SMHB00015,None,None,None
Nodule Subcutaneous,SMHB00015,0.00476,0.021453,1
Backache,SMHB00015,0.032889,0.061056,1
Scald,SMHB00015,2.10E-05,0.000259,0.510787
 Generalised Headache,SMHB00015,None,None,None
Second Degree Burn,SMHB00015,0.00476,0.021453,1
Vertex Headache,SMHB00015,None,None,None
"Headache, Retro-Ocular",SMHB00015,None,None,None
"Headache, Dull",SMHB00015,None,None,None
Headache Unilateral,SMHB00015,None,None,None
Headache,SMHB00015,None,None,None
King Evil,SMHB00015,None,None,None
Burn Injury,SMHB00015,1.00E-06,1.50E-05,0.019806
Scrofula,SMHB00015,0.042104,0.071024,1
Urologic Disease,SMHB00016,None,None,None
Abdominal Pain,SMHB00016,None,None,None
Rheumatoid Arthritis,SMHB00016,0.042601,0.07148,1
Vagina,SMHB00016,0.032117,0.060278,1
Hyperpyrexia,SMHB00016,9.00E-05,0.000866,1
Jaundice,SMHB00016,6.00E-05,0.000628,1
Seizures,SMHB00016,3.80E-05,0.000426,0.943863
 Skin Scaly,SMHB00016,None,None,None
Tongue Discoloration,SMHB00016,None,None,None
Arthritic Pains,SMHB00016,None,None,None
Skin Breakdown,SMHB00016,0.010818,0.036554,1
Athetosis,SMHB00016,None,None,None
Scalp Pruritus,SMHB00016,0.010818,0.036554,1
Nasopharyngitis,SMHB00016,None,None,None
Habit Disorder,SMHB00016,0.000665,0.00437,1
Abnormal Labor,SMHB00016,None,None,None
Vocal Tic,SMHB00016,0.000665,0.00437,1
Motor Tics,SMHB00016,0.000665,0.00437,1
Smarting,SMHB00016,None,None,None
King Evil,SMHB00016,0.042601,0.07148,1
Cholecystitis,SMHB00016,0.010818,0.036554,1
Cholelithiasis,SMHB00016,0.010818,0.036554,1
 Generalized Convulsions Occurring With High Fever,SMHB00016,0.010818,0.036554,1
Herpes Zoster Disease,SMHB00016,0.010818,0.036554,1
Nephritis,SMHB00016,0.000112,0.001042,1
Vaginitis,SMHB00016,0.010818,0.036554,1
 Physical Suffering,SMHB00020,None,None,None
Cough Productive,SMHB00020,None,None,None
Dyspnea,SMHB00020,0.01552,0.043506,1
Hyperalgia,SMHB00020,None,None,None
Colic,SMHB00020,0.023195,0.051423,1
Pain,SMHB00020,None,None,None
Respiratory Abnormality,SMHB00020,None,None,None
Cough,SMHB00020,None,None,None
Burning Pain,SMHB00020,None,None,None
 Splitting Pain,SMHB00020,None,None,None
Gasping,SMHB00020,0.023195,0.051423,1
Abdominal Cramp,SMHB00020,0.01552,0.043506,1
Bronchial Asthma,SMHB00020,None,None,None
Infantile Colic,SMHB00020,0.007789,0.030277,1
 Migratory Pain,SMHB00020,None,None,None
Ache,SMHB00020,None,None,None
Gastrointestinal Pain,SMHB00020,None,None,None
 Stomach Discomfort,SMHB00020,3.00E-06,5.40E-05,0.082791
Pain Radiating,SMHB00020,None,None,None
Crushing Pain,SMHB00020,None,None,None
Asthma Attack,SMHB00020,0.007789,0.030277,1
Cough Persistent,SMHB00020,0.000844,0.00531,1
Respiratory Distress,SMHB00020,0.01552,0.043506,1
Pertussis,SMHB00020,0.007789,0.030277,1
Panic State,SMHB00024,None,None,None
Blanching Of Skin,SMHB00024,0.008222,0.031456,1
 Zoophaginae,SMHB00024,None,None,None
Hematuria,SMHB00024,None,None,None
 Anemic,SMHB00024,0.016379,0.044013,1
Virus,SMHB00024,None,None,None
Animal Virus,SMHB00024,None,None,None
Lethargy,SMHB00024,None,None,None
Anemia,SMHB00024,0.008222,0.031456,1
Thirst,SMHB00024,None,None,None
Carbuncle,SMHB00024,None,None,None
Blood Urine Present,SMHB00024,None,None,None
Musculoskeletal Pain,SMHB00024,None,None,None
Hemorrhage Postpartum,SMHB00024,None,None,None
Swelling,SMHB00024,None,None,None
Chills And Fever,SMHB00024,None,None,None
Chills And Fever,SMHB00024,None,None,None
Urine Rbc,SMHB00024,None,None,None
Fever,SMHB00024,None,None,None
Fever Symptoms,SMHB00024,0.032504,0.06074,1
"Nasal Obstruction, Unilateral",SMHB00027,None,None,None
Sharp Headache,SMHB00027,None,None,None
"Nasal Obstruction, Bilateral",SMHB00027,None,None,None
Erythrosis,SMHB00027,0.025963,0.053664,1
 Physical Suffering,SMHB00027,None,None,None
Vaginal Discharge White,SMHB00027,None,None,None
Catarrh,SMHB00027,None,None,None
"Headache, Periorbital",SMHB00027,None,None,None
Bilateral Headache,SMHB00027,None,None,None
Ocular Headache,SMHB00027,None,None,None
Toothache,SMHB00027,None,None,None
 Airway Obstruction Nasal,SMHB00027,None,None,None
Headache Throbbing,SMHB00027,None,None,None
Smarting Of Skin,SMHB00027,0.025963,0.053664,1
Hyperalgia,SMHB00027,None,None,None
Radiculopathy,SMHB00027,0.025963,0.053664,1
Orofacial Pains,SMHB00027,None,None,None
Rhinorrhea,SMHB00027,None,None,None
Skin Pain,SMHB00027,0.025963,0.053664,1
Nasal Congestion,SMHB00027,None,None,None
Orthostatic Headache,SMHB00027,None,None,None
Nerve Root Disorder,SMHB00027,0.025963,0.053664,1
Pain,SMHB00027,None,None,None
Burning Pain,SMHB00027,None,None,None
 Splitting Pain,SMHB00027,None,None,None
"Neuralgia, Sluder",SMHB00027,0.025963,0.053664,1
" Facial Pain, Neuralgic",SMHB00027,None,None,None
Cervical Radiculopathy,SMHB00027,0.025963,0.053664,1
Trigeminal Autonomic Cephalgia,SMHB00027,0.025963,0.053664,1
 Migratory Pain,SMHB00027,None,None,None
Nerve Root Pain,SMHB00027,0.025963,0.053664,1
Neuralgia Facial,SMHB00027,0.025963,0.053664,1
Skin Ulcer(S),SMHB00027,None,None,None
Swelling,SMHB00027,None,None,None
Coryza,SMHB00027,None,None,None
Ache,SMHB00027,None,None,None
 Generalised Headache,SMHB00027,None,None,None
Nose Pruritus,SMHB00027,0.025963,0.053664,1
"Avulsion, Nerve Root",SMHB00027,0.025963,0.053664,1
Lips Bleeding,SMHB00027,None,None,None
Pain Radiating,SMHB00027,None,None,None
Crushing Pain,SMHB00027,None,None,None
Vertex Headache,SMHB00027,None,None,None
"Headache, Retro-Ocular",SMHB00027,None,None,None
Common Cold,SMHB00027,None,None,None
Compression Nerve Root,SMHB00027,0.025963,0.053664,1
Face Pain,SMHB00027,None,None,None
Face Pain,SMHB00027,None,None,None
"Headache, Dull",SMHB00027,None,None,None
Craniofacial Pain,SMHB00027,None,None,None
Headache Unilateral,SMHB00027,None,None,None
Radiculitis,SMHB00027,0.025963,0.053664,1
Tenderness,SMHB00027,0.000663,0.00437,1
Acne Cystic,SMHB00027,None,None,None
Dysesthesia,SMHB00027,0.025963,0.053664,1
Myofacial Pain Syndrome,SMHB00027,0.025963,0.053664,1
Headache,SMHB00027,None,None,None
Myofacial Pain,SMHB00027,None,None,None
 Gustatory Rhinorrhea,SMHB00027,0.025963,0.053664,1
Abdomen Distention,SMHB00022,None,None,None
Cold Sweat,SMHB00022,0.026395,0.054197,1
Pulse Weakness,SMHB00022,0.013217,0.040393,1
Cough Productive,SMHB00022,None,None,None
"Sputums, Induced",SMHB00022,None,None,None
Developmental Delay,SMHB00022,0.026395,0.054197,1
Anasarca,SMHB00022,None,None,None
Liability To Disease,SMHB00022,0.026395,0.054197,1
Edema,SMHB00022,None,None,None
Diarrhea,SMHB00022,None,None,None
Labor Preterm,SMHB00022,None,None,None
Aplasia,SMHB00022,0.026395,0.054197,1
Tongue Disorder,SMHB00022,0.021899,0.049709,1
Pneumatosis,SMHB00022,0.026395,0.054197,1
Abortion,SMHB00022,0.026395,0.054197,1
Respiratory Abnormality,SMHB00022,None,None,None
Eating Disorder,SMHB00022,0.002022,0.01082,1
Malaise And Fatigue,SMHB00022,None,None,None
Cough,SMHB00022,None,None,None
 Stool Loose,SMHB00022,None,None,None
Lip Paresthesia,SMHB00022,0.026395,0.054197,1
Diarrhea Acute,SMHB00022,0.026395,0.054197,1
Premature Birth,SMHB00022,None,None,None
Sputum,SMHB00022,None,None,None
Anorexia,SMHB00022,0.006512,0.026736,1
Sweating,SMHB00022,None,None,None
Sweat,SMHB00022,None,None,None
Functional Bowel Disorder,SMHB00022,0.026395,0.054197,1
Diarrhea Watery,SMHB00022,0.026395,0.054197,1
 name Dilation,SMHB00022,None,None,None
Asthenia,SMHB00022,None,None,None
Loss Of Appetite,SMHB00022,0.026395,0.054197,1
Pregnancy Disorder,SMHB00022,None,None,None
Decreased Appetite,SMHB00022,None,None,None
Anal Sphincter Atony,SMHB00022,0.026395,0.054197,1
Heartbeats Increased,SMHB00022,0.026395,0.054197,1
Dyssomnia,SMHB00030,0.013802,0.040951,1
Insomnia,SMHB00030,None,None,None
Constipation,SMHB00030,None,None,None
 Overinclusion,SMHB00030,0.006923,0.027968,1
Angina Symptoms,SMHB00030,0.006923,0.027968,1
Night Sweat,SMHB00030,None,None,None
Subwakefullness Syndromes,SMHB00030,0.013802,0.040951,1
Palpitation(S),SMHB00030,None,None,None
Attention Disorders,SMHB00030,0.006923,0.027968,1
Boredom,SMHB00030,None,None,None
Tongue Discoloration,SMHB00030,None,None,None
 Long Sleeper Syndrome,SMHB00030,0.013802,0.040951,1
 Stool Loose,SMHB00030,None,None,None
 Sleep-Related Neurogenic Tachypnoea,SMHB00030,0.013802,0.040951,1
Short-Sleeper,SMHB00030,0.013802,0.040951,1
Sleep Disorder,SMHB00030,0.000268,0.002125,1
Defecation Pain,SMHB00030,None,None,None
Colonic Inertia,SMHB00030,None,None,None
Asthenia,SMHB00030,None,None,None
Tachypnea,SMHB00030,None,None,None
Poor Quality Sleep,SMHB00030,0.006923,0.027968,1
Acne,SMHB00030,None,None,None
Abdomen Distention,SMHB00009,None,None,None
Gastric Disorder,SMHB00009,0.049575,0.078983,1
Vomiting Neonatal,SMHB00009,0.025097,0.053152,1
Vaginal Discharge White,SMHB00009,0.011991,0.038774,1
Febrile Illness Acute,SMHB00009,None,None,None
Diarrhea,SMHB00009,None,None,None
Emesis,SMHB00009,0.000216,0.001792,1
"Diarrhea, Chronic",SMHB00009,0.001828,0.009974,1
 Stool Loose,SMHB00009,None,None,None
Diarrhea Acute,SMHB00009,0.025097,0.053152,1
Diarrhea Watery,SMHB00009,0.025097,0.053152,1
 name Dilation,SMHB00009,None,None,None
Aphagia,SMHB00009,0.025097,0.053152,1
Asthenia,SMHB00009,None,None,None
Loss Of Appetite,SMHB00009,0.025097,0.053152,1
Spleen Disorder,SMHB00009,0.049575,0.078983,1
Chest Symptom Heaviness,SMHB00009,None,None,None
Chest Symptom Heaviness,SMHB00009,None,None,None
Decreased Appetite,SMHB00009,None,None,None
Acute Vomiting,SMHB00009,0.025097,0.053152,1
Trichophytosis,SMHB00545,0.038457,0.067282,1
Scabies,SMHB00545,0.038457,0.067282,1
Tinea,SMHB00545,0.003286,0.015968,1
Behavior Disorder,SMHB00545,0.0258,0.053532,1
"Melena
",SMHB00545,0.000163,0.001407,1
Diarrhea,SMHB00545,0.04366,0.072788,1
Rectal Prolapse,SMHB00545,0.012981,0.039733,1
Tinea Corporis,SMHB00545,0.038457,0.067282,1
Otitis,SMHB00545,0.012981,0.039733,1
Sarcoptic Red Mange,SMHB00545,0.038457,0.067282,1
Skin Breakdown,SMHB00545,0.012981,0.039733,1
Mental Disorder,SMHB00545,0.0258,0.053532,1
Uterine Bleeding,SMHB00545,6.70E-05,0.000685,1
Hemorrhage Postpartum,SMHB00545,0.01163,0.038067,1
Anus,SMHB00545,0.0258,0.053532,1
Ear Drainage,SMHB00545,0.0258,0.053532,1
Epidermophytosis,SMHB00545,0.038457,0.067282,1
Hemorrhoid Bleeding,SMHB00545,0.038457,0.067282,1
Metrorrhagia,SMHB00545,0.000106,0.000989,1
Anal Canal Prolapse,SMHB00545,0.012981,0.039733,1
Diagnosis Psychiatric,SMHB00545,0.012981,0.039733,1
Menorrhagia,SMHB00545,0.003286,0.015968,1
Menometrorrhagia,SMHB00545,0.003286,0.015968,1
 Acute Suppurative Otitis Media In Diseases Classified Elsewhere,SMHB00545,0.0258,0.053532,1
Skin Decubitus Ulcer(S),SMHB00011,None,None,None
"Sputums, Induced",SMHB00011,None,None,None
Vaginal Discharge White,SMHB00011,None,None,None
Vagina,SMHB00011,0.029574,0.057571,1
Semiconsciousness,SMHB00011,None,None,None
Hyperalgia,SMHB00011,0.009952,0.034881,1
Nocturia,SMHB00011,0.009952,0.034881,1
Alteration In Level Of Consciousness,SMHB00011,None,None,None
Polyuria,SMHB00011,0.01981,0.04715,1
Vaginal Discharge,SMHB00011,None,None,None
Cough,SMHB00011,None,None,None
Bed-Wetting,SMHB00011,0.009952,0.034881,1
Depressed Level Of Consciousness,SMHB00011,None,None,None
Bronchial Asthma,SMHB00011,None,None,None
Consciousness Disorder,SMHB00011,None,None,None
Urination Frequency,SMHB00011,None,None,None
Sputum,SMHB00011,None,None,None
 Cough Increased,SMHB00011,0.009952,0.034881,1
Enuresis,SMHB00011,None,None,None
 Nocturia Aggravated,SMHB00011,0.009952,0.034881,1
Defecation Pain,SMHB00011,None,None,None
 Urinary Tract Pain,SMHB00011,None,None,None
Gonorrhea,SMHB00011,None,None,None
Sputum Purulent,SMHB00011,None,None,None
Bone Fracture,SMHB00012,0.003459,0.016608,1
Stroke,SMHB00012,None,None,None
Cough Productive,SMHB00012,None,None,None
Urologic Disease,SMHB00012,0.00173,0.00953,1
Tongue Disorder,SMHB00012,None,None,None
Respiratory Abnormality,SMHB00012,None,None,None
Malaise And Fatigue,SMHB00012,None,None,None
Cough,SMHB00012,None,None,None
 Stool Loose,SMHB00012,None,None,None
 Cva Nos Acute,SMHB00012,None,None,None
Thirst,SMHB00012,None,None,None
Asthenia,SMHB00012,None,None,None
Vaginal Bleeding,SMHB00012,None,None,None
Decreased Appetite,SMHB00012,None,None,None
Haemorrhage Ant Chamber Eye,SMHB00014,None,None,None
Hemorrhage,SMHB00014,None,None,None
Hemoptysis,SMHB00014,None,None,None
 Zoophaginae,SMHB00014,None,None,None
Hematemesis,SMHB00014,None,None,None
Eye Disorder,SMHB00014,None,None,None
Virus,SMHB00014,None,None,None
Animal Virus,SMHB00014,None,None,None
Contusion,SMHB00014,0.03417,0.062682,1
Bronchiectasis,SMHB00014,4.50E-05,0.000489,1
Chapped Skin,SMHB00014,None,None,None
Uterine Bleeding,SMHB00014,0.047529,0.077266,1
Skin Ulcer(S),SMHB00014,None,None,None
Swelling,SMHB00014,None,None,None
Lips Bleeding,SMHB00014,0.006923,0.027968,1
Vaginal Bleeding,SMHB00014,0.006923,0.027968,1
Gastric Ulcer Bleeding,SMHB00014,0.006923,0.027968,1
Multiple Sores On Skin,SMHB00014,0.047529,0.077266,1
Hemorrhage,SMHB00018,None,None,None
 Physical Suffering,SMHB00018,None,None,None
Catarrh,SMHB00018,None,None,None
Anasarca,SMHB00018,None,None,None
Hematemesis,SMHB00018,None,None,None
Edema,SMHB00018,None,None,None
Hyperalgia,SMHB00018,None,None,None
Jaundice,SMHB00018,None,None,None
Pain,SMHB00018,None,None,None
Blood Disorder,SMHB00018,None,None,None
Micturition Disorder,SMHB00018,None,None,None
Burning Pain,SMHB00018,None,None,None
 Splitting Pain,SMHB00018,None,None,None
Urethra Hemorrhage,SMHB00018,None,None,None
Thirst,SMHB00018,None,None,None
 Migratory Pain,SMHB00018,None,None,None
Coryza,SMHB00018,None,None,None
Ache,SMHB00018,None,None,None
Anus,SMHB00018,0.017237,0.045046,1
Polydipsia,SMHB00018,None,None,None
 Urinary Tract Pain,SMHB00018,None,None,None
Pain Radiating,SMHB00018,None,None,None
Crushing Pain,SMHB00018,None,None,None
Common Cold,SMHB00018,None,None,None
Abnormal Stools,SMHB00018,None,None,None
Alopecia,SMHB00019,None,None,None
Alopecia Cicatrisata,SMHB00019,None,None,None
Cough Productive,SMHB00019,None,None,None
"Sputums, Induced",SMHB00019,None,None,None
Anterior Cervical Pains,SMHB00019,None,None,None
Chest Pain,SMHB00019,None,None,None
"Cervical Pain, Posterior",SMHB00019,None,None,None
 Emotional Depression,SMHB00019,0.024473,0.052525,1
Cough,SMHB00019,None,None,None
Gasping,SMHB00019,None,None,None
Bronchial Asthma,SMHB00019,None,None,None
Sputum,SMHB00019,None,None,None
 Alopecia Hereditaria,SMHB00019,None,None,None
Chest Symptom Heaviness,SMHB00019,None,None,None
Chest Symptom Heaviness,SMHB00019,None,None,None
Neck Pain,SMHB00019,None,None,None
Cough Persistent,SMHB00019,0.000942,0.00579,1
Sputum Purulent,SMHB00019,None,None,None
Sharp Headache,SMHB00021,None,None,None
Cold Sweat,SMHB00021,0.041108,0.069718,1
Right Flank Pain,SMHB00021,None,None,None
Abdominal Tenderness,SMHB00021,0.041108,0.069718,1
Pulse Weakness,SMHB00021,0.030685,0.058607,1
 Physical Suffering,SMHB00021,None,None,None
Limb Anomaly Congenital,SMHB00021,0.041108,0.069718,1
Intermittant Vertigo,SMHB00021,None,None,None
Night Sweat,SMHB00021,None,None,None
"Headache, Periorbital",SMHB00021,None,None,None
Bilateral Headache,SMHB00021,None,None,None
Vertigo,SMHB00021,None,None,None
Polymenorrhea,SMHB00021,None,None,None
Pain Shoulder Neck,SMHB00021,None,None,None
Flank Pain,SMHB00021,None,None,None
Ocular Headache,SMHB00021,None,None,None
Vertigo Postural,SMHB00021,None,None,None
Renal Agenesis,SMHB00021,0.041108,0.069718,1
Tongue Edema,SMHB00021,0.041108,0.069718,1
Vertigo Central Origin,SMHB00021,None,None,None
Abdominal Pain,SMHB00021,None,None,None
Headache Throbbing,SMHB00021,None,None,None
Hyperalgia,SMHB00021,None,None,None
Radiculopathy,SMHB00021,0.041108,0.069718,1
Osteoarticular Pain,SMHB00021,None,None,None
Brain Stem Vertigo,SMHB00021,None,None,None
Labor Preterm,SMHB00021,0.041108,0.069718,1
Orthostatic Headache,SMHB00021,None,None,None
Tongue Disorder,SMHB00021,0.004721,0.021434,1
Nerve Root Disorder,SMHB00021,0.041108,0.069718,1
Pain,SMHB00021,None,None,None
Pneumatosis,SMHB00021,0.041108,0.069718,1
Abortion,SMHB00021,0.041108,0.069718,1
Menses Abnormal,SMHB00021,None,None,None
Anemia,SMHB00021,0.041108,0.069718,1
Tongue Discoloration,SMHB00021,0.049865,0.079263,1
Burning Pain,SMHB00021,None,None,None
Abnormal Menstrual Cycle,SMHB00021,0.041108,0.069718,1
 Splitting Pain,SMHB00021,None,None,None
Motion Sickness,SMHB00021,0.001673,0.009283,1
Lip Paresthesia,SMHB00021,0.041108,0.069718,1
Hair Dryness,SMHB00021,0.041108,0.069718,1
"Neuralgia, Sluder",SMHB00021,0.041108,0.069718,1
Cervical Radiculopathy,SMHB00021,0.041108,0.069718,1
 Essential Vertigo,SMHB00021,None,None,None
Trigeminal Autonomic Cephalgia,SMHB00021,0.041108,0.069718,1
Premature Birth,SMHB00021,0.041108,0.069718,1
Sweating,SMHB00021,None,None,None
Air Sickness,SMHB00021,0.001673,0.009283,1
 Migratory Pain,SMHB00021,None,None,None
Nerve Root Pain,SMHB00021,0.041108,0.069718,1
Sweat,SMHB00021,None,None,None
Oligomenorrhea,SMHB00021,0.009506,0.03422,1
Neuralgia Facial,SMHB00021,0.041108,0.069718,1
Functional Bowel Disorder,SMHB00021,0.041108,0.069718,1
Ache,SMHB00021,None,None,None
 Hypomenorrhea,SMHB00021,None,None,None
Vision Halo,SMHB00021,0.041108,0.069718,1
 Generalised Headache,SMHB00021,None,None,None
 Vertigo Paroxysmal,SMHB00021,None,None,None
Left Flank Pain,SMHB00021,None,None,None
"Avulsion, Nerve Root",SMHB00021,0.041108,0.069718,1
Sea Sickness,SMHB00021,0.001673,0.009283,1
Ocular Icterus,SMHB00021,0.041108,0.069718,1
Pain Radiating,SMHB00021,None,None,None
Crushing Pain,SMHB00021,None,None,None
Vertex Headache,SMHB00021,None,None,None
"Headache, Retro-Ocular",SMHB00021,None,None,None
Compression Nerve Root,SMHB00021,0.041108,0.069718,1
Retrograde Menstruation,SMHB00021,None,None,None
General Abdominal Pain-Symptom,SMHB00021,0.041108,0.069718,1
"Headache, Dull",SMHB00021,None,None,None
Headache Unilateral,SMHB00021,None,None,None
Radiculitis,SMHB00021,0.041108,0.069718,1
Constant Vertigo,SMHB00021,None,None,None
Myofacial Pain Syndrome,SMHB00021,0.041108,0.069718,1
Peripheral Vertigo,SMHB00021,None,None,None
Headache,SMHB00021,None,None,None
Vaginal Discharge White,SMHB00023,None,None,None
Genital Pruritus,SMHB00023,None,None,None
Vagina,SMHB00023,0.007772,0.030277,1
Tongue Discoloration,SMHB00023,0.023165,0.051423,1
 Stool Loose,SMHB00023,None,None,None
Dysentery,SMHB00023,None,None,None
Bloody Diarrhea,SMHB00023,0.005187,0.022802,1
Trichophytosis,SMHB00025,None,None,None
Tinea,SMHB00025,None,None,None
German Measles,SMHB00025,0.044655,0.074068,1
Jaundice,SMHB00025,None,None,None
Tinea Corporis,SMHB00025,None,None,None
Discoloration Urine,SMHB00025,2.20E-05,0.000275,0.548661
Discoloration Urine,SMHB00025,2.20E-05,0.000275,0.548661
Skin Breakdown,SMHB00025,0.009087,0.033209,1
Eczema,SMHB00025,None,None,None
Skin Ulcer(S),SMHB00025,None,None,None
Epidermophytosis,SMHB00025,None,None,None
Urine Abnormality,SMHB00025,None,None,None
Blotchy Rash,SMHB00025,0.009087,0.033209,1
Urine Rbc,SMHB00025,0.035878,0.064462,1
Pus Drainage,SMHB00025,0.018095,0.046235,1
Scabies,SMHB00025,0.035878,0.064462,1
Pharyngolaryngitis,SMHB00026,0.036025,0.064516,1
Larynx,SMHB00026,0.003115,0.015259,1
Laryngopharyngeal Dysaesthesia,SMHB00026,0.000108,0.001002,1
Abdominal Tenderness,SMHB00026,0.018174,0.046235,1
Localized; Swelling,SMHB00026,0.004619,0.021053,1
 Physical Suffering,SMHB00026,0.000189,0.001601,1
Laryngeal Pain,SMHB00026,0.018174,0.046235,1
Laryngeal Edema,SMHB00026,0.018174,0.046235,1
Smarting Of Skin,SMHB00026,0.018174,0.046235,1
Hematoma,SMHB00026,0.036025,0.064516,1
Skin Pain,SMHB00026,0.018174,0.046235,1
Pain,SMHB00026,0.00037,0.002762,1
Contusion,SMHB00026,None,None,None
Bronchiectasis,SMHB00026,0.000323,0.002474,1
Burning Pain,SMHB00026,0.000189,0.001601,1
 Splitting Pain,SMHB00026,0.000189,0.001601,1
Skin Swelling,SMHB00026,0.036025,0.064516,1
Thirst,SMHB00026,None,None,None
 Migratory Pain,SMHB00026,0.000189,0.001601,1
Musculoskeletal Pain,SMHB00026,0.036025,0.064516,1
Ache,SMHB00026,None,None,None
Pharynx Disease,SMHB00026,0.036025,0.064516,1
Tonsillitis,SMHB00026,0.036025,0.064516,1
Asthenia,SMHB00026,None,None,None
 Stomach Discomfort,SMHB00026,None,None,None
Throat Tightness,SMHB00026,3.00E-06,5.10E-05,0.078729
Lips Bleeding,SMHB00026,0.018174,0.046235,1
Pain Radiating,SMHB00026,0.000189,0.001601,1
Crushing Pain,SMHB00026,0.000189,0.001601,1
Vaginal Bleeding,SMHB00026,0.018174,0.046235,1
Pharyngolaryngeal Pain,SMHB00026,0.000186,0.001576,1
Edema Pharynx,SMHB00026,0.000957,0.005866,1
General Abdominal Pain-Symptom,SMHB00026,0.018174,0.046235,1
Gastric Ulcer Bleeding,SMHB00026,0.018174,0.046235,1
Abdomen Distention,SMHB00004,None,None,None
Right Flank Pain,SMHB00004,None,None,None
Abdominal Tenderness,SMHB00004,0.013414,0.040487,1
 Physical Suffering,SMHB00004,None,None,None
Gastric Disorder,SMHB00004,0.026654,0.054547,1
Vomiting Neonatal,SMHB00004,0.013414,0.040487,1
Mechanical Low Back Pain,SMHB00004,None,None,None
Flank Pain,SMHB00004,None,None,None
 Recurrent Low Back Pain,SMHB00004,None,None,None
Abdominal Pain,SMHB00004,None,None,None
Hyperalgia,SMHB00004,None,None,None
Numbness Localized,SMHB00004,None,None,None
Emesis,SMHB00004,None,None,None
Pain,SMHB00004,None,None,None
Burning Pain,SMHB00004,None,None,None
 Splitting Pain,SMHB00004,None,None,None
Abdomen Discomfort,SMHB00004,None,None,None
Enterocele,SMHB00004,None,None,None
Loin Pain,SMHB00004,None,None,None
Postural Low Back Pain,SMHB00004,None,None,None
 Migratory Pain,SMHB00004,None,None,None
Hernia,SMHB00004,None,None,None
Ache,SMHB00004,None,None,None
Left Flank Pain,SMHB00004,None,None,None
Gagging,SMHB00004,None,None,None
Pain Radiating,SMHB00004,None,None,None
Crushing Pain,SMHB00004,None,None,None
Posterior Compartment Low Back Pain,SMHB00004,None,None,None
General Abdominal Pain-Symptom,SMHB00004,0.013414,0.040487,1
Pharyngolaryngitis,SMHB00033,None,None,None
Blanching Of Skin,SMHB00033,0.015578,0.043506,1
 Physical Suffering,SMHB00033,None,None,None
Sleep Difficult,SMHB00033,None,None,None
Parotid Enlargement,SMHB00033,0.000236,0.001923,1
Cyst,SMHB00033,None,None,None
Laryngeal Edema,SMHB00033,None,None,None
Erysipelas,SMHB00033,None,None,None
Hyperalgia,SMHB00033,None,None,None
Communicable Disease,SMHB00033,None,None,None
Annular Erythema,SMHB00033,0.015578,0.043506,1
Pain,SMHB00033,None,None,None
 Skin Scaly,SMHB00033,0.030919,0.058607,1
Burning Pain,SMHB00033,None,None,None
 Splitting Pain,SMHB00033,None,None,None
 Anal Discomforts,SMHB00033,None,None,None
Mumps,SMHB00033,None,None,None
Macula,SMHB00033,None,None,None
 Migratory Pain,SMHB00033,None,None,None
Carbuncle,SMHB00033,None,None,None
Swelling,SMHB00033,None,None,None
Ache,SMHB00033,None,None,None
 Parotid Disease,SMHB00033,0.015578,0.043506,1
Throat Tightness,SMHB00033,None,None,None
Throat Dry,SMHB00033,None,None,None
Pain Radiating,SMHB00033,None,None,None
Crushing Pain,SMHB00033,None,None,None
" Disease Of Vocal Cords, Nos",SMHB00033,1.40E-05,0.000183,0.340918
Pharyngolaryngeal Pain,SMHB00033,None,None,None
Earache,SMHB00033,0.015578,0.043506,1
Chills And Fever,SMHB00033,None,None,None
Chills And Fever,SMHB00033,None,None,None
Heartburn,SMHB00033,None,None,None
Abnormal Stools,SMHB00033,None,None,None
Fever,SMHB00033,None,None,None
Plague,SMHB00033,0.046028,0.075628,1
Ulceration,SMHB00033,0.015578,0.043506,1
Abdomen Distention,SMHB00035,None,None,None
Deglutitional Syncope,SMHB00035,None,None,None
Sharp Headache,SMHB00035,None,None,None
 Physical Suffering,SMHB00035,None,None,None
Cough Productive,SMHB00035,None,None,None
Presyncope,SMHB00035,None,None,None
Vomiting Neonatal,SMHB00035,0.040242,0.068883,1
"Sputums, Induced",SMHB00035,None,None,None
Intermittant Vertigo,SMHB00035,None,None,None
"Headache, Periorbital",SMHB00035,None,None,None
Sleep Difficult,SMHB00035,0.040242,0.068883,1
Bilateral Headache,SMHB00035,None,None,None
Vertigo,SMHB00035,None,None,None
Auditory Dysesthesia,SMHB00035,0.040242,0.068883,1
Ocular Headache,SMHB00035,None,None,None
Vertigo Postural,SMHB00035,None,None,None
Stokes-Adams Syncope,SMHB00035,None,None,None
Tongue Edema,SMHB00035,0.040242,0.068883,1
Vertigo Central Origin,SMHB00035,None,None,None
Neurotic Depression,SMHB00035,None,None,None
Irritability,SMHB00035,None,None,None
Headache Throbbing,SMHB00035,None,None,None
Syncope Cough,SMHB00035,None,None,None
Hyperventilation Syncope,SMHB00035,None,None,None
Hyperalgia,SMHB00035,None,None,None
Radiculopathy,SMHB00035,0.040242,0.068883,1
 Melancholia,SMHB00035,None,None,None
Brain Stem Vertigo,SMHB00035,None,None,None
Syncope Exertional,SMHB00035,None,None,None
Orthostatic Headache,SMHB00035,None,None,None
Distorted Hearing,SMHB00035,0.040242,0.068883,1
Induration Of Breast,SMHB00035,None,None,None
Syncope Cardiac,SMHB00035,None,None,None
Emesis,SMHB00035,None,None,None
Nerve Root Disorder,SMHB00035,0.040242,0.068883,1
Pain,SMHB00035,None,None,None
Pneumatosis,SMHB00035,0.040242,0.068883,1
 Emotional Depression,SMHB00035,None,None,None
Cough,SMHB00035,None,None,None
Burning Pain,SMHB00035,None,None,None
Nausea,SMHB00035,None,None,None
 Splitting Pain,SMHB00035,None,None,None
Motion Sickness,SMHB00035,0.001603,0.008956,1
Syncope Postural,SMHB00035,None,None,None
"Neuralgia, Sluder",SMHB00035,0.040242,0.068883,1
Bronchial Asthma,SMHB00035,None,None,None
Cervical Radiculopathy,SMHB00035,0.040242,0.068883,1
Syncopal Vertigo,SMHB00035,None,None,None
 Essential Vertigo,SMHB00035,None,None,None
Trigeminal Autonomic Cephalgia,SMHB00035,0.040242,0.068883,1
Sputum,SMHB00035,None,None,None
Air Sickness,SMHB00035,0.001603,0.008956,1
Depressive Neurosis,SMHB00035,None,None,None
 Migratory Pain,SMHB00035,None,None,None
Carbuncle,SMHB00035,None,None,None
Chest Symptom Discomfort,SMHB00035,0.043787,0.072922,1
Convulsive Syncope,SMHB00035,None,None,None
Nerve Root Pain,SMHB00035,0.040242,0.068883,1
 Cough Increased,SMHB00035,0.040242,0.068883,1
Neuralgia Facial,SMHB00035,0.040242,0.068883,1
Carotid Sinus Syncope,SMHB00035,None,None,None
Ache,SMHB00035,None,None,None
Syncope Micturition,SMHB00035,None,None,None
Vision Halo,SMHB00035,0.040242,0.068883,1
 Generalised Headache,SMHB00035,None,None,None
Asthenia,SMHB00035,None,None,None
 Stomach Discomfort,SMHB00035,None,None,None
Paracusia,SMHB00035,0.040242,0.068883,1
 Vertigo Paroxysmal,SMHB00035,None,None,None
Major Depression,SMHB00035,None,None,None
"Avulsion, Nerve Root",SMHB00035,0.040242,0.068883,1
Hearing Disorder,SMHB00035,0.040242,0.068883,1
Sea Sickness,SMHB00035,0.001603,0.008956,1
 Depressive Syndrome,SMHB00035,None,None,None
Syncopal Episode,SMHB00035,None,None,None
Ocular Icterus,SMHB00035,0.040242,0.068883,1
Syncope,SMHB00035,None,None,None
Gagging,SMHB00035,None,None,None
Pain Radiating,SMHB00035,None,None,None
Situational Syncope,SMHB00035,None,None,None
Crushing Pain,SMHB00035,None,None,None
Vertex Headache,SMHB00035,None,None,None
"Headache, Retro-Ocular",SMHB00035,None,None,None
Compression Nerve Root,SMHB00035,0.040242,0.068883,1
Endogenous Depression,SMHB00035,None,None,None
Unipolar Depression,SMHB00035,None,None,None
Chest Symptom Heaviness,SMHB00035,None,None,None
Chest Symptom Heaviness,SMHB00035,None,None,None
Asthma Attack,SMHB00035,0.040242,0.068883,1
"Headache, Dull",SMHB00035,None,None,None
Cough Persistent,SMHB00035,0.021623,0.049159,1
Lower Extremity Paresthesia,SMHB00035,None,None,None
Headache Unilateral,SMHB00035,None,None,None
Heartburn,SMHB00035,0.001603,0.008956,1
Radiculitis,SMHB00035,0.040242,0.068883,1
Constant Vertigo,SMHB00035,None,None,None
Depression,SMHB00035,None,None,None
Myofacial Pain Syndrome,SMHB00035,0.040242,0.068883,1
Peripheral Vertigo,SMHB00035,None,None,None
Headache,SMHB00035,None,None,None
Sputum Purulent,SMHB00035,None,None,None
Heartbeats Increased,SMHB00035,0.040242,0.068883,1
Abdomen Distention,SMHB00034,None,None,None
Scabies,SMHB00034,None,None,None
Anasarca,SMHB00034,None,None,None
Edema,SMHB00034,None,None,None
Bite Wound Insect,SMHB00034,0.006491,0.026685,1
Sarcoidosis,SMHB00034,None,None,None
Dermatosis Of Scalp,SMHB00034,0.012942,0.039733,1
Jaundice,SMHB00034,None,None,None
Contusion,SMHB00034,0.032062,0.060278,1
Motion Sickness,SMHB00034,None,None,None
Sarcoptic Red Mange,SMHB00034,None,None,None
Skin Breakdown,SMHB00034,0.006491,0.026685,1
Air Sickness,SMHB00034,None,None,None
Carbuncle,SMHB00034,None,None,None
Eczema,SMHB00034,None,None,None
Skin Ulcer(S),SMHB00034,None,None,None
Snake Venom Causing Toxic Effect,SMHB00034,None,None,None
Sea Sickness,SMHB00034,None,None,None
Neoplastic Growth,SMHB00032,None,None,None
Scabies,SMHB00032,None,None,None
Cyst,SMHB00032,0.029951,0.05795,1
Amenorrhea,SMHB00032,0.018072,0.046235,1
Tinea,SMHB00032,0.041696,0.070592,1
Comedome,SMHB00032,None,None,None
"Amenorrhea, Postpartum",SMHB00032,0.018072,0.046235,1
 Skin Scaly,SMHB00032,0.012082,0.038774,1
Petechiae Oral Mucosa,SMHB00032,None,None,None
Sarcoptic Red Mange,SMHB00032,None,None,None
Carbuncle,SMHB00032,None,None,None
Skin Ulcer(S),SMHB00032,None,None,None
Neoplasm Benign Nos,SMHB00032,0.006058,0.025431,1
Abdomen Tumor,SMHB00032,0.012082,0.038774,1
Menopause,SMHB00032,None,None,None
Ecchymoses,SMHB00032,None,None,None
Urine Rbc,SMHB00032,None,None,None
King Evil,SMHB00032,None,None,None
Extremity Necrosis,SMHB00032,0.006058,0.025431,1
Warts,SMHB00032,0.012082,0.038774,1
Abdomen Distention,SMHB00036,None,None,None
Pharyngolaryngitis,SMHB00036,None,None,None
Larynx,SMHB00036,0.002553,0.013057,1
Laryngopharyngeal Dysaesthesia,SMHB00036,7.90E-05,0.000787,1
Localized; Swelling,SMHB00036,0.003789,0.017862,1
 Physical Suffering,SMHB00036,None,None,None
Laryngeal Pain,SMHB00036,0.016443,0.044013,1
 Zoophaginae,SMHB00036,None,None,None
Cyst,SMHB00036,None,None,None
Anasarca,SMHB00036,None,None,None
Laryngeal Edema,SMHB00036,None,None,None
Caustic Injury,SMHB00036,0.048543,0.078022,1
Smarting Of Skin,SMHB00036,0.016443,0.044013,1
Edema,SMHB00036,None,None,None
Hematoma,SMHB00036,0.032623,0.06074,1
Hyperalgia,SMHB00036,None,None,None
Skin Pain,SMHB00036,0.016443,0.044013,1
Virus,SMHB00036,None,None,None
Animal Virus,SMHB00036,None,None,None
Bite Wound Insect,SMHB00036,0.016443,0.044013,1
Jaundice,SMHB00036,None,None,None
Pain,SMHB00036,None,None,None
Burning Pain,SMHB00036,None,None,None
 Splitting Pain,SMHB00036,None,None,None
Skin Swelling,SMHB00036,0.032623,0.06074,1
Injuries Wounds,SMHB00036,None,None,None
 Migratory Pain,SMHB00036,None,None,None
Speech Disorder,SMHB00036,0.016443,0.044013,1
Skin Ulcer(S),SMHB00036,None,None,None
Swelling,SMHB00036,None,None,None
Ache,SMHB00036,None,None,None
Pharynx Disease,SMHB00036,0.032623,0.06074,1
Tonsillitis,SMHB00036,0.032623,0.06074,1
 name Dilation,SMHB00036,None,None,None
Throat Tightness,SMHB00036,2.00E-06,3.50E-05,0.052139
Snake Venom Causing Toxic Effect,SMHB00036,None,None,None
Pain Radiating,SMHB00036,None,None,None
Crushing Pain,SMHB00036,None,None,None
Pharyngolaryngeal Pain,SMHB00036,None,None,None
Smarting,SMHB00036,None,None,None
Edema Pharynx,SMHB00036,0.000782,0.004971,1
Cough Productive,SMHB00694,0.009855,0.034881,1
"Sputums, Induced",SMHB00694,0.031216,0.059142,1
Dyspnea,SMHB00694,0.018095,0.046235,1
Hyperalgia,SMHB00694,0.009087,0.033209,1
Cough,SMHB00694,0,5.00E-06,0.006091
Gasping,SMHB00694,0.027026,0.054805,1
Bronchial Asthma,SMHB00694,0.000275,0.002169,1
Sputum,SMHB00694,0.031216,0.059142,1
 Cough Increased,SMHB00694,0.009087,0.033209,1
Asthma Attack,SMHB00694,0.009087,0.033209,1
Cough Persistent,SMHB00694,0.001154,0.006804,1
Respiratory Distress,SMHB00694,0.018095,0.046235,1
 Physical Suffering,SMHB00008,None,None,None
Vaginal Discharge White,SMHB00008,None,None,None
Rheumatism,SMHB00008,None,None,None
Dysuria,SMHB00008,None,None,None
Vagina,SMHB00008,None,None,None
Muscle Weakness,SMHB00008,0.022326,0.050405,1
Hyperalgia,SMHB00008,None,None,None
Dermatosis Of Scalp,SMHB00008,0.011221,0.037373,1
Pain,SMHB00008,None,None,None
Arthritic Pains,SMHB00008,None,None,None
Burning Pain,SMHB00008,None,None,None
 Splitting Pain,SMHB00008,None,None,None
 Migratory Pain,SMHB00008,None,None,None
Carbuncle,SMHB00008,None,None,None
Musculoskeletal Pain,SMHB00008,0.011221,0.037373,1
Ache,SMHB00008,None,None,None
Pain Radiating,SMHB00008,None,None,None
Crushing Pain,SMHB00008,None,None,None
Pharyngolaryngitis,SMHB00038,None,None,None
Larynx,SMHB00038,0.001591,0.008898,1
Laryngopharyngeal Dysaesthesia,SMHB00038,None,None,None
Localized; Swelling,SMHB00038,0.002367,0.012274,1
 Physical Suffering,SMHB00038,None,None,None
Laryngeal Pain,SMHB00038,0.012981,0.039733,1
Rheumatism,SMHB00038,None,None,None
Cyst,SMHB00038,None,None,None
Laryngeal Edema,SMHB00038,None,None,None
Smarting Of Skin,SMHB00038,0.012981,0.039733,1
Hematoma,SMHB00038,0.0258,0.053532,1
Hyperalgia,SMHB00038,None,None,None
Diarrhea,SMHB00038,None,None,None
Skin Pain,SMHB00038,0.012981,0.039733,1
Pain,SMHB00038,None,None,None
Chest Mass,SMHB00038,None,None,None
Arthritic Pains,SMHB00038,None,None,None
Burning Pain,SMHB00038,None,None,None
 Splitting Pain,SMHB00038,None,None,None
Skin Swelling,SMHB00038,0.0258,0.053532,1
 Migratory Pain,SMHB00038,None,None,None
Musculoskeletal Pain,SMHB00038,0.0258,0.053532,1
Swelling,SMHB00038,None,None,None
Ache,SMHB00038,None,None,None
Pharynx Disease,SMHB00038,0.0258,0.053532,1
Tonsillitis,SMHB00038,0.0258,0.053532,1
Throat Tightness,SMHB00038,1.00E-06,1.50E-05,0.019521
Dysentery,SMHB00038,None,None,None
Pain Radiating,SMHB00038,None,None,None
Crushing Pain,SMHB00038,None,None,None
Pharyngolaryngeal Pain,SMHB00038,None,None,None
Edema Pharynx,SMHB00038,0.000485,0.003417,1
Atrophy,SMHB00038,None,None,None
Abnormal Stools,SMHB00038,None,None,None
Abdomen Distention,SMHB00039,None,None,None
Haemorrhage Ant Chamber Eye,SMHB00039,None,None,None
Neoplastic Growth,SMHB00039,None,None,None
Hemorrhage,SMHB00039,None,None,None
Abdominal Tenderness,SMHB00039,0.025097,0.053152,1
 Physical Suffering,SMHB00039,None,None,None
Vaginal Discharge White,SMHB00039,0.011991,0.038774,1
Polymenorrhea,SMHB00039,None,None,None
Hematuria,SMHB00039,None,None,None
Soft Tissue Injury,SMHB00039,0.000619,0.004146,1
Anasarca,SMHB00039,None,None,None
Caustic Injury,SMHB00039,None,None,None
Edema,SMHB00039,None,None,None
Hyperalgia,SMHB00039,None,None,None
Diarrhea,SMHB00039,None,None,None
Jaundice,SMHB00039,0.000769,0.004954,1
Pain,SMHB00039,None,None,None
Menses Abnormal,SMHB00039,None,None,None
Buerger Disease,SMHB00039,0.025097,0.053152,1
Bronchiectasis,SMHB00039,0.000619,0.004146,1
Burning Pain,SMHB00039,None,None,None
Abnormal Menstrual Cycle,SMHB00039,0.025097,0.053152,1
 Splitting Pain,SMHB00039,None,None,None
Postpartum Disorder,SMHB00039,None,None,None
 Migratory Pain,SMHB00039,None,None,None
Blood Urine Present,SMHB00039,None,None,None
Oligomenorrhea,SMHB00039,0.003597,0.017132,1
Ache,SMHB00039,None,None,None
 Hypomenorrhea,SMHB00039,None,None,None
Enuresis,SMHB00039,None,None,None
Neoplasm Benign Nos,SMHB00039,0.025097,0.053152,1
Foreign Body,SMHB00039,0.003597,0.017132,1
 name Dilation,SMHB00039,None,None,None
Asthenia,SMHB00039,None,None,None
Lips Bleeding,SMHB00039,0.025097,0.053152,1
Abdomen Tumor,SMHB00039,0.049575,0.078983,1
Pain Radiating,SMHB00039,None,None,None
Crushing Pain,SMHB00039,None,None,None
Vaginal Bleeding,SMHB00039,0.025097,0.053152,1
Menopause,SMHB00039,None,None,None
Retrograde Menstruation,SMHB00039,None,None,None
Urine Rbc,SMHB00039,None,None,None
General Abdominal Pain-Symptom,SMHB00039,0.025097,0.053152,1
Gastric Ulcer Bleeding,SMHB00039,0.025097,0.053152,1
Bloody Diarrhea,SMHB00039,0.049575,0.078983,1
Yin Deficiency,SMHB00040,None,None,None
Pneumonia,SMHB00040,None,None,None
Right Flank Pain,SMHB00040,None,None,None
Cough Productive,SMHB00040,None,None,None
"Sputums, Induced",SMHB00040,None,None,None
Flank Pain,SMHB00040,None,None,None
Epistaxis,SMHB00040,0.016379,0.044013,1
Behavior Drinking,SMHB00040,0.016379,0.044013,1
Chest Pain,SMHB00040,None,None,None
Cough,SMHB00040,None,None,None
Pneumonia Lobar,SMHB00040,None,None,None
Sputum,SMHB00040,None,None,None
Thirst,SMHB00040,None,None,None
Defecation Pain,SMHB00040,None,None,None
Left Flank Pain,SMHB00040,None,None,None
Throat Dry,SMHB00040,None,None,None
Experimental Lung Inflammation,SMHB00040,None,None,None
Erythematous Condition,SMHB00040,0.016379,0.044013,1
Blanching Of Skin,SMHB00046,0.00476,0.021453,1
Laryngopharyngeal Dysaesthesia,SMHB00046,None,None,None
Injury,SMHB00046,0.042104,0.071024,1
Heat Stroke,SMHB00046,0.028252,0.05602,1
Injury Of Muscle,SMHB00046,None,None,None
Vagina,SMHB00046,0.014218,0.041556,1
Hyperpyrexia,SMHB00046,0.042104,0.071024,1
Vaginal Discharge,SMHB00046,0.014218,0.041556,1
Micturition Disorder,SMHB00046,None,None,None
"Diarrhea, Chronic",SMHB00046,0.014218,0.041556,1
Diarrhea Acute,SMHB00046,0.00476,0.021453,1
Chest Symptom Discomfort,SMHB00046,None,None,None
Diarrhea Watery,SMHB00046,0.00476,0.021453,1
Neck Stiffness,SMHB00046,None,None,None
Dyslipidemia,SMHB00046,None,None,None
Hyperchlorhydria,SMHB00046,None,None,None
Blepharitis,SMHB00046,None,None,None
Chills And Fever,SMHB00046,0.001817,0.009924,1
Chills And Fever,SMHB00046,0.001817,0.009924,1
Dyslipoproteinemia,SMHB00046,None,None,None
Oral Ulcer,SMHB00046,None,None,None
Fever,SMHB00046,4.30E-05,0.000476,1
Abdomen Distention,SMHB00045,None,None,None
Abdominal Tenderness,SMHB00045,0.010818,0.036554,1
 Physical Suffering,SMHB00045,None,None,None
Vaginal Discharge White,SMHB00045,None,None,None
Genital Pruritus,SMHB00045,None,None,None
Abdominal Pain,SMHB00045,None,None,None
Vagina,SMHB00045,0.032117,0.060278,1
Hyperalgia,SMHB00045,None,None,None
"Skin Diseases, Eczematous",SMHB00045,None,None,None
Skin Laceration,SMHB00045,0.010818,0.036554,1
Pain,SMHB00045,None,None,None
Micturition Disorder,SMHB00045,None,None,None
Burning Pain,SMHB00045,None,None,None
 Splitting Pain,SMHB00045,None,None,None
Discoloration Urine,SMHB00045,0.002283,0.011914,1
Discoloration Urine,SMHB00045,0.002283,0.011914,1
Skin Breakdown,SMHB00045,0.010818,0.036554,1
 Migratory Pain,SMHB00045,None,None,None
Eczema,SMHB00045,None,None,None
Stomach Cramps,SMHB00045,None,None,None
Ache,SMHB00045,None,None,None
 Urinary Tract Pain,SMHB00045,1.10E-05,0.000152,0.273571
Lips Bleeding,SMHB00045,None,None,None
Pain Radiating,SMHB00045,None,None,None
Crushing Pain,SMHB00045,None,None,None
Arthropathy,SMHB00045,None,None,None
General Abdominal Pain-Symptom,SMHB00045,0.010818,0.036554,1
Abdomen Distention,SMHB00042,None,None,None
Sharp Headache,SMHB00042,None,None,None
Abdominal Tenderness,SMHB00042,0.021203,0.04873,1
 Physical Suffering,SMHB00042,None,None,None
Gastric Disorder,SMHB00042,0.041965,0.070815,1
Vomiting Neonatal,SMHB00042,0.021203,0.04873,1
Heaviness Of Head,SMHB00042,0.041965,0.070815,1
"Headache, Periorbital",SMHB00042,None,None,None
Bilateral Headache,SMHB00042,None,None,None
Ocular Headache,SMHB00042,None,None,None
Toothache,SMHB00042,None,None,None
Epigastric Pain,SMHB00042,None,None,None
Headache Throbbing,SMHB00042,None,None,None
Chest Pain,SMHB00042,None,None,None
Hyperalgia,SMHB00042,None,None,None
Radiculopathy,SMHB00042,0.021203,0.04873,1
Diarrhea,SMHB00042,None,None,None
Orthostatic Headache,SMHB00042,None,None,None
Emesis,SMHB00042,None,None,None
Crescendo Angina,SMHB00042,None,None,None
Nerve Root Disorder,SMHB00042,0.021203,0.04873,1
Pain,SMHB00042,None,None,None
Chest Mass,SMHB00042,None,None,None
Burning Pain,SMHB00042,None,None,None
 Splitting Pain,SMHB00042,None,None,None
Abdomen Discomfort,SMHB00042,None,None,None
"Neuralgia, Sluder",SMHB00042,0.021203,0.04873,1
Cervical Radiculopathy,SMHB00042,0.021203,0.04873,1
 Venomous Bite,SMHB00042,None,None,None
Diarrhea Acute,SMHB00042,0.021203,0.04873,1
Angina Pectoris,SMHB00042,None,None,None
Trigeminal Autonomic Cephalgia,SMHB00042,0.021203,0.04873,1
 Migratory Pain,SMHB00042,None,None,None
Nerve Root Pain,SMHB00042,0.021203,0.04873,1
Neuralgia Facial,SMHB00042,0.021203,0.04873,1
Diarrhea Watery,SMHB00042,0.021203,0.04873,1
Ache,SMHB00042,None,None,None
 Generalised Headache,SMHB00042,None,None,None
"Avulsion, Nerve Root",SMHB00042,0.021203,0.04873,1
Pain Precordial,SMHB00042,9.00E-06,0.000127,0.22231
Gagging,SMHB00042,None,None,None
Pain Radiating,SMHB00042,None,None,None
Crushing Pain,SMHB00042,None,None,None
Vertex Headache,SMHB00042,None,None,None
"Headache, Retro-Ocular",SMHB00042,None,None,None
Compression Nerve Root,SMHB00042,0.021203,0.04873,1
General Abdominal Pain-Symptom,SMHB00042,0.021203,0.04873,1
"Headache, Dull",SMHB00042,None,None,None
Headache Unilateral,SMHB00042,None,None,None
Radiculitis,SMHB00042,0.021203,0.04873,1
Tenderness,SMHB00042,0.041965,0.070815,1
Myofacial Pain Syndrome,SMHB00042,0.021203,0.04873,1
Headache,SMHB00042,None,None,None
Abdomen Distention,SMHB00043,None,None,None
Abdominal Tenderness,SMHB00043,0.007789,0.030277,1
 Physical Suffering,SMHB00043,None,None,None
Abdominal Pain,SMHB00043,None,None,None
Hyperalgia,SMHB00043,None,None,None
Emesis,SMHB00043,None,None,None
Pain,SMHB00043,None,None,None
Burning Pain,SMHB00043,None,None,None
 Splitting Pain,SMHB00043,None,None,None
Hiccups,SMHB00043,None,None,None
Abdomen Discomfort,SMHB00043,None,None,None
Enterocele,SMHB00043,None,None,None
 Migratory Pain,SMHB00043,None,None,None
Hernia,SMHB00043,None,None,None
Ache,SMHB00043,None,None,None
Gagging,SMHB00043,None,None,None
Pain Radiating,SMHB00043,None,None,None
Crushing Pain,SMHB00043,None,None,None
Urine Abnormality,SMHB00043,None,None,None
General Abdominal Pain-Symptom,SMHB00043,0.007789,0.030277,1
Blanching Of Skin,SMHB00701,0.011251,0.037373,1
Neoplastic Growth,SMHB00701,0.044277,0.073628,1
Amenorrhea,SMHB00701,0.033388,0.061682,1
Irritability,SMHB00701,0.033388,0.061682,1
"Amenorrhea, Postpartum",SMHB00701,0.033388,0.061682,1
 Orthostasis,SMHB00701,0,4.00E-06,0.004618
Lightheadedness,SMHB00701,0,0,0.000163
Cramp In Limb,SMHB00701,0.044277,0.073628,1
Dizziness,SMHB00701,0,9.00E-06,0.010694
Athetosis,SMHB00701,0.011251,0.037373,1
Neoplasm Benign Nos,SMHB00701,0.011251,0.037373,1
Abdomen Tumor,SMHB00701,0.022379,0.050405,1
Menopause,SMHB00701,0.00072,0.004685,1
Chills And Fever,SMHB00701,0.000424,0.003072,1
Chills And Fever,SMHB00701,0.000424,0.003072,1
Fever,SMHB00701,0,1.00E-05,0.011975
Fever Symptoms,SMHB00701,0.044277,0.073628,1
Malaria,SMHB00701,0.022379,0.050405,1
Larynx,SMHB00044,None,None,None
Erythrosis,SMHB00044,0.006923,0.027968,1
Constipation,SMHB00044,3.20E-05,0.00037,0.787175
Localized; Swelling,SMHB00044,0.040872,0.069693,1
 Zoophaginae,SMHB00044,None,None,None
Virus,SMHB00044,None,None,None
Animal Virus,SMHB00044,None,None,None
Aplasia,SMHB00044,None,None,None
Tongue Discoloration,SMHB00044,None,None,None
Carbuncle,SMHB00044,None,None,None
Skin Ulcer(S),SMHB00044,None,None,None
Swelling,SMHB00044,None,None,None
Change In Bowel Habits,SMHB00044,0.013802,0.040951,1
Defecation Pain,SMHB00044,2.00E-06,3.40E-05,0.049621
Colonic Inertia,SMHB00044,1.50E-05,0.000197,0.370473
Stridor,SMHB00044,None,None,None
King Evil,SMHB00044,None,None,None
Abnormal Stools,SMHB00044,None,None,None
Abdomen Distention,SMHB00047,None,None,None
Right Flank Pain,SMHB00047,None,None,None
Abdominal Tenderness,SMHB00047,0.016443,0.044013,1
Stroke,SMHB00047,None,None,None
Constipation,SMHB00047,None,None,None
 Physical Suffering,SMHB00047,None,None,None
"Sputums, Induced",SMHB00047,None,None,None
Flank Pain,SMHB00047,None,None,None
Anasarca,SMHB00047,None,None,None
Biliary And Gallbladder Disorder,SMHB00047,0.016443,0.044013,1
Comedome,SMHB00047,None,None,None
Abdominal Pain,SMHB00047,None,None,None
Irritability,SMHB00047,0.048543,0.078022,1
Edema,SMHB00047,None,None,None
Hyperalgia,SMHB00047,None,None,None
Diarrhea,SMHB00047,None,None,None
Pain,SMHB00047,None,None,None
Dexol,SMHB00047,None,None,None
Gastric Acid,SMHB00047,None,None,None
Burning Pain,SMHB00047,None,None,None
 Splitting Pain,SMHB00047,None,None,None
Arbovirus,SMHB00047,0.016443,0.044013,1
 Cva Nos Acute,SMHB00047,None,None,None
Arbovirus,SMHB00047,0.016443,0.044013,1
Flatulence,SMHB00047,None,None,None
Sputum,SMHB00047,None,None,None
 Migratory Pain,SMHB00047,None,None,None
Ache,SMHB00047,None,None,None
"Pantothenate, Zinc",SMHB00047,None,None,None
Defecation Pain,SMHB00047,None,None,None
 name Dilation,SMHB00047,None,None,None
Colonic Inertia,SMHB00047,None,None,None
Pantothenic Acid,SMHB00047,None,None,None
Dysentery,SMHB00047,None,None,None
Left Flank Pain,SMHB00047,None,None,None
Belching,SMHB00047,None,None,None
Dyspepsia,SMHB00047,None,None,None
Bloating Feeling,SMHB00047,None,None,None
Pain Radiating,SMHB00047,None,None,None
Crushing Pain,SMHB00047,None,None,None
 Dyspepsia-Aggravated,SMHB00047,None,None,None
Calcium Pantothenate,SMHB00047,None,None,None
Calcium Pantothenate,SMHB00047,None,None,None
Tenesmus,SMHB00047,None,None,None
General Abdominal Pain-Symptom,SMHB00047,0.016443,0.044013,1
Heartburn,SMHB00047,0.000263,0.002095,1
Abnormal Stools,SMHB00047,0.01319,0.040338,1
Beriberi,SMHB00047,None,None,None
Ascariasis,SMHB00047,0.032623,0.06074,1
Malaria,SMHB00047,0.032623,0.06074,1
Parasitemia,SMHB00047,0.000263,0.002095,1
Panic State,SMHB00048,0.030067,0.058016,1
Deglutitional Syncope,SMHB00048,None,None,None
Pharyngolaryngitis,SMHB00048,None,None,None
Stomatitis,SMHB00048,None,None,None
Tongue Ulcer,SMHB00048,0.030067,0.058016,1
Stroke,SMHB00048,None,None,None
Pulse Weakness,SMHB00048,0.004463,0.020392,1
 Physical Suffering,SMHB00048,None,None,None
Otitis Media Purulent,SMHB00048,None,None,None
Presyncope,SMHB00048,None,None,None
"Sputums, Induced",SMHB00048,None,None,None
Oral Mucositis,SMHB00048,None,None,None
Scabies,SMHB00048,None,None,None
Sleep Difficult,SMHB00048,0.015145,0.043192,1
Suppuration,SMHB00048,None,None,None
Injury Of Muscle,SMHB00048,0.015145,0.043192,1
Anterior Cervical Pains,SMHB00048,0.015145,0.043192,1
Parotid Enlargement,SMHB00048,0.030067,0.058016,1
Cyst,SMHB00048,None,None,None
Dermatitis Eyelid,SMHB00048,0.015145,0.043192,1
Epigastric Pain,SMHB00048,None,None,None
Stokes-Adams Syncope,SMHB00048,None,None,None
Laryngeal Edema,SMHB00048,None,None,None
Trachoma,SMHB00048,0.015145,0.043192,1
Narcosis,SMHB00048,None,None,None
Syncope Cough,SMHB00048,None,None,None
Cardiac Discomfort,SMHB00048,None,None,None
Chest Pain,SMHB00048,None,None,None
Hyperventilation Syncope,SMHB00048,None,None,None
Hyperalgia,SMHB00048,None,None,None
Odynophagia,SMHB00048,0.015145,0.043192,1
Pterygium,SMHB00048,None,None,None
Joint Dislocation,SMHB00048,0.015145,0.043192,1
Syncope Exertional,SMHB00048,None,None,None
Stupor,SMHB00048,None,None,None
Syncope Cardiac,SMHB00048,None,None,None
Crescendo Angina,SMHB00048,None,None,None
Pain,SMHB00048,None,None,None
"Cervical Pain, Posterior",SMHB00048,0.015145,0.043192,1
Eating Disorder,SMHB00048,0.044769,0.074169,1
Burning Pain,SMHB00048,None,None,None
 Splitting Pain,SMHB00048,None,None,None
Pseudocomas,SMHB00048,None,None,None
Salivation,SMHB00048,0.044769,0.074169,1
 Cva Nos Acute,SMHB00048,None,None,None
Pseudocomas,SMHB00048,None,None,None
Syncope Postural,SMHB00048,None,None,None
Sarcoptic Red Mange,SMHB00048,None,None,None
Pus,SMHB00048,None,None,None
Syncopal Vertigo,SMHB00048,None,None,None
Angina Pectoris,SMHB00048,None,None,None
Sputum,SMHB00048,None,None,None
 Migratory Pain,SMHB00048,None,None,None
Convulsive Syncope,SMHB00048,None,None,None
Depressed Mood,SMHB00048,None,None,None
Joint Stiffness,SMHB00048,0.015145,0.043192,1
Carotid Sinus Syncope,SMHB00048,None,None,None
Skin Ulcer(S),SMHB00048,None,None,None
Swelling,SMHB00048,None,None,None
Ache,SMHB00048,None,None,None
Syncope Micturition,SMHB00048,None,None,None
 Parotid Disease,SMHB00048,0.015145,0.043192,1
Eyelid Pain,SMHB00048,0.015145,0.043192,1
Nose Dryness,SMHB00048,0.044769,0.074169,1
Eye Blood Shot,SMHB00048,None,None,None
Syncopal Episode,SMHB00048,None,None,None
Syncope,SMHB00048,None,None,None
Pain Radiating,SMHB00048,None,None,None
Situational Syncope,SMHB00048,None,None,None
Crushing Pain,SMHB00048,None,None,None
Pharyngolaryngeal Pain,SMHB00048,None,None,None
Mental Aberration,SMHB00048,0.030067,0.058016,1
Mental Aberration,SMHB00048,0.030067,0.058016,1
Neck Pain,SMHB00048,0.015145,0.043192,1
Myalgia,SMHB00048,0.000662,0.00437,1
Operative Bleeding,SMHB00048,0.015145,0.043192,1
Hyperostosis,SMHB00048,0.000223,0.001837,1
Sharp Headache,SMHB00037,None,None,None
Larynx,SMHB00037,None,None,None
Stomatitis,SMHB00037,None,None,None
 Physical Suffering,SMHB00037,None,None,None
Tongue Swelling,SMHB00037,None,None,None
Oral Mucositis,SMHB00037,None,None,None
Catarrh,SMHB00037,None,None,None
Scabies,SMHB00037,None,None,None
"Headache, Periorbital",SMHB00037,None,None,None
Sleep Difficult,SMHB00037,0.029857,0.057827,1
Bilateral Headache,SMHB00037,None,None,None
Injury Of Muscle,SMHB00037,0.029857,0.057827,1
Other Conjunctivitis Nos,SMHB00037,0.029857,0.057827,1
Anterior Cervical Pains,SMHB00037,0.029857,0.057827,1
Ocular Headache,SMHB00037,None,None,None
Renal Agenesis,SMHB00037,None,None,None
Tongue Edema,SMHB00037,None,None,None
 Red,SMHB00037,0.029857,0.057827,1
Headache Throbbing,SMHB00037,None,None,None
Hyperalgia,SMHB00037,None,None,None
Radiculopathy,SMHB00037,0.029857,0.057827,1
Odynophagia,SMHB00037,0.029857,0.057827,1
Orthostatic Headache,SMHB00037,None,None,None
Nerve Root Disorder,SMHB00037,0.029857,0.057827,1
Pain,SMHB00037,None,None,None
"Cervical Pain, Posterior",SMHB00037,0.029857,0.057827,1
Burning Pain,SMHB00037,None,None,None
 Splitting Pain,SMHB00037,None,None,None
Sarcoptic Red Mange,SMHB00037,None,None,None
"Neuralgia, Sluder",SMHB00037,0.029857,0.057827,1
Cervical Radiculopathy,SMHB00037,0.029857,0.057827,1
Trigeminal Autonomic Cephalgia,SMHB00037,0.029857,0.057827,1
 Migratory Pain,SMHB00037,None,None,None
Thermal Energy,SMHB00037,None,None,None
Chest Symptom Discomfort,SMHB00037,None,None,None
Nerve Root Pain,SMHB00037,0.029857,0.057827,1
Joint Stiffness,SMHB00037,0.029857,0.057827,1
Neuralgia Facial,SMHB00037,0.029857,0.057827,1
Skin Ulcer(S),SMHB00037,None,None,None
Coryza,SMHB00037,None,None,None
Ache,SMHB00037,None,None,None
 Parotid Disease,SMHB00037,0.029857,0.057827,1
Nodule Subcutaneous,SMHB00037,0.029857,0.057827,1
Eyelid Irritation,SMHB00037,0.029857,0.057827,1
 Generalised Headache,SMHB00037,None,None,None
 Face Injury,SMHB00037,0.029857,0.057827,1
"Avulsion, Nerve Root",SMHB00037,0.029857,0.057827,1
Eye Blood Shot,SMHB00037,None,None,None
Pain Radiating,SMHB00037,None,None,None
Crushing Pain,SMHB00037,None,None,None
Vertex Headache,SMHB00037,None,None,None
"Headache, Retro-Ocular",SMHB00037,None,None,None
Common Cold,SMHB00037,None,None,None
Compression Nerve Root,SMHB00037,0.029857,0.057827,1
" Disease Of Vocal Cords, Nos",SMHB00037,0.005072,0.022474,1
Hyperexcitation,SMHB00037,0.029857,0.057827,1
Chest Symptom Heaviness,SMHB00037,0.002458,0.012656,1
 Hyperexcitation,SMHB00037,0.029857,0.057827,1
Chest Symptom Heaviness,SMHB00037,0.002458,0.012656,1
Neck Pain,SMHB00037,0.029857,0.057827,1
"Headache, Dull",SMHB00037,None,None,None
Headache Unilateral,SMHB00037,None,None,None
Oral Ulcer,SMHB00037,0.005072,0.022474,1
Difficulty Walking,SMHB00037,None,None,None
Radiculitis,SMHB00037,0.029857,0.057827,1
Tenderness,SMHB00037,0.000879,0.00546,1
Myofacial Pain Syndrome,SMHB00037,0.029857,0.057827,1
Myalgia,SMHB00037,0.002586,0.013159,1
Headache,SMHB00037,None,None,None
Abnormal Stools,SMHB00037,0.040609,0.069425,1
Hot Temperature,SMHB00037,None,None,None
Sutton'S Disease,SMHB00037,0.029857,0.057827,1
Right Flank Pain,SMHB00595,0.020582,0.048222,1
Alopecia Areata,SMHB00595,0.019905,0.04715,1
Mechanical Low Back Pain,SMHB00595,0,0,8.90E-05
Flank Pain,SMHB00595,0.020582,0.048222,1
 Recurrent Low Back Pain,SMHB00595,0,0,8.90E-05
Behavior Disorder,SMHB00595,0.039422,0.067979,1
Libido Decreased,SMHB00595,0.039422,0.067979,1
Nocturia,SMHB00595,0.019905,0.04715,1
Aplasia,SMHB00595,0.019905,0.04715,1
Dermatosis Of Scalp,SMHB00595,0.039422,0.067979,1
Pneumatosis,SMHB00595,0.019905,0.04715,1
Polyuria,SMHB00595,0.039422,0.067979,1
Bed-Wetting,SMHB00595,0.019905,0.04715,1
Lip Paresthesia,SMHB00595,0.019905,0.04715,1
Bronchial Asthma,SMHB00595,0.002841,0.014272,1
Loin Pain,SMHB00595,0.005527,0.023982,1
Diarrhea Acute,SMHB00595,0.019905,0.04715,1
Postural Low Back Pain,SMHB00595,0,0,8.90E-05
Urination Frequency,SMHB00595,0.000244,0.00198,1
Functional Bowel Disorder,SMHB00595,0.019905,0.04715,1
Diarrhea Watery,SMHB00595,0.019905,0.04715,1
Enuresis,SMHB00595,0.001148,0.006788,1
 Nocturia Aggravated,SMHB00595,0.019905,0.04715,1
Left Flank Pain,SMHB00595,0.020582,0.048222,1
Posterior Compartment Low Back Pain,SMHB00595,0,0,8.90E-05
Abnormal Ejaculation,SMHB00595,0.039422,0.067979,1
Chronic Lumbago,SMHB00595,0.019905,0.04715,1
Vitiligo,SMHB00595,0.039422,0.067979,1
Blanching Of Skin,SMHB00049,0.006058,0.025431,1
Catarrh,SMHB00049,None,None,None
Jaundice,SMHB00049,None,None,None
Eating Disorder,SMHB00049,None,None,None
Coryza,SMHB00049,None,None,None
Dyspepsia,SMHB00049,None,None,None
Common Cold,SMHB00049,None,None,None
 Dyspepsia-Aggravated,SMHB00049,None,None,None
Chills And Fever,SMHB00049,None,None,None
Chills And Fever,SMHB00049,None,None,None
Fever,SMHB00049,None,None,None
Rumination Disorder,SMHB00698,0.002596,0.013188,1
Malnutrition,SMHB00698,0.015494,0.043506,1
Feeding And Eating Disorders Of Childhood,SMHB00698,0.002596,0.013188,1
Dyspepsia,SMHB00698,0.000367,0.00274,1
 Dyspepsia-Aggravated,SMHB00698,0.007772,0.030277,1
Anthrax Disease,SMHB00698,0.002596,0.013188,1
Diphtheria,SMHB00698,0.002596,0.013188,1
"Nasal Obstruction, Unilateral",SMHB00051,None,None,None
Sharp Headache,SMHB00051,None,None,None
Alopecia,SMHB00051,None,None,None
Alopecia Cicatrisata,SMHB00051,None,None,None
Right Flank Pain,SMHB00051,None,None,None
"Nasal Obstruction, Bilateral",SMHB00051,None,None,None
Anosmia,SMHB00051,0.000556,0.003814,1
Pulse Weakness,SMHB00051,None,None,None
 Physical Suffering,SMHB00051,None,None,None
Heaviness Of Head,SMHB00051,0.047042,0.076921,1
"Headache, Periorbital",SMHB00051,None,None,None
Bilateral Headache,SMHB00051,None,None,None
Flank Pain,SMHB00051,None,None,None
Ocular Headache,SMHB00051,None,None,None
Extremity Contracture,SMHB00051,0.000556,0.003814,1
 Airway Obstruction Nasal,SMHB00051,None,None,None
Headache Throbbing,SMHB00051,None,None,None
Chest Pain,SMHB00051,None,None,None
Hyperalgia,SMHB00051,None,None,None
Radiculopathy,SMHB00051,0.023799,0.051924,1
German Measles,SMHB00051,None,None,None
Rhinorrhea,SMHB00051,None,None,None
Nasal Congestion,SMHB00051,None,None,None
Orthostatic Headache,SMHB00051,None,None,None
Disorder Of Smell,SMHB00051,0.000556,0.003814,1
Nerve Root Disorder,SMHB00051,0.023799,0.051924,1
Pain,SMHB00051,None,None,None
Burning Pain,SMHB00051,None,None,None
 Splitting Pain,SMHB00051,None,None,None
"Neuralgia, Sluder",SMHB00051,0.023799,0.051924,1
Cervical Radiculopathy,SMHB00051,0.023799,0.051924,1
Trigeminal Autonomic Cephalgia,SMHB00051,0.023799,0.051924,1
 Migratory Pain,SMHB00051,None,None,None
Nerve Root Pain,SMHB00051,0.023799,0.051924,1
Neuralgia Facial,SMHB00051,0.023799,0.051924,1
Coryza,SMHB00051,None,None,None
Ache,SMHB00051,None,None,None
Cold Hands Feet,SMHB00051,0.000556,0.003814,1
Scalp Pruritus,SMHB00051,0.023799,0.051924,1
Influenza,SMHB00051,0.047042,0.076921,1
 Generalised Headache,SMHB00051,None,None,None
Nose Pruritus,SMHB00051,0.023799,0.051924,1
Left Flank Pain,SMHB00051,None,None,None
"Avulsion, Nerve Root",SMHB00051,0.023799,0.051924,1
 Alopecia Hereditaria,SMHB00051,None,None,None
Pain Radiating,SMHB00051,None,None,None
Crushing Pain,SMHB00051,None,None,None
Parosmia,SMHB00051,0.000556,0.003814,1
Vertex Headache,SMHB00051,None,None,None
"Headache, Retro-Ocular",SMHB00051,None,None,None
Compression Nerve Root,SMHB00051,0.023799,0.051924,1
"Headache, Dull",SMHB00051,None,None,None
Joint Contracture,SMHB00051,None,None,None
Headache Unilateral,SMHB00051,None,None,None
Radiculitis,SMHB00051,0.023799,0.051924,1
Tenderness,SMHB00051,0.000556,0.003814,1
Myofacial Pain Syndrome,SMHB00051,0.023799,0.051924,1
Headache,SMHB00051,None,None,None
 Gustatory Rhinorrhea,SMHB00051,0.023799,0.051924,1
Postoperative Pain,SMHB00052,None,None,None
Abdomen Distention,SMHB00052,None,None,None
Erythrosis,SMHB00052,0.018607,0.046865,1
 Physical Suffering,SMHB00052,None,None,None
Muscle Fatigue,SMHB00052,None,None,None
Catarrh,SMHB00052,None,None,None
Rheumatism,SMHB00052,None,None,None
Anasarca,SMHB00052,None,None,None
 Eyes Dry,SMHB00052,None,None,None
Edema,SMHB00052,None,None,None
Hyperalgia,SMHB00052,None,None,None
Diarrhea,SMHB00052,None,None,None
Pain,SMHB00052,None,None,None
Pneumatosis,SMHB00052,0.018607,0.046865,1
Arthritic Pains,SMHB00052,None,None,None
Orofacial Oedema,SMHB00052,0.018607,0.046865,1
Burning Pain,SMHB00052,None,None,None
 Orthostasis,SMHB00052,None,None,None
 Splitting Pain,SMHB00052,None,None,None
Abdomen Discomfort,SMHB00052,0.004839,0.02177,1
Lightheadedness,SMHB00052,None,None,None
Abdomen Bloating,SMHB00052,0.004839,0.02177,1
Flatulence,SMHB00052,None,None,None
Diarrhea Acute,SMHB00052,0.018607,0.046865,1
 Migratory Pain,SMHB00052,None,None,None
Musculoskeletal Pain,SMHB00052,0.036875,0.065606,1
Dizziness,SMHB00052,None,None,None
Diarrhea Watery,SMHB00052,0.018607,0.046865,1
Coryza,SMHB00052,None,None,None
Ache,SMHB00052,None,None,None
 name Dilation,SMHB00052,None,None,None
Bloating Feeling,SMHB00052,None,None,None
Pain Radiating,SMHB00052,None,None,None
Crushing Pain,SMHB00052,None,None,None
Common Cold,SMHB00052,None,None,None
Night Blindness,SMHB00052,0.001982,0.010635,1
Beriberi,SMHB00052,None,None,None
Flaccidity Muscle,SMHB00052,0.036875,0.065606,1
Pneumonia,SMHB00050,None,None,None
Right Flank Pain,SMHB00050,None,None,None
 Physical Suffering,SMHB00050,None,None,None
Cough Productive,SMHB00050,None,None,None
"Sputums, Induced",SMHB00050,None,None,None
Flank Pain,SMHB00050,None,None,None
Epigastric Pain,SMHB00050,None,None,None
Amenorrhea,SMHB00050,0.000118,0.001078,1
Abdominal Pain,SMHB00050,None,None,None
Chest Pain,SMHB00050,None,None,None
Hematoma,SMHB00050,None,None,None
Muscle Weakness,SMHB00050,0.025728,0.053532,1
Hyperalgia,SMHB00050,None,None,None
German Measles,SMHB00050,0.000389,0.002849,1
"Amenorrhea, Postpartum",SMHB00050,0.000118,0.001078,1
Crescendo Angina,SMHB00050,None,None,None
Pain,SMHB00050,None,None,None
Tongue Discoloration,SMHB00050,None,None,None
Limb Discomfort,SMHB00050,0.038359,0.067282,1
Cough,SMHB00050,None,None,None
Burning Pain,SMHB00050,None,None,None
 Splitting Pain,SMHB00050,None,None,None
Spasm,SMHB00050,0.032062,0.060278,1
Injuries Wounds,SMHB00050,None,None,None
Bronchial Asthma,SMHB00050,None,None,None
Pneumonia Lobar,SMHB00050,None,None,None
Angina Pectoris,SMHB00050,None,None,None
Sputum,SMHB00050,None,None,None
 Migratory Pain,SMHB00050,None,None,None
Musculoskeletal Pain,SMHB00050,0.012942,0.039733,1
Uterine Bleeding,SMHB00050,0.044616,0.074068,1
Ache,SMHB00050,None,None,None
Scalp Pruritus,SMHB00050,0.006491,0.026685,1
 name Dilation,SMHB00050,None,None,None
Asthenia,SMHB00050,None,None,None
Left Flank Pain,SMHB00050,None,None,None
Dyspepsia,SMHB00050,None,None,None
Tachypnea,SMHB00050,None,None,None
Pain Radiating,SMHB00050,None,None,None
Crushing Pain,SMHB00050,None,None,None
Menopause,SMHB00050,None,None,None
 Dyspepsia-Aggravated,SMHB00050,None,None,None
Chest Symptom Heaviness,SMHB00050,None,None,None
Chest Symptom Heaviness,SMHB00050,None,None,None
Experimental Lung Inflammation,SMHB00050,None,None,None
Decreased Appetite,SMHB00050,None,None,None
Sputum Purulent,SMHB00050,None,None,None
Nausea Vomiting And Diarrhea,SMHB00050,0.012942,0.039733,1
Spasticity Muscle,SMHB00050,0.012942,0.039733,1
Panic State,SMHB00053,None,None,None
Right Flank Pain,SMHB00053,0.00194,0.010421,1
Mechanical Low Back Pain,SMHB00053,0,0,8.70E-05
Vertebrogenic Pain Syndrome,SMHB00053,None,None,None
Flank Pain,SMHB00053,0.00194,0.010421,1
Epigastric Pain,SMHB00053,None,None,None
Petechia,SMHB00053,None,None,None
 Recurrent Low Back Pain,SMHB00053,0,0,8.70E-05
Hot Flash,SMHB00053,None,None,None
Vagina,SMHB00053,0.02575,0.053532,1
Chest Pain,SMHB00053,None,None,None
Smarting Of Skin,SMHB00053,None,None,None
" Disease, Endometrial",SMHB00053,0.008654,0.032544,1
Skin Pain,SMHB00053,None,None,None
Yang Deficiency,SMHB00053,0.042565,0.07148,1
Crescendo Angina,SMHB00053,None,None,None
Back Pain Without Radiation Nos,SMHB00053,None,None,None
Back Pain With Radiation,SMHB00053,None,None,None
Micturition Disorder,SMHB00053,0.000492,0.00346,1
 Feeling Of Residual Urine,SMHB00053,0.008654,0.032544,1
Skin Swelling,SMHB00053,None,None,None
Placental Disorder,SMHB00053,None,None,None
Uterine Disorder,SMHB00053,0.008654,0.032544,1
Loin Pain,SMHB00053,0.001046,0.006315,1
Flatulence,SMHB00053,None,None,None
Angina Pectoris,SMHB00053,None,None,None
Postpartum Disorder,SMHB00053,None,None,None
Postural Low Back Pain,SMHB00053,0,0,8.70E-05
 Subfertility,SMHB00053,0.02575,0.053532,1
Infertility,SMHB00053,0.02575,0.053532,1
Backache,SMHB00053,None,None,None
Ear Drainage,SMHB00053,None,None,None
Asthenia,SMHB00053,None,None,None
Left Flank Pain,SMHB00053,0.00194,0.010421,1
Throat Dry,SMHB00053,None,None,None
Posterior Compartment Low Back Pain,SMHB00053,0,0,8.70E-05
Aphthous Ulcer,SMHB00053,None,None,None
Chills And Fever,SMHB00053,None,None,None
Chills And Fever,SMHB00053,None,None,None
Purpura,SMHB00053,None,None,None
Sutton'S Disease,SMHB00053,None,None,None
Fever,SMHB00053,None,None,None
Female Infertility,SMHB00053,0.008654,0.032544,1
Abdomen Distention,SMHB00054,None,None,None
Blanching Of Skin,SMHB00054,0.017309,0.045046,1
Abdominal Tenderness,SMHB00054,0.017309,0.045046,1
 Physical Suffering,SMHB00054,None,None,None
Gastric Disorder,SMHB00054,0.034325,0.062763,1
Vomiting Neonatal,SMHB00054,0.017309,0.045046,1
Hyperalgia,SMHB00054,None,None,None
Emesis,SMHB00054,None,None,None
Pain,SMHB00054,None,None,None
Burning Pain,SMHB00054,None,None,None
 Splitting Pain,SMHB00054,None,None,None
 Migratory Pain,SMHB00054,None,None,None
Ache,SMHB00054,None,None,None
 name Dilation,SMHB00054,None,None,None
 Stomach Discomfort,SMHB00054,None,None,None
Bloating Feeling,SMHB00054,None,None,None
Gagging,SMHB00054,None,None,None
Pain Radiating,SMHB00054,None,None,None
Crushing Pain,SMHB00054,None,None,None
Chills And Fever,SMHB00054,None,None,None
Chills And Fever,SMHB00054,None,None,None
General Abdominal Pain-Symptom,SMHB00054,0.017309,0.045046,1
Fever,SMHB00054,None,None,None
Malaria,SMHB00054,0.034325,0.062763,1
Sharp Headache,SMHB00055,None,None,None
Abdominal Tenderness,SMHB00055,0.012549,0.039351,1
 Physical Suffering,SMHB00055,None,None,None
"Headache, Periorbital",SMHB00055,None,None,None
Bilateral Headache,SMHB00055,None,None,None
Ocular Headache,SMHB00055,None,None,None
Toothache,SMHB00055,None,None,None
Abdominal Pain,SMHB00055,None,None,None
Headache Throbbing,SMHB00055,None,None,None
Hyperalgia,SMHB00055,None,None,None
Polyarthralgia,SMHB00055,0,4.00E-06,0.004885
Diarrhea,SMHB00055,None,None,None
Orthostatic Headache,SMHB00055,None,None,None
Pain,SMHB00055,None,None,None
Arthralgia,SMHB00055,0,0,0.000259
Chest Mass,SMHB00055,None,None,None
Arthritic Pains,SMHB00055,None,None,None
Generalized Spasm,SMHB00055,None,None,None
Burning Pain,SMHB00055,None,None,None
 Splitting Pain,SMHB00055,None,None,None
Enterocele,SMHB00055,None,None,None
Face Edema,SMHB00055,None,None,None
 Migratory Pain,SMHB00055,None,None,None
Hernia,SMHB00055,None,None,None
Nerve Root Pain,SMHB00055,None,None,None
Ache,SMHB00055,None,None,None
 Generalised Headache,SMHB00055,None,None,None
Pain Precordial,SMHB00055,2.00E-06,3.10E-05,0.04409
Sprain Of Joint,SMHB00055,0.012549,0.039351,1
Pain Radiating,SMHB00055,None,None,None
Crushing Pain,SMHB00055,None,None,None
Vertex Headache,SMHB00055,None,None,None
"Headache, Retro-Ocular",SMHB00055,None,None,None
Chills And Fever,SMHB00055,None,None,None
Chills And Fever,SMHB00055,None,None,None
Skin Benign Neoplasm,SMHB00055,0.012549,0.039351,1
General Abdominal Pain-Symptom,SMHB00055,0.012549,0.039351,1
"Headache, Dull",SMHB00055,None,None,None
Headache Unilateral,SMHB00055,None,None,None
Headache,SMHB00055,None,None,None
Disorder Of Skin And Subcutaneous Tissue,SMHB00055,0.012549,0.039351,1
Fever,SMHB00055,None,None,None
Cryanaesthesia,SMHB00055,0.012549,0.039351,1
Abdomen Distention,SMHB00618,0,0,0
Abdominal Tenderness,SMHB00618,0.016443,0.044013,1
 Physical Suffering,SMHB00618,0.00238,0.012302,1
Abdominal Pain,SMHB00618,0.002404,0.012418,1
Pain,SMHB00618,0.003857,0.018161,1
Eating Disorder,SMHB00618,0.048543,0.078022,1
Burning Pain,SMHB00618,0.00238,0.012302,1
 Splitting Pain,SMHB00618,0.00238,0.012302,1
Abdomen Discomfort,SMHB00618,7.90E-05,0.000787,1
Abdomen Bloating,SMHB00618,7.90E-05,0.000787,1
 Migratory Pain,SMHB00618,0.00238,0.012302,1
Ache,SMHB00618,0.005791,0.024652,1
 name Dilation,SMHB00618,1.00E-06,1.70E-05,0.022612
Aphagia,SMHB00618,0.016443,0.044013,1
Belching,SMHB00618,0.032623,0.06074,1
Loss Of Appetite,SMHB00618,0.016443,0.044013,1
Pain Radiating,SMHB00618,0.00238,0.012302,1
Crushing Pain,SMHB00618,0.00238,0.012302,1
General Abdominal Pain-Symptom,SMHB00618,0.016443,0.044013,1
Decreased Appetite,SMHB00618,7.00E-06,0.000107,0.183302
Sharp Headache,SMHB00056,None,None,None
Blanching Of Skin,SMHB00056,0.015578,0.043506,1
Abdominal Tenderness,SMHB00056,0.015578,0.043506,1
Stroke,SMHB00056,None,None,None
 Physical Suffering,SMHB00056,None,None,None
Heaviness Of Head,SMHB00056,0.030919,0.058607,1
"Headache, Periorbital",SMHB00056,None,None,None
Bilateral Headache,SMHB00056,None,None,None
Ocular Headache,SMHB00056,None,None,None
Toothache,SMHB00056,None,None,None
Abdominal Pain,SMHB00056,None,None,None
Headache Throbbing,SMHB00056,None,None,None
Hyperalgia,SMHB00056,None,None,None
Radiculopathy,SMHB00056,0.015578,0.043506,1
Diarrhea,SMHB00056,None,None,None
Vidian Neuralgia,SMHB00056,0.046028,0.075628,1
Orthostatic Headache,SMHB00056,None,None,None
Nerve Root Disorder,SMHB00056,0.015578,0.043506,1
Pain,SMHB00056,None,None,None
Perineal Neuralgia,SMHB00056,0.046028,0.075628,1
Iliohypogastric Nerve Neuralgia,SMHB00056,0.046028,0.075628,1
Stump Neuralgia,SMHB00056,0.046028,0.075628,1
Burning Pain,SMHB00056,None,None,None
"Diarrhea, Chronic",SMHB00056,0.046028,0.075628,1
 Splitting Pain,SMHB00056,None,None,None
 Cva Nos Acute,SMHB00056,None,None,None
"Neuralgia, Sluder",SMHB00056,0.015578,0.043506,1
Paroxysmal Nerve Pain,SMHB00056,0.046028,0.075628,1
Cervical Radiculopathy,SMHB00056,0.015578,0.043506,1
Diarrhea Acute,SMHB00056,0.015578,0.043506,1
Trigeminal Autonomic Cephalgia,SMHB00056,0.015578,0.043506,1
 Migratory Pain,SMHB00056,None,None,None
Nerve Root Pain,SMHB00056,0.015578,0.043506,1
Neuralgia Facial,SMHB00056,0.015578,0.043506,1
Diarrhea Watery,SMHB00056,0.015578,0.043506,1
Ache,SMHB00056,None,None,None
Neuralgia,SMHB00056,0.046028,0.075628,1
 Appetite Disorder,SMHB00056,None,None,None
 Generalised Headache,SMHB00056,None,None,None
"Avulsion, Nerve Root",SMHB00056,0.015578,0.043506,1
Supraorbital Neuralgia,SMHB00056,0.046028,0.075628,1
Pain Radiating,SMHB00056,None,None,None
Crushing Pain,SMHB00056,None,None,None
Vertex Headache,SMHB00056,None,None,None
"Headache, Retro-Ocular",SMHB00056,None,None,None
Compression Nerve Root,SMHB00056,0.015578,0.043506,1
Atypical Neuralgia,SMHB00056,0.046028,0.075628,1
Chills And Fever,SMHB00056,None,None,None
Chills And Fever,SMHB00056,None,None,None
General Abdominal Pain-Symptom,SMHB00056,0.015578,0.043506,1
"Headache, Dull",SMHB00056,None,None,None
Ilioinguinal Neuralgia,SMHB00056,0.046028,0.075628,1
Headache Unilateral,SMHB00056,None,None,None
Radiculitis,SMHB00056,0.015578,0.043506,1
Tenderness,SMHB00056,0.030919,0.058607,1
Myofacial Pain Syndrome,SMHB00056,0.015578,0.043506,1
Headache,SMHB00056,None,None,None
Nerve Pain,SMHB00056,0.046028,0.075628,1
Fever,SMHB00056,None,None,None
Alopecia,SMHB00057,None,None,None
Alopecia Cicatrisata,SMHB00057,None,None,None
Pneumonia,SMHB00057,None,None,None
Hemorrhage,SMHB00057,None,None,None
Cough Productive,SMHB00057,None,None,None
Hemoptysis,SMHB00057,None,None,None
Bright Red Blood Per Rectum,SMHB00057,None,None,None
Hematemesis,SMHB00057,None,None,None
"Melena
",SMHB00057,0.000163,0.001407,1
Hair Discoloration,SMHB00057,0.012981,0.039733,1
Hair Color Change,SMHB00057,0.012981,0.039733,1
Blood Disorder,SMHB00057,None,None,None
 Skin Scaly,SMHB00057,0.0258,0.053532,1
Micturition Disorder,SMHB00057,None,None,None
Cough,SMHB00057,None,None,None
Pneumonia Lobar,SMHB00057,None,None,None
Stomach Cramps,SMHB00057,None,None,None
Uterine Bleeding,SMHB00057,1.00E-06,1.50E-05,0.019521
Hemorrhage Postpartum,SMHB00057,0.000518,0.003606,1
Hemorrhoid Bleeding,SMHB00057,0.038457,0.067282,1
 Alopecia Hereditaria,SMHB00057,None,None,None
Metrorrhagia,SMHB00057,None,None,None
Hair Abnormality,SMHB00057,None,None,None
Hair Abnormality,SMHB00057,None,None,None
Experimental Lung Inflammation,SMHB00057,None,None,None
Menorrhagia,SMHB00057,6.70E-05,0.000685,1
Menometrorrhagia,SMHB00057,6.70E-05,0.000685,1
Cough Persistent,SMHB00057,0.002367,0.012274,1
"Nasal Obstruction, Unilateral",SMHB00058,None,None,None
Sharp Headache,SMHB00058,None,None,None
Blanching Of Skin,SMHB00058,0.034617,0.062952,1
Right Flank Pain,SMHB00058,0.000435,0.003141,1
"Nasal Obstruction, Bilateral",SMHB00058,None,None,None
 Physical Suffering,SMHB00058,None,None,None
Cough Productive,SMHB00058,None,None,None
Foot Pain,SMHB00058,None,None,None
"Sputums, Induced",SMHB00058,None,None,None
Catarrh,SMHB00058,None,None,None
"Headache, Periorbital",SMHB00058,None,None,None
Bilateral Headache,SMHB00058,None,None,None
Polymenorrhea,SMHB00058,None,None,None
Flank Pain,SMHB00058,0.000435,0.003141,1
Ocular Headache,SMHB00058,None,None,None
Xerostomia,SMHB00058,None,None,None
Facial Paresthesia,SMHB00058,0.034617,0.062952,1
Tongue Edema,SMHB00058,0.034617,0.062952,1
Sneezing,SMHB00058,None,None,None
Abdominal Pain,SMHB00058,None,None,None
 Airway Obstruction Nasal,SMHB00058,None,None,None
Sore Throat,SMHB00058,None,None,None
Headache Throbbing,SMHB00058,None,None,None
Vagina,SMHB00058,None,None,None
Chest Pain,SMHB00058,0.005393,0.023509,1
Hyperalgia,SMHB00058,None,None,None
Rectal Prolapse,SMHB00058,None,None,None
Nasal Congestion,SMHB00058,None,None,None
Orthostatic Headache,SMHB00058,None,None,None
Emesis,SMHB00058,None,None,None
Pain,SMHB00058,None,None,None
Menses Abnormal,SMHB00058,None,None,None
Boredom,SMHB00058,None,None,None
Cough,SMHB00058,None,None,None
Burning Pain,SMHB00058,None,None,None
Abnormal Menstrual Cycle,SMHB00058,0.034617,0.062952,1
 Splitting Pain,SMHB00058,None,None,None
Digestion Impaired,SMHB00058,None,None,None
Uterine Prolapse,SMHB00058,None,None,None
Sputum,SMHB00058,None,None,None
Thirst,SMHB00058,None,None,None
 Migratory Pain,SMHB00058,None,None,None
Thermal Energy,SMHB00058,None,None,None
Chest Symptom Discomfort,SMHB00058,None,None,None
Halitosis,SMHB00058,None,None,None
Dental Discomfort,SMHB00058,0.034617,0.062952,1
Oligomenorrhea,SMHB00058,0.000156,0.001362,1
Coryza,SMHB00058,None,None,None
Ache,SMHB00058,None,None,None
 Hypomenorrhea,SMHB00058,None,None,None
Pharyngitis,SMHB00058,None,None,None
 Generalised Headache,SMHB00058,None,None,None
 Face Injury,SMHB00058,None,None,None
 Stomach Discomfort,SMHB00058,None,None,None
Throat Tightness,SMHB00058,None,None,None
Left Flank Pain,SMHB00058,0.000435,0.003141,1
Throat Dry,SMHB00058,None,None,None
Vaginal Prolapse,SMHB00058,None,None,None
Bloating Feeling,SMHB00058,None,None,None
Gagging,SMHB00058,None,None,None
Pain Radiating,SMHB00058,None,None,None
Crushing Pain,SMHB00058,None,None,None
Anal Canal Prolapse,SMHB00058,None,None,None
Vertex Headache,SMHB00058,None,None,None
"Headache, Retro-Ocular",SMHB00058,None,None,None
Common Cold,SMHB00058,None,None,None
Retrograde Menstruation,SMHB00058,None,None,None
Anhidrosis,SMHB00058,None,None,None
Chills And Fever,SMHB00058,None,None,None
Chest Symptom Heaviness,SMHB00058,None,None,None
Anhidrosis,SMHB00058,None,None,None
Chest Symptom Heaviness,SMHB00058,None,None,None
Chills And Fever,SMHB00058,None,None,None
Typhoid Fever,SMHB00058,None,None,None
"Headache, Dull",SMHB00058,None,None,None
Headache Unilateral,SMHB00058,None,None,None
Heartburn,SMHB00058,0.001184,0.006946,1
Decreased Appetite,SMHB00058,None,None,None
Headache,SMHB00058,None,None,None
Anal Sphincter Atony,SMHB00058,0.034617,0.062952,1
Sputum Purulent,SMHB00058,None,None,None
Hot Temperature,SMHB00058,None,None,None
Uterovaginal Prolapse,SMHB00058,None,None,None
Fever,SMHB00058,None,None,None
Pulse Weakness,SMHB00059,0.004981,0.022251,1
Cataract,SMHB00059,None,None,None
 Physical Suffering,SMHB00059,None,None,None
"Mental Retardations, Psychosocial",SMHB00059,None,None,None
Catarrh,SMHB00059,None,None,None
 Lens Opacity,SMHB00059,None,None,None
Other Conjunctivitis Nos,SMHB00059,0.01601,0.043953,1
Hoarseness,SMHB00059,None,None,None
Neurotic Depression,SMHB00059,None,None,None
Hyperalgia,SMHB00059,None,None,None
German Measles,SMHB00059,None,None,None
 Melancholia,SMHB00059,None,None,None
Profound Mental Retardation,SMHB00059,None,None,None
Sexual Dysfunction,SMHB00059,0.047286,0.07697,1
Pain,SMHB00059,None,None,None
 Emotional Depression,SMHB00059,None,None,None
Seizures,SMHB00059,None,None,None
 Skin Scaly,SMHB00059,0.031771,0.059919,1
Burning Pain,SMHB00059,None,None,None
 Splitting Pain,SMHB00059,None,None,None
Measles,SMHB00059,None,None,None
Convulsions Neonatal,SMHB00059,None,None,None
Depressive Neurosis,SMHB00059,None,None,None
 Migratory Pain,SMHB00059,None,None,None
Thermal Energy,SMHB00059,None,None,None
Coryza,SMHB00059,None,None,None
Ache,SMHB00059,None,None,None
Scalp Pruritus,SMHB00059,0.01601,0.043953,1
Mental Retardation,SMHB00059,None,None,None
"Hoarseness, Neurogenic",SMHB00059,None,None,None
Eyelid Irritation,SMHB00059,0.01601,0.043953,1
Habit Disorder,SMHB00059,None,None,None
Throat Tightness,SMHB00059,None,None,None
Major Depression,SMHB00059,None,None,None
Pseudoaphakia,SMHB00059,None,None,None
Vocal Tic,SMHB00059,None,None,None
Motor Tics,SMHB00059,None,None,None
 Depressive Syndrome,SMHB00059,None,None,None
Eye Blood Shot,SMHB00059,None,None,None
Pain Radiating,SMHB00059,None,None,None
Crushing Pain,SMHB00059,None,None,None
Common Cold,SMHB00059,None,None,None
Mental Deficiency,SMHB00059,None,None,None
Endogenous Depression,SMHB00059,None,None,None
" Disease Of Vocal Cords, Nos",SMHB00059,1.50E-05,0.000197,0.370877
Blotchy Rash,SMHB00059,0.01601,0.043953,1
Unipolar Depression,SMHB00059,None,None,None
Typhoid Fever,SMHB00059,None,None,None
Depression,SMHB00059,None,None,None
Hot Temperature,SMHB00059,None,None,None
Tetanus,SMHB00059,0.01601,0.043953,1
Stroke,SMHB00060,None,None,None
"Sputums, Induced",SMHB00060,None,None,None
Abdominal Pain,SMHB00060,None,None,None
Petechiae Oral Mucosa,SMHB00060,None,None,None
Salivation,SMHB00060,0.014218,0.041556,1
 Cva Nos Acute,SMHB00060,None,None,None
Sputum,SMHB00060,None,None,None
Chest Symptom Discomfort,SMHB00060,None,None,None
Chest Symptom Heaviness,SMHB00060,0.003736,0.017717,1
Chest Symptom Heaviness,SMHB00060,0.003736,0.017717,1
Ecchymoses,SMHB00060,None,None,None
Malaria,SMHB00060,0.009499,0.03422,1
Abdomen Distention,SMHB00700,1.10E-05,0.000152,0.273757
Larynx,SMHB00700,0.007155,0.028756,1
Laryngopharyngeal Dysaesthesia,SMHB00700,0.000382,0.002836,1
Abdominal Tenderness,SMHB00700,0.027694,0.055251,1
Localized; Swelling,SMHB00700,0.010542,0.036204,1
 Physical Suffering,SMHB00700,0.01044,0.035917,1
Vomiting Neonatal,SMHB00700,0.027694,0.055251,1
Heat Stroke,SMHB00700,0.010542,0.036204,1
Laryngeal Pain,SMHB00700,0.027694,0.055251,1
Laryngeal Edema,SMHB00700,0.027694,0.055251,1
Smarting Of Skin,SMHB00700,0.027694,0.055251,1
Diarrhea,SMHB00700,0.033452,0.061708,1
Skin Pain,SMHB00700,0.027694,0.055251,1
Emesis,SMHB00700,0.000317,0.002446,1
Pain,SMHB00700,0.016497,0.044153,1
Burning Pain,SMHB00700,0.01044,0.035917,1
"Diarrhea, Chronic",SMHB00700,0.002225,0.011685,1
 Splitting Pain,SMHB00700,0.01044,0.035917,1
 Migratory Pain,SMHB00700,0.01044,0.035917,1
Diarrhea Watery,SMHB00700,0.027694,0.055251,1
Ache,SMHB00700,0.00319,0.015598,1
 name Dilation,SMHB00700,0.000382,0.002836,1
Throat Tightness,SMHB00700,1.80E-05,0.000225,0.436634
Obnubilation,SMHB00700,8.00E-06,0.000111,0.191101
Pain Radiating,SMHB00700,0.01044,0.035917,1
Crushing Pain,SMHB00700,0.01044,0.035917,1
Pharyngolaryngeal Pain,SMHB00700,1.80E-05,0.000225,0.436634
Edema Pharynx,SMHB00700,0.002225,0.011685,1
General Abdominal Pain-Symptom,SMHB00700,0.027694,0.055251,1
Iron Deficiency Anemia,SMHB00700,0.027694,0.055251,1
Constipation,SMHB00548,0.017208,0.045046,1
"Sputums, Induced",SMHB00548,0.001028,0.006237,1
Sputum,SMHB00548,0.001028,0.006237,1
Defecation Pain,SMHB00548,0.025728,0.053532,1
Colonic Inertia,SMHB00548,0.013784,0.040951,1
Sputum Purulent,SMHB00548,0.024028,0.052098,1
 Physical Suffering,SMHB00062,None,None,None
Cough Productive,SMHB00062,None,None,None
"Sputums, Induced",SMHB00062,None,None,None
Eye Pain,SMHB00062,0.002367,0.012274,1
Other Conjunctivitis Nos,SMHB00062,0.020338,0.047791,1
Anasarca,SMHB00062,None,None,None
Smarting Of Skin,SMHB00062,0.020338,0.047791,1
Edema,SMHB00062,None,None,None
Hematoma,SMHB00062,0.04027,0.068883,1
Hyperalgia,SMHB00062,None,None,None
Febrile Illness Acute,SMHB00062,None,None,None
Diarrhea,SMHB00062,None,None,None
Eye Disorder,SMHB00062,None,None,None
Skin Pain,SMHB00062,0.020338,0.047791,1
Aplasia,SMHB00062,0.020338,0.047791,1
Pain,SMHB00062,None,None,None
Cough,SMHB00062,None,None,None
Burning Pain,SMHB00062,None,None,None
 Splitting Pain,SMHB00062,None,None,None
Skin Swelling,SMHB00062,0.04027,0.068883,1
Ocular Discomfort,SMHB00062,None,None,None
Hand Swelling,SMHB00062,0.020338,0.047791,1
Flatulence,SMHB00062,None,None,None
Diarrhea Acute,SMHB00062,0.020338,0.047791,1
Sputum,SMHB00062,None,None,None
 Migratory Pain,SMHB00062,None,None,None
Swelling,SMHB00062,None,None,None
Diarrhea Watery,SMHB00062,0.020338,0.047791,1
Ache,SMHB00062,None,None,None
Sore Eye,SMHB00062,0.04027,0.068883,1
Eyelid Irritation,SMHB00062,0.020338,0.047791,1
 Urinary Tract Pain,SMHB00062,None,None,None
Eye Blood Shot,SMHB00062,None,None,None
Bloating Feeling,SMHB00062,None,None,None
Pain Radiating,SMHB00062,None,None,None
Crushing Pain,SMHB00062,None,None,None
Cough Persistent,SMHB00062,0.005766,0.024575,1
Sputum Purulent,SMHB00062,None,None,None
Swelling Round Eyes: [periorbital Edema],SMHB00062,0.020338,0.047791,1
Abdomen Distention,SMHB00064,None,None,None
Cough Productive,SMHB00064,None,None,None
"Sputums, Induced",SMHB00064,None,None,None
Auditory Dysesthesia,SMHB00064,0.023799,0.051924,1
Polymenorrhea,SMHB00064,None,None,None
Vagina,SMHB00064,None,None,None
Diarrhea,SMHB00064,None,None,None
Distorted Hearing,SMHB00064,0.023799,0.051924,1
Emesis,SMHB00064,None,None,None
Pneumatosis,SMHB00064,0.023799,0.051924,1
Menses Abnormal,SMHB00064,None,None,None
Eating Disorder,SMHB00064,0.001643,0.009137,1
Orofacial Oedema,SMHB00064,0.023799,0.051924,1
Cough,SMHB00064,None,None,None
Hiccups,SMHB00064,None,None,None
Abdomen Discomfort,SMHB00064,0.007847,0.030461,1
Abdomen Bloating,SMHB00064,0.007847,0.030461,1
Flatulence,SMHB00064,None,None,None
Sputum,SMHB00064,None,None,None
Anorexia,SMHB00064,0.005312,0.023176,1
Functional Bowel Disorder,SMHB00064,None,None,None
 Hypomenorrhea,SMHB00064,None,None,None
Eyelid Irritation,SMHB00064,0.023799,0.051924,1
 name Dilation,SMHB00064,None,None,None
Paracusia,SMHB00064,0.023799,0.051924,1
Hearing Disorder,SMHB00064,0.023799,0.051924,1
Loss Of Appetite,SMHB00064,0.023799,0.051924,1
Bloating Feeling,SMHB00064,None,None,None
Gagging,SMHB00064,None,None,None
Retrograde Menstruation,SMHB00064,None,None,None
Cough Persistent,SMHB00064,0.007847,0.030461,1
Heartburn,SMHB00064,0.000556,0.003814,1
Decreased Appetite,SMHB00064,None,None,None
Anal Sphincter Atony,SMHB00064,0.023799,0.051924,1
Sputum Purulent,SMHB00064,None,None,None
Abdomen Distention,SMHB00063,None,None,None
Deglutitional Syncope,SMHB00063,None,None,None
Chest Wall Pain,SMHB00063,0.002737,0.013786,1
Insomnia,SMHB00063,None,None,None
Abdominal Tenderness,SMHB00063,0.030723,0.058607,1
 Physical Suffering,SMHB00063,None,None,None
Presyncope,SMHB00063,None,None,None
Vomiting Neonatal,SMHB00063,None,None,None
Stokes-Adams Syncope,SMHB00063,None,None,None
Abdominal Pain,SMHB00063,0.032834,0.061056,1
Syncope Cough,SMHB00063,None,None,None
Chest Pain,SMHB00063,None,None,None
Hyperventilation Syncope,SMHB00063,None,None,None
Hyperalgia,SMHB00063,None,None,None
Palpitation(S),SMHB00063,None,None,None
Syncope Exertional,SMHB00063,None,None,None
Syncope Cardiac,SMHB00063,None,None,None
Emesis,SMHB00063,None,None,None
Crescendo Angina,SMHB00063,None,None,None
Pain,SMHB00063,None,None,None
Respiratory Abnormality,SMHB00063,None,None,None
Language Disorder,SMHB00063,None,None,None
Burning Pain,SMHB00063,None,None,None
Acquired Language Disorder,SMHB00063,None,None,None
 Splitting Pain,SMHB00063,None,None,None
Hiccups,SMHB00063,None,None,None
Syncope Postural,SMHB00063,None,None,None
Gasping,SMHB00063,None,None,None
Bronchial Asthma,SMHB00063,None,None,None
Syncopal Vertigo,SMHB00063,None,None,None
Angina Pectoris,SMHB00063,None,None,None
 Migratory Pain,SMHB00063,None,None,None
Chest Symptom Discomfort,SMHB00063,None,None,None
Convulsive Syncope,SMHB00063,None,None,None
Carotid Sinus Syncope,SMHB00063,None,None,None
Ache,SMHB00063,None,None,None
Syncope Micturition,SMHB00063,None,None,None
 name Dilation,SMHB00063,None,None,None
 Stomach Discomfort,SMHB00063,None,None,None
Cough Nonproductive,SMHB00063,None,None,None
Belching,SMHB00063,None,None,None
Syncopal Episode,SMHB00063,None,None,None
Bloating Feeling,SMHB00063,None,None,None
Syncope,SMHB00063,None,None,None
Gagging,SMHB00063,None,None,None
Pain Radiating,SMHB00063,None,None,None
Situational Syncope,SMHB00063,None,None,None
Crushing Pain,SMHB00063,None,None,None
Chest Symptom Heaviness,SMHB00063,None,None,None
Chest Symptom Heaviness,SMHB00063,None,None,None
General Abdominal Pain-Symptom,SMHB00063,0.030723,0.058607,1
Decreased Appetite,SMHB00063,None,None,None
Hemorrhage,SMHB00061,None,None,None
 Physical Suffering,SMHB00061,None,None,None
Cough Productive,SMHB00061,None,None,None
"Sputums, Induced",SMHB00061,None,None,None
Anasarca,SMHB00061,None,None,None
Hematemesis,SMHB00061,None,None,None
Edema,SMHB00061,None,None,None
Hyperalgia,SMHB00061,None,None,None
Febrile Illness Acute,SMHB00061,None,None,None
Diarrhea,SMHB00061,None,None,None
Pain,SMHB00061,None,None,None
Micturition Disorder,SMHB00061,None,None,None
Cough,SMHB00061,None,None,None
Burning Pain,SMHB00061,None,None,None
"Diarrhea, Chronic",SMHB00061,0.038457,0.067282,1
 Splitting Pain,SMHB00061,None,None,None
Diarrhea Acute,SMHB00061,0.012981,0.039733,1
Sputum,SMHB00061,None,None,None
 Migratory Pain,SMHB00061,None,None,None
Carbuncle,SMHB00061,None,None,None
Skin Ulcer(S),SMHB00061,None,None,None
Diarrhea Watery,SMHB00061,0.012981,0.039733,1
Ache,SMHB00061,None,None,None
 Urinary Tract Pain,SMHB00061,None,None,None
Pain Radiating,SMHB00061,None,None,None
Crushing Pain,SMHB00061,None,None,None
Cough Persistent,SMHB00061,0.002367,0.012274,1
Sputum Purulent,SMHB00061,None,None,None
Rash,SMHB00065,0.036043,0.064543,1
Right Flank Pain,SMHB00065,None,None,None
Erythrosis,SMHB00065,0.038944,0.067794,1
Neoplastic Growth,SMHB00065,None,None,None
Hemorrhage,SMHB00065,None,None,None
Abdominal Tenderness,SMHB00065,0.038944,0.067794,1
Pulse Weakness,SMHB00065,6.90E-05,0.000704,1
 Physical Suffering,SMHB00065,None,None,None
Eye Pain,SMHB00065,0.008552,0.032544,1
Menstrual Cramp,SMHB00065,None,None,None
Other Conjunctivitis Nos,SMHB00065,0.038944,0.067794,1
Polymenorrhea,SMHB00065,0.020314,0.047791,1
Flank Pain,SMHB00065,None,None,None
Soft Tissue Injury,SMHB00065,0.0015,0.008469,1
Abdominal Pain,SMHB00065,None,None,None
Hematemesis,SMHB00065,None,None,None
Smarting Of Skin,SMHB00065,0.038944,0.067794,1
Hyperalgia,SMHB00065,None,None,None
Skin Pain,SMHB00065,0.038944,0.067794,1
Communicable Disease,SMHB00065,None,None,None
Annular Erythema,SMHB00065,0.038944,0.067794,1
Pain,SMHB00065,None,None,None
Menses Abnormal,SMHB00065,0.020314,0.047791,1
Dryness Vaginal,SMHB00065,0.038944,0.067794,1
Tongue Discoloration,SMHB00065,0.000234,0.001914,1
Burning Pain,SMHB00065,None,None,None
 Splitting Pain,SMHB00065,None,None,None
Ocular Discomfort,SMHB00065,None,None,None
Macula,SMHB00065,None,None,None
 Migratory Pain,SMHB00065,None,None,None
Carbuncle,SMHB00065,None,None,None
Chest Symptom Discomfort,SMHB00065,0.040302,0.068933,1
Speech Disorder,SMHB00065,0.038944,0.067794,1
Skin Ulcer(S),SMHB00065,None,None,None
Swelling,SMHB00065,None,None,None
Ache,SMHB00065,None,None,None
 Hypomenorrhea,SMHB00065,0.020314,0.047791,1
Neoplasm Benign Nos,SMHB00065,0.038944,0.067794,1
Eyelid Irritation,SMHB00065,0.038944,0.067794,1
Left Flank Pain,SMHB00065,None,None,None
Eye Blood Shot,SMHB00065,None,None,None
Pain Radiating,SMHB00065,None,None,None
Crushing Pain,SMHB00065,None,None,None
Menopause,SMHB00065,None,None,None
Blotchy Rash,SMHB00065,0.038944,0.067794,1
Retrograde Menstruation,SMHB00065,0.020314,0.047791,1
General Abdominal Pain-Symptom,SMHB00065,0.038944,0.067794,1
Swelling Round Eyes: [periorbital Edema],SMHB00065,0.038944,0.067794,1
Feces Incontinence,SMHB00582,0.026654,0.054547,1
"Melena
",SMHB00582,0.000174,0.001485,1
Vagina,SMHB00582,0.039722,0.068318,1
Functional Encopresis,SMHB00582,0.026654,0.054547,1
Pneumatosis,SMHB00582,0.013414,0.040487,1
Bronchiectasis,SMHB00582,0.000174,0.001485,1
Bloody Stool,SMHB00582,0.001028,0.006237,1
"Diarrhea, Chronic",SMHB00582,0.039722,0.068318,1
Uterine Bleeding,SMHB00582,1.00E-06,1.70E-05,0.022389
Hemorrhage Postpartum,SMHB00582,0.012392,0.039351,1
Skin Ulcer(S),SMHB00582,0.031216,0.059142,1
Functional Bowel Disorder,SMHB00582,0.013414,0.040487,1
Hemorrhoid Bleeding,SMHB00582,0.039722,0.068318,1
Dysentery,SMHB00582,0.028478,0.05622,1
Lips Bleeding,SMHB00582,0.013414,0.040487,1
Metrorrhagia,SMHB00582,2.00E-06,3.10E-05,0.044359
Vaginal Bleeding,SMHB00582,0.013414,0.040487,1
Menorrhagia,SMHB00582,0.003508,0.016797,1
Menometrorrhagia,SMHB00582,0.003508,0.016797,1
Gastric Ulcer Bleeding,SMHB00582,0.013414,0.040487,1
Abdominal Tenderness,SMHB00066,0.013414,0.040487,1
 Physical Suffering,SMHB00066,None,None,None
Anasarca,SMHB00066,None,None,None
Abdominal Pain,SMHB00066,None,None,None
Edema,SMHB00066,None,None,None
Hyperalgia,SMHB00066,None,None,None
Jaundice,SMHB00066,None,None,None
Pain,SMHB00066,None,None,None
Seizures,SMHB00066,None,None,None
Burning Pain,SMHB00066,None,None,None
 Splitting Pain,SMHB00066,None,None,None
Discoloration Urine,SMHB00066,7.40E-05,0.000742,1
Discoloration Urine,SMHB00066,7.40E-05,0.000742,1
Hand Swelling,SMHB00066,0.013414,0.040487,1
Flatulence,SMHB00066,None,None,None
 Migratory Pain,SMHB00066,None,None,None
Carbuncle,SMHB00066,None,None,None
Skin Ulcer(S),SMHB00066,None,None,None
Swelling,SMHB00066,None,None,None
Ache,SMHB00066,None,None,None
Bloating Feeling,SMHB00066,None,None,None
Pain Radiating,SMHB00066,None,None,None
Crushing Pain,SMHB00066,None,None,None
Urine Abnormality,SMHB00066,None,None,None
General Abdominal Pain-Symptom,SMHB00066,0.013414,0.040487,1
Beriberi,SMHB00066,None,None,None
Appendicitis,SMHB00066,0.039722,0.068318,1
Haemorrhage Ant Chamber Eye,SMHB00563,0.018072,0.046235,1
Injury,SMHB00563,0.001198,0.006993,1
"Melena
",SMHB00563,3.40E-05,0.000393,0.84512
Bronchiectasis,SMHB00563,3.40E-05,0.000393,0.84512
Uterine Bleeding,SMHB00563,0.041696,0.070592,1
Hemorrhoid Bleeding,SMHB00563,0.018072,0.046235,1
Lips Bleeding,SMHB00563,0.006058,0.025431,1
Vaginal Bleeding,SMHB00563,0.006058,0.025431,1
Gastric Ulcer Bleeding,SMHB00563,0.006058,0.025431,1
Pharyngolaryngitis,SMHB00626,0.031771,0.059919,1
Larynx,SMHB00626,0.00242,0.012486,1
Laryngopharyngeal Dysaesthesia,SMHB00626,7.30E-05,0.000737,1
Localized; Swelling,SMHB00626,0.003594,0.017132,1
Laryngeal Pain,SMHB00626,0.01601,0.043953,1
Laryngeal Edema,SMHB00626,0.01601,0.043953,1
Caustic Injury,SMHB00626,0.047286,0.07697,1
Smarting Of Skin,SMHB00626,0.01601,0.043953,1
Hematoma,SMHB00626,0.031771,0.059919,1
Skin Pain,SMHB00626,0.01601,0.043953,1
Bite Wound Insect,SMHB00626,0.01601,0.043953,1
Dermatosis Of Scalp,SMHB00626,0.031771,0.059919,1
Seizures,SMHB00626,0,0,0.000405
Skin Swelling,SMHB00626,0.031771,0.059919,1
Convulsions Neonatal,SMHB00626,0.047286,0.07697,1
Pharynx Disease,SMHB00626,0.031771,0.059919,1
Habit Disorder,SMHB00626,1.50E-05,0.000197,0.370877
Tonsillitis,SMHB00626,0.031771,0.059919,1
Throat Tightness,SMHB00626,2.00E-06,3.20E-05,0.0467
Snake Venom Causing Toxic Effect,SMHB00626,0.01601,0.043953,1
Vocal Tic,SMHB00626,1.50E-05,0.000197,0.370877
Motor Tics,SMHB00626,1.50E-05,0.000197,0.370877
Pharyngolaryngeal Pain,SMHB00626,2.00E-06,3.20E-05,0.0467
Edema Pharynx,SMHB00626,0.000741,0.004791,1
Cataract,SMHB00067,None,None,None
 Physical Suffering,SMHB00067,None,None,None
Graphomotor Aphasia,SMHB00067,None,None,None
 Lens Opacity,SMHB00067,None,None,None
Menstrual Cramp,SMHB00067,None,None,None
Other Conjunctivitis Nos,SMHB00067,0.010818,0.036554,1
Polymenorrhea,SMHB00067,None,None,None
Global Aphasia,SMHB00067,None,None,None
Facial Paresthesia,SMHB00067,None,None,None
Amenorrhea,SMHB00067,0.032117,0.060278,1
Hyperalgia,SMHB00067,None,None,None
Dysphasia,SMHB00067,None,None,None
"Amenorrhea, Postpartum",SMHB00067,0.032117,0.060278,1
Dejerine Lichtheim Phenomenon,SMHB00067,None,None,None
"Aphasia, Post Ictal",SMHB00067,None,None,None
Intellectual Aphasia,SMHB00067,None,None,None
Pain,SMHB00067,None,None,None
Menses Abnormal,SMHB00067,None,None,None
Functional Aphasia,SMHB00067,None,None,None
 Acquired Aphasias,SMHB00067,None,None,None
Burning Pain,SMHB00067,None,None,None
 Orthostasis,SMHB00067,None,None,None
Abnormal Menstrual Cycle,SMHB00067,0.010818,0.036554,1
 Splitting Pain,SMHB00067,None,None,None
Lightheadedness,SMHB00067,None,None,None
"Aphasia, Post Traumatic",SMHB00067,None,None,None
 Migratory Pain,SMHB00067,None,None,None
Dizziness,SMHB00067,None,None,None
Oligomenorrhea,SMHB00067,0.000665,0.00437,1
Mixed Aphasia,SMHB00067,None,None,None
Ache,SMHB00067,None,None,None
 Hypomenorrhea,SMHB00067,None,None,None
Auditory Discriminatory Aphasia,SMHB00067,None,None,None
Commisural Aphasia,SMHB00067,None,None,None
 Ageusic Aphasia,SMHB00067,None,None,None
Progressive Aphasia,SMHB00067,None,None,None
Pseudoaphakia,SMHB00067,None,None,None
Eye Blood Shot,SMHB00067,None,None,None
Bloating Feeling,SMHB00067,None,None,None
Head Discomfort,SMHB00067,0.010818,0.036554,1
Pain Radiating,SMHB00067,None,None,None
Crushing Pain,SMHB00067,None,None,None
Menopause,SMHB00067,None,None,None
Aphasia,SMHB00067,None,None,None
Retrograde Menstruation,SMHB00067,None,None,None
Urine Rbc,SMHB00067,None,None,None
Syntactical Aphasia,SMHB00067,None,None,None
emantic Aphasia,SMHB00067,None,None,None
Sharp Headache,SMHB00068,0,0,2.20E-05
Right Flank Pain,SMHB00068,None,None,None
Vein Disorder,SMHB00068,None,None,None
Trichophytosis,SMHB00068,0.034657,0.062952,1
Heaviness Of Head,SMHB00068,0.023235,0.051423,1
Mechanical Low Back Pain,SMHB00068,None,None,None
"Headache, Periorbital",SMHB00068,0,0,2.20E-05
Bilateral Headache,SMHB00068,0,0,2.20E-05
Flank Pain,SMHB00068,None,None,None
Ocular Headache,SMHB00068,0,0,2.20E-05
Keratitis,SMHB00068,None,None,None
Polycythemia,SMHB00068,None,None,None
 Recurrent Low Back Pain,SMHB00068,None,None,None
Headache Throbbing,SMHB00068,0,0,2.20E-05
Muscle Weakness,SMHB00068,0.04595,0.075628,1
Radiculopathy,SMHB00068,0.011683,0.038067,1
Increased Diastolic Blood Pressure,SMHB00068,None,None,None
Vidian Neuralgia,SMHB00068,0.034657,0.062952,1
Orthostatic Headache,SMHB00068,0,0,2.20E-05
Nerve Root Disorder,SMHB00068,0.011683,0.038067,1
Perineal Neuralgia,SMHB00068,0.034657,0.062952,1
Iliohypogastric Nerve Neuralgia,SMHB00068,0.034657,0.062952,1
Stump Neuralgia,SMHB00068,0.034657,0.062952,1
Respiratory Tract Congestion,SMHB00068,None,None,None
Tinea Corporis,SMHB00068,0.034657,0.062952,1
Digestion Impaired,SMHB00068,None,None,None
"Neuralgia, Sluder",SMHB00068,0.011683,0.038067,1
Paroxysmal Nerve Pain,SMHB00068,0.034657,0.062952,1
Cervical Radiculopathy,SMHB00068,0.011683,0.038067,1
Skin Breakdown,SMHB00068,0.011683,0.038067,1
Loin Pain,SMHB00068,None,None,None
Trigeminal Autonomic Cephalgia,SMHB00068,0.011683,0.038067,1
Postural Low Back Pain,SMHB00068,None,None,None
Carbuncle,SMHB00068,None,None,None
Musculoskeletal Pain,SMHB00068,0.023235,0.051423,1
Chest Symptom Discomfort,SMHB00068,None,None,None
Nerve Root Pain,SMHB00068,0.011683,0.038067,1
Neuralgia Facial,SMHB00068,0.011683,0.038067,1
Erythrocytosis,SMHB00068,None,None,None
Neuralgia,SMHB00068,0.034657,0.062952,1
Neck Stiffness,SMHB00068,None,None,None
 Generalised Headache,SMHB00068,0,0,2.20E-05
Prostatism,SMHB00068,None,None,None
Defecation Pain,SMHB00068,None,None,None
High Systolic Arterial Pulse Pressure,SMHB00068,None,None,None
Epidermophytosis,SMHB00068,0.034657,0.062952,1
Eyelid Pain,SMHB00068,None,None,None
Left Flank Pain,SMHB00068,None,None,None
"Avulsion, Nerve Root",SMHB00068,0.011683,0.038067,1
Supraorbital Neuralgia,SMHB00068,0.034657,0.062952,1
Breast Swelling,SMHB00068,None,None,None
Posterior Compartment Low Back Pain,SMHB00068,None,None,None
Vertex Headache,SMHB00068,0,0,2.20E-05
"Headache, Retro-Ocular",SMHB00068,0,0,2.20E-05
Compression Nerve Root,SMHB00068,0.011683,0.038067,1
Blood Pressure Elevation,SMHB00068,None,None,None
Atypical Neuralgia,SMHB00068,0.034657,0.062952,1
Heat Intolerance,SMHB00068,None,None,None
General Discomfort,SMHB00068,0.023235,0.051423,1
Chest Symptom Heaviness,SMHB00068,None,None,None
Chest Symptom Heaviness,SMHB00068,None,None,None
"Headache, Dull",SMHB00068,0.000114,0.001053,1
Ilioinguinal Neuralgia,SMHB00068,0.034657,0.062952,1
Hemiparesis,SMHB00068,0.04595,0.075628,1
Headache Unilateral,SMHB00068,0,0,2.20E-05
Difficulty Walking,SMHB00068,0.034657,0.062952,1
Radiculitis,SMHB00068,0.011683,0.038067,1
Tenderness,SMHB00068,0.023235,0.051423,1
Myofacial Pain Syndrome,SMHB00068,0.011683,0.038067,1
Headache,SMHB00068,0,0,4.80E-05
Nerve Pain,SMHB00068,0.034657,0.062952,1
Essential Hypertension,SMHB00068,0.023235,0.051423,1
Malaria,SMHB00068,0.023235,0.051423,1
Pharyngolaryngitis,SMHB00636,0.02409,0.052098,1
Larynx,SMHB00636,0.001385,0.007903,1
Laryngopharyngeal Dysaesthesia,SMHB00636,3.10E-05,0.000364,0.771476
Localized; Swelling,SMHB00636,0.002061,0.010974,1
Laryngeal Pain,SMHB00636,0.012116,0.038774,1
Catarrh,SMHB00636,0.004837,0.02177,1
Laryngeal Edema,SMHB00636,0.012116,0.038774,1
Smarting Of Skin,SMHB00636,0.012116,0.038774,1
Hematoma,SMHB00636,0.02409,0.052098,1
Skin Pain,SMHB00636,0.012116,0.038774,1
Skin Swelling,SMHB00636,0.02409,0.052098,1
Coryza,SMHB00636,0.006001,0.025431,1
Ache,SMHB00636,0.030616,0.058607,1
Pharynx Disease,SMHB00636,0.02409,0.052098,1
Tonsillitis,SMHB00636,0.02409,0.052098,1
Throat Tightness,SMHB00636,1.00E-06,1.20E-05,0.014615
Common Cold,SMHB00636,0.006001,0.025431,1
Pharyngolaryngeal Pain,SMHB00636,1.00E-06,1.20E-05,0.014615
Edema Pharynx,SMHB00636,0.000422,0.003061,1
Cough Persistent,SMHB00636,0.002061,0.010974,1
Right Flank Pain,SMHB00069,None,None,None
Cataract,SMHB00069,None,None,None
 Lens Opacity,SMHB00069,None,None,None
Flank Pain,SMHB00069,None,None,None
Anasarca,SMHB00069,None,None,None
Edema,SMHB00069,None,None,None
 Orthostasis,SMHB00069,None,None,None
Lightheadedness,SMHB00069,None,None,None
Hand Swelling,SMHB00069,0.010818,0.036554,1
Flatulence,SMHB00069,None,None,None
Dizziness,SMHB00069,None,None,None
Swelling,SMHB00069,None,None,None
Asthenia,SMHB00069,None,None,None
Left Flank Pain,SMHB00069,None,None,None
Pseudoaphakia,SMHB00069,None,None,None
Bloating Feeling,SMHB00069,None,None,None
"Sports Injury, Nos",SMHB00069,0.010818,0.036554,1
Lower Extremity Paresthesia,SMHB00069,0,3.00E-06,0.002924
 Knee Joint Laxity,SMHB00069,0.010818,0.036554,1
Hemorrhoids,SMHB00071,0.032889,0.061056,1
Abdominal Pain,SMHB00071,None,None,None
Vagina,SMHB00071,0.014218,0.041556,1
Quadriplegic Spinal Paralysis,SMHB00071,None,None,None
 Cerebromedullospinal Disconnection,SMHB00071,None,None,None
Flaccid Tetraplegia,SMHB00071,None,None,None
Vaginal Discharge,SMHB00071,0.014218,0.041556,1
Bloody Stool,SMHB00071,0.018916,0.04715,1
 Venomous Bite,SMHB00071,None,None,None
Quadriparesis,SMHB00071,None,None,None
Spastic Quadriplegia,SMHB00071,None,None,None
Eczema,SMHB00071,0.032889,0.061056,1
Quadriplegia,SMHB00071,None,None,None
Heat Intolerance,SMHB00071,None,None,None
Abnormal Stools,SMHB00071,None,None,None
Colorectal Cancer,SMHB00071,0.00476,0.021453,1
Intestinal Hemorrhage Nos,SMHB00071,0.009499,0.03422,1
Scabies,SMHB00071,0.018916,0.04715,1
Vaginitis Trichomonas,SMHB00071,0.009499,0.03422,1
Alopecia,SMHB00074,None,None,None
Alopecia Cicatrisata,SMHB00074,None,None,None
Neoplastic Growth,SMHB00074,None,None,None
 Physical Suffering,SMHB00074,None,None,None
"Mental Retardations, Psychosocial",SMHB00074,0.011683,0.038067,1
Rheumatism,SMHB00074,None,None,None
Hematuria,SMHB00074,None,None,None
Soft Tissue Injury,SMHB00074,0.000131,0.001189,1
Amenorrhea,SMHB00074,0.034657,0.062952,1
Extremity Contracture,SMHB00074,0.023235,0.051423,1
Muscle Weakness,SMHB00074,0.04595,0.075628,1
Hyperalgia,SMHB00074,None,None,None
"Amenorrhea, Postpartum",SMHB00074,0.034657,0.062952,1
Profound Mental Retardation,SMHB00074,0.011683,0.038067,1
Sexual Dysfunction,SMHB00074,0.034657,0.062952,1
Pain,SMHB00074,None,None,None
Arthritic Pains,SMHB00074,None,None,None
Burning Pain,SMHB00074,None,None,None
 Splitting Pain,SMHB00074,None,None,None
Gasping,SMHB00074,None,None,None
Postpartum Disorder,SMHB00074,None,None,None
Urethra Hemorrhage,SMHB00074,None,None,None
 Migratory Pain,SMHB00074,None,None,None
Carbuncle,SMHB00074,None,None,None
Blood Urine Present,SMHB00074,None,None,None
Musculoskeletal Pain,SMHB00074,0.023235,0.051423,1
Ache,SMHB00074,None,None,None
Mental Retardation,SMHB00074,0.023235,0.051423,1
Neoplasm Benign Nos,SMHB00074,0.011683,0.038067,1
Throat Tightness,SMHB00074,None,None,None
 Alopecia Hereditaria,SMHB00074,None,None,None
Abdomen Tumor,SMHB00074,0.023235,0.051423,1
Pain Radiating,SMHB00074,None,None,None
Crushing Pain,SMHB00074,None,None,None
Menopause,SMHB00074,None,None,None
Mental Deficiency,SMHB00074,0.011683,0.038067,1
Urine Rbc,SMHB00074,None,None,None
Lower Extremity Paresthesia,SMHB00074,None,None,None
Flaccidity Of Muscle Of Lower Limb,SMHB00074,0.011683,0.038067,1
Rigidity Of Limbs,SMHB00074,0.011683,0.038067,1
Anorectal Disorder,SMHB00078,None,None,None
Sprain,SMHB00078,0.038457,0.067282,1
Numbness,SMHB00078,None,None,None
 Physical Suffering,SMHB00078,None,None,None
Injury,SMHB00078,0.005544,0.024024,1
Cough Productive,SMHB00078,None,None,None
Soft Tissue Injury,SMHB00078,0.000163,0.001407,1
Dyspnea,SMHB00078,0.0258,0.053532,1
Hyperalgia,SMHB00078,None,None,None
Polyarthralgia,SMHB00078,0.000172,0.001478,1
Pain,SMHB00078,None,None,None
Eating Disorder,SMHB00078,None,None,None
Hepatomegaly,SMHB00078,None,None,None
Paralysis,SMHB00078,0.038457,0.067282,1
Arthritic Pains,SMHB00078,None,None,None
Cough,SMHB00078,None,None,None
Burning Pain,SMHB00078,None,None,None
Hypertrophic Osteoarthropathy,SMHB00078,0.012981,0.039733,1
 Splitting Pain,SMHB00078,None,None,None
Hiccups,SMHB00078,None,None,None
Gasping,SMHB00078,0.038457,0.067282,1
Bronchial Asthma,SMHB00078,None,None,None
Hand Swelling,SMHB00078,0.012981,0.039733,1
 Migratory Pain,SMHB00078,None,None,None
Hepatosplenomegaly,SMHB00078,None,None,None
Swelling,SMHB00078,None,None,None
Ache,SMHB00078,None,None,None
Joint Swollen,SMHB00078,0.0258,0.053532,1
Pain Radiating,SMHB00078,None,None,None
Crushing Pain,SMHB00078,None,None,None
Asthma Attack,SMHB00078,0.012981,0.039733,1
Cough Persistent,SMHB00078,0.002367,0.012274,1
Respiratory Distress,SMHB00078,0.0258,0.053532,1
Painful Swollen Joints,SMHB00078,0.012981,0.039733,1
Pneumonia,SMHB00070,None,None,None
Anosmia,SMHB00070,0.018095,0.046235,1
Cough Productive,SMHB00070,None,None,None
"Sputums, Induced",SMHB00070,None,None,None
Hemoptysis,SMHB00070,None,None,None
Hoarseness,SMHB00070,0.027026,0.054805,1
Disorder Of Smell,SMHB00070,0.018095,0.046235,1
Respiratory Abnormality,SMHB00070,0.035878,0.064462,1
Breast Cyst,SMHB00070,0.009087,0.033209,1
Cough,SMHB00070,None,None,None
Pneumonia Lobar,SMHB00070,None,None,None
Sputum,SMHB00070,None,None,None
Carbuncle,SMHB00070,None,None,None
Asthenia,SMHB00070,None,None,None
Nose Dryness,SMHB00070,0.027026,0.054805,1
Cough Nonproductive,SMHB00070,None,None,None
Parosmia,SMHB00070,0.018095,0.046235,1
"Sports Injury, Nos",SMHB00070,0.009087,0.033209,1
Experimental Lung Inflammation,SMHB00070,None,None,None
King Evil,SMHB00070,None,None,None
Abdomen Distention,SMHB00072,None,None,None
Right Flank Pain,SMHB00072,1.00E-06,1.40E-05,0.017108
Abdominal Tenderness,SMHB00072,0.018607,0.046865,1
 Physical Suffering,SMHB00072,None,None,None
Flank Pain,SMHB00072,1.00E-06,1.40E-05,0.017108
Epistaxis,SMHB00072,0.036875,0.065606,1
Abdominal Pain,SMHB00072,None,None,None
Chest Pain,SMHB00072,0.000893,0.005537,1
Hyperalgia,SMHB00072,None,None,None
Diarrhea,SMHB00072,None,None,None
Pain,SMHB00072,None,None,None
Burning Pain,SMHB00072,None,None,None
 Splitting Pain,SMHB00072,None,None,None
Enterocele,SMHB00072,None,None,None
 Migratory Pain,SMHB00072,None,None,None
Emaciation,SMHB00072,None,None,None
Hernia,SMHB00072,None,None,None
Ache,SMHB00072,None,None,None
 name Dilation,SMHB00072,None,None,None
Left Flank Pain,SMHB00072,1.00E-06,1.40E-05,0.017108
Bloating Feeling,SMHB00072,None,None,None
Pain Radiating,SMHB00072,None,None,None
Crushing Pain,SMHB00072,None,None,None
General Abdominal Pain-Symptom,SMHB00072,0.018607,0.046865,1
Erythematous Condition,SMHB00072,0.036875,0.065606,1
Tongue Ulcer,SMHB00073,None,None,None
 Physical Suffering,SMHB00073,None,None,None
Urologic Disease,SMHB00073,0.021523,0.049159,1
Anasarca,SMHB00073,None,None,None
Amenorrhea,SMHB00073,0.032117,0.060278,1
Edema,SMHB00073,None,None,None
Hyperalgia,SMHB00073,None,None,None
"Amenorrhea, Postpartum",SMHB00073,0.032117,0.060278,1
Pain,SMHB00073,None,None,None
Boredom,SMHB00073,None,None,None
Disorder Of Lactation,SMHB00073,None,None,None
Arthritic Pains,SMHB00073,None,None,None
Burning Pain,SMHB00073,None,None,None
 Splitting Pain,SMHB00073,None,None,None
Discoloration Urine,SMHB00073,3.80E-05,0.000426,0.943863
Discoloration Urine,SMHB00073,3.80E-05,0.000426,0.943863
Urination Frequency,SMHB00073,None,None,None
 Migratory Pain,SMHB00073,None,None,None
Ache,SMHB00073,None,None,None
Lactation Decreased,SMHB00073,None,None,None
Pain Radiating,SMHB00073,None,None,None
Crushing Pain,SMHB00073,None,None,None
Urine Abnormality,SMHB00073,None,None,None
Menopause,SMHB00073,None,None,None
Aphthous Ulcer,SMHB00073,1.00E-06,2.00E-05,0.027753
Urine Rbc,SMHB00073,0.042601,0.07148,1
Oral Ulcer,SMHB00073,None,None,None
Sutton'S Disease,SMHB00073,0.010818,0.036554,1
Abdomen Distention,SMHB00518,0,0,0
Right Flank Pain,SMHB00518,0,9.00E-06,0.010164
Abdominal Tenderness,SMHB00518,0.017309,0.045046,1
 Physical Suffering,SMHB00518,0.033723,0.062057,1
Flank Pain,SMHB00518,0,9.00E-06,0.010164
Abdominal Pain,SMHB00518,0.00303,0.014921,1
Chest Pain,SMHB00518,0.00072,0.004685,1
Diarrhea,SMHB00518,0.009481,0.03422,1
Pain,SMHB00518,0.045607,0.075415,1
Burning Pain,SMHB00518,0.033723,0.062057,1
"Diarrhea, Chronic",SMHB00518,0.000867,0.005402,1
Gastrointestinal Hypermotility,SMHB00518,0.017309,0.045046,1
 Splitting Pain,SMHB00518,0.033723,0.062057,1
 Migratory Pain,SMHB00518,0.033723,0.062057,1
Diarrhea Watery,SMHB00518,0.017309,0.045046,1
 name Dilation,SMHB00518,9.30E-05,0.000886,1
Left Flank Pain,SMHB00518,0,9.00E-06,0.010164
Pain Radiating,SMHB00518,0.033723,0.062057,1
Crushing Pain,SMHB00518,0.033723,0.062057,1
Tenesmus,SMHB00518,0.034325,0.062763,1
General Abdominal Pain-Symptom,SMHB00518,0.017309,0.045046,1
Sharp Headache,SMHB00075,None,None,None
Pharyngolaryngitis,SMHB00075,None,None,None
Larynx,SMHB00075,0.002166,0.011459,1
Laryngopharyngeal Dysaesthesia,SMHB00075,6.20E-05,0.000639,1
Localized; Swelling,SMHB00075,0.003218,0.01572,1
 Physical Suffering,SMHB00075,None,None,None
Cough Productive,SMHB00075,None,None,None
Laryngeal Pain,SMHB00075,0.015145,0.043192,1
"Headache, Periorbital",SMHB00075,None,None,None
Bilateral Headache,SMHB00075,None,None,None
Ocular Headache,SMHB00075,None,None,None
Cyst,SMHB00075,None,None,None
Laryngeal Edema,SMHB00075,None,None,None
Abdominal Pain,SMHB00075,None,None,None
Headache Throbbing,SMHB00075,None,None,None
Dyspnea,SMHB00075,0.030067,0.058016,1
Smarting Of Skin,SMHB00075,0.015145,0.043192,1
Hematoma,SMHB00075,0.030067,0.058016,1
Hyperalgia,SMHB00075,None,None,None
Skin Abscess,SMHB00075,None,None,None
Skin Pain,SMHB00075,0.015145,0.043192,1
Orthostatic Headache,SMHB00075,None,None,None
Pain,SMHB00075,None,None,None
Micturition Disorder,SMHB00075,None,None,None
Cough,SMHB00075,None,None,None
Burning Pain,SMHB00075,None,None,None
 Splitting Pain,SMHB00075,None,None,None
Skin Swelling,SMHB00075,0.030067,0.058016,1
Gasping,SMHB00075,0.044769,0.074169,1
Bronchial Asthma,SMHB00075,None,None,None
 Migratory Pain,SMHB00075,None,None,None
Swelling,SMHB00075,None,None,None
Ache,SMHB00075,None,None,None
Pharynx Disease,SMHB00075,0.030067,0.058016,1
 Generalised Headache,SMHB00075,None,None,None
Tonsillitis,SMHB00075,0.030067,0.058016,1
Throat Tightness,SMHB00075,1.00E-06,2.70E-05,0.037101
Pain Radiating,SMHB00075,None,None,None
Crushing Pain,SMHB00075,None,None,None
Vertex Headache,SMHB00075,None,None,None
"Headache, Retro-Ocular",SMHB00075,None,None,None
Pharyngolaryngeal Pain,SMHB00075,None,None,None
Edema Pharynx,SMHB00075,0.000662,0.00437,1
Asthma Attack,SMHB00075,0.015145,0.043192,1
Cough Persistent,SMHB00075,0.003218,0.01572,1
Headache Unilateral,SMHB00075,None,None,None
Headache,SMHB00075,None,None,None
Respiratory Distress,SMHB00075,0.030067,0.058016,1
Abdomen Distention,SMHB00076,0.04366,0.072788,1
Abdominal Tenderness,SMHB00076,0.011251,0.037373,1
 Physical Suffering,SMHB00076,None,None,None
Abdominal Pain,SMHB00076,None,None,None
Hyperalgia,SMHB00076,None,None,None
Polyarthralgia,SMHB00076,0,2.00E-06,0.002414
Pain,SMHB00076,None,None,None
Arthralgia,SMHB00076,0,0,0.000127
Arthritic Pains,SMHB00076,None,None,None
Burning Pain,SMHB00076,None,None,None
 Splitting Pain,SMHB00076,None,None,None
Enterocele,SMHB00076,None,None,None
 Migratory Pain,SMHB00076,None,None,None
Hernia,SMHB00076,None,None,None
Ache,SMHB00076,None,None,None
Pain Precordial,SMHB00076,1.00E-06,2.30E-05,0.031372
Sprain Of Joint,SMHB00076,0.011251,0.037373,1
Pain Radiating,SMHB00076,None,None,None
Crushing Pain,SMHB00076,None,None,None
General Abdominal Pain-Symptom,SMHB00076,0.011251,0.037373,1
Pharyngolaryngitis,SMHB00079,None,None,None
Blanching Of Skin,SMHB00079,0.026828,0.0547,1
Larynx,SMHB00079,0.006723,0.027543,1
Laryngopharyngeal Dysaesthesia,SMHB00079,0.000347,0.002629,1
Tongue Ulcer,SMHB00079,None,None,None
Localized; Swelling,SMHB00079,0.009911,0.034881,1
 Physical Suffering,SMHB00079,None,None,None
Cough Productive,SMHB00079,None,None,None
Laryngeal Pain,SMHB00079,0.026828,0.0547,1
Catarrh,SMHB00079,None,None,None
Cyst,SMHB00079,None,None,None
Laryngeal Edema,SMHB00079,None,None,None
Trachoma,SMHB00079,None,None,None
Smarting Of Skin,SMHB00079,0.026828,0.0547,1
Hyperalgia,SMHB00079,None,None,None
Diarrhea,SMHB00079,None,None,None
Skin Pain,SMHB00079,0.026828,0.0547,1
Bite Wound Insect,SMHB00079,0.026828,0.0547,1
Pain,SMHB00079,None,None,None
Cough,SMHB00079,None,None,None
Burning Pain,SMHB00079,None,None,None
 Splitting Pain,SMHB00079,None,None,None
 Venomous Bite,SMHB00079,None,None,None
Diarrhea Acute,SMHB00079,0.026828,0.0547,1
 Migratory Pain,SMHB00079,None,None,None
Carbuncle,SMHB00079,None,None,None
Skin Ulcer(S),SMHB00079,None,None,None
Swelling,SMHB00079,None,None,None
Diarrhea Watery,SMHB00079,0.026828,0.0547,1
Coryza,SMHB00079,None,None,None
Ache,SMHB00079,None,None,None
 Urinary Tract Pain,SMHB00079,None,None,None
Throat Tightness,SMHB00079,1.50E-05,0.000203,0.384169
Dysentery,SMHB00079,None,None,None
Snake Venom Causing Toxic Effect,SMHB00079,None,None,None
Pain Radiating,SMHB00079,None,None,None
Crushing Pain,SMHB00079,None,None,None
Common Cold,SMHB00079,None,None,None
Pharyngolaryngeal Pain,SMHB00079,None,None,None
Aphthous Ulcer,SMHB00079,1.80E-05,0.000235,0.456348
Mental Status Altered,SMHB00079,None,None,None
Chills And Fever,SMHB00079,None,None,None
Mental Status Altered,SMHB00079,None,None,None
Chills And Fever,SMHB00079,None,None,None
Edema Pharynx,SMHB00079,0.002089,0.011112,1
Oral Ulcer,SMHB00079,None,None,None
Sutton'S Disease,SMHB00079,0.026828,0.0547,1
Fever,SMHB00079,None,None,None
"Nasal Obstruction, Unilateral",SMHB00077,None,None,None
Sharp Headache,SMHB00077,None,None,None
Right Flank Pain,SMHB00077,0.003676,0.01747,1
"Nasal Obstruction, Bilateral",SMHB00077,None,None,None
Neoplastic Growth,SMHB00077,None,None,None
Numbness,SMHB00077,None,None,None
 Physical Suffering,SMHB00077,None,None,None
Intermittant Vertigo,SMHB00077,None,None,None
"Headache, Periorbital",SMHB00077,None,None,None
Bilateral Headache,SMHB00077,None,None,None
Rheumatism,SMHB00077,None,None,None
Vertigo,SMHB00077,None,None,None
Menstrual Cramp,SMHB00077,None,None,None
Polymenorrhea,SMHB00077,None,None,None
Flank Pain,SMHB00077,0.003676,0.01747,1
Ocular Headache,SMHB00077,None,None,None
Vertigo Postural,SMHB00077,None,None,None
Epigastric Pain,SMHB00077,None,None,None
Petechia,SMHB00077,None,None,None
Vertigo Central Origin,SMHB00077,None,None,None
Abdominal Pain,SMHB00077,None,None,None
 Airway Obstruction Nasal,SMHB00077,None,None,None
Headache Throbbing,SMHB00077,None,None,None
Chest Pain,SMHB00077,None,None,None
Hematoma,SMHB00077,None,None,None
Hyperalgia,SMHB00077,None,None,None
Brain Stem Vertigo,SMHB00077,None,None,None
Nasal Congestion,SMHB00077,None,None,None
Orthostatic Headache,SMHB00077,None,None,None
Numbness Localized,SMHB00077,None,None,None
Crescendo Angina,SMHB00077,None,None,None
Pain,SMHB00077,None,None,None
Menses Abnormal,SMHB00077,None,None,None
Buerger Disease,SMHB00077,None,None,None
Arthritic Pains,SMHB00077,None,None,None
Burning Pain,SMHB00077,None,None,None
 Splitting Pain,SMHB00077,None,None,None
 Essential Vertigo,SMHB00077,None,None,None
Angina Pectoris,SMHB00077,None,None,None
 Migratory Pain,SMHB00077,None,None,None
Oligomenorrhea,SMHB00077,0.014977,0.04302,1
Swelling,SMHB00077,None,None,None
Ache,SMHB00077,None,None,None
 Hypomenorrhea,SMHB00077,None,None,None
 Generalised Headache,SMHB00077,None,None,None
Foreign Body,SMHB00077,None,None,None
 Vertigo Paroxysmal,SMHB00077,None,None,None
Left Flank Pain,SMHB00077,0.003676,0.01747,1
Pain Precordial,SMHB00077,0.000137,0.001233,1
Head Discomfort,SMHB00077,None,None,None
Nuchal Rigidity,SMHB00077,None,None,None
Pain Radiating,SMHB00077,None,None,None
Crushing Pain,SMHB00077,None,None,None
Vertex Headache,SMHB00077,None,None,None
"Headache, Retro-Ocular",SMHB00077,None,None,None
Menopause,SMHB00077,None,None,None
Retrograde Menstruation,SMHB00077,None,None,None
Chills And Fever,SMHB00077,None,None,None
Chills And Fever,SMHB00077,None,None,None
Smarting,SMHB00077,None,None,None
Ecchymoses,SMHB00077,None,None,None
Typhoid Fever,SMHB00077,None,None,None
"Headache, Dull",SMHB00077,None,None,None
Headache Unilateral,SMHB00077,None,None,None
Constant Vertigo,SMHB00077,None,None,None
Peripheral Vertigo,SMHB00077,None,None,None
Headache,SMHB00077,None,None,None
Fever,SMHB00077,None,None,None
Dysuria,SMHB00080,9.00E-06,0.000126,0.2191
Jaundice,SMHB00080,None,None,None
Micturition Disorder,SMHB00080,None,None,None
Carbuncle,SMHB00080,None,None,None
Skin Ulcer(S),SMHB00080,None,None,None
Prostatism,SMHB00080,0.005193,0.022802,1
" Disease Of Vocal Cords, Nos",SMHB00080,None,None,None
Pharyngolaryngeal Pain,SMHB00080,None,None,None
Oral Ulcer,SMHB00080,None,None,None
Rash,SMHB00081,None,None,None
Eczema Asteatotic,SMHB00081,None,None,None
Dry Skin,SMHB00081,None,None,None
Bright Red Blood Per Rectum,SMHB00081,0.034192,0.062682,1
Hemorrhoids,SMHB00081,None,None,None
"Melena
",SMHB00081,7.10E-05,0.000721,1
Vagina,SMHB00081,0.02575,0.053532,1
Diarrhea,SMHB00081,0.020425,0.047987,1
Urinary Tract Stone,SMHB00081,None,None,None
Vaginal Discharge,SMHB00081,0.02575,0.053532,1
"Diarrhea, Chronic",SMHB00081,0.02575,0.053532,1
Uterine Bleeding,SMHB00081,1.90E-05,0.000241,0.470895
Hemorrhage Postpartum,SMHB00081,0.005243,0.022956,1
Hemorrhoid Bleeding,SMHB00081,0.02575,0.053532,1
Dysentery,SMHB00081,0.000576,0.003921,1
Metrorrhagia,SMHB00081,3.00E-05,0.000355,0.749271
Menorrhagia,SMHB00081,0.001456,0.008252,1
Menometrorrhagia,SMHB00081,0.001456,0.008252,1
(leukorrhea Unspecified) Or (vaginal Discharge Nos),SMHB00081,7.10E-05,0.000721,1
Haemorrhage Ant Chamber Eye,SMHB00313,None,None,None
Hemorrhage,SMHB00313,None,None,None
 Physical Suffering,SMHB00313,None,None,None
Hemoptysis,SMHB00313,None,None,None
Mechanical Low Back Pain,SMHB00313,None,None,None
Menstrual Cramp,SMHB00313,None,None,None
Other Conjunctivitis Nos,SMHB00313,0.008654,0.032544,1
Hematuria,SMHB00313,None,None,None
 Recurrent Low Back Pain,SMHB00313,None,None,None
Hematemesis,SMHB00313,None,None,None
Hyperalgia,SMHB00313,None,None,None
Diarrhea,SMHB00313,None,None,None
Nocturia,SMHB00313,None,None,None
Pain,SMHB00313,None,None,None
Burning Pain,SMHB00313,None,None,None
 Splitting Pain,SMHB00313,None,None,None
 Stool Loose,SMHB00313,None,None,None
Postural Low Back Pain,SMHB00313,None,None,None
Eye Hemorrhage,SMHB00313,0.017237,0.045046,1
 Migratory Pain,SMHB00313,None,None,None
Blood Urine Present,SMHB00313,None,None,None
Swelling,SMHB00313,None,None,None
Ache,SMHB00313,None,None,None
Enuresis,SMHB00313,None,None,None
Dysentery,SMHB00313,None,None,None
Metrorrhagia,SMHB00313,None,None,None
Pain Radiating,SMHB00313,None,None,None
Crushing Pain,SMHB00313,None,None,None
Posterior Compartment Low Back Pain,SMHB00313,None,None,None
Menopause,SMHB00313,None,None,None
Smarting,SMHB00313,None,None,None
Urine Rbc,SMHB00313,None,None,None
Tenesmus,SMHB00313,None,None,None
Abnormal Stools,SMHB00313,None,None,None
Binocular Eye Pain,SMHB00313,0.000212,0.001766,1
Bloody Diarrhea,SMHB00313,0.017237,0.045046,1
Chyluria; Nonfilarial,SMHB00313,0.008654,0.032544,1
Essential Hypertension,SMHB00313,0.017237,0.045046,1
Nephritis,SMHB00313,0.017237,0.045046,1
Dyssomnia,SMHB00690,0.026654,0.054547,1
Insomnia,SMHB00690,1.00E-06,1.70E-05,0.022389
Sleep Difficult,SMHB00690,0.013414,0.040487,1
Complete Deafness,SMHB00690,0.013414,0.040487,1
Subwakefullness Syndromes,SMHB00690,0.026654,0.054547,1
 Acquired Deafness,SMHB00690,0.013414,0.040487,1
Transitory Deafness,SMHB00690,0.013414,0.040487,1
 Crackling Sound In Ear,SMHB00690,0.013414,0.040487,1
Asthenopia,SMHB00690,0.013414,0.040487,1
Dyspnea,SMHB00690,0.026654,0.054547,1
Tinnitus,SMHB00690,0.026654,0.054547,1
Increased Diastolic Blood Pressure,SMHB00690,0.013414,0.040487,1
Tensor Palatini Induced Tinnitus,SMHB00690,0.013414,0.040487,1
Subjective Tinnitus,SMHB00690,0.013414,0.040487,1
Blurred Vision,SMHB00690,4.30E-05,0.000467,1
Noise-Induced Tinnitus,SMHB00690,0.013414,0.040487,1
Spontaneous Oto Acoustic Emission Tinnitus,SMHB00690,0.013414,0.040487,1
Objective Tinnitus,SMHB00690,0.013414,0.040487,1
 Orthostasis,SMHB00690,0,8.00E-06,0.009686
 Long Sleeper Syndrome,SMHB00690,0.026654,0.054547,1
Lightheadedness,SMHB00690,0,0,0.000419
Gasping,SMHB00690,0.039722,0.068318,1
Bronchial Asthma,SMHB00690,0.016406,0.044013,1
Tinnitus Of Vascular Origin,SMHB00690,0.013414,0.040487,1
Dizziness,SMHB00690,1.00E-06,1.70E-05,0.022389
 Sleep-Related Neurogenic Tachypnoea,SMHB00690,0.026654,0.054547,1
Short-Sleeper,SMHB00690,0.026654,0.054547,1
Impaired Visual Acuity,SMHB00690,0.026654,0.054547,1
Prelingual Deafness,SMHB00690,0.013414,0.040487,1
 Ear Clicking Sound,SMHB00690,0.013414,0.040487,1
Sleep Disorder,SMHB00690,0.001028,0.006237,1
Deafness,SMHB00690,0.013414,0.040487,1
High Systolic Arterial Pulse Pressure,SMHB00690,0.013414,0.040487,1
Extreme Hearing Loss,SMHB00690,0.013414,0.040487,1
Pulsatile Tinnitus,SMHB00690,0.013414,0.040487,1
Blood Pressure Elevation,SMHB00690,0.013414,0.040487,1
Vision Dim,SMHB00690,0.003508,0.016797,1
Poor Quality Sleep,SMHB00690,0.013414,0.040487,1
Respiratory Distress,SMHB00690,0.026654,0.054547,1
Dyssomnia,SMHB00604,0.041965,0.070815,1
Right Flank Pain,SMHB00604,2.00E-06,3.00E-05,0.043246
Insomnia,SMHB00604,6.00E-06,8.80E-05,0.147932
Tongue Swelling,SMHB00604,0.041965,0.070815,1
Mechanical Low Back Pain,SMHB00604,0,0,1.00E-06
Auditory Dysesthesia,SMHB00604,0.021203,0.04873,1
Flank Pain,SMHB00604,2.00E-06,3.00E-05,0.043246
Subwakefullness Syndromes,SMHB00604,0.041965,0.070815,1
Tongue Edema,SMHB00604,0.021203,0.04873,1
 Recurrent Low Back Pain,SMHB00604,0,0,1.00E-06
Dreams,SMHB00604,0.041965,0.070815,1
Distorted Hearing,SMHB00604,0.021203,0.04873,1
Knee(S) Pain,SMHB00604,0.001304,0.007513,1
 Long Sleeper Syndrome,SMHB00604,0.041965,0.070815,1
Loin Pain,SMHB00604,3.00E-06,4.30E-05,0.064404
Postural Low Back Pain,SMHB00604,0,0,1.00E-06
 Sleep-Related Neurogenic Tachypnoea,SMHB00604,0.041965,0.070815,1
Short-Sleeper,SMHB00604,0.041965,0.070815,1
Bad Dream,SMHB00604,0.041965,0.070815,1
Sleep Disorder,SMHB00604,0.002572,0.013112,1
Aphagia,SMHB00604,0.021203,0.04873,1
Asthenia,SMHB00604,0,0,6.00E-06
Paracusia,SMHB00604,0.021203,0.04873,1
Nightmares,SMHB00604,0.001304,0.007513,1
Left Flank Pain,SMHB00604,2.00E-06,3.00E-05,0.043246
Hearing Disorder,SMHB00604,0.021203,0.04873,1
Loss Of Appetite,SMHB00604,0.021203,0.04873,1
Posterior Compartment Low Back Pain,SMHB00604,0,0,1.00E-06
Poor Quality Sleep,SMHB00604,0.021203,0.04873,1
Cough Persistent,SMHB00604,0.006258,0.026133,1
Decreased Appetite,SMHB00604,0.000688,0.0045,1
Abdomen Distention,SMHB00082,0.017465,0.045362,1
Right Flank Pain,SMHB00082,None,None,None
Diabetes Mellitus,SMHB00082,None,None,None
Abdominal Tenderness,SMHB00082,0.006923,0.027968,1
 Physical Suffering,SMHB00082,None,None,None
Hyperphagia,SMHB00082,None,None,None
Catarrh,SMHB00082,0.001573,0.008827,1
Mechanical Low Back Pain,SMHB00082,None,None,None
 Zoophaginae,SMHB00082,0.006923,0.027968,1
Flank Pain,SMHB00082,None,None,None
Subwakefullness Syndromes,SMHB00082,None,None,None
 Recurrent Low Back Pain,SMHB00082,None,None,None
Abdominal Pain,SMHB00082,0.006989,0.028165,1
Hyperalgia,SMHB00082,None,None,None
Virus,SMHB00082,0.006923,0.027968,1
Animal Virus,SMHB00082,0.006923,0.027968,1
Urinary Tract Stone,SMHB00082,None,None,None
Pain,SMHB00082,None,None,None
Polyuria,SMHB00082,None,None,None
Burning Pain,SMHB00082,None,None,None
 Long Sleeper Syndrome,SMHB00082,None,None,None
 Splitting Pain,SMHB00082,None,None,None
Arbovirus,SMHB00082,None,None,None
Abdomen Discomfort,SMHB00082,0.040872,0.069693,1
Arbovirus,SMHB00082,None,None,None
Loin Pain,SMHB00082,None,None,None
Postural Low Back Pain,SMHB00082,None,None,None
Thirst,SMHB00082,None,None,None
 Migratory Pain,SMHB00082,None,None,None
 Sleep-Related Neurogenic Tachypnoea,SMHB00082,None,None,None
Emaciation,SMHB00082,None,None,None
Short-Sleeper,SMHB00082,None,None,None
Lassitude,SMHB00082,None,None,None
Coryza,SMHB00082,0.001959,0.010514,1
Ache,SMHB00082,None,None,None
Sleep Disorder,SMHB00082,None,None,None
Polydipsia,SMHB00082,None,None,None
Asthenia,SMHB00082,None,None,None
Left Flank Pain,SMHB00082,None,None,None
Pain Radiating,SMHB00082,None,None,None
Crushing Pain,SMHB00082,None,None,None
Posterior Compartment Low Back Pain,SMHB00082,None,None,None
Common Cold,SMHB00082,0.001959,0.010514,1
General Abdominal Pain-Symptom,SMHB00082,0.006923,0.027968,1
Multiple Sores On Skin,SMHB00082,0.000925,0.005699,1
Right Flank Pain,SMHB00083,None,None,None
Mechanical Low Back Pain,SMHB00083,None,None,None
Flank Pain,SMHB00083,None,None,None
Oral Dyskinesia,SMHB00083,None,None,None
Petechia,SMHB00083,None,None,None
 Recurrent Low Back Pain,SMHB00083,None,None,None
Abdominal Pain,SMHB00083,None,None,None
Emesis,SMHB00083,None,None,None
Ascites,SMHB00083,None,None,None
Respiratory Abnormality,SMHB00083,None,None,None
Malaise And Fatigue,SMHB00083,None,None,None
 Skin Scaly,SMHB00083,0.004323,0.019882,1
Loin Pain,SMHB00083,None,None,None
Postural Low Back Pain,SMHB00083,None,None,None
Lassitude,SMHB00083,None,None,None
Status Marmoratus,SMHB00083,None,None,None
Left Flank Pain,SMHB00083,None,None,None
Abdomen Tumor,SMHB00083,None,None,None
Movement Disorder,SMHB00083,None,None,None
Posterior Compartment Low Back Pain,SMHB00083,None,None,None
Vision Dim,SMHB00083,None,None,None
Chills And Fever,SMHB00083,None,None,None
Chills And Fever,SMHB00083,None,None,None
Purpura,SMHB00083,None,None,None
Acne,SMHB00083,0.006479,0.026685,1
Orofacial Dyskinesia,SMHB00083,None,None,None
Leprosy,SMHB00083,0.004323,0.019882,1
Rosacea,SMHB00083,0.002164,0.011453,1
Syphilis,SMHB00083,0.004323,0.019882,1
Sharp Headache,SMHB00085,None,None,None
Haemorrhage Ant Chamber Eye,SMHB00085,None,None,None
Erythrosis,SMHB00085,0.043704,0.072788,1
Neoplastic Growth,SMHB00085,None,None,None
Hemorrhage,SMHB00085,None,None,None
Abdominal Tenderness,SMHB00085,0.043704,0.072788,1
Constipation,SMHB00085,None,None,None
 Physical Suffering,SMHB00085,None,None,None
Gastric Disorder,SMHB00085,None,None,None
"Headache, Periorbital",SMHB00085,None,None,None
Bilateral Headache,SMHB00085,None,None,None
Other Conjunctivitis Nos,SMHB00085,0.043704,0.072788,1
Anterior Cervical Pains,SMHB00085,0.043704,0.072788,1
Ocular Headache,SMHB00085,None,None,None
Xerostomia,SMHB00085,None,None,None
Soft Tissue Injury,SMHB00085,0.001892,0.010236,1
Anasarca,SMHB00085,None,None,None
Hot Flash,SMHB00085,None,None,None
Amenorrhea,SMHB00085,None,None,None
 Red,SMHB00085,0.043704,0.072788,1
Biliary And Gallbladder Disorder,SMHB00085,0.043704,0.072788,1
Abdominal Pain,SMHB00085,None,None,None
Hematemesis,SMHB00085,None,None,None
Headache Throbbing,SMHB00085,None,None,None
Caustic Injury,SMHB00085,None,None,None
Edema,SMHB00085,None,None,None
Hyperalgia,SMHB00085,None,None,None
Diarrhea,SMHB00085,None,None,None
"Amenorrhea, Postpartum",SMHB00085,None,None,None
Joint Dislocation,SMHB00085,0.043704,0.072788,1
Orthostatic Headache,SMHB00085,None,None,None
Jaundice,SMHB00085,None,None,None
Pain,SMHB00085,None,None,None
"Cervical Pain, Posterior",SMHB00085,0.043704,0.072788,1
Unresponsive To Stimuli,SMHB00085,0.043704,0.072788,1
Buerger Disease,SMHB00085,0.043704,0.072788,1
Blood Disorder,SMHB00085,None,None,None
Boredom,SMHB00085,None,None,None
Burning Pain,SMHB00085,None,None,None
 Splitting Pain,SMHB00085,None,None,None
Discoloration Urine,SMHB00085,0.002495,0.012823,1
Discoloration Urine,SMHB00085,0.002495,0.012823,1
Lightheadedness,SMHB00085,None,None,None
Urination Frequency,SMHB00085,None,None,None
Thirst,SMHB00085,None,None,None
 Migratory Pain,SMHB00085,None,None,None
Carbuncle,SMHB00085,None,None,None
Thermal Energy,SMHB00085,None,None,None
Emaciation,SMHB00085,None,None,None
Joint Stiffness,SMHB00085,0.043704,0.072788,1
Skin Ulcer(S),SMHB00085,None,None,None
Swelling,SMHB00085,None,None,None
Ache,SMHB00085,None,None,None
 Parotid Disease,SMHB00085,0.043704,0.072788,1
Nodule Subcutaneous,SMHB00085,0.043704,0.072788,1
Scald,SMHB00085,0.001892,0.010236,1
Eyelid Irritation,SMHB00085,0.043704,0.072788,1
 Generalised Headache,SMHB00085,None,None,None
 Face Injury,SMHB00085,0.043704,0.072788,1
Defecation Pain,SMHB00085,None,None,None
Second Degree Burn,SMHB00085,0.043704,0.072788,1
Colonic Inertia,SMHB00085,None,None,None
Dysentery,SMHB00085,None,None,None
Dyspepsia,SMHB00085,None,None,None
Eye Blood Shot,SMHB00085,None,None,None
Pain Radiating,SMHB00085,None,None,None
Crushing Pain,SMHB00085,None,None,None
Urine Abnormality,SMHB00085,None,None,None
Vertex Headache,SMHB00085,None,None,None
"Headache, Retro-Ocular",SMHB00085,None,None,None
Menopause,SMHB00085,None,None,None
Hemorrhages Symptoms,SMHB00085,None,None,None
" Disease Of Vocal Cords, Nos",SMHB00085,0.010713,0.036554,1
Neck Pain,SMHB00085,0.043704,0.072788,1
Dry Tongue,SMHB00085,None,None,None
Edema Pharynx,SMHB00085,0.005514,0.023962,1
General Abdominal Pain-Symptom,SMHB00085,0.043704,0.072788,1
"Headache, Dull",SMHB00085,None,None,None
Gingival Pain,SMHB00085,None,None,None
Headache Unilateral,SMHB00085,None,None,None
Headache,SMHB00085,None,None,None
Abnormal Stools,SMHB00085,None,None,None
Hot Temperature,SMHB00085,None,None,None
Burn Injury,SMHB00085,0.00076,0.004905,1
Jaundice (excl Neonatal),SMHB00085,0.043704,0.072788,1
Localized; Swelling,SMHB00510,0.003218,0.01572,1
Abscess Gum,SMHB00510,0.000223,0.001837,1
Eye Pain,SMHB00510,0.001312,0.007525,1
Other Conjunctivitis Nos,SMHB00510,0.015145,0.043192,1
Toothache,SMHB00510,6.20E-05,0.000639,1
Gingivitis,SMHB00510,0.000223,0.001837,1
Smarting Of Skin,SMHB00510,0.015145,0.043192,1
Hematoma,SMHB00510,0.030067,0.058016,1
Skin Pain,SMHB00510,0.015145,0.043192,1
Gingival Swelling,SMHB00510,1.30E-05,0.00017,0.312611
Bronchiectasis,SMHB00510,0.000223,0.001837,1
 Gingival Edema,SMHB00510,0.000223,0.001837,1
Skin Swelling,SMHB00510,0.030067,0.058016,1
Ocular Discomfort,SMHB00510,0.003218,0.01572,1
Urethra Hemorrhage,SMHB00510,0.015145,0.043192,1
Ache,SMHB00510,0.04621,0.075811,1
Nodule Subcutaneous,SMHB00510,0.015145,0.043192,1
Sore Eye,SMHB00510,0.030067,0.058016,1
Gingiva Hemorrhage,SMHB00510,0.030067,0.058016,1
Lips Bleeding,SMHB00510,0.015145,0.043192,1
Eye Blood Shot,SMHB00510,0.044769,0.074169,1
Vaginal Bleeding,SMHB00510,0.015145,0.043192,1
Dental Abscess,SMHB00510,0.015145,0.043192,1
Abnormal Ejaculation,SMHB00510,0.030067,0.058016,1
Vulvar Abscess,SMHB00510,0.015145,0.043192,1
 Vulvar Abscess,SMHB00510,0.015145,0.043192,1
Gingival Pain,SMHB00510,0.044769,0.074169,1
Gastric Ulcer Bleeding,SMHB00510,0.015145,0.043192,1
Swelling Round Eyes: [periorbital Edema],SMHB00510,0.015145,0.043192,1
Tingling Gingival,SMHB00510,0.015145,0.043192,1
Rash,SMHB00087,None,None,None
Deglutitional Syncope,SMHB00087,None,None,None
Sharp Headache,SMHB00087,None,None,None
Larynx,SMHB00087,None,None,None
Pneumonia,SMHB00087,None,None,None
Right Flank Pain,SMHB00087,None,None,None
Localized; Swelling,SMHB00087,None,None,None
 Physical Suffering,SMHB00087,None,None,None
Cough Productive,SMHB00087,None,None,None
Presyncope,SMHB00087,None,None,None
"Headache, Periorbital",SMHB00087,None,None,None
Bilateral Headache,SMHB00087,None,None,None
Flank Pain,SMHB00087,None,None,None
Ocular Headache,SMHB00087,None,None,None
Parotid Enlargement,SMHB00087,0.000263,0.002095,1
Cyst,SMHB00087,None,None,None
Facial Paresthesia,SMHB00087,0.016443,0.044013,1
Stokes-Adams Syncope,SMHB00087,None,None,None
Comedome,SMHB00087,0.048543,0.078022,1
Headache Throbbing,SMHB00087,None,None,None
Syncope Cough,SMHB00087,None,None,None
Hyperventilation Syncope,SMHB00087,None,None,None
Erysipelas,SMHB00087,None,None,None
Hyperalgia,SMHB00087,None,None,None
Syncope Exertional,SMHB00087,None,None,None
Orthostatic Headache,SMHB00087,None,None,None
Hyperpyrexia,SMHB00087,None,None,None
Syncope Cardiac,SMHB00087,None,None,None
Jaundice,SMHB00087,None,None,None
Pain,SMHB00087,None,None,None
Cough,SMHB00087,None,None,None
Burning Pain,SMHB00087,None,None,None
 Splitting Pain,SMHB00087,None,None,None
Syncope Postural,SMHB00087,None,None,None
Injuries Wounds,SMHB00087,None,None,None
Mumps,SMHB00087,None,None,None
Bronchial Asthma,SMHB00087,None,None,None
Syncopal Vertigo,SMHB00087,None,None,None
Pneumonia Lobar,SMHB00087,None,None,None
Furunculosis,SMHB00087,0.048543,0.078022,1
Macula,SMHB00087,None,None,None
 Migratory Pain,SMHB00087,None,None,None
Carbuncle,SMHB00087,None,None,None
Thermal Energy,SMHB00087,None,None,None
Convulsive Syncope,SMHB00087,None,None,None
Dental Discomfort,SMHB00087,0.016443,0.044013,1
Carotid Sinus Syncope,SMHB00087,None,None,None
Swelling,SMHB00087,None,None,None
Ache,SMHB00087,None,None,None
Syncope Micturition,SMHB00087,None,None,None
 Parotid Disease,SMHB00087,0.016443,0.044013,1
Nervousness,SMHB00087,None,None,None
Breast Tenderness,SMHB00087,None,None,None
 Generalised Headache,SMHB00087,None,None,None
Left Flank Pain,SMHB00087,None,None,None
Syncopal Episode,SMHB00087,None,None,None
Obnubilation,SMHB00087,1.00E-06,1.70E-05,0.022612
Syncope,SMHB00087,None,None,None
Pain Radiating,SMHB00087,None,None,None
Situational Syncope,SMHB00087,None,None,None
Crushing Pain,SMHB00087,None,None,None
Hypervigilance,SMHB00087,None,None,None
Vertex Headache,SMHB00087,None,None,None
"Headache, Retro-Ocular",SMHB00087,None,None,None
Blotchy Rash,SMHB00087,0.016443,0.044013,1
Earache,SMHB00087,None,None,None
Chills And Fever,SMHB00087,None,None,None
Chills And Fever,SMHB00087,None,None,None
Anxiety,SMHB00087,None,None,None
Experimental Lung Inflammation,SMHB00087,None,None,None
"Headache, Dull",SMHB00087,None,None,None
Headache Unilateral,SMHB00087,None,None,None
Headache,SMHB00087,None,None,None
Acne,SMHB00087,0.048543,0.078022,1
Hot Temperature,SMHB00087,None,None,None
Fever,SMHB00087,None,None,None
Trichophytosis,SMHB00088,None,None,None
Heaviness Of Head,SMHB00088,None,None,None
Tinea,SMHB00088,None,None,None
Behavior Disorder,SMHB00088,0.01036,0.03576,1
Dyspnea,SMHB00088,None,None,None
Diarrhea,SMHB00088,None,None,None
 Liver Pain,SMHB00088,None,None,None
Tinea Corporis,SMHB00088,None,None,None
Boredom,SMHB00088,None,None,None
Cough,SMHB00088,None,None,None
"Diarrhea, Chronic",SMHB00088,0.015504,0.043506,1
Tuberculosis,SMHB00088,None,None,None
Diarrhea Acute,SMHB00088,0.005193,0.022802,1
Carbuncle,SMHB00088,None,None,None
Skin Ulcer(S),SMHB00088,None,None,None
Diarrhea Watery,SMHB00088,0.005193,0.022802,1
Epidermophytosis,SMHB00088,None,None,None
Dysentery,SMHB00088,None,None,None
Multiple Sores On Skin,SMHB00088,0.035832,0.064462,1
Pulse Weakness,SMHB00090,0.000137,0.001235,1
Renal Agenesis,SMHB00090,0.016443,0.044013,1
Developmental Delay,SMHB00090,0.016443,0.044013,1
Diarrhea,SMHB00090,0.008217,0.031456,1
Tongue Disorder,SMHB00090,0.008815,0.033057,1
Eating Disorder,SMHB00090,0.000782,0.004971,1
 Stool Loose,SMHB00090,None,None,None
Anorexia,SMHB00090,0.002553,0.013057,1
Sweating,SMHB00090,0.048543,0.078022,1
Speech Disorder,SMHB00090,0.016443,0.044013,1
Sweat,SMHB00090,0.048543,0.078022,1
 Appetite Disorder,SMHB00090,0.048543,0.078022,1
Asthenia,SMHB00090,None,None,None
Loss Of Appetite,SMHB00090,0.016443,0.044013,1
Stridor,SMHB00090,0.032623,0.06074,1
Decreased Appetite,SMHB00090,None,None,None
Anal Sphincter Atony,SMHB00090,0.016443,0.044013,1
Somatization Disorder,SMHB00090,0.032623,0.06074,1
Abdomen Distention,SMHB00509,0.010563,0.036261,1
Blanching Of Skin,SMHB00509,0.015578,0.043506,1
Heavy Feeling,SMHB00509,0.000236,0.001923,1
Heaviness Of Head,SMHB00509,0.030919,0.058607,1
Catarrh,SMHB00509,0.007931,0.030744,1
Dysuria,SMHB00509,0.000274,0.002165,1
Limb Discomfort,SMHB00509,1.00E-06,1.40E-05,0.01807
Sweating Decreased,SMHB00509,0.015578,0.043506,1
Coryza,SMHB00509,0.009818,0.034881,1
Prostatism,SMHB00509,0.015578,0.043506,1
Common Cold,SMHB00509,0.009818,0.034881,1
Chills And Fever,SMHB00509,0.001124,0.006665,1
Chest Symptom Heaviness,SMHB00509,0.000201,0.001691,1
Chest Symptom Heaviness,SMHB00509,0.000201,0.001691,1
Chills And Fever,SMHB00509,0.001124,0.006665,1
Extremity Paresthesia,SMHB00509,0.000184,0.001567,1
Fever,SMHB00509,7.90E-05,0.000785,1
Abdomen Distention,SMHB00084,None,None,None
Anasarca,SMHB00084,None,None,None
Dysuria,SMHB00084,0.000274,0.002165,1
Edema,SMHB00084,None,None,None
Pneumatosis,SMHB00084,0.015578,0.043506,1
Waxy Flexibility,SMHB00084,None,None,None
Orofacial Oedema,SMHB00084,0.015578,0.043506,1
Micturition Disorder,SMHB00084,None,None,None
Hand Swelling,SMHB00084,0.015578,0.043506,1
Flatulence,SMHB00084,None,None,None
Catalepsy,SMHB00084,None,None,None
Swelling,SMHB00084,None,None,None
Change In Bowel Habits,SMHB00084,0.030919,0.058607,1
Enuresis,SMHB00084,None,None,None
Sweating Sickness,SMHB00084,0.046028,0.075628,1
Prostatism,SMHB00084,0.015578,0.043506,1
Defecation Pain,SMHB00084,None,None,None
 name Dilation,SMHB00084,None,None,None
Bloating Feeling,SMHB00084,None,None,None
Abnormal Stools,SMHB00084,0.000526,0.003657,1
Beriberi,SMHB00084,None,None,None
Abdomen Distention,SMHB00092,0,2.00E-06,0.002478
Abdominal Tenderness,SMHB00092,0.01428,0.041556,1
 Physical Suffering,SMHB00092,0.023527,0.051684,1
Gastric Disorder,SMHB00092,0.028361,0.05602,1
Vomiting Neonatal,SMHB00092,0.01428,0.041556,1
"Sputums, Induced",SMHB00092,None,None,None
No Vomiting,SMHB00092,0.028361,0.05602,1
Induration Of Breast,SMHB00092,None,None,None
Tongue Burning Sensation,SMHB00092,None,None,None
Emesis,SMHB00092,2.30E-05,0.000278,0.558657
Pain,SMHB00092,0.032005,0.060278,1
Eating Disorder,SMHB00092,0.042248,0.07105,1
Cough,SMHB00092,None,None,None
Burning Pain,SMHB00092,0.023527,0.051684,1
Nausea,SMHB00092,0.042248,0.07105,1
 Splitting Pain,SMHB00092,0.023527,0.051684,1
Pseudocomas,SMHB00092,None,None,None
Retching,SMHB00092,None,None,None
Pseudocomas,SMHB00092,None,None,None
Retching,SMHB00092,None,None,None
Sputum,SMHB00092,None,None,None
 Migratory Pain,SMHB00092,0.023527,0.051684,1
Pelvis Tumor,SMHB00092,None,None,None
Ache,SMHB00092,0.041501,0.070343,1
Migraine,SMHB00092,None,None,None
 name Dilation,SMHB00092,5.20E-05,0.000548,1
Aphagia,SMHB00092,0.01428,0.041556,1
 Stomach Discomfort,SMHB00092,0.01849,0.046841,1
Loss Of Appetite,SMHB00092,0.01428,0.041556,1
Tongue Pain,SMHB00092,None,None,None
Hemorrhage Of Pregnancy,SMHB00092,None,None,None
Pain Radiating,SMHB00092,0.023527,0.051684,1
Crushing Pain,SMHB00092,0.023527,0.051684,1
Hyperexcitation,SMHB00092,None,None,None
 Hyperexcitation,SMHB00092,None,None,None
General Abdominal Pain-Symptom,SMHB00092,0.01428,0.041556,1
Decreased Appetite,SMHB00092,0.00021,0.00175,1
Sharp Headache,SMHB00086,None,None,None
Haemorrhage Ant Chamber Eye,SMHB00086,None,None,None
Hemorrhage,SMHB00086,None,None,None
"Headache, Periorbital",SMHB00086,None,None,None
Bilateral Headache,SMHB00086,None,None,None
Bright Red Blood Per Rectum,SMHB00086,None,None,None
Ocular Headache,SMHB00086,None,None,None
Hematemesis,SMHB00086,None,None,None
Headache Throbbing,SMHB00086,None,None,None
"Melena
",SMHB00086,8.70E-05,0.000842,1
Vagina,SMHB00086,None,None,None
Orthostatic Headache,SMHB00086,None,None,None
Sarcoidosis,SMHB00086,None,None,None
Contusion,SMHB00086,0.04674,0.076544,1
Bronchiectasis,SMHB00086,8.70E-05,0.000842,1
Urethra Hemorrhage,SMHB00086,None,None,None
Carbuncle,SMHB00086,None,None,None
Uterine Bleeding,SMHB00086,0,5.00E-06,0.005254
Hemorrhage Postpartum,SMHB00086,0.006335,0.026404,1
Skin Ulcer(S),SMHB00086,None,None,None
 Generalised Headache,SMHB00086,None,None,None
Hemorrhoid Bleeding,SMHB00086,0.0283,0.05602,1
Lips Bleeding,SMHB00086,0.00952,0.03422,1
Metrorrhagia,SMHB00086,None,None,None
Vertex Headache,SMHB00086,None,None,None
"Headache, Retro-Ocular",SMHB00086,None,None,None
Facial Pallor,SMHB00086,None,None,None
Vaginal Bleeding,SMHB00086,0.00952,0.03422,1
Menorrhagia,SMHB00086,0.001766,0.009674,1
Menometrorrhagia,SMHB00086,0.001766,0.009674,1
Headache Unilateral,SMHB00086,None,None,None
Gastric Ulcer Bleeding,SMHB00086,0.00952,0.03422,1
Headache,SMHB00086,None,None,None
Bright Red Blood Per Rectum,SMHB00511,0.032504,0.06074,1
"Melena
",SMHB00511,6.40E-05,0.000658,1
Contusion,SMHB00511,0.040472,0.069195,1
Bronchiectasis,SMHB00511,6.40E-05,0.000658,1
Urethra Hemorrhage,SMHB00511,0.008222,0.031456,1
Uterine Bleeding,SMHB00511,0,3.00E-06,0.002793
Hemorrhage Postpartum,SMHB00511,0.004734,0.021453,1
Hemorrhoid Bleeding,SMHB00511,0.024473,0.052525,1
Lips Bleeding,SMHB00511,0.008222,0.031456,1
Metrorrhagia,SMHB00511,2.60E-05,0.000309,0.637921
Vaginal Bleeding,SMHB00511,0.008222,0.031456,1
Menorrhagia,SMHB00511,0.001313,0.007525,1
Menometrorrhagia,SMHB00511,0.001313,0.007525,1
Gastric Ulcer Bleeding,SMHB00511,0.008222,0.031456,1
Dyssomnia,SMHB00094,0.000388,0.002844,1
Abdomen Distention,SMHB00094,None,None,None
Sharp Headache,SMHB00094,None,None,None
Insomnia,SMHB00094,5.00E-06,7.00E-05,0.114297
Anosmia,SMHB00094,0.039422,0.067979,1
 Physical Suffering,SMHB00094,None,None,None
Heaviness Of Head,SMHB00094,0.039422,0.067979,1
Catarrh,SMHB00094,None,None,None
"Headache, Periorbital",SMHB00094,None,None,None
Bilateral Headache,SMHB00094,None,None,None
Ocular Headache,SMHB00094,None,None,None
Subwakefullness Syndromes,SMHB00094,None,None,None
Irritability,SMHB00094,0.001148,0.006788,1
Headache Throbbing,SMHB00094,None,None,None
Hyperalgia,SMHB00094,None,None,None
Radiculopathy,SMHB00094,0.019905,0.04715,1
Orthostatic Headache,SMHB00094,None,None,None
Disorder Of Smell,SMHB00094,0.039422,0.067979,1
Nerve Root Disorder,SMHB00094,0.019905,0.04715,1
Pain,SMHB00094,None,None,None
Boredom,SMHB00094,None,None,None
Dryness Vaginal,SMHB00094,None,None,None
Petechiae Oral Mucosa,SMHB00094,None,None,None
Burning Pain,SMHB00094,None,None,None
 Long Sleeper Syndrome,SMHB00094,None,None,None
 Splitting Pain,SMHB00094,None,None,None
Pigmentation,SMHB00094,None,None,None
Pigmentation,SMHB00094,None,None,None
"Neuralgia, Sluder",SMHB00094,0.019905,0.04715,1
Cervical Radiculopathy,SMHB00094,0.019905,0.04715,1
Trigeminal Autonomic Cephalgia,SMHB00094,0.019905,0.04715,1
 Migratory Pain,SMHB00094,None,None,None
 Sleep-Related Neurogenic Tachypnoea,SMHB00094,None,None,None
Nerve Root Pain,SMHB00094,0.019905,0.04715,1
Short-Sleeper,SMHB00094,None,None,None
Neuralgia Facial,SMHB00094,0.019905,0.04715,1
Coryza,SMHB00094,None,None,None
Ache,SMHB00094,None,None,None
Sleep Disorder,SMHB00094,None,None,None
 Generalised Headache,SMHB00094,None,None,None
Asthenia,SMHB00094,None,None,None
"Avulsion, Nerve Root",SMHB00094,0.019905,0.04715,1
Pain Radiating,SMHB00094,None,None,None
Crushing Pain,SMHB00094,None,None,None
Parosmia,SMHB00094,0.039422,0.067979,1
Vertex Headache,SMHB00094,None,None,None
"Headache, Retro-Ocular",SMHB00094,None,None,None
Common Cold,SMHB00094,None,None,None
Compression Nerve Root,SMHB00094,0.019905,0.04715,1
Chest Symptom Heaviness,SMHB00094,None,None,None
Chest Symptom Heaviness,SMHB00094,None,None,None
Ecchymoses,SMHB00094,None,None,None
"Headache, Dull",SMHB00094,None,None,None
Poor Quality Sleep,SMHB00094,0.019905,0.04715,1
Headache Unilateral,SMHB00094,None,None,None
Radiculitis,SMHB00094,0.019905,0.04715,1
Tenderness,SMHB00094,0.039422,0.067979,1
Myofacial Pain Syndrome,SMHB00094,0.019905,0.04715,1
Headache,SMHB00094,None,None,None
Abnormal Stools,SMHB00094,0.01902,0.04715,1
Insomnia Adverse Event,SMHB00094,0.019905,0.04715,1
Transient Insomnia,SMHB00094,0.019905,0.04715,1
Dyssomnia,SMHB00093,0.002499,0.012836,1
Right Flank Pain,SMHB00093,None,None,None
Chest Wall Pain,SMHB00093,None,None,None
Insomnia,SMHB00093,0.000188,0.001592,1
Neoplastic Growth,SMHB00093,None,None,None
 Physical Suffering,SMHB00093,None,None,None
Tongue Swelling,SMHB00093,0.002499,0.012836,1
Menstrual Cramp,SMHB00093,None,None,None
Polymenorrhea,SMHB00093,None,None,None
Flank Pain,SMHB00093,None,None,None
Epigastric Pain,SMHB00093,None,None,None
Abdominal Pain,SMHB00093,0.026123,0.053977,1
Chest Pain,SMHB00093,None,None,None
Hematoma,SMHB00093,None,None,None
Hyperalgia,SMHB00093,None,None,None
Palpitation(S),SMHB00093,None,None,None
Crescendo Angina,SMHB00093,None,None,None
Pain,SMHB00093,None,None,None
Respiratory Abnormality,SMHB00093,None,None,None
Menses Abnormal,SMHB00093,None,None,None
Boredom,SMHB00093,None,None,None
Tongue Discoloration,SMHB00093,None,None,None
Burning Pain,SMHB00093,None,None,None
 Splitting Pain,SMHB00093,None,None,None
Angina Pectoris,SMHB00093,None,None,None
 Migratory Pain,SMHB00093,None,None,None
Oligomenorrhea,SMHB00093,0.014024,0.041421,1
Skin Ulcer(S),SMHB00093,None,None,None
Swelling,SMHB00093,None,None,None
Ache,SMHB00093,None,None,None
 Hypomenorrhea,SMHB00093,None,None,None
Sleep Disorder,SMHB00093,0.000475,0.003359,1
Foreign Body,SMHB00093,0.014024,0.041421,1
Left Flank Pain,SMHB00093,None,None,None
Pain Precordial,SMHB00093,None,None,None
Pain Radiating,SMHB00093,None,None,None
Crushing Pain,SMHB00093,None,None,None
Menopause,SMHB00093,None,None,None
" Disease Of Vocal Cords, Nos",SMHB00093,0.000475,0.003359,1
Retrograde Menstruation,SMHB00093,None,None,None
Chest Symptom Heaviness,SMHB00093,None,None,None
Chest Symptom Heaviness,SMHB00093,None,None,None
Smarting,SMHB00093,None,None,None
Acne Cystic,SMHB00093,None,None,None
Tongue Ulcer,SMHB00660,0.024945,0.053056,1
 Physical Suffering,SMHB00660,0.018405,0.046656,1
Decreased Urine Flow,SMHB00660,0.037192,0.065886,1
Facial Paresthesia,SMHB00660,0.012549,0.039351,1
Dysuria,SMHB00660,0.005184,0.022802,1
Comedome,SMHB00660,0.037192,0.065886,1
Hematuria Gross,SMHB00660,0.024945,0.053056,1
Pain,SMHB00660,0.025123,0.053183,1
Micturition Disorder,SMHB00660,0.001505,0.008493,1
Burning Pain,SMHB00660,0.018405,0.046656,1
 Splitting Pain,SMHB00660,0.018405,0.046656,1
Discoloration Urine,SMHB00660,0.003072,0.015061,1
Discoloration Urine,SMHB00660,0.003072,0.015061,1
 Migratory Pain,SMHB00660,0.018405,0.046656,1
Blood Urine Present,SMHB00660,0.049289,0.078752,1
Dental Discomfort,SMHB00660,0.012549,0.039351,1
Ache,SMHB00660,0.032687,0.060831,1
Polydipsia,SMHB00660,0.049289,0.078752,1
 Urinary Tract Pain,SMHB00660,0.001486,0.008392,1
Pain Radiating,SMHB00660,0.018405,0.046656,1
Crushing Pain,SMHB00660,0.018405,0.046656,1
Urine Abnormality,SMHB00660,0.002211,0.011636,1
Aphthous Ulcer,SMHB00660,2.00E-06,3.10E-05,0.04409
Urethral Pain,SMHB00660,0.001486,0.008392,1
Oral Ulcer,SMHB00660,0,1.00E-06,0.000497
Acne,SMHB00660,0.037192,0.065886,1
Sutton'S Disease,SMHB00660,0.012549,0.039351,1
Dark Urine,SMHB00660,0.012549,0.039351,1
 Unable To Urinate,SMHB00660,0.024945,0.053056,1
Abdomen Distention,SMHB00095,None,None,None
Right Flank Pain,SMHB00095,None,None,None
Constipation,SMHB00095,None,None,None
 Physical Suffering,SMHB00095,None,None,None
Foot Pain,SMHB00095,None,None,None
Intermittant Vertigo,SMHB00095,None,None,None
Rheumatism,SMHB00095,None,None,None
Vertigo,SMHB00095,None,None,None
Menstrual Cramp,SMHB00095,None,None,None
Complete Deafness,SMHB00095,None,None,None
Polymenorrhea,SMHB00095,None,None,None
Flank Pain,SMHB00095,None,None,None
Vertigo Postural,SMHB00095,None,None,None
Cyst,SMHB00095,None,None,None
Soft Tissue Injury,SMHB00095,0.002998,0.014919,1
Vertigo Central Origin,SMHB00095,None,None,None
 Anemic,SMHB00095,None,None,None
 Acquired Deafness,SMHB00095,None,None,None
Abdominal Pain,SMHB00095,None,None,None
Transitory Deafness,SMHB00095,None,None,None
 Crackling Sound In Ear,SMHB00095,None,None,None
Prolong Menstruation,SMHB00095,None,None,None
Hyperalgia,SMHB00095,None,None,None
Tinnitus,SMHB00095,None,None,None
Brain Stem Vertigo,SMHB00095,None,None,None
Tensor Palatini Induced Tinnitus,SMHB00095,None,None,None
Palpitation(S),SMHB00095,None,None,None
Pain,SMHB00095,None,None,None
Menses Abnormal,SMHB00095,None,None,None
Subjective Tinnitus,SMHB00095,None,None,None
Boredom,SMHB00095,None,None,None
Anemia,SMHB00095,None,None,None
Noise-Induced Tinnitus,SMHB00095,None,None,None
Arthritic Pains,SMHB00095,None,None,None
Spontaneous Oto Acoustic Emission Tinnitus,SMHB00095,None,None,None
Objective Tinnitus,SMHB00095,None,None,None
Burning Pain,SMHB00095,None,None,None
 Orthostasis,SMHB00095,None,None,None
 Splitting Pain,SMHB00095,None,None,None
Motion Sickness,SMHB00095,0.002998,0.014919,1
Lightheadedness,SMHB00095,None,None,None
Ocular Discomfort,SMHB00095,None,None,None
 Essential Vertigo,SMHB00095,None,None,None
Tinnitus Of Vascular Origin,SMHB00095,None,None,None
Air Sickness,SMHB00095,0.002998,0.014919,1
 Migratory Pain,SMHB00095,None,None,None
Carbuncle,SMHB00095,None,None,None
Dizziness,SMHB00095,None,None,None
Oligomenorrhea,SMHB00095,0.016713,0.044684,1
Hemorrhage Postpartum,SMHB00095,None,None,None
Skin Ulcer(S),SMHB00095,None,None,None
Ache,SMHB00095,None,None,None
 Hypomenorrhea,SMHB00095,None,None,None
Prelingual Deafness,SMHB00095,None,None,None
 Ear Clicking Sound,SMHB00095,None,None,None
Breast Tenderness,SMHB00095,0.016713,0.044684,1
Foreign Body,SMHB00095,None,None,None
Defecation Pain,SMHB00095,None,None,None
Deafness,SMHB00095,None,None,None
 name Dilation,SMHB00095,None,None,None
Colonic Inertia,SMHB00095,None,None,None
Asthenia,SMHB00095,None,None,None
Extreme Hearing Loss,SMHB00095,None,None,None
 Vertigo Paroxysmal,SMHB00095,None,None,None
Left Flank Pain,SMHB00095,None,None,None
Sea Sickness,SMHB00095,0.002998,0.014919,1
Pulsatile Tinnitus,SMHB00095,None,None,None
Bloating Feeling,SMHB00095,None,None,None
Pain Radiating,SMHB00095,None,None,None
Crushing Pain,SMHB00095,None,None,None
Menopause,SMHB00095,None,None,None
Retrograde Menstruation,SMHB00095,None,None,None
Typhoid Fever,SMHB00095,None,None,None
Constant Vertigo,SMHB00095,None,None,None
Peripheral Vertigo,SMHB00095,None,None,None
Pneumonia,SMHB00096,None,None,None
Diabetes Mellitus,SMHB00096,None,None,None
Pulse Weakness,SMHB00096,0.000568,0.003883,1
Cough Productive,SMHB00096,None,None,None
Hyperphagia,SMHB00096,0.026395,0.054197,1
Angina Symptoms,SMHB00096,0.026395,0.054197,1
Intermittant Vertigo,SMHB00096,None,None,None
Vertigo,SMHB00096,None,None,None
Auditory Dysesthesia,SMHB00096,0.026395,0.054197,1
Vertigo Postural,SMHB00096,None,None,None
Renal Agenesis,SMHB00096,0.026395,0.054197,1
Xerostomia,SMHB00096,None,None,None
Developmental Delay,SMHB00096,0.026395,0.054197,1
Tongue Edema,SMHB00096,0.026395,0.054197,1
Vertigo Central Origin,SMHB00096,None,None,None
Malnutrition,SMHB00096,None,None,None
Pupil Dilated,SMHB00096,0.026395,0.054197,1
Brain Stem Vertigo,SMHB00096,None,None,None
Labor Preterm,SMHB00096,0.026395,0.054197,1
Palpitation(S),SMHB00096,None,None,None
Libido Decreased,SMHB00096,None,None,None
Distorted Hearing,SMHB00096,0.026395,0.054197,1
Tongue Disorder,SMHB00096,0.001313,0.007525,1
Emesis,SMHB00096,None,None,None
Jaundice,SMHB00096,0.000892,0.005536,1
Pneumatosis,SMHB00096,0.026395,0.054197,1
Respiratory Abnormality,SMHB00096,None,None,None
Eating Disorder,SMHB00096,0.002022,0.01082,1
Malaise And Fatigue,SMHB00096,None,None,None
Cough,SMHB00096,None,None,None
Nausea,SMHB00096,None,None,None
Furuncle,SMHB00096,None,None,None
Lip Paresthesia,SMHB00096,0.026395,0.054197,1
Bronchial Asthma,SMHB00096,None,None,None
Cervical Radiculopathy,SMHB00096,None,None,None
Pneumonia Lobar,SMHB00096,None,None,None
Abdomen Bloating,SMHB00096,None,None,None
Respiratory Disorder,SMHB00096,0.000686,0.004484,1
 Essential Vertigo,SMHB00096,None,None,None
Premature Birth,SMHB00096,0.026395,0.054197,1
Anorexia,SMHB00096,None,None,None
Thirst,SMHB00096,None,None,None
Carbuncle,SMHB00096,None,None,None
Skin Ulcer(S),SMHB00096,None,None,None
Functional Bowel Disorder,SMHB00096,0.026395,0.054197,1
Paracusia,SMHB00096,0.026395,0.054197,1
 Vertigo Paroxysmal,SMHB00096,None,None,None
Hearing Disorder,SMHB00096,0.026395,0.054197,1
Eye Blood Shot,SMHB00096,None,None,None
Loss Of Appetite,SMHB00096,0.026395,0.054197,1
Gagging,SMHB00096,None,None,None
Experimental Lung Inflammation,SMHB00096,None,None,None
Cough Persistent,SMHB00096,0.009603,0.034494,1
Heartburn,SMHB00096,0.000686,0.004484,1
Decreased Appetite,SMHB00096,None,None,None
Constant Vertigo,SMHB00096,None,None,None
Peripheral Vertigo,SMHB00096,None,None,None
Anal Sphincter Atony,SMHB00096,0.026395,0.054197,1
Abdomen Distention,SMHB00562,0.004682,0.021305,1
Right Flank Pain,SMHB00562,0.000329,0.002518,1
Abdominal Tenderness,SMHB00562,0.011683,0.038067,1
 Physical Suffering,SMHB00562,0.01605,0.043953,1
Flank Pain,SMHB00562,0.000329,0.002518,1
Abdominal Pain,SMHB00562,0.029931,0.057943,1
Jaundice,SMHB00562,7.70E-05,0.000768,1
Pain,SMHB00562,0.021945,0.049744,1
Eating Disorder,SMHB00562,0.034657,0.062952,1
Burning Pain,SMHB00562,0.01605,0.043953,1
 Splitting Pain,SMHB00562,0.01605,0.043953,1
 Migratory Pain,SMHB00562,0.01605,0.043953,1
Ache,SMHB00562,0.028601,0.056313,1
Aphagia,SMHB00562,0.011683,0.038067,1
Dysentery,SMHB00562,0.021945,0.049744,1
Left Flank Pain,SMHB00562,0.000329,0.002518,1
Loss Of Appetite,SMHB00562,0.011683,0.038067,1
Pain Radiating,SMHB00562,0.01605,0.043953,1
Crushing Pain,SMHB00562,0.01605,0.043953,1
General Abdominal Pain-Symptom,SMHB00562,0.011683,0.038067,1
Decreased Appetite,SMHB00562,0.000114,0.001053,1
Stroke,SMHB00628,8.00E-06,0.000109,0.187924
"Seizure, Convulsion",SMHB00628,0.019039,0.04715,1
 Overinclusion,SMHB00628,0.019039,0.04715,1
"Sputums, Induced",SMHB00628,0,0,0
 Cryptogenic Epilepsies,SMHB00628,0.007003,0.028205,1
Sensory Seizure,SMHB00628,0.019039,0.04715,1
Masseter Muscle Spasm,SMHB00628,0.037724,0.066384,1
Seizure Focal,SMHB00628,0.019039,0.04715,1
Seizure(S) Jacksonian,SMHB00628,0.019039,0.04715,1
Trismus,SMHB00628,0.037724,0.066384,1
Aura,SMHB00628,0.007003,0.028205,1
Single Seizure,SMHB00628,0.007003,0.028205,1
Lethargy,SMHB00628,0.019039,0.04715,1
Attention Disorders,SMHB00628,0.019039,0.04715,1
Seizure Generalized,SMHB00628,0.019039,0.04715,1
Cough,SMHB00628,2.50E-05,0.000306,0.62762
Visual Epilepsy,SMHB00628,0.019039,0.04715,1
"Epilepsy, Awakening",SMHB00628,0.007003,0.028205,1
Olfactory Uncinate Fit,SMHB00628,0.019039,0.04715,1
 Cva Nos Acute,SMHB00628,0.000214,0.001776,1
Sputum Discoloured,SMHB00628,0.00105,0.006332,1
Tonic Seizure,SMHB00628,0.019039,0.04715,1
Sputum,SMHB00628,0,0,0
Clonic Seizure,SMHB00628,0.037724,0.066384,1
Epilepsy,SMHB00628,0.0005,0.003505,1
 Seizure(S) Somatosensory,SMHB00628,0.019039,0.04715,1
Seizure(S) Grand Mal,SMHB00628,0.019039,0.04715,1
Lockjaw,SMHB00628,0.037724,0.066384,1
 [D]Fit (In Non-Epileptic) Nos,SMHB00628,0.019039,0.04715,1
Cough Persistent,SMHB00628,0.005063,0.02245,1
Sputum Purulent,SMHB00628,0,0,0
Menstrual Cramp,SMHB00098,0.001931,0.010387,1
Polymenorrhea,SMHB00098,0.001388,0.007903,1
Soft Tissue Injury,SMHB00098,9.50E-05,0.000901,1
Amenorrhea,SMHB00098,0.000283,0.002216,1
Rheumatoid Arthritis,SMHB00098,0.039244,0.067979,1
Vagina,SMHB00098,0.029574,0.057571,1
"Amenorrhea, Postpartum",SMHB00098,0.000283,0.002216,1
Dermatosis Of Scalp,SMHB00098,0.01981,0.04715,1
Menses Abnormal,SMHB00098,0.001388,0.007903,1
Abnormal Menstrual Cycle,SMHB00098,0.009952,0.034881,1
Carbuncle,SMHB00098,0.04621,0.075811,1
Oligomenorrhea,SMHB00098,0.000562,0.003845,1
Cyanosis,SMHB00098,None,None,None
 Hypomenorrhea,SMHB00098,0.001388,0.007903,1
Gonorrhea,SMHB00098,0.00327,0.01592,1
Menopause,SMHB00098,0.000562,0.003845,1
Retrograde Menstruation,SMHB00098,0.001388,0.007903,1
Cough Persistent,SMHB00098,None,None,None
Fever Symptoms,SMHB00098,0.039244,0.067979,1
Malaria,SMHB00098,0.01981,0.04715,1
Gastric Disorder,SMHB00097,0.007775,0.030277,1
Vomiting Neonatal,SMHB00097,0.003894,0.018222,1
Abdominal Pain,SMHB00097,None,None,None
Gastrointestinal Discomfort,SMHB00097,0.023165,0.051423,1
Emesis,SMHB00097,None,None,None
Hiccups,SMHB00097,None,None,None
Asthenia,SMHB00097,None,None,None
Gagging,SMHB00097,None,None,None
Typhoid Fever,SMHB00097,None,None,None
Abdomen Distention,SMHB00695,0,5.00E-06,0.006068
Hunger Abnormal,SMHB00695,0.029574,0.057571,1
Eating Disorder,SMHB00695,0.000283,0.002216,1
Digestion Impaired,SMHB00695,0.048823,0.078326,1
Anorexia,SMHB00695,0.000931,0.005729,1
Halitosis,SMHB00695,0.01981,0.04715,1
 name Dilation,SMHB00695,0,3.00E-06,0.002741
Aphagia,SMHB00695,0.009952,0.034881,1
Loss Of Appetite,SMHB00695,0.009952,0.034881,1
Decreased Appetite,SMHB00695,7.00E-05,0.000711,1
Abdomen Distention,SMHB00089,0.046778,0.076591,1
Abdominal Tenderness,SMHB00089,0.011683,0.038067,1
 Physical Suffering,SMHB00089,None,None,None
Rheumatism,SMHB00089,None,None,None
Menstrual Cramp,SMHB00089,None,None,None
Amenorrhea,SMHB00089,0.034657,0.062952,1
Abdominal Pain,SMHB00089,None,None,None
Smarting Of Skin,SMHB00089,0.011683,0.038067,1
Hematoma,SMHB00089,0.023235,0.051423,1
Muscle Weakness,SMHB00089,0.04595,0.075628,1
Hyperalgia,SMHB00089,None,None,None
"Amenorrhea, Postpartum",SMHB00089,0.034657,0.062952,1
Skin Pain,SMHB00089,0.011683,0.038067,1
Pain,SMHB00089,None,None,None
Arthritic Pains,SMHB00089,None,None,None
Burning Pain,SMHB00089,None,None,None
 Splitting Pain,SMHB00089,None,None,None
Skin Swelling,SMHB00089,0.023235,0.051423,1
 Migratory Pain,SMHB00089,None,None,None
Musculoskeletal Pain,SMHB00089,0.023235,0.051423,1
Skin Ulcer(S),SMHB00089,None,None,None
Swelling,SMHB00089,None,None,None
Ache,SMHB00089,None,None,None
Asthenia,SMHB00089,None,None,None
Hyperchlorhydria,SMHB00089,None,None,None
Pain Radiating,SMHB00089,None,None,None
Crushing Pain,SMHB00089,None,None,None
Menopause,SMHB00089,None,None,None
General Abdominal Pain-Symptom,SMHB00089,0.011683,0.038067,1
Difficulty Walking,SMHB00089,None,None,None
Dysesthesia,SMHB00089,None,None,None
Appendicitis,SMHB00089,0.034657,0.062952,1
 Physical Suffering,SMHB00508,0.01177,0.038225,1
Hemoptysis,SMHB00508,0.002559,0.013077,1
Bright Red Blood Per Rectum,SMHB00508,0.039244,0.067979,1
"Melena
",SMHB00508,9.50E-05,0.000901,1
Smarting Of Skin,SMHB00508,0.009952,0.034881,1
Hematoma,SMHB00508,0.01981,0.04715,1
Skin Pain,SMHB00508,0.009952,0.034881,1
Pain,SMHB00508,0.016148,0.044013,1
Contusion,SMHB00508,0.048823,0.078326,1
Bronchiectasis,SMHB00508,9.50E-05,0.000901,1
Burning Pain,SMHB00508,0.01177,0.038225,1
 Splitting Pain,SMHB00508,0.01177,0.038225,1
Skin Swelling,SMHB00508,0.01981,0.04715,1
 Migratory Pain,SMHB00508,0.01177,0.038225,1
Ache,SMHB00508,0.00134,0.007669,1
Hemorrhoid Bleeding,SMHB00508,0.029574,0.057571,1
Lips Bleeding,SMHB00508,0.009952,0.034881,1
Pain Radiating,SMHB00508,0.01177,0.038225,1
Crushing Pain,SMHB00508,0.01177,0.038225,1
Vaginal Bleeding,SMHB00508,0.009952,0.034881,1
Gastric Ulcer Bleeding,SMHB00508,0.009952,0.034881,1
Larynx,SMHB00091,0.001699,0.0094,1
Right Flank Pain,SMHB00091,None,None,None
Stroke,SMHB00091,0.004638,0.021128,1
Sprain,SMHB00091,None,None,None
Numbness,SMHB00091,None,None,None
Constipation,SMHB00091,None,None,None
"Sputums, Induced",SMHB00091,0,2.00E-06,0.001987
Testicle Pain,SMHB00091,None,None,None
Flank Pain,SMHB00091,None,None,None
Toothache,SMHB00091,None,None,None
Gingivitis,SMHB00091,None,None,None
Masseter Muscle Spasm,SMHB00091,0.026654,0.054547,1
Hyperalgia,SMHB00091,0.013414,0.040487,1
Skin Abscess,SMHB00091,None,None,None
Trismus,SMHB00091,0.026654,0.054547,1
Eye Disorder,SMHB00091,None,None,None
Stupor,SMHB00091,0.002527,0.01295,1
Pseudocomas,SMHB00091,0.001699,0.0094,1
 Cva Nos Acute,SMHB00091,0.003508,0.016797,1
Pseudocomas,SMHB00091,0.001699,0.0094,1
Bronchial Asthma,SMHB00091,None,None,None
Sputum,SMHB00091,0,2.00E-06,0.001987
 Cough Increased,SMHB00091,0.013414,0.040487,1
Change In Bowel Habits,SMHB00091,0.026654,0.054547,1
Defecation Pain,SMHB00091,None,None,None
Colonic Inertia,SMHB00091,None,None,None
Left Flank Pain,SMHB00091,None,None,None
Obnubilation,SMHB00091,None,None,None
Lockjaw,SMHB00091,0.026654,0.054547,1
Urine Abnormality,SMHB00091,None,None,None
Gingival Pain,SMHB00091,None,None,None
Abnormal Stools,SMHB00091,0.000336,0.002556,1
Dyssomnia,SMHB00099,0.027508,0.055251,1
Insomnia,SMHB00099,None,None,None
Tongue Ulcer,SMHB00099,None,None,None
 Physical Suffering,SMHB00099,None,None,None
Decreased Urine Flow,SMHB00099,0.000553,0.003809,1
Injury Of Muscle,SMHB00099,None,None,None
Renal Agenesis,SMHB00099,None,None,None
Subwakefullness Syndromes,SMHB00099,0.027508,0.055251,1
Dysuria,SMHB00099,0.006295,0.026265,1
Hyperalgia,SMHB00099,None,None,None
Pain,SMHB00099,None,None,None
Boredom,SMHB00099,None,None,None
Micturition Disorder,SMHB00099,None,None,None
Burning Pain,SMHB00099,None,None,None
 Long Sleeper Syndrome,SMHB00099,0.027508,0.055251,1
 Splitting Pain,SMHB00099,None,None,None
Thirst,SMHB00099,None,None,None
 Migratory Pain,SMHB00099,None,None,None
 Sleep-Related Neurogenic Tachypnoea,SMHB00099,0.027508,0.055251,1
Short-Sleeper,SMHB00099,0.027508,0.055251,1
Ache,SMHB00099,None,None,None
Sleep Disorder,SMHB00099,0.001096,0.006521,1
Defecation Pain,SMHB00099,None,None,None
 Urinary Tract Pain,SMHB00099,2.40E-05,0.000288,0.587264
Pain Radiating,SMHB00099,None,None,None
Crushing Pain,SMHB00099,None,None,None
Aphthous Ulcer,SMHB00099,2.00E-06,4.00E-05,0.059849
Urethral Pain,SMHB00099,0.00181,0.009889,1
Poor Quality Sleep,SMHB00099,0.013847,0.040951,1
Oral Ulcer,SMHB00099,None,None,None
Sutton'S Disease,SMHB00099,0.013847,0.040951,1
Sharp Headache,SMHB00573,0,0,2.00E-06
Stroke,SMHB00573,0.005248,0.02296,1
Heaviness Of Head,SMHB00573,0.028361,0.05602,1
"Headache, Periorbital",SMHB00573,0,0,2.00E-06
Bilateral Headache,SMHB00573,0,0,2.00E-06
Ocular Headache,SMHB00573,0,0,2.00E-06
Toothache,SMHB00573,0.002862,0.014349,1
Headache Throbbing,SMHB00573,0,0,2.00E-06
Chest Pain,SMHB00573,0.010037,0.035062,1
Radiculopathy,SMHB00573,0.01428,0.041556,1
Vidian Neuralgia,SMHB00573,0.042248,0.07105,1
Orthostatic Headache,SMHB00573,0,0,2.00E-06
Crescendo Angina,SMHB00573,0.001926,0.010383,1
Nerve Root Disorder,SMHB00573,0.01428,0.041556,1
Perineal Neuralgia,SMHB00573,0.042248,0.07105,1
Iliohypogastric Nerve Neuralgia,SMHB00573,0.042248,0.07105,1
Stump Neuralgia,SMHB00573,0.042248,0.07105,1
Infantile Hemiplegia,SMHB00573,0.028361,0.05602,1
 Cva Nos Acute,SMHB00573,0.003972,0.018569,1
"Neuralgia, Sluder",SMHB00573,0.01428,0.041556,1
Paroxysmal Nerve Pain,SMHB00573,0.042248,0.07105,1
Cervical Radiculopathy,SMHB00573,0.01428,0.041556,1
Angina Pectoris,SMHB00573,0.005248,0.02296,1
Trigeminal Autonomic Cephalgia,SMHB00573,0.01428,0.041556,1
Hemiplegia,SMHB00573,0.028361,0.05602,1
Spastic Hemiplegia,SMHB00573,0.028361,0.05602,1
Musculoskeletal Pain,SMHB00573,0.028361,0.05602,1
Nerve Root Pain,SMHB00573,0.01428,0.041556,1
" Hemiplegia, Post Ictal",SMHB00573,0.028361,0.05602,1
Neuralgia Facial,SMHB00573,0.01428,0.041556,1
Flaccid Hemiplegia,SMHB00573,0.028361,0.05602,1
Transient Hemiplegia,SMHB00573,0.028361,0.05602,1
Neuralgia,SMHB00573,0.042248,0.07105,1
 Generalised Headache,SMHB00573,0,0,2.00E-06
"Avulsion, Nerve Root",SMHB00573,0.01428,0.041556,1
Pain Precordial,SMHB00573,3.00E-06,4.40E-05,0.065834
Supraorbital Neuralgia,SMHB00573,0.042248,0.07105,1
Vertex Headache,SMHB00573,0,0,2.00E-06
"Headache, Retro-Ocular",SMHB00573,0,0,2.00E-06
Compression Nerve Root,SMHB00573,0.01428,0.041556,1
Atypical Neuralgia,SMHB00573,0.042248,0.07105,1
"Headache, Dull",SMHB00573,4.00E-06,6.40E-05,0.102509
Ilioinguinal Neuralgia,SMHB00573,0.042248,0.07105,1
Headache Unilateral,SMHB00573,0,0,2.00E-06
Difficulty Walking,SMHB00573,0.042248,0.07105,1
Radiculitis,SMHB00573,0.01428,0.041556,1
Tenderness,SMHB00573,0.028361,0.05602,1
Myofacial Pain Syndrome,SMHB00573,0.01428,0.041556,1
Headache,SMHB00573,0,0,5.00E-06
Alternate Hemiplegia,SMHB00573,0.028361,0.05602,1
Nerve Pain,SMHB00573,0.042248,0.07105,1
Pharyngolaryngitis,SMHB00100,None,None,None
Skin Decubitus Ulcer(S),SMHB00100,None,None,None
Right Flank Pain,SMHB00100,None,None,None
Insomnia,SMHB00100,None,None,None
Pulse Weakness,SMHB00100,None,None,None
Vaginal Discharge White,SMHB00100,None,None,None
Mechanical Low Back Pain,SMHB00100,None,None,None
Conjunctivitis,SMHB00100,0.016788,0.044684,1
"Child Development Disorders, Pervasive",SMHB00100,None,None,None
 Zoophaginae,SMHB00100,0.005625,0.024125,1
Flank Pain,SMHB00100,None,None,None
Hematuria,SMHB00100,None,None,None
Soft Tissue Injury,SMHB00100,2.90E-05,0.000344,0.724389
 Recurrent Low Back Pain,SMHB00100,None,None,None
Dreams,SMHB00100,None,None,None
Hematoma,SMHB00100,None,None,None
Eye Disorder,SMHB00100,None,None,None
Virus,SMHB00100,0.005625,0.024125,1
Animal Virus,SMHB00100,0.005625,0.024125,1
Emesis,SMHB00100,None,None,None
Jaundice,SMHB00100,None,None,None
Hematuria Gross,SMHB00100,None,None,None
Eating Disorder,SMHB00100,None,None,None
Autism Spectrum Disorder,SMHB00100,None,None,None
Boredom,SMHB00100,None,None,None
Contusion,SMHB00100,0.027836,0.055459,1
 Venomous Bite,SMHB00100,0.011221,0.037373,1
Loin Pain,SMHB00100,None,None,None
Postural Low Back Pain,SMHB00100,None,None,None
Blood Urine Present,SMHB00100,None,None,None
Prostatism,SMHB00100,None,None,None
Second Degree Burn,SMHB00100,None,None,None
Tonsillitis,SMHB00100,0.011221,0.037373,1
Asthenia,SMHB00100,None,None,None
Nightmares,SMHB00100,None,None,None
Left Flank Pain,SMHB00100,None,None,None
Cardiac Arrhythmia,SMHB00100,None,None,None
Urine Abnormality,SMHB00100,None,None,None
Posterior Compartment Low Back Pain,SMHB00100,None,None,None
Pervasive Developmental Disorder,SMHB00100,None,None,None
Typhoid Fever,SMHB00100,None,None,None
Urine Rbc,SMHB00100,None,None,None
Appendicitis,SMHB00100,0.016788,0.044684,1
Carbuncle And Furuncle Of Unspecified Site,SMHB00100,8.70E-05,0.000844,1
Hepatitis,SMHB00100,0.011221,0.037373,1
Herpes Zoster Disease,SMHB00100,0.005625,0.024125,1
Liver Cirrhosis,SMHB00100,0.005625,0.024125,1
Abasia,SMHB00685,0.008654,0.032544,1
Numbness,SMHB00685,0.003073,0.015061,1
Rheumatism,SMHB00685,0.034192,0.062682,1
Menstrual Cramp,SMHB00685,0.001456,0.008252,1
Polymenorrhea,SMHB00685,1.10E-05,0.000151,0.270578
 Anemic,SMHB00685,0.017237,0.045046,1
Paralysis Spastic,SMHB00685,0.008654,0.032544,1
Muscle Weakness,SMHB00685,0.034192,0.062682,1
Menses Abnormal,SMHB00685,1.10E-05,0.000151,0.270578
Anemia,SMHB00685,0.008654,0.032544,1
Abnormal Menstrual Cycle,SMHB00685,0.008654,0.032544,1
Musculoskeletal Pain,SMHB00685,0.017237,0.045046,1
Oligomenorrhea,SMHB00685,0.000423,0.003062,1
 Hypomenorrhea,SMHB00685,1.10E-05,0.000151,0.270578
Retrograde Menstruation,SMHB00685,1.10E-05,0.000151,0.270578
Colic,SMHB00697,0.012931,0.039733,1
Sialorrhea,SMHB00697,0.017208,0.045046,1
Hyperchlorhydria,SMHB00697,0.004327,0.019882,1
Cough Persistent,SMHB00697,0.000251,0.002017,1
Cardiospasm; Congenital,SMHB00697,0.004327,0.019882,1
Gastric Spasm,SMHB00697,0.004327,0.019882,1
Increased Bronchial Secretion,SMHB00697,0.004327,0.019882,1
Deglutitional Syncope,SMHB00101,None,None,None
Right Flank Pain,SMHB00101,None,None,None
 Physical Suffering,SMHB00101,None,None,None
Presyncope,SMHB00101,None,None,None
Mechanical Low Back Pain,SMHB00101,None,None,None
Vertebrogenic Pain Syndrome,SMHB00101,0.03584,0.064462,1
Rheumatism,SMHB00101,None,None,None
Flank Pain,SMHB00101,None,None,None
Stokes-Adams Syncope,SMHB00101,None,None,None
 Recurrent Low Back Pain,SMHB00101,None,None,None
Narcosis,SMHB00101,None,None,None
Syncope Cough,SMHB00101,None,None,None
Caustic Injury,SMHB00101,None,None,None
Hyperventilation Syncope,SMHB00101,None,None,None
Muscle Weakness,SMHB00101,0.024028,0.052098,1
Hyperalgia,SMHB00101,None,None,None
Syncope Exertional,SMHB00101,None,None,None
Stupor,SMHB00101,None,None,None
Syncope Cardiac,SMHB00101,None,None,None
Pain,SMHB00101,None,None,None
Back Pain Without Radiation Nos,SMHB00101,0.03584,0.064462,1
Back Pain With Radiation,SMHB00101,0.03584,0.064462,1
Arthritic Pains,SMHB00101,None,None,None
Burning Pain,SMHB00101,None,None,None
 Splitting Pain,SMHB00101,None,None,None
Pseudocomas,SMHB00101,None,None,None
Discoloration Urine,SMHB00101,None,None,None
Pseudocomas,SMHB00101,None,None,None
Discoloration Urine,SMHB00101,None,None,None
Syncope Postural,SMHB00101,None,None,None
Syncopal Vertigo,SMHB00101,None,None,None
Loin Pain,SMHB00101,None,None,None
Postural Low Back Pain,SMHB00101,None,None,None
 Migratory Pain,SMHB00101,None,None,None
Musculoskeletal Pain,SMHB00101,0.012082,0.038774,1
Convulsive Syncope,SMHB00101,None,None,None
Carotid Sinus Syncope,SMHB00101,None,None,None
Ache,SMHB00101,None,None,None
Syncope Micturition,SMHB00101,None,None,None
Backache,SMHB00101,0.041696,0.070592,1
Left Flank Pain,SMHB00101,None,None,None
Tachypnea,SMHB00101,None,None,None
Syncopal Episode,SMHB00101,None,None,None
Syncope,SMHB00101,None,None,None
Pain Radiating,SMHB00101,None,None,None
Situational Syncope,SMHB00101,None,None,None
Crushing Pain,SMHB00101,None,None,None
Urine Abnormality,SMHB00101,None,None,None
Posterior Compartment Low Back Pain,SMHB00101,None,None,None
 Physical Suffering,SMHB00102,None,None,None
Vaginal Discharge White,SMHB00102,None,None,None
Genital Pruritus,SMHB00102,None,None,None
Vagina,SMHB00102,0.019354,0.04715,1
Hyperalgia,SMHB00102,None,None,None
German Measles,SMHB00102,0.032062,0.060278,1
Pain,SMHB00102,None,None,None
Burning Pain,SMHB00102,None,None,None
 Splitting Pain,SMHB00102,None,None,None
Skin Breakdown,SMHB00102,0.006491,0.026685,1
 Migratory Pain,SMHB00102,None,None,None
Eczema,SMHB00102,None,None,None
Ache,SMHB00102,None,None,None
Scalp Pruritus,SMHB00102,0.006491,0.026685,1
 Urinary Tract Pain,SMHB00102,None,None,None
Pain Radiating,SMHB00102,None,None,None
Crushing Pain,SMHB00102,None,None,None
Pneumonia,SMHB00103,None,None,None
Hemorrhage,SMHB00103,None,None,None
Diabetes Mellitus,SMHB00103,None,None,None
Cough Productive,SMHB00103,None,None,None
Bulimia Nervosa,SMHB00103,0.021916,0.049709,1
Hemoptysis,SMHB00103,None,None,None
Night Sweat,SMHB00103,None,None,None
Hot Flash,SMHB00103,None,None,None
Amenorrhea,SMHB00103,None,None,None
"Amenorrhea, Postpartum",SMHB00103,None,None,None
Cough,SMHB00103,None,None,None
Pneumonia Lobar,SMHB00103,None,None,None
Thirst,SMHB00103,None,None,None
Menopause,SMHB00103,None,None,None
Experimental Lung Inflammation,SMHB00103,None,None,None
Cough Persistent,SMHB00103,0.000751,0.004851,1
Erythrosis,SMHB00703,0.026828,0.0547,1
Obesity,SMHB00703,0.026828,0.0547,1
Pulse Weakness,SMHB00703,0.013637,0.040951,1
Limb Anomaly Congenital,SMHB00703,0.026828,0.0547,1
Hyperphagia,SMHB00703,0.026828,0.0547,1
Auditory Dysesthesia,SMHB00703,0.026828,0.0547,1
Ankle Pain,SMHB00703,0.026828,0.0547,1
Renal Agenesis,SMHB00703,0.026828,0.0547,1
Increased Diastolic Blood Pressure,SMHB00703,0.026828,0.0547,1
Pupil Dilated,SMHB00703,0.026828,0.0547,1
Labor Preterm,SMHB00703,0.026828,0.0547,1
Distorted Hearing,SMHB00703,0.026828,0.0547,1
Aplasia,SMHB00703,0.026828,0.0547,1
Abortion,SMHB00703,0.026828,0.0547,1
Dryness Vaginal,SMHB00703,0.026828,0.0547,1
Tongue Discoloration,SMHB00703,0.022584,0.050745,1
Lip Paresthesia,SMHB00703,0.026828,0.0547,1
Hair Dryness,SMHB00703,0.026828,0.0547,1
Premature Birth,SMHB00703,0.026828,0.0547,1
Speech Disorder,SMHB00703,0.026828,0.0547,1
 Parotid Disease,SMHB00703,0.026828,0.0547,1
Nodule Subcutaneous,SMHB00703,0.026828,0.0547,1
High Systolic Arterial Pulse Pressure,SMHB00703,0.026828,0.0547,1
Asthenia,SMHB00703,0.008589,0.032544,1
Paracusia,SMHB00703,0.026828,0.0547,1
Hearing Disorder,SMHB00703,0.026828,0.0547,1
Blood Pressure Elevation,SMHB00703,0.026828,0.0547,1
Watery Eyes,SMHB00703,0.026828,0.0547,1
Heat Intolerance,SMHB00703,0.026828,0.0547,1
Blotchy Rash,SMHB00703,0.026828,0.0547,1
Hemoptysis,SMHB00104,None,None,None
Bright Red Blood Per Rectum,SMHB00104,None,None,None
 Anemic,SMHB00104,None,None,None
"Melena
",SMHB00104,0.000103,0.000968,1
Diarrhea,SMHB00104,None,None,None
Jaundice,SMHB00104,None,None,None
"Diarrhea, Chronic",SMHB00104,0.030846,0.058607,1
Diarrhea Acute,SMHB00104,0.010385,0.03576,1
Urethra Hemorrhage,SMHB00104,None,None,None
Carbuncle,SMHB00104,None,None,None
Uterine Bleeding,SMHB00104,3.40E-05,0.000389,0.831687
Hemorrhage Postpartum,SMHB00104,0.007521,0.029729,1
Diarrhea Watery,SMHB00104,0.010385,0.03576,1
Ache,SMHB00104,None,None,None
Hemorrhoid Bleeding,SMHB00104,0.030846,0.058607,1
Dysentery,SMHB00104,None,None,None
Metrorrhagia,SMHB00104,None,None,None
Skin Disorder,SMHB00104,None,None,None
Menorrhagia,SMHB00104,0.002103,0.01118,1
Menometrorrhagia,SMHB00104,0.002103,0.01118,1
Skin Benign Neoplasm,SMHB00104,None,None,None
Panic State,SMHB00557,0.039422,0.067979,1
"Seizure, Convulsion",SMHB00557,0.019905,0.04715,1
Vein Disorder,SMHB00557,7.00E-06,0.000107,0.183167
Sensory Seizure,SMHB00557,0.019905,0.04715,1
Extremity Numbness,SMHB00557,1.00E-06,1.40E-05,0.016814
Seizure Focal,SMHB00557,0.019905,0.04715,1
Hyperalgia,SMHB00557,0.019905,0.04715,1
Seizure(S) Jacksonian,SMHB00557,0.019905,0.04715,1
Increased Diastolic Blood Pressure,SMHB00557,0.019905,0.04715,1
Hyperpyrexia,SMHB00557,0,6.00E-06,0.007374
Numbness Localized,SMHB00557,0.001148,0.006788,1
Seizures,SMHB00557,0,1.00E-06,0.001266
Seizure Generalized,SMHB00557,0.019905,0.04715,1
Tongue Discoloration,SMHB00557,0.012769,0.039733,1
Infantile Hemiplegia,SMHB00557,0.039422,0.067979,1
Visual Epilepsy,SMHB00557,0.019905,0.04715,1
Olfactory Uncinate Fit,SMHB00557,0.019905,0.04715,1
Tonic Seizure,SMHB00557,0.019905,0.04715,1
Hemiplegia,SMHB00557,0.039422,0.067979,1
Clonic Seizure,SMHB00557,0.039422,0.067979,1
Spastic Hemiplegia,SMHB00557,0.039422,0.067979,1
 Cough Increased,SMHB00557,0.019905,0.04715,1
 Seizure(S) Somatosensory,SMHB00557,0.019905,0.04715,1
" Hemiplegia, Post Ictal",SMHB00557,0.039422,0.067979,1
Flaccid Hemiplegia,SMHB00557,0.039422,0.067979,1
Transient Hemiplegia,SMHB00557,0.039422,0.067979,1
Seizure(S) Grand Mal,SMHB00557,0.019905,0.04715,1
High Systolic Arterial Pulse Pressure,SMHB00557,0.019905,0.04715,1
Habit Disorder,SMHB00557,2.90E-05,0.000344,0.722429
Vocal Tic,SMHB00557,2.90E-05,0.000344,0.722429
Motor Tics,SMHB00557,2.90E-05,0.000344,0.722429
Sprain Of Joint,SMHB00557,0.019905,0.04715,1
Obnubilation,SMHB00557,2.00E-06,3.40E-05,0.049708
 [D]Fit (In Non-Epileptic) Nos,SMHB00557,0.019905,0.04715,1
Blood Pressure Elevation,SMHB00557,0.019905,0.04715,1
General Discomfort,SMHB00557,0.039422,0.067979,1
Skin Benign Neoplasm,SMHB00557,0.019905,0.04715,1
Hemiparesis,SMHB00557,0.002268,0.011863,1
Disorder Of Skin And Subcutaneous Tissue,SMHB00557,0.019905,0.04715,1
Alternate Hemiplegia,SMHB00557,0.039422,0.067979,1
Localized; Swelling,SMHB00106,0.040872,0.069693,1
 Physical Suffering,SMHB00106,None,None,None
Rheumatism,SMHB00106,None,None,None
"Melena
",SMHB00106,None,None,None
Smarting Of Skin,SMHB00106,0.006923,0.027968,1
Hematoma,SMHB00106,0.013802,0.040951,1
Muscle Weakness,SMHB00106,0.027425,0.055251,1
Hyperalgia,SMHB00106,None,None,None
Skin Pain,SMHB00106,0.006923,0.027968,1
Bite Wound Insect,SMHB00106,None,None,None
Pain,SMHB00106,None,None,None
Arthritic Pains,SMHB00106,None,None,None
Infantile Hemiplegia,SMHB00106,None,None,None
Burning Pain,SMHB00106,None,None,None
 Splitting Pain,SMHB00106,None,None,None
Skin Swelling,SMHB00106,0.013802,0.040951,1
Hemiplegia,SMHB00106,None,None,None
Spastic Hemiplegia,SMHB00106,None,None,None
 Migratory Pain,SMHB00106,None,None,None
Musculoskeletal Pain,SMHB00106,0.013802,0.040951,1
" Hemiplegia, Post Ictal",SMHB00106,None,None,None
Swelling,SMHB00106,None,None,None
Flaccid Hemiplegia,SMHB00106,None,None,None
Ache,SMHB00106,None,None,None
Transient Hemiplegia,SMHB00106,None,None,None
Pain Radiating,SMHB00106,None,None,None
Crushing Pain,SMHB00106,None,None,None
General Discomfort,SMHB00106,0.013802,0.040951,1
Lower Extremity Paresthesia,SMHB00106,None,None,None
Hemiparesis,SMHB00106,None,None,None
Extremity Paresthesia,SMHB00106,None,None,None
Difficulty Walking,SMHB00106,0.020636,0.048222,1
Alternate Hemiplegia,SMHB00106,None,None,None
Abdominal Tenderness,SMHB00107,0.016876,0.044684,1
 Physical Suffering,SMHB00107,None,None,None
Gastric Disorder,SMHB00107,0.033474,0.061708,1
Vomiting Neonatal,SMHB00107,0.016876,0.044684,1
Anterior Cervical Pains,SMHB00107,0.016876,0.044684,1
Abdominal Pain,SMHB00107,None,None,None
Hyperalgia,SMHB00107,None,None,None
Diarrhea,SMHB00107,None,None,None
Yang Deficiency,SMHB00107,None,None,None
Emesis,SMHB00107,None,None,None
Pain,SMHB00107,None,None,None
"Cervical Pain, Posterior",SMHB00107,0.016876,0.044684,1
Eating Disorder,SMHB00107,0.000824,0.005196,1
Burning Pain,SMHB00107,None,None,None
 Splitting Pain,SMHB00107,None,None,None
Hiccups,SMHB00107,None,None,None
Ocular Discomfort,SMHB00107,None,None,None
Anorexia,SMHB00107,0.002688,0.013583,1
 Migratory Pain,SMHB00107,None,None,None
Joint Stiffness,SMHB00107,0.016876,0.044684,1
Ache,SMHB00107,None,None,None
Asthenia,SMHB00107,None,None,None
Pain Precordial,SMHB00107,4.00E-06,6.80E-05,0.110274
Loss Of Appetite,SMHB00107,0.016876,0.044684,1
Gagging,SMHB00107,None,None,None
Pain Radiating,SMHB00107,None,None,None
Crushing Pain,SMHB00107,None,None,None
Abnormal Ejaculation,SMHB00107,0.033474,0.061708,1
Hyperexcitation,SMHB00107,0.016876,0.044684,1
 Hyperexcitation,SMHB00107,0.016876,0.044684,1
Neck Pain,SMHB00107,0.016876,0.044684,1
Typhoid Fever,SMHB00107,None,None,None
General Abdominal Pain-Symptom,SMHB00107,0.016876,0.044684,1
Decreased Appetite,SMHB00107,None,None,None
Difficulty Walking,SMHB00107,None,None,None
Constipation,SMHB00105,None,None,None
 Physical Suffering,SMHB00105,None,None,None
Suppuration,SMHB00105,0.044655,0.074068,1
Bright Red Blood Per Rectum,SMHB00105,None,None,None
"Melena
",SMHB00105,7.90E-05,0.000783,1
Hyperalgia,SMHB00105,None,None,None
Joint Dislocation,SMHB00105,0.009087,0.033209,1
Pain,SMHB00105,None,None,None
Limb Discomfort,SMHB00105,None,None,None
Bloody Stool,SMHB00105,None,None,None
Burning Pain,SMHB00105,None,None,None
 Splitting Pain,SMHB00105,None,None,None
 Anal Discomforts,SMHB00105,None,None,None
Pus,SMHB00105,0.044655,0.074068,1
 Migratory Pain,SMHB00105,None,None,None
Carbuncle,SMHB00105,None,None,None
Uterine Bleeding,SMHB00105,2.20E-05,0.000275,0.548661
Hemorrhage Postpartum,SMHB00105,0.005777,0.024614,1
Skin Ulcer(S),SMHB00105,None,None,None
Swelling,SMHB00105,None,None,None
Ache,SMHB00105,None,None,None
Scald,SMHB00105,0.018095,0.046235,1
Anus,SMHB00105,0.018095,0.046235,1
Defecation Pain,SMHB00105,None,None,None
Second Degree Burn,SMHB00105,0.009087,0.033209,1
Colonic Inertia,SMHB00105,None,None,None
Hemorrhoid Bleeding,SMHB00105,0.000235,0.001918,1
Metrorrhagia,SMHB00105,None,None,None
Pain Radiating,SMHB00105,None,None,None
Crushing Pain,SMHB00105,None,None,None
Menorrhagia,SMHB00105,0.001607,0.008972,1
Menometrorrhagia,SMHB00105,0.001607,0.008972,1
Bloody Diarrhea,SMHB00105,0.018095,0.046235,1
Burn Injury,SMHB00105,0.044655,0.074068,1
Anasarca,SMHB00111,None,None,None
Behavior Drinking,SMHB00111,0.008637,0.032544,1
Edema,SMHB00111,None,None,None
Thirst,SMHB00111,None,None,None
 Unable To Urinate,SMHB00111,0.008637,0.032544,1
Urinary Tract Infection,SMHB00111,0.004327,0.019882,1
Right Flank Pain,SMHB00108,None,None,None
 Physical Suffering,SMHB00108,None,None,None
Cough Productive,SMHB00108,None,None,None
Muscle Fatigue,SMHB00108,None,None,None
Hemoptysis,SMHB00108,None,None,None
Mechanical Low Back Pain,SMHB00108,0,0,0
Flank Pain,SMHB00108,None,None,None
 Recurrent Low Back Pain,SMHB00108,0,0,0
Abdominal Pain,SMHB00108,None,None,None
Hyperalgia,SMHB00108,None,None,None
Yang Deficiency,SMHB00108,None,None,None
Urinary Tract Stone,SMHB00108,None,None,None
Pain,SMHB00108,None,None,None
Knee(S) Pain,SMHB00108,None,None,None
Oligospermia,SMHB00108,None,None,None
Cough,SMHB00108,None,None,None
Burning Pain,SMHB00108,None,None,None
 Splitting Pain,SMHB00108,None,None,None
Bronchial Asthma,SMHB00108,None,None,None
Loin Pain,SMHB00108,0,4.00E-06,0.00391
Postural Low Back Pain,SMHB00108,0,0,0
 Migratory Pain,SMHB00108,None,None,None
Ache,SMHB00108,None,None,None
Enuresis,SMHB00108,0.032117,0.060278,1
Asthenia,SMHB00108,None,None,None
"Ejaculation
",SMHB00108,None,None,None
Left Flank Pain,SMHB00108,None,None,None
Pain Radiating,SMHB00108,None,None,None
Crushing Pain,SMHB00108,None,None,None
Posterior Compartment Low Back Pain,SMHB00108,0,0,0
Cough Persistent,SMHB00108,None,None,None
Right Flank Pain,SMHB00109,None,None,None
Stroke,SMHB00109,None,None,None
Mechanical Low Back Pain,SMHB00109,None,None,None
Flank Pain,SMHB00109,None,None,None
Anasarca,SMHB00109,None,None,None
 Recurrent Low Back Pain,SMHB00109,None,None,None
Dysuria,SMHB00109,7.00E-05,0.000711,1
Behavior Drinking,SMHB00109,0.01981,0.04715,1
Edema,SMHB00109,None,None,None
Pneumatosis,SMHB00109,0.009952,0.034881,1
Orofacial Oedema,SMHB00109,0.009952,0.034881,1
Micturition Disorder,SMHB00109,None,None,None
Discoloration Urine,SMHB00109,0.001931,0.010387,1
 Cva Nos Acute,SMHB00109,None,None,None
Discoloration Urine,SMHB00109,0.001931,0.010387,1
Loin Pain,SMHB00109,None,None,None
Hand Swelling,SMHB00109,0.009952,0.034881,1
Flatulence,SMHB00109,None,None,None
Postural Low Back Pain,SMHB00109,None,None,None
Thirst,SMHB00109,None,None,None
Skin Ulcer(S),SMHB00109,None,None,None
Swelling,SMHB00109,None,None,None
Enuresis,SMHB00109,None,None,None
Prostatism,SMHB00109,0.009952,0.034881,1
Left Flank Pain,SMHB00109,None,None,None
Bloating Feeling,SMHB00109,None,None,None
Posterior Compartment Low Back Pain,SMHB00109,None,None,None
Sharp Headache,SMHB00110,None,None,None
Scrotum,SMHB00110,None,None,None
"Sputums, Induced",SMHB00110,4.30E-05,0.000473,1
"Headache, Periorbital",SMHB00110,None,None,None
Vertebrogenic Pain Syndrome,SMHB00110,None,None,None
Bilateral Headache,SMHB00110,None,None,None
Urologic Disease,SMHB00110,0.013802,0.040951,1
Ocular Headache,SMHB00110,None,None,None
Cyst,SMHB00110,None,None,None
Headache Throbbing,SMHB00110,None,None,None
Vagina,SMHB00110,0.020636,0.048222,1
Radiculopathy,SMHB00110,None,None,None
Gastrointestinal Discomfort,SMHB00110,None,None,None
Rhinorrhea,SMHB00110,None,None,None
Orthostatic Headache,SMHB00110,None,None,None
Blood Prolactin Decreased,SMHB00110,None,None,None
Quadriplegic Spinal Paralysis,SMHB00110,None,None,None
Liver Tender,SMHB00110,None,None,None
Nerve Root Disorder,SMHB00110,None,None,None
 Cerebromedullospinal Disconnection,SMHB00110,None,None,None
Flaccid Tetraplegia,SMHB00110,None,None,None
Back Pain Without Radiation Nos,SMHB00110,None,None,None
Back Pain With Radiation,SMHB00110,None,None,None
Tongue Discoloration,SMHB00110,None,None,None
Cough,SMHB00110,2.00E-06,2.90E-05,0.042011
Hair Dryness,SMHB00110,None,None,None
Cervical Radiculopathy,SMHB00110,None,None,None
Quadriparesis,SMHB00110,None,None,None
Sputum,SMHB00110,4.30E-05,0.000473,1
Spastic Quadriplegia,SMHB00110,None,None,None
 Cough Increased,SMHB00110,None,None,None
Joint Swollen,SMHB00110,None,None,None
Backache,SMHB00110,None,None,None
 Generalised Headache,SMHB00110,None,None,None
Quadriplegia,SMHB00110,None,None,None
 Stomach Discomfort,SMHB00110,None,None,None
"Avulsion, Nerve Root",SMHB00110,None,None,None
Tachypnea,SMHB00110,None,None,None
Vertex Headache,SMHB00110,None,None,None
"Headache, Retro-Ocular",SMHB00110,None,None,None
Compression Nerve Root,SMHB00110,None,None,None
"Headache, Dull",SMHB00110,None,None,None
Cough Persistent,SMHB00110,0.000664,0.00437,1
Headache Unilateral,SMHB00110,None,None,None
Radiculitis,SMHB00110,None,None,None
Headache,SMHB00110,None,None,None
Sputum Purulent,SMHB00110,0.003897,0.018231,1
Chilliness,SMHB00110,None,None,None
Appendicitis,SMHB00110,0.020636,0.048222,1
Pharyngolaryngitis,SMHB00550,0.027508,0.055251,1
Larynx,SMHB00550,0.00181,0.009889,1
Laryngopharyngeal Dysaesthesia,SMHB00550,4.70E-05,0.000505,1
Neoplastic Growth,SMHB00550,0.001096,0.006521,1
Localized; Swelling,SMHB00550,0.002692,0.013583,1
Laryngeal Pain,SMHB00550,0.013847,0.040951,1
Cyst,SMHB00550,0.00181,0.009889,1
Laryngeal Edema,SMHB00550,0.013847,0.040951,1
Smarting Of Skin,SMHB00550,0.013847,0.040951,1
Hematoma,SMHB00550,0.027508,0.055251,1
Skin Pain,SMHB00550,0.013847,0.040951,1
Bite Wound Insect,SMHB00550,0.013847,0.040951,1
Chest Mass,SMHB00550,0.027508,0.055251,1
Skin Swelling,SMHB00550,0.027508,0.055251,1
Pelvis Tumor,SMHB00550,0.013847,0.040951,1
Ache,SMHB00550,0.03922,0.067979,1
Neoplasm Benign Nos,SMHB00550,0.013847,0.040951,1
Pharynx Disease,SMHB00550,0.027508,0.055251,1
Tonsillitis,SMHB00550,0.027508,0.055251,1
Throat Tightness,SMHB00550,1.00E-06,1.90E-05,0.025561
Snake Venom Causing Toxic Effect,SMHB00550,0.013847,0.040951,1
Abdomen Tumor,SMHB00550,0.027508,0.055251,1
Pharyngolaryngeal Pain,SMHB00550,1.00E-06,1.90E-05,0.025561
Edema Pharynx,SMHB00550,0.000553,0.003809,1
Abdomen Distention,SMHB00112,None,None,None
Abdominal Tenderness,SMHB00112,0.024665,0.052886,1
"Seizure, Convulsion",SMHB00112,None,None,None
 Physical Suffering,SMHB00112,None,None,None
Gastric Disorder,SMHB00112,0.048731,0.078259,1
Vomiting Neonatal,SMHB00112,0.024665,0.052886,1
Sensory Seizure,SMHB00112,None,None,None
Comedome,SMHB00112,None,None,None
Abdominal Pain,SMHB00112,None,None,None
Seizure Focal,SMHB00112,None,None,None
Chest Pain,SMHB00112,0.028502,0.056245,1
Hunger Abnormal,SMHB00112,None,None,None
Hyperalgia,SMHB00112,None,None,None
Diarrhea,SMHB00112,None,None,None
Seizure(S) Jacksonian,SMHB00112,None,None,None
Alcohol Abuse,SMHB00112,None,None,None
Induration Of Breast,SMHB00112,None,None,None
Liver Tender,SMHB00112,0.048731,0.078259,1
Emesis,SMHB00112,None,None,None
Pain,SMHB00112,None,None,None
Seizures,SMHB00112,None,None,None
Seizure Generalized,SMHB00112,None,None,None
Burning Pain,SMHB00112,None,None,None
Visual Epilepsy,SMHB00112,None,None,None
 Splitting Pain,SMHB00112,None,None,None
Digestion Impaired,SMHB00112,None,None,None
Olfactory Uncinate Fit,SMHB00112,None,None,None
Hiccups,SMHB00112,None,None,None
Abdomen Discomfort,SMHB00112,None,None,None
Flatulence,SMHB00112,None,None,None
Tonic Seizure,SMHB00112,None,None,None
Clonic Seizure,SMHB00112,None,None,None
 Migratory Pain,SMHB00112,None,None,None
 Seizure(S) Somatosensory,SMHB00112,None,None,None
Ache,SMHB00112,None,None,None
Seizure(S) Grand Mal,SMHB00112,None,None,None
 name Dilation,SMHB00112,None,None,None
Aphagia,SMHB00112,0.024665,0.052886,1
Asthenia,SMHB00112,None,None,None
Belching,SMHB00112,None,None,None
Dyspepsia,SMHB00112,None,None,None
Loss Of Appetite,SMHB00112,0.024665,0.052886,1
Bloating Feeling,SMHB00112,None,None,None
Gagging,SMHB00112,None,None,None
Pain Radiating,SMHB00112,None,None,None
Crushing Pain,SMHB00112,None,None,None
 [D]Fit (In Non-Epileptic) Nos,SMHB00112,None,None,None
 Dyspepsia-Aggravated,SMHB00112,None,None,None
Chest Symptom Heaviness,SMHB00112,None,None,None
Chest Symptom Heaviness,SMHB00112,None,None,None
Typhoid Fever,SMHB00112,None,None,None
General Abdominal Pain-Symptom,SMHB00112,0.024665,0.052886,1
Decreased Appetite,SMHB00112,None,None,None
Duodenal Ulcer Hemorrhage,SMHB00543,0.008222,0.031456,1
Contusion,SMHB00543,0.040472,0.069195,1
Bronchiectasis,SMHB00543,6.40E-05,0.000658,1
Skin Breakdown,SMHB00543,0.008222,0.031456,1
Scalp Pruritus,SMHB00543,0.008222,0.031456,1
Scald,SMHB00543,0.016379,0.044013,1
Ulcer,SMHB00543,0.024473,0.052525,1
Second Degree Burn,SMHB00543,0.008222,0.031456,1
Lips Bleeding,SMHB00543,0.008222,0.031456,1
 Duodenitis Hemorrhagic,SMHB00543,0.008222,0.031456,1
Vaginal Bleeding,SMHB00543,0.008222,0.031456,1
Gastric Ulcer Bleeding,SMHB00543,0.008222,0.031456,1
Burn Injury,SMHB00543,0.040472,0.069195,1
Haemorrhage Ant Chamber Eye,SMHB00116,None,None,None
Hemorrhage,SMHB00116,None,None,None
Hemoptysis,SMHB00116,None,None,None
Bright Red Blood Per Rectum,SMHB00116,None,None,None
Epistaxis,SMHB00116,None,None,None
Hematemesis,SMHB00116,None,None,None
Hemorrhage Within 24 Hours Following Delivery Of Placenta,SMHB00116,0.000665,0.00437,1
Blood Disorder,SMHB00116,None,None,None
Bronchiectasis,SMHB00116,0.000112,0.001042,1
Urethra Hemorrhage,SMHB00116,None,None,None
Uterine Bleeding,SMHB00116,None,None,None
Hemorrhage Postpartum,SMHB00116,7.00E-06,0.000104,0.177101
Gingiva Hemorrhage,SMHB00116,None,None,None
Hemorrhage After First 24 Hours Following Delivery Of Placenta,SMHB00116,0.000665,0.00437,1
Thrombocytopenia,SMHB00116,None,None,None
Lips Bleeding,SMHB00116,0.010818,0.036554,1
Metrorrhagia,SMHB00116,None,None,None
Nuchal Rigidity,SMHB00116,None,None,None
Vaginal Bleeding,SMHB00116,0.010818,0.036554,1
Hemorrhages Symptoms,SMHB00116,None,None,None
Menorrhagia,SMHB00116,None,None,None
Menometrorrhagia,SMHB00116,None,None,None
Gastric Ulcer Bleeding,SMHB00116,0.010818,0.036554,1
Sharp Headache,SMHB00113,None,None,None
Right Flank Pain,SMHB00113,None,None,None
 Physical Suffering,SMHB00113,None,None,None
Limb Anomaly Congenital,SMHB00113,0.016443,0.044013,1
Joint Range Of Motion Decreased,SMHB00113,None,None,None
Heaviness Of Head,SMHB00113,0.032623,0.06074,1
Mechanical Low Back Pain,SMHB00113,None,None,None
"Headache, Periorbital",SMHB00113,None,None,None
Bilateral Headache,SMHB00113,None,None,None
Flank Pain,SMHB00113,None,None,None
Ocular Headache,SMHB00113,None,None,None
 Recurrent Low Back Pain,SMHB00113,None,None,None
Headache Throbbing,SMHB00113,None,None,None
Hyperalgia,SMHB00113,None,None,None
Radiculopathy,SMHB00113,0.016443,0.044013,1
Vidian Neuralgia,SMHB00113,0.048543,0.078022,1
Lethargy,SMHB00113,None,None,None
Orthostatic Headache,SMHB00113,None,None,None
Nerve Root Disorder,SMHB00113,0.016443,0.044013,1
Pain,SMHB00113,None,None,None
Perineal Neuralgia,SMHB00113,0.048543,0.078022,1
Iliohypogastric Nerve Neuralgia,SMHB00113,0.048543,0.078022,1
Stump Neuralgia,SMHB00113,0.048543,0.078022,1
Arthritic Pains,SMHB00113,None,None,None
Burning Pain,SMHB00113,None,None,None
 Splitting Pain,SMHB00113,None,None,None
"Neuralgia, Sluder",SMHB00113,0.016443,0.044013,1
Paroxysmal Nerve Pain,SMHB00113,0.048543,0.078022,1
Cervical Radiculopathy,SMHB00113,0.016443,0.044013,1
Loin Pain,SMHB00113,0.003789,0.017862,1
Trigeminal Autonomic Cephalgia,SMHB00113,0.016443,0.044013,1
Postural Low Back Pain,SMHB00113,None,None,None
 Migratory Pain,SMHB00113,None,None,None
Nerve Root Pain,SMHB00113,0.016443,0.044013,1
Neuralgia Facial,SMHB00113,0.016443,0.044013,1
Ache,SMHB00113,None,None,None
Neuralgia,SMHB00113,0.048543,0.078022,1
 Generalised Headache,SMHB00113,None,None,None
Left Flank Pain,SMHB00113,None,None,None
"Avulsion, Nerve Root",SMHB00113,0.016443,0.044013,1
Supraorbital Neuralgia,SMHB00113,0.048543,0.078022,1
Pain Radiating,SMHB00113,None,None,None
Crushing Pain,SMHB00113,None,None,None
Posterior Compartment Low Back Pain,SMHB00113,None,None,None
Vertex Headache,SMHB00113,None,None,None
"Headache, Retro-Ocular",SMHB00113,None,None,None
Compression Nerve Root,SMHB00113,0.016443,0.044013,1
Atypical Neuralgia,SMHB00113,0.048543,0.078022,1
Ecchymoses,SMHB00113,None,None,None
"Headache, Dull",SMHB00113,None,None,None
Ilioinguinal Neuralgia,SMHB00113,0.048543,0.078022,1
Headache Unilateral,SMHB00113,None,None,None
Radiculitis,SMHB00113,0.016443,0.044013,1
Tenderness,SMHB00113,0.032623,0.06074,1
Myofacial Pain Syndrome,SMHB00113,0.016443,0.044013,1
Headache,SMHB00113,None,None,None
Chilliness,SMHB00113,0.048543,0.078022,1
Nerve Pain,SMHB00113,0.048543,0.078022,1
Rheumatism,SMHB00629,0.02912,0.057221,1
Soft Tissue Injury,SMHB00629,5.10E-05,0.000542,1
Caustic Injury,SMHB00629,0.021916,0.049709,1
Muscle Weakness,SMHB00629,0.02912,0.057221,1
Contusion,SMHB00629,0.036274,0.064882,1
Bronchiectasis,SMHB00629,5.10E-05,0.000542,1
Musculoskeletal Pain,SMHB00629,0.014661,0.042343,1
Neck Injury,SMHB00629,0.007356,0.029106,1
Neck Stiffness,SMHB00629,0.036274,0.064882,1
Lips Bleeding,SMHB00629,0.007356,0.029106,1
Vaginal Bleeding,SMHB00629,0.007356,0.029106,1
Gastric Ulcer Bleeding,SMHB00629,0.007356,0.029106,1
Hyperostosis,SMHB00629,0.014661,0.042343,1
Abdomen Distention,SMHB00114,None,None,None
Right Flank Pain,SMHB00114,None,None,None
 Physical Suffering,SMHB00114,None,None,None
"Mental Retardations, Psychosocial",SMHB00114,0.015145,0.043192,1
"Sputums, Induced",SMHB00114,None,None,None
Mechanical Low Back Pain,SMHB00114,None,None,None
Flank Pain,SMHB00114,None,None,None
 Recurrent Low Back Pain,SMHB00114,None,None,None
Behavior Disorder,SMHB00114,0.030067,0.058016,1
Vulvovaginal Swelling,SMHB00114,None,None,None
Hyperalgia,SMHB00114,None,None,None
Pupil Dilated,SMHB00114,0.015145,0.043192,1
Profound Mental Retardation,SMHB00114,0.015145,0.043192,1
Sexual Dysfunction,SMHB00114,0.044769,0.074169,1
Pain,SMHB00114,None,None,None
Knee(S) Pain,SMHB00114,None,None,None
Burning Pain,SMHB00114,None,None,None
 Orthostasis,SMHB00114,None,None,None
 Splitting Pain,SMHB00114,None,None,None
Lightheadedness,SMHB00114,None,None,None
Loin Pain,SMHB00114,None,None,None
Postural Low Back Pain,SMHB00114,None,None,None
Sputum,SMHB00114,None,None,None
 Migratory Pain,SMHB00114,None,None,None
Dizziness,SMHB00114,None,None,None
Ache,SMHB00114,None,None,None
Mental Retardation,SMHB00114,0.030067,0.058016,1
Asthenia,SMHB00114,None,None,None
Left Flank Pain,SMHB00114,None,None,None
Hemorrhage Of Pregnancy,SMHB00114,0.002166,0.011459,1
Pregnancy Disorder,SMHB00114,0.015145,0.043192,1
Pain Radiating,SMHB00114,None,None,None
Crushing Pain,SMHB00114,None,None,None
Posterior Compartment Low Back Pain,SMHB00114,None,None,None
Mental Deficiency,SMHB00114,0.015145,0.043192,1
Abnormal Ejaculation,SMHB00114,0.030067,0.058016,1
Atrophy,SMHB00114,None,None,None
Right Flank Pain,SMHB00115,None,None,None
 Physical Suffering,SMHB00115,None,None,None
Mechanical Low Back Pain,SMHB00115,0,0,0
Flank Pain,SMHB00115,None,None,None
 Recurrent Low Back Pain,SMHB00115,0,0,0
Lower Extremity Pain,SMHB00115,0.044655,0.074068,1
Hyperalgia,SMHB00115,None,None,None
Pain,SMHB00115,None,None,None
Knee(S) Pain,SMHB00115,None,None,None
Micturition Disorder,SMHB00115,None,None,None
Burning Pain,SMHB00115,None,None,None
 Orthostasis,SMHB00115,None,None,None
 Splitting Pain,SMHB00115,None,None,None
Lightheadedness,SMHB00115,None,None,None
Loin Pain,SMHB00115,0,2.00E-06,0.001855
Postural Low Back Pain,SMHB00115,0,0,0
 Migratory Pain,SMHB00115,None,None,None
Dizziness,SMHB00115,None,None,None
Ache,SMHB00115,None,None,None
Foreign Body,SMHB00115,None,None,None
Left Flank Pain,SMHB00115,None,None,None
Pain Radiating,SMHB00115,None,None,None
Crushing Pain,SMHB00115,None,None,None
Posterior Compartment Low Back Pain,SMHB00115,0,0,0
Atrophy,SMHB00115,None,None,None
Bilateral Knee Joint Pain,SMHB00115,0.044655,0.074068,1
"Nasal Obstruction, Unilateral",SMHB00118,None,None,None
Sharp Headache,SMHB00118,None,None,None
"Nasal Obstruction, Bilateral",SMHB00118,None,None,None
 Physical Suffering,SMHB00118,None,None,None
Cough Productive,SMHB00118,None,None,None
"Sputums, Induced",SMHB00118,None,None,None
Heaviness Of Head,SMHB00118,0.04027,0.068883,1
"Headache, Periorbital",SMHB00118,None,None,None
Bilateral Headache,SMHB00118,None,None,None
Ocular Headache,SMHB00118,None,None,None
 Airway Obstruction Nasal,SMHB00118,None,None,None
Headache Throbbing,SMHB00118,None,None,None
Hyperalgia,SMHB00118,None,None,None
Radiculopathy,SMHB00118,0.020338,0.047791,1
Rhinorrhea,SMHB00118,None,None,None
Nasal Congestion,SMHB00118,None,None,None
Orthostatic Headache,SMHB00118,None,None,None
Nerve Root Disorder,SMHB00118,0.020338,0.047791,1
Pain,SMHB00118,None,None,None
Cough,SMHB00118,None,None,None
Burning Pain,SMHB00118,None,None,None
 Splitting Pain,SMHB00118,None,None,None
"Neuralgia, Sluder",SMHB00118,0.020338,0.047791,1
Cervical Radiculopathy,SMHB00118,0.020338,0.047791,1
Trigeminal Autonomic Cephalgia,SMHB00118,0.020338,0.047791,1
Sputum,SMHB00118,None,None,None
 Migratory Pain,SMHB00118,None,None,None
Nerve Root Pain,SMHB00118,0.020338,0.047791,1
Neuralgia Facial,SMHB00118,0.020338,0.047791,1
Coryza,SMHB00118,None,None,None
Ache,SMHB00118,None,None,None
 Generalised Headache,SMHB00118,None,None,None
"Avulsion, Nerve Root",SMHB00118,0.020338,0.047791,1
Pain Radiating,SMHB00118,None,None,None
Crushing Pain,SMHB00118,None,None,None
Vertex Headache,SMHB00118,None,None,None
"Headache, Retro-Ocular",SMHB00118,None,None,None
Compression Nerve Root,SMHB00118,0.020338,0.047791,1
"Headache, Dull",SMHB00118,None,None,None
Cough Persistent,SMHB00118,0.005766,0.024575,1
Headache Unilateral,SMHB00118,None,None,None
Radiculitis,SMHB00118,0.020338,0.047791,1
Tenderness,SMHB00118,0.04027,0.068883,1
Myofacial Pain Syndrome,SMHB00118,0.020338,0.047791,1
Headache,SMHB00118,None,None,None
Sputum Purulent,SMHB00118,None,None,None
Haemorrhage Ant Chamber Eye,SMHB00119,None,None,None
Pneumonia,SMHB00119,None,None,None
Haematotoxicity,SMHB00119,None,None,None
Erythrosis,SMHB00119,0.013847,0.040951,1
Hemorrhage,SMHB00119,None,None,None
 Physical Suffering,SMHB00119,None,None,None
Cough Productive,SMHB00119,None,None,None
Scabies,SMHB00119,None,None,None
Hematemesis,SMHB00119,None,None,None
Caustic Injury,SMHB00119,0.040985,0.069693,1
Hyperalgia,SMHB00119,None,None,None
Pain,SMHB00119,None,None,None
Contusion,SMHB00119,0.00181,0.009889,1
Cough,SMHB00119,None,None,None
Bronchiectasis,SMHB00119,0.000186,0.001576,1
Burning Pain,SMHB00119,None,None,None
 Splitting Pain,SMHB00119,None,None,None
Injuries Wounds,SMHB00119,None,None,None
Sarcoptic Red Mange,SMHB00119,None,None,None
Skin Breakdown,SMHB00119,0.013847,0.040951,1
Pneumonia Lobar,SMHB00119,None,None,None
 Migratory Pain,SMHB00119,None,None,None
Eczema,SMHB00119,None,None,None
Skin Ulcer(S),SMHB00119,None,None,None
Functional Bowel Disorder,SMHB00119,0.013847,0.040951,1
Ache,SMHB00119,None,None,None
Lips Bleeding,SMHB00119,0.013847,0.040951,1
Pain Radiating,SMHB00119,None,None,None
Crushing Pain,SMHB00119,None,None,None
Vaginal Bleeding,SMHB00119,0.013847,0.040951,1
" Disease Of Vocal Cords, Nos",SMHB00119,0.001096,0.006521,1
Experimental Lung Inflammation,SMHB00119,None,None,None
Acne Aggravated,SMHB00119,0.013847,0.040951,1
Cough Persistent,SMHB00119,0.002692,0.013583,1
Gastric Ulcer Bleeding,SMHB00119,0.013847,0.040951,1
Oral Ulcer,SMHB00119,None,None,None
Alopecia,SMHB00117,None,None,None
Alopecia Cicatrisata,SMHB00117,None,None,None
Neoplastic Growth,SMHB00117,None,None,None
 Physical Suffering,SMHB00117,None,None,None
Graphomotor Aphasia,SMHB00117,None,None,None
Global Aphasia,SMHB00117,None,None,None
Epigastric Pain,SMHB00117,None,None,None
Amenorrhea,SMHB00117,0.033388,0.061682,1
Chest Pain,SMHB00117,None,None,None
Hyperalgia,SMHB00117,None,None,None
Dysphasia,SMHB00117,None,None,None
"Amenorrhea, Postpartum",SMHB00117,0.033388,0.061682,1
Dejerine Lichtheim Phenomenon,SMHB00117,None,None,None
"Aphasia, Post Ictal",SMHB00117,None,None,None
Intellectual Aphasia,SMHB00117,None,None,None
Crescendo Angina,SMHB00117,None,None,None
Pain,SMHB00117,None,None,None
Buerger Disease,SMHB00117,0.011251,0.037373,1
Functional Aphasia,SMHB00117,None,None,None
Chest Mass,SMHB00117,0.022379,0.050405,1
 Acquired Aphasias,SMHB00117,None,None,None
Burning Pain,SMHB00117,None,None,None
 Splitting Pain,SMHB00117,None,None,None
Injuries Wounds,SMHB00117,None,None,None
Angina Pectoris,SMHB00117,None,None,None
"Aphasia, Post Traumatic",SMHB00117,None,None,None
 Migratory Pain,SMHB00117,None,None,None
Pelvis Tumor,SMHB00117,0.011251,0.037373,1
Mixed Aphasia,SMHB00117,None,None,None
Ache,SMHB00117,None,None,None
Auditory Discriminatory Aphasia,SMHB00117,None,None,None
Commisural Aphasia,SMHB00117,None,None,None
Neoplasm Benign Nos,SMHB00117,0.011251,0.037373,1
 Ageusic Aphasia,SMHB00117,None,None,None
Progressive Aphasia,SMHB00117,None,None,None
 Alopecia Hereditaria,SMHB00117,None,None,None
Pain Precordial,SMHB00117,1.00E-06,2.30E-05,0.031372
Abdomen Tumor,SMHB00117,0.022379,0.050405,1
Dyspepsia,SMHB00117,None,None,None
Bloating Feeling,SMHB00117,None,None,None
Pain Radiating,SMHB00117,None,None,None
Crushing Pain,SMHB00117,None,None,None
Menopause,SMHB00117,None,None,None
 Dyspepsia-Aggravated,SMHB00117,None,None,None
" Disease Of Vocal Cords, Nos",SMHB00117,5.00E-06,7.60E-05,0.124552
Aphasia,SMHB00117,None,None,None
Syntactical Aphasia,SMHB00117,None,None,None
emantic Aphasia,SMHB00117,None,None,None
Panic State,SMHB00552,0.046197,0.075809,1
Deglutitional Syncope,SMHB00552,0.01737,0.045134,1
Sharp Headache,SMHB00552,0,0,4.00E-06
Tongue Swelling,SMHB00552,0.046197,0.075809,1
Presyncope,SMHB00552,0.02139,0.049137,1
"Sputums, Induced",SMHB00552,0.03417,0.062682,1
Intermittant Vertigo,SMHB00552,0.007571,0.029874,1
Heaviness Of Head,SMHB00552,0.046197,0.075809,1
"Headache, Periorbital",SMHB00552,0,0,4.00E-06
Bilateral Headache,SMHB00552,0,0,4.00E-06
Vertigo,SMHB00552,0.02139,0.049137,1
Auditory Dysesthesia,SMHB00552,0.023367,0.051423,1
Ocular Headache,SMHB00552,0,0,4.00E-06
Vertigo Postural,SMHB00552,0.007571,0.029874,1
Stokes-Adams Syncope,SMHB00552,0.01737,0.045134,1
Tongue Edema,SMHB00552,0.023367,0.051423,1
Vertigo Central Origin,SMHB00552,0.007571,0.029874,1
Headache Throbbing,SMHB00552,0,0,4.00E-06
Syncope Cough,SMHB00552,0.01737,0.045134,1
Dyspnea,SMHB00552,0.046197,0.075809,1
Hyperventilation Syncope,SMHB00552,0.01737,0.045134,1
Hyperalgia,SMHB00552,0.023367,0.051423,1
Radiculopathy,SMHB00552,0.023367,0.051423,1
Brain Stem Vertigo,SMHB00552,0.007571,0.029874,1
Syncope Exertional,SMHB00552,0.01737,0.045134,1
Orthostatic Headache,SMHB00552,0,0,4.00E-06
Distorted Hearing,SMHB00552,0.023367,0.051423,1
Syncope Cardiac,SMHB00552,0.01737,0.045134,1
Nerve Root Disorder,SMHB00552,0.023367,0.051423,1
Cough,SMHB00552,8.40E-05,0.000826,1
Motion Sickness,SMHB00552,0.000536,0.003704,1
Syncope Postural,SMHB00552,0.01737,0.045134,1
"Neuralgia, Sluder",SMHB00552,0.023367,0.051423,1
Bronchial Asthma,SMHB00552,0.004499,0.020548,1
Cervical Radiculopathy,SMHB00552,0.023367,0.051423,1
Syncopal Vertigo,SMHB00552,0.01737,0.045134,1
 Essential Vertigo,SMHB00552,0.007571,0.029874,1
Trigeminal Autonomic Cephalgia,SMHB00552,0.023367,0.051423,1
Sputum,SMHB00552,0.03417,0.062682,1
Air Sickness,SMHB00552,0.000536,0.003704,1
Convulsive Syncope,SMHB00552,0.01737,0.045134,1
Nerve Root Pain,SMHB00552,0.023367,0.051423,1
 Cough Increased,SMHB00552,0.023367,0.051423,1
Neuralgia Facial,SMHB00552,0.023367,0.051423,1
Carotid Sinus Syncope,SMHB00552,0.01737,0.045134,1
Syncope Micturition,SMHB00552,0.01737,0.045134,1
Vision Halo,SMHB00552,0.023367,0.051423,1
 Generalised Headache,SMHB00552,0,0,4.00E-06
Paracusia,SMHB00552,0.023367,0.051423,1
 Vertigo Paroxysmal,SMHB00552,0.007571,0.029874,1
"Avulsion, Nerve Root",SMHB00552,0.023367,0.051423,1
Hearing Disorder,SMHB00552,0.023367,0.051423,1
Sea Sickness,SMHB00552,0.000536,0.003704,1
Syncopal Episode,SMHB00552,0.01737,0.045134,1
Ocular Icterus,SMHB00552,0.023367,0.051423,1
Syncope,SMHB00552,0.001289,0.007444,1
Situational Syncope,SMHB00552,0.01737,0.045134,1
Vertex Headache,SMHB00552,0,0,4.00E-06
"Headache, Retro-Ocular",SMHB00552,0,0,4.00E-06
Compression Nerve Root,SMHB00552,0.023367,0.051423,1
Asthma Attack,SMHB00552,0.023367,0.051423,1
"Headache, Dull",SMHB00552,3.10E-05,0.000361,0.763572
Cough Persistent,SMHB00552,0.007571,0.029874,1
Headache Unilateral,SMHB00552,0,0,4.00E-06
Radiculitis,SMHB00552,0.023367,0.051423,1
Tenderness,SMHB00552,0.046197,0.075809,1
Constant Vertigo,SMHB00552,0.007571,0.029874,1
Myofacial Pain Syndrome,SMHB00552,0.023367,0.051423,1
Peripheral Vertigo,SMHB00552,0.007571,0.029874,1
Headache,SMHB00552,0,0,1.00E-05
Respiratory Distress,SMHB00552,0.046197,0.075809,1
Heartbeats Increased,SMHB00552,0.023367,0.051423,1
Bright Red Blood Per Rectum,SMHB00121,None,None,None
Hematemesis,SMHB00121,None,None,None
"Melena
",SMHB00121,5.70E-05,0.0006,1
Diarrhea,SMHB00121,None,None,None
Blood Disorder,SMHB00121,None,None,None
Carbuncle,SMHB00121,None,None,None
Uterine Bleeding,SMHB00121,1.40E-05,0.000182,0.337943
Hemorrhage Postpartum,SMHB00121,0.004249,0.019659,1
Skin Ulcer(S),SMHB00121,None,None,None
Hemorrhoid Bleeding,SMHB00121,0.023195,0.051423,1
Metrorrhagia,SMHB00121,None,None,None
Menorrhagia,SMHB00121,0.001176,0.006904,1
Menometrorrhagia,SMHB00121,0.001176,0.006904,1
Rash,SMHB00122,0.014707,0.042343,1
Sharp Headache,SMHB00122,None,None,None
Constipation,SMHB00122,None,None,None
 Physical Suffering,SMHB00122,None,None,None
Limb Anomaly Congenital,SMHB00122,0.024232,0.052098,1
Heaviness Of Head,SMHB00122,0.047887,0.077434,1
Catarrh,SMHB00122,None,None,None
Scabies,SMHB00122,None,None,None
"Headache, Periorbital",SMHB00122,None,None,None
Bilateral Headache,SMHB00122,None,None,None
Rheumatism,SMHB00122,None,None,None
Ocular Headache,SMHB00122,None,None,None
 Red,SMHB00122,0.024232,0.052098,1
Liability To Disease,SMHB00122,0.024232,0.052098,1
Headache Throbbing,SMHB00122,None,None,None
Hyperalgia,SMHB00122,None,None,None
Radiculopathy,SMHB00122,0.024232,0.052098,1
German Measles,SMHB00122,None,None,None
Orthostatic Headache,SMHB00122,None,None,None
Hyperpyrexia,SMHB00122,None,None,None
Nerve Root Disorder,SMHB00122,0.024232,0.052098,1
Pain,SMHB00122,None,None,None
Pneumatosis,SMHB00122,0.024232,0.052098,1
 Skin Scaly,SMHB00122,0.047887,0.077434,1
Arthritic Pains,SMHB00122,None,None,None
Micturition Disorder,SMHB00122,None,None,None
Burning Pain,SMHB00122,None,None,None
 Splitting Pain,SMHB00122,None,None,None
Sarcoptic Red Mange,SMHB00122,None,None,None
"Neuralgia, Sluder",SMHB00122,0.024232,0.052098,1
Cervical Radiculopathy,SMHB00122,0.024232,0.052098,1
Trigeminal Autonomic Cephalgia,SMHB00122,0.024232,0.052098,1
 Migratory Pain,SMHB00122,None,None,None
Musculoskeletal Pain,SMHB00122,0.047887,0.077434,1
Nerve Root Pain,SMHB00122,0.024232,0.052098,1
Neuralgia Facial,SMHB00122,0.024232,0.052098,1
Skin Ulcer(S),SMHB00122,None,None,None
Functional Bowel Disorder,SMHB00122,0.024232,0.052098,1
Coryza,SMHB00122,None,None,None
Ache,SMHB00122,None,None,None
Scalp Pruritus,SMHB00122,0.024232,0.052098,1
Influenza,SMHB00122,0.047887,0.077434,1
 Generalised Headache,SMHB00122,None,None,None
 Face Injury,SMHB00122,0.024232,0.052098,1
Defecation Pain,SMHB00122,None,None,None
Colonic Inertia,SMHB00122,None,None,None
"Avulsion, Nerve Root",SMHB00122,0.024232,0.052098,1
Throat Dry,SMHB00122,None,None,None
Pain Radiating,SMHB00122,None,None,None
Crushing Pain,SMHB00122,None,None,None
Vertex Headache,SMHB00122,None,None,None
"Headache, Retro-Ocular",SMHB00122,None,None,None
Common Cold,SMHB00122,None,None,None
Compression Nerve Root,SMHB00122,0.024232,0.052098,1
Blotchy Rash,SMHB00122,0.024232,0.052098,1
Chills And Fever,SMHB00122,None,None,None
Chills And Fever,SMHB00122,None,None,None
Typhoid Fever,SMHB00122,None,None,None
"Headache, Dull",SMHB00122,None,None,None
Headache Unilateral,SMHB00122,None,None,None
Radiculitis,SMHB00122,0.024232,0.052098,1
Tenderness,SMHB00122,0.047887,0.077434,1
Myofacial Pain Syndrome,SMHB00122,0.024232,0.052098,1
Headache,SMHB00122,None,None,None
King Evil,SMHB00122,None,None,None
Tetanus,SMHB00122,0.024232,0.052098,1
 Physical Suffering,SMHB00123,None,None,None
Vaginal Discharge White,SMHB00123,None,None,None
Rheumatism,SMHB00123,None,None,None
Anasarca,SMHB00123,None,None,None
Dysuria,SMHB00123,2.70E-05,0.000324,0.670625
Edema,SMHB00123,None,None,None
Muscle Weakness,SMHB00123,0.02912,0.057221,1
Hyperalgia,SMHB00123,None,None,None
Pain,SMHB00123,None,None,None
Arthritic Pains,SMHB00123,None,None,None
Micturition Disorder,SMHB00123,None,None,None
Burning Pain,SMHB00123,None,None,None
 Splitting Pain,SMHB00123,None,None,None
Motion Sickness,SMHB00123,None,None,None
Skin Breakdown,SMHB00123,0.007356,0.029106,1
Air Sickness,SMHB00123,None,None,None
 Migratory Pain,SMHB00123,None,None,None
Musculoskeletal Pain,SMHB00123,0.014661,0.042343,1
Eczema,SMHB00123,None,None,None
Skin Ulcer(S),SMHB00123,None,None,None
Athetosis,SMHB00123,None,None,None
Ache,SMHB00123,None,None,None
Prostatism,SMHB00123,0.007356,0.029106,1
Sea Sickness,SMHB00123,None,None,None
Pain Radiating,SMHB00123,None,None,None
Crushing Pain,SMHB00123,None,None,None
Hyperostosis,SMHB00123,0.014661,0.042343,1
Beriberi,SMHB00123,None,None,None
Abdomen Distention,SMHB00120,0.017465,0.045362,1
Abdominal Tenderness,SMHB00120,0.006923,0.027968,1
Constipation,SMHB00120,None,None,None
 Physical Suffering,SMHB00120,None,None,None
Renal Agenesis,SMHB00120,None,None,None
Anasarca,SMHB00120,None,None,None
Abdominal Pain,SMHB00120,None,None,None
Edema,SMHB00120,None,None,None
Hyperalgia,SMHB00120,None,None,None
Sarcoidosis,SMHB00120,None,None,None
Pain,SMHB00120,None,None,None
Burning Pain,SMHB00120,None,None,None
 Splitting Pain,SMHB00120,None,None,None
Abdomen Discomfort,SMHB00120,0.040872,0.069693,1
Hand Swelling,SMHB00120,0.006923,0.027968,1
Flatulence,SMHB00120,None,None,None
 Migratory Pain,SMHB00120,None,None,None
Swelling,SMHB00120,None,None,None
Ache,SMHB00120,None,None,None
Defecation Pain,SMHB00120,None,None,None
Colonic Inertia,SMHB00120,None,None,None
Dyspepsia,SMHB00120,None,None,None
Bloating Feeling,SMHB00120,None,None,None
Pain Radiating,SMHB00120,None,None,None
Crushing Pain,SMHB00120,None,None,None
General Abdominal Pain-Symptom,SMHB00120,0.006923,0.027968,1
Gastric Ulcer Bleeding,SMHB00120,None,None,None
Hematuria,SMHB00524,0.042565,0.07148,1
Hematuria Gross,SMHB00524,0.017237,0.045046,1
Breast Cyst,SMHB00524,0.008654,0.032544,1
"Diarrhea, Chronic",SMHB00524,0.02575,0.053532,1
Skin Breakdown,SMHB00524,0.008654,0.032544,1
Diarrhea Acute,SMHB00524,0.008654,0.032544,1
Carbuncle,SMHB00524,0.003042,0.014963,1
Blood Urine Present,SMHB00524,0.034192,0.062682,1
Diarrhea Watery,SMHB00524,0.008654,0.032544,1
Scalp Pruritus,SMHB00524,0.008654,0.032544,1
Gingiva Hemorrhage,SMHB00524,0.017237,0.045046,1
Urine Rbc,SMHB00524,0.034192,0.062682,1
Tinea Pedis,SMHB00524,0.034192,0.062682,1
Abdomen Distention,SMHB00687,0.040625,0.069427,1
Abdominal Tenderness,SMHB00687,0.010818,0.036554,1
Constipation,SMHB00687,2.00E-06,3.60E-05,0.053169
 Physical Suffering,SMHB00687,0.013837,0.040951,1
Malnutrition,SMHB00687,0.001642,0.009132,1
Pain,SMHB00687,0.018951,0.04715,1
Cough,SMHB00687,0.048349,0.078022,1
Burning Pain,SMHB00687,0.013837,0.040951,1
 Splitting Pain,SMHB00687,0.013837,0.040951,1
Arbovirus,SMHB00687,0.010818,0.036554,1
Arbovirus,SMHB00687,0.010818,0.036554,1
 Migratory Pain,SMHB00687,0.013837,0.040951,1
Ache,SMHB00687,0.024741,0.053031,1
Defecation Pain,SMHB00687,0,6.00E-06,0.006725
Colonic Inertia,SMHB00687,1.00E-06,1.40E-05,0.017984
Pain Radiating,SMHB00687,0.013837,0.040951,1
Crushing Pain,SMHB00687,0.013837,0.040951,1
General Abdominal Pain-Symptom,SMHB00687,0.010818,0.036554,1
Cough Persistent,SMHB00687,0.001642,0.009132,1
Abnormal Stools,SMHB00687,0.005823,0.024753,1
Ascariasis,SMHB00687,0.021523,0.049159,1
Hookworm Infections,SMHB00687,0.010818,0.036554,1
Parasitemia,SMHB00687,0.021523,0.049159,1
Right Flank Pain,SMHB00124,0.000144,0.001275,1
Joint Range Of Motion Decreased,SMHB00124,8.70E-05,0.000842,1
Vaginal Discharge White,SMHB00124,0.001766,0.009674,1
Mechanical Low Back Pain,SMHB00124,0,0,0.000147
Rheumatism,SMHB00124,0.037562,0.066353,1
Flank Pain,SMHB00124,0.000144,0.001275,1
 Recurrent Low Back Pain,SMHB00124,0,0,0.000147
Photophobia,SMHB00124,None,None,None
Vagina,SMHB00124,0.0283,0.05602,1
Muscle Weakness,SMHB00124,0.037562,0.066353,1
Loin Pain,SMHB00124,0.001268,0.007351,1
Postural Low Back Pain,SMHB00124,0,0,0.000147
Musculoskeletal Pain,SMHB00124,0.018953,0.04715,1
Left Flank Pain,SMHB00124,0.000144,0.001275,1
Gonorrhea,SMHB00124,0.002992,0.014917,1
Arthropathy,SMHB00124,0.04674,0.076544,1
Posterior Compartment Low Back Pain,SMHB00124,0,0,0.000147
Rheumatism,SMHB00681,0.020622,0.048222,1
Toothache,SMHB00681,0.000367,0.00274,1
Muscle Weakness,SMHB00681,0.020622,0.048222,1
Skin Infection,SMHB00681,0.01036,0.03576,1
Breast Cyst,SMHB00681,0.005193,0.022802,1
Musculoskeletal Pain,SMHB00681,0.01036,0.03576,1
King Evil,SMHB00681,0.020622,0.048222,1
Multiple Sores On Skin,SMHB00681,0.035832,0.064462,1
Tinea Manus,SMHB00681,0.01036,0.03576,1
Larynx,SMHB00125,4.00E-05,0.000445,0.994896
"Sputums, Induced",SMHB00125,None,None,None
Vertebrogenic Pain Syndrome,SMHB00125,None,None,None
 Zoophaginae,SMHB00125,0.016443,0.044013,1
Parotid Enlargement,SMHB00125,None,None,None
"Melena
",SMHB00125,0.000263,0.002095,1
Vagina,SMHB00125,0.048543,0.078022,1
Edema,SMHB00125,None,None,None
Diarrhea,SMHB00125,None,None,None
Virus,SMHB00125,0.016443,0.044013,1
Animal Virus,SMHB00125,0.016443,0.044013,1
Bite Wound Insect,SMHB00125,0.016443,0.044013,1
Hyperpyrexia,SMHB00125,7.00E-06,0.000107,0.183302
Jaundice,SMHB00125,0.006927,0.027968,1
 Emotional Depression,SMHB00125,None,None,None
Back Pain Without Radiation Nos,SMHB00125,None,None,None
Back Pain With Radiation,SMHB00125,None,None,None
Seizures,SMHB00125,2.00E-06,3.50E-05,0.052139
Bronchiectasis,SMHB00125,0.000263,0.002095,1
"Diarrhea, Chronic",SMHB00125,0.048543,0.078022,1
 Stool Loose,SMHB00125,None,None,None
Abdomen Discomfort,SMHB00125,None,None,None
Mumps,SMHB00125,0.048543,0.078022,1
Flatulence,SMHB00125,None,None,None
Diarrhea Acute,SMHB00125,0.016443,0.044013,1
Sputum,SMHB00125,None,None,None
Breast Pain,SMHB00125,None,None,None
Diarrhea Watery,SMHB00125,0.016443,0.044013,1
 Parotid Disease,SMHB00125,None,None,None
Backache,SMHB00125,None,None,None
Neck Stiffness,SMHB00125,None,None,None
Defecation Pain,SMHB00125,None,None,None
Habit Disorder,SMHB00125,1.60E-05,0.00021,0.402535
Hemorrhoid Bleeding,SMHB00125,0.048543,0.078022,1
Vocal Tic,SMHB00125,1.60E-05,0.00021,0.402535
Throat Dry,SMHB00125,None,None,None
Lips Bleeding,SMHB00125,0.016443,0.044013,1
Motor Tics,SMHB00125,1.60E-05,0.00021,0.402535
Dyspepsia,SMHB00125,None,None,None
Vaginal Bleeding,SMHB00125,0.016443,0.044013,1
Chills And Fever,SMHB00125,None,None,None
Chills And Fever,SMHB00125,None,None,None
Gastric Ulcer Bleeding,SMHB00125,0.016443,0.044013,1
Extremity Paresthesia,SMHB00125,None,None,None
Oral Ulcer,SMHB00125,None,None,None
Operative Bleeding,SMHB00125,None,None,None
Fever,SMHB00125,None,None,None
Mastitis,SMHB00125,0.016443,0.044013,1
Larynx,SMHB00126,None,None,None
Localized; Swelling,SMHB00126,0.045881,0.075628,1
 Physical Suffering,SMHB00126,0.007273,0.029076,1
Vaginal Discharge White,SMHB00126,None,None,None
Eye Pain,SMHB00126,None,None,None
Amenorrhea,SMHB00126,0.000171,0.001471,1
Abdominal Pain,SMHB00126,None,None,None
Photophobia,SMHB00126,None,None,None
Smarting Of Skin,SMHB00126,0.007789,0.030277,1
Hunger Abnormal,SMHB00126,None,None,None
Hematoma,SMHB00126,0.01552,0.043506,1
Muscle Weakness,SMHB00126,0.030813,0.058607,1
Polyarthralgia,SMHB00126,None,None,None
"Amenorrhea, Postpartum",SMHB00126,0.000171,0.001471,1
Skin Pain,SMHB00126,0.007789,0.030277,1
Bite Wound Insect,SMHB00126,0.007789,0.030277,1
Pain,SMHB00126,0.010022,0.03503,1
Arthralgia,SMHB00126,None,None,None
Waxy Flexibility,SMHB00126,None,None,None
Contusion,SMHB00126,0.038375,0.067282,1
 Skin Scaly,SMHB00126,0.01552,0.043506,1
Arthritic Pains,SMHB00126,None,None,None
Burning Pain,SMHB00126,0.007273,0.029076,1
 Splitting Pain,SMHB00126,0.007273,0.029076,1
Bed-Wetting,SMHB00126,None,None,None
Skin Swelling,SMHB00126,0.01552,0.043506,1
Thirst,SMHB00126,None,None,None
 Migratory Pain,SMHB00126,0.007273,0.029076,1
Musculoskeletal Pain,SMHB00126,0.01552,0.043506,1
Catalepsy,SMHB00126,None,None,None
Ache,SMHB00126,0.000638,0.004251,1
Abdomen Ruq Pain,SMHB00126,None,None,None
Pain Radiating,SMHB00126,0.007273,0.029076,1
Crushing Pain,SMHB00126,0.007273,0.029076,1
Menopause,SMHB00126,0.030813,0.058607,1
Tinea Manus,SMHB00126,0.01552,0.043506,1
Sharp Headache,SMHB00639,0,1.00E-06,0.000874
Blanching Of Skin,SMHB00639,0.029424,0.057438,1
Diabetes Mellitus,SMHB00639,0.029424,0.057438,1
Stroke,SMHB00639,0.021304,0.048949,1
"Headache, Periorbital",SMHB00639,0,1.00E-06,0.000874
Vertebrogenic Pain Syndrome,SMHB00639,0.000458,0.003264,1
Bilateral Headache,SMHB00639,0,1.00E-06,0.000874
Ocular Headache,SMHB00639,0,1.00E-06,0.000874
Renal Agenesis,SMHB00639,0.029424,0.057438,1
Burning Anal,SMHB00639,0.029424,0.057438,1
Headache Throbbing,SMHB00639,0,1.00E-06,0.000874
Chest Pain,SMHB00639,0.039535,0.068167,1
Radiculopathy,SMHB00639,0.029424,0.057438,1
Orthostatic Headache,SMHB00639,0,1.00E-06,0.000874
Hyperpyrexia,SMHB00639,0.026876,0.054788,1
Crescendo Angina,SMHB00639,0.008057,0.031128,1
Nerve Root Disorder,SMHB00639,0.029424,0.057438,1
Back Pain Without Radiation Nos,SMHB00639,0.000458,0.003264,1
Back Pain With Radiation,SMHB00639,0.000458,0.003264,1
Motion Sickness,SMHB00639,0.000853,0.005357,1
 Cva Nos Acute,SMHB00639,0.016285,0.044013,1
"Neuralgia, Sluder",SMHB00639,0.029424,0.057438,1
Cervical Radiculopathy,SMHB00639,0.029424,0.057438,1
Diarrhea Acute,SMHB00639,0.029424,0.057438,1
Angina Pectoris,SMHB00639,0.021304,0.048949,1
Trigeminal Autonomic Cephalgia,SMHB00639,0.029424,0.057438,1
Thirst,SMHB00639,0,1.00E-06,0.001011
Air Sickness,SMHB00639,0.000853,0.005357,1
Nerve Root Pain,SMHB00639,0.029424,0.057438,1
Neuralgia Facial,SMHB00639,0.029424,0.057438,1
Diarrhea Watery,SMHB00639,0.029424,0.057438,1
Vision Halo,SMHB00639,0.029424,0.057438,1
Backache,SMHB00639,0.000784,0.004981,1
Neck Stiffness,SMHB00639,3.00E-06,5.40E-05,0.083263
 Generalised Headache,SMHB00639,0,1.00E-06,0.000874
"Avulsion, Nerve Root",SMHB00639,0.029424,0.057438,1
Pain Precordial,SMHB00639,2.40E-05,0.000296,0.604715
Sea Sickness,SMHB00639,0.000853,0.005357,1
Nuchal Rigidity,SMHB00639,3.00E-06,5.40E-05,0.083263
Vertex Headache,SMHB00639,0,1.00E-06,0.000874
"Headache, Retro-Ocular",SMHB00639,0,1.00E-06,0.000874
Compression Nerve Root,SMHB00639,0.029424,0.057438,1
Chills And Fever,SMHB00639,0.00703,0.028305,1
Chills And Fever,SMHB00639,0.00703,0.028305,1
"Headache, Dull",SMHB00639,7.70E-05,0.000774,1
Headache Unilateral,SMHB00639,0,1.00E-06,0.000874
Radiculitis,SMHB00639,0.029424,0.057438,1
Myofacial Pain Syndrome,SMHB00639,0.029424,0.057438,1
Headache,SMHB00639,0,2.00E-06,0.002117
Fever,SMHB00639,0.000956,0.005866,1
Diabetes Mellitus,SMHB00682,0.006491,0.026685,1
Chapped Skin,SMHB00682,0.006491,0.026685,1
Scald,SMHB00682,3.90E-05,0.000436,0.975139
Dyslipidemia,SMHB00682,0.006491,0.026685,1
Second Degree Burn,SMHB00682,0.006491,0.026685,1
Asthenia,SMHB00682,1.00E-06,1.60E-05,0.021042
Dyslipoproteinemia,SMHB00682,0.006491,0.026685,1
Aging Premature,SMHB00682,0.006491,0.026685,1
Burn Injury,SMHB00682,2.00E-06,3.70E-05,0.054474
Hyperlipidemia,SMHB00682,0.006491,0.026685,1
Duodenal Ulcer Hemorrhage,SMHB00683,0.003894,0.018222,1
Ecthyma,SMHB00683,0.003894,0.018222,1
Injuries Wounds,SMHB00683,0.015497,0.043506,1
Scald,SMHB00683,1.30E-05,0.000181,0.334333
Ulcer,SMHB00683,0.011643,0.038067,1
Second Degree Burn,SMHB00683,0.003894,0.018222,1
 Duodenitis Hemorrhagic,SMHB00683,0.003894,0.018222,1
Burn Injury,SMHB00683,0,9.00E-06,0.010096
Abdomen Distention,SMHB00684,0.015405,0.043506,1
Abdominal Tenderness,SMHB00684,0.006491,0.026685,1
 Physical Suffering,SMHB00684,0.005057,0.022436,1
Abdominal Pain,SMHB00684,0.005782,0.024633,1
Pain,SMHB00684,0.006986,0.028157,1
Burning Pain,SMHB00684,0.005057,0.022436,1
 Splitting Pain,SMHB00684,0.005057,0.022436,1
Abdomen Discomfort,SMHB00684,0.038359,0.067282,1
 Migratory Pain,SMHB00684,0.005057,0.022436,1
Ache,SMHB00684,0.009198,0.033579,1
Scald,SMHB00684,0.012942,0.039733,1
Second Degree Burn,SMHB00684,0.006491,0.026685,1
Cough Nonproductive,SMHB00684,0.012942,0.039733,1
Pain Radiating,SMHB00684,0.005057,0.022436,1
Crushing Pain,SMHB00684,0.005057,0.022436,1
General Abdominal Pain-Symptom,SMHB00684,0.006491,0.026685,1
Burn Injury,SMHB00684,0.032062,0.060278,1
Soft Tissue Injury,SMHB00603,7.10E-05,0.000721,1
Smarting Of Skin,SMHB00603,0.008654,0.032544,1
Hematoma,SMHB00603,0.017237,0.045046,1
Skin Abscess,SMHB00603,0.017237,0.045046,1
Skin Pain,SMHB00603,0.008654,0.032544,1
Contusion,SMHB00603,0.042565,0.07148,1
Bronchiectasis,SMHB00603,7.10E-05,0.000721,1
Skin Swelling,SMHB00603,0.017237,0.045046,1
Ache,SMHB00603,0.016148,0.044013,1
Lips Bleeding,SMHB00603,0.008654,0.032544,1
Vaginal Bleeding,SMHB00603,0.008654,0.032544,1
Skin Benign Neoplasm,SMHB00603,0.008654,0.032544,1
Gastric Ulcer Bleeding,SMHB00603,0.008654,0.032544,1
Disorder Of Skin And Subcutaneous Tissue,SMHB00603,0.008654,0.032544,1
Right Flank Pain,SMHB00127,None,None,None
Flank Pain,SMHB00127,None,None,None
"Melena
",SMHB00127,1.30E-05,0.000181,0.334333
Vagina,SMHB00127,0.011643,0.038067,1
Tongue Disorder,SMHB00127,None,None,None
Central Facial Paralyses,SMHB00127,None,None,None
Facial Droop,SMHB00127,None,None,None
Vaginal Discharge,SMHB00127,0.011643,0.038067,1
Cold Sensation,SMHB00127,None,None,None
"Paralyses, Hemifacial",SMHB00127,None,None,None
Bone Pain,SMHB00127,None,None,None
Facial Paralysis,SMHB00127,None,None,None
Uterine Bleeding,SMHB00127,0.026979,0.054805,1
Nose Pruritus,SMHB00127,None,None,None
Hemorrhoid Bleeding,SMHB00127,0.011643,0.038067,1
Left Flank Pain,SMHB00127,None,None,None
Urine Abnormality,SMHB00127,0.023165,0.051423,1
Abnormal Ejaculation,SMHB00127,None,None,None
"Facial Paralyses, Peripheral",SMHB00127,None,None,None
Poor Quality Sleep,SMHB00127,None,None,None
Abnormal Stools,SMHB00127,0.042104,0.071024,1
Abdomen Distention,SMHB00128,None,None,None
Right Flank Pain,SMHB00128,4.20E-05,0.000467,1
Erythrosis,SMHB00128,None,None,None
 Physical Suffering,SMHB00128,None,None,None
Cough Productive,SMHB00128,None,None,None
Gastric Disorder,SMHB00128,0.045351,0.075018,1
Vomiting Neonatal,SMHB00128,0.022934,0.051277,1
"Sputums, Induced",SMHB00128,None,None,None
Flank Pain,SMHB00128,4.20E-05,0.000467,1
Biliary And Gallbladder Disorder,SMHB00128,0.022934,0.051277,1
Abdominal Pain,SMHB00128,None,None,None
Chest Pain,SMHB00128,0.001651,0.009174,1
Hyperalgia,SMHB00128,None,None,None
Gastrointestinal Discomfort,SMHB00128,0.007299,0.029106,1
Emesis,SMHB00128,None,None,None
Jaundice,SMHB00128,None,None,None
Pain,SMHB00128,None,None,None
Eating Disorder,SMHB00128,0.001526,0.008587,1
Cold Sensation,SMHB00128,None,None,None
Cough,SMHB00128,None,None,None
Burning Pain,SMHB00128,None,None,None
 Splitting Pain,SMHB00128,None,None,None
Sputum,SMHB00128,None,None,None
Anorexia,SMHB00128,0.004938,0.022121,1
 Migratory Pain,SMHB00128,None,None,None
Chest Symptom Discomfort,SMHB00128,None,None,None
Ache,SMHB00128,None,None,None
 Stomach Discomfort,SMHB00128,None,None,None
Left Flank Pain,SMHB00128,4.20E-05,0.000467,1
Loss Of Appetite,SMHB00128,0.022934,0.051277,1
Bloating Feeling,SMHB00128,None,None,None
Gagging,SMHB00128,None,None,None
Pain Radiating,SMHB00128,None,None,None
Crushing Pain,SMHB00128,None,None,None
Cough Persistent,SMHB00128,0.007299,0.029106,1
Lower Extremity Paresthesia,SMHB00128,None,None,None
Decreased Appetite,SMHB00128,None,None,None
Sputum Purulent,SMHB00128,None,None,None
Abdomen Distention,SMHB00129,None,None,None
Alopecia,SMHB00129,None,None,None
Alopecia Cicatrisata,SMHB00129,None,None,None
Insomnia,SMHB00129,None,None,None
Pulse Weakness,SMHB00129,0.001511,0.008521,1
 Physical Suffering,SMHB00129,None,None,None
Hyperphagia,SMHB00129,0.036781,0.065556,1
Trichophytosis,SMHB00129,None,None,None
"Sputums, Induced",SMHB00129,None,None,None
Prostatic Hyperplasia Benign,SMHB00129,None,None,None
Vaginal Discharge White,SMHB00129,None,None,None
Prostate Hypertrophy,SMHB00129,None,None,None
Menstrual Cramp,SMHB00129,None,None,None
Auditory Dysesthesia,SMHB00129,0.036781,0.065556,1
Developmental Delay,SMHB00129,0.036781,0.065556,1
Tongue Edema,SMHB00129,0.036781,0.065556,1
Anasarca,SMHB00129,None,None,None
Dysuria,SMHB00129,None,None,None
Tinea,SMHB00129,None,None,None
Abdominal Pain,SMHB00129,None,None,None
Edema,SMHB00129,None,None,None
Hematoma,SMHB00129,None,None,None
Hyperalgia,SMHB00129,None,None,None
Diarrhea,SMHB00129,None,None,None
Hemorrhage Within 24 Hours Following Delivery Of Placenta,SMHB00129,None,None,None
Pupil Dilated,SMHB00129,0.036781,0.065556,1
Palpitation(S),SMHB00129,None,None,None
Distorted Hearing,SMHB00129,0.036781,0.065556,1
Aplasia,SMHB00129,0.036781,0.065556,1
Tongue Disorder,SMHB00129,0.003436,0.016531,1
Emotional Instability,SMHB00129,None,None,None
Pain,SMHB00129,None,None,None
Pneumatosis,SMHB00129,0.036781,0.065556,1
Breast Mass,SMHB00129,None,None,None
Eating Disorder,SMHB00129,0.003916,0.018317,1
Buerger Disease,SMHB00129,None,None,None
Tinea Corporis,SMHB00129,None,None,None
Dryness Vaginal,SMHB00129,0.036781,0.065556,1
Orofacial Oedema,SMHB00129,0.036781,0.065556,1
Micturition Disorder,SMHB00129,None,None,None
Burning Pain,SMHB00129,None,None,None
Emotional Distress,SMHB00129,0.036781,0.065556,1
 Splitting Pain,SMHB00129,None,None,None
 Stool Loose,SMHB00129,None,None,None
Diarrhea Acute,SMHB00129,0.036781,0.065556,1
Cramp In Limb,SMHB00129,None,None,None
Sputum,SMHB00129,None,None,None
Anorexia,SMHB00129,0.012439,0.039351,1
 Migratory Pain,SMHB00129,None,None,None
Carbuncle,SMHB00129,None,None,None
Chest Symptom Discomfort,SMHB00129,None,None,None
Breast Pain,SMHB00129,None,None,None
Hemorrhage Postpartum,SMHB00129,None,None,None
Diarrhea Watery,SMHB00129,0.036781,0.065556,1
Ache,SMHB00129,None,None,None
Neoplasm Benign Nos,SMHB00129,None,None,None
Sleep Disorder,SMHB00129,0.007645,0.030107,1
Hemorrhage After First 24 Hours Following Delivery Of Placenta,SMHB00129,None,None,None
 name Dilation,SMHB00129,None,None,None
Prostate Adenoma,SMHB00129,None,None,None
Asthenia,SMHB00129,None,None,None
Epidermophytosis,SMHB00129,None,None,None
Paracusia,SMHB00129,0.036781,0.065556,1
 Alopecia Hereditaria,SMHB00129,None,None,None
Hearing Disorder,SMHB00129,0.036781,0.065556,1
Loss Of Appetite,SMHB00129,0.036781,0.065556,1
Rib Pain,SMHB00129,None,None,None
Prostate Hypertrophy Benign,SMHB00129,None,None,None
Bloating Feeling,SMHB00129,None,None,None
Breast Swelling,SMHB00129,None,None,None
Pain Radiating,SMHB00129,None,None,None
Crushing Pain,SMHB00129,None,None,None
"Prostate, Hyperplasia, Nodular",SMHB00129,None,None,None
Menopause,SMHB00129,None,None,None
Breast Engorgement,SMHB00129,None,None,None
Poor Quality Sleep,SMHB00129,0.036781,0.065556,1
Decreased Appetite,SMHB00129,None,None,None
King Evil,SMHB00129,None,None,None
Heartbeats Increased,SMHB00129,0.036781,0.065556,1
Premature Ejaculation,SMHB00132,None,None,None
Yang Deficiency,SMHB00132,None,None,None
Nocturia,SMHB00132,0.010818,0.036554,1
Aplasia,SMHB00132,0.010818,0.036554,1
Polyuria,SMHB00132,0.021523,0.049159,1
Hepatomegaly,SMHB00132,None,None,None
Blurred Vision,SMHB00132,0.001642,0.009132,1
Arthritic Pains,SMHB00132,None,None,None
Bed-Wetting,SMHB00132,0.010818,0.036554,1
Ocular Discomfort,SMHB00132,None,None,None
Urination Frequency,SMHB00132,None,None,None
Hepatosplenomegaly,SMHB00132,None,None,None
Enuresis,SMHB00132,None,None,None
Impaired Visual Acuity,SMHB00132,0.021523,0.049159,1
 Nocturia Aggravated,SMHB00132,0.010818,0.036554,1
"Ejaculation
",SMHB00132,None,None,None
Vision Dim,SMHB00132,None,None,None
 Dizziness Vertigo,SMHB00132,0.010818,0.036554,1
Panic State,SMHB00131,0.030919,0.058607,1
Abdomen Distention,SMHB00131,None,None,None
Deglutitional Syncope,SMHB00131,None,None,None
Sharp Headache,SMHB00131,None,None,None
Abdominal Tenderness,SMHB00131,0.015578,0.043506,1
Stroke,SMHB00131,None,None,None
 Physical Suffering,SMHB00131,None,None,None
Presyncope,SMHB00131,None,None,None
"Sputums, Induced",SMHB00131,None,None,None
"Headache, Periorbital",SMHB00131,None,None,None
Bilateral Headache,SMHB00131,None,None,None
 Cryptogenic Epilepsies,SMHB00131,None,None,None
Ocular Headache,SMHB00131,None,None,None
Epigastric Pain,SMHB00131,None,None,None
Stokes-Adams Syncope,SMHB00131,None,None,None
Anasarca,SMHB00131,None,None,None
Monoparesis,SMHB00131,None,None,None
Headache Throbbing,SMHB00131,None,None,None
Syncope Cough,SMHB00131,None,None,None
Chest Pain,SMHB00131,None,None,None
Hyperventilation Syncope,SMHB00131,None,None,None
Edema,SMHB00131,None,None,None
Hyperalgia,SMHB00131,None,None,None
Diarrhea,SMHB00131,None,None,None
" Disease, Endometrial",SMHB00131,0.015578,0.043506,1
Aura,SMHB00131,None,None,None
Single Seizure,SMHB00131,None,None,None
Yang Deficiency,SMHB00131,None,None,None
Syncope Exertional,SMHB00131,None,None,None
Orthostatic Headache,SMHB00131,None,None,None
Chill,SMHB00131,None,None,None
Syncope Cardiac,SMHB00131,None,None,None
Emesis,SMHB00131,None,None,None
Crescendo Angina,SMHB00131,None,None,None
Pain,SMHB00131,None,None,None
Seizures,SMHB00131,None,None,None
Arthritic Pains,SMHB00131,None,None,None
Burning Pain,SMHB00131,None,None,None
"Epilepsy, Awakening",SMHB00131,None,None,None
 Splitting Pain,SMHB00131,None,None,None
Abdomen Discomfort,SMHB00131,None,None,None
 Cva Nos Acute,SMHB00131,None,None,None
Syncope Postural,SMHB00131,None,None,None
Uterine Disorder,SMHB00131,0.015578,0.043506,1
Convulsions Neonatal,SMHB00131,None,None,None
Syncopal Vertigo,SMHB00131,None,None,None
 Venomous Bite,SMHB00131,None,None,None
Angina Pectoris,SMHB00131,None,None,None
Sputum,SMHB00131,None,None,None
 Migratory Pain,SMHB00131,None,None,None
Convulsive Syncope,SMHB00131,None,None,None
Epilepsy,SMHB00131,None,None,None
Carotid Sinus Syncope,SMHB00131,None,None,None
Ache,SMHB00131,None,None,None
Cold Hands Feet,SMHB00131,None,None,None
Syncope Micturition,SMHB00131,None,None,None
 Generalised Headache,SMHB00131,None,None,None
Asthenia,SMHB00131,None,None,None
Pain Precordial,SMHB00131,3.00E-06,5.50E-05,0.086153
Syncopal Episode,SMHB00131,None,None,None
Syncope,SMHB00131,None,None,None
Gagging,SMHB00131,None,None,None
Pain Radiating,SMHB00131,None,None,None
Situational Syncope,SMHB00131,None,None,None
Crushing Pain,SMHB00131,None,None,None
Arthropathy,SMHB00131,None,None,None
Vertex Headache,SMHB00131,None,None,None
"Headache, Retro-Ocular",SMHB00131,None,None,None
Typhoid Fever,SMHB00131,None,None,None
General Abdominal Pain-Symptom,SMHB00131,0.015578,0.043506,1
"Headache, Dull",SMHB00131,None,None,None
Headache Unilateral,SMHB00131,None,None,None
Headache,SMHB00131,None,None,None
King Evil,SMHB00131,None,None,None
Sputum Purulent,SMHB00131,None,None,None
Slurred Speech,SMHB00131,None,None,None
Pulse Rate Decrease,SMHB00131,0.015578,0.043506,1
Anasarca,SMHB00619,0.012925,0.039733,1
Dysuria,SMHB00619,1.00E-06,1.60E-05,0.020153
Edema,SMHB00619,0.033316,0.061682,1
Micturition Disorder,SMHB00619,0.048378,0.078022,1
Prostatism,SMHB00619,0.002596,0.013188,1
Anasarca,SMHB00130,None,None,None
Edema,SMHB00130,None,None,None
German Measles,SMHB00130,None,None,None
Micturition Disorder,SMHB00130,None,None,None
Measles,SMHB00130,None,None,None
Thermal Energy,SMHB00130,None,None,None
Emaciation,SMHB00130,None,None,None
Scalp Pruritus,SMHB00130,0.004327,0.019882,1
Urine Abnormality,SMHB00130,0.025711,0.053532,1
Hot Temperature,SMHB00130,None,None,None
Deglutitional Syncope,SMHB00135,None,None,None
Pulse Weakness,SMHB00135,None,None,None
Cough Productive,SMHB00135,None,None,None
Presyncope,SMHB00135,None,None,None
"Sputums, Induced",SMHB00135,None,None,None
 Cryptogenic Epilepsies,SMHB00135,None,None,None
Stokes-Adams Syncope,SMHB00135,None,None,None
Anasarca,SMHB00135,None,None,None
Feces Incontinence,SMHB00135,0.028361,0.05602,1
Syncope Cough,SMHB00135,None,None,None
Dyspnea,SMHB00135,0.028361,0.05602,1
Hyperventilation Syncope,SMHB00135,None,None,None
Edema,SMHB00135,None,None,None
Hyperalgia,SMHB00135,0.01428,0.041556,1
Aura,SMHB00135,None,None,None
Single Seizure,SMHB00135,None,None,None
Syncope Exertional,SMHB00135,None,None,None
Functional Encopresis,SMHB00135,0.028361,0.05602,1
Syncope Cardiac,SMHB00135,None,None,None
Ascites,SMHB00135,None,None,None
Cough,SMHB00135,None,None,None
"Epilepsy, Awakening",SMHB00135,None,None,None
Hiccups,SMHB00135,None,None,None
Syncope Postural,SMHB00135,None,None,None
Gasping,SMHB00135,0.042248,0.07105,1
Bronchial Asthma,SMHB00135,None,None,None
Syncopal Vertigo,SMHB00135,None,None,None
Hand Swelling,SMHB00135,0.01428,0.041556,1
Flatulence,SMHB00135,None,None,None
Sputum,SMHB00135,None,None,None
Carbuncle,SMHB00135,None,None,None
Convulsive Syncope,SMHB00135,None,None,None
 Cough Increased,SMHB00135,0.01428,0.041556,1
Epilepsy,SMHB00135,None,None,None
Carotid Sinus Syncope,SMHB00135,None,None,None
Skin Ulcer(S),SMHB00135,None,None,None
Swelling,SMHB00135,None,None,None
Syncope Micturition,SMHB00135,None,None,None
Vision Halo,SMHB00135,None,None,None
Syncopal Episode,SMHB00135,None,None,None
Bloating Feeling,SMHB00135,None,None,None
Syncope,SMHB00135,None,None,None
Situational Syncope,SMHB00135,None,None,None
Asthma Attack,SMHB00135,0.01428,0.041556,1
Cough Persistent,SMHB00135,0.002862,0.014349,1
Respiratory Distress,SMHB00135,0.028361,0.05602,1
Pleural Effusion Disorder,SMHB00135,0.01428,0.041556,1
Pulse Weakness,SMHB00133,6.00E-06,8.80E-05,0.146829
 Physical Suffering,SMHB00133,None,None,None
Cough Productive,SMHB00133,None,None,None
"Sputums, Induced",SMHB00133,None,None,None
Hyperalgia,SMHB00133,None,None,None
Palpitation(S),SMHB00133,None,None,None
Pain,SMHB00133,None,None,None
Respiratory Abnormality,SMHB00133,None,None,None
Malaise And Fatigue,SMHB00133,None,None,None
Cough,SMHB00133,None,None,None
Generalized Spasm,SMHB00133,None,None,None
Burning Pain,SMHB00133,None,None,None
 Splitting Pain,SMHB00133,None,None,None
Spasm,SMHB00133,None,None,None
Cervical Radiculopathy,SMHB00133,None,None,None
Respiratory Disorder,SMHB00133,0.002542,0.013024,1
Sputum,SMHB00133,None,None,None
 Migratory Pain,SMHB00133,None,None,None
Carbuncle,SMHB00133,None,None,None
Skin Ulcer(S),SMHB00133,None,None,None
Ache,SMHB00133,None,None,None
Cold Hands Feet,SMHB00133,0.002542,0.013024,1
Ciliary Spasm,SMHB00133,None,None,None
Asthenia,SMHB00133,None,None,None
Nose Dryness,SMHB00133,0.007374,0.029167,1
Pain Radiating,SMHB00133,None,None,None
Crushing Pain,SMHB00133,None,None,None
" Disease Of Vocal Cords, Nos",SMHB00133,0.000488,0.003435,1
Cough Persistent,SMHB00133,0.033344,0.061682,1
Extremity Paresthesia,SMHB00133,0.005876,0.024973,1
Acne,SMHB00133,None,None,None
Sputum Purulent,SMHB00133,None,None,None
Pharyngolaryngitis,SMHB00585,0.030919,0.058607,1
Larynx,SMHB00585,0.002291,0.011929,1
Laryngopharyngeal Dysaesthesia,SMHB00585,6.70E-05,0.000689,1
Localized; Swelling,SMHB00585,0.003404,0.016389,1
Laryngeal Pain,SMHB00585,0.015578,0.043506,1
Cyst,SMHB00585,0.002291,0.011929,1
Laryngeal Edema,SMHB00585,0.015578,0.043506,1
Smarting Of Skin,SMHB00585,0.015578,0.043506,1
Hematoma,SMHB00585,0.030919,0.058607,1
Skin Pain,SMHB00585,0.015578,0.043506,1
Bite Wound Insect,SMHB00585,0.015578,0.043506,1
Cough,SMHB00585,0.013748,0.040951,1
Skin Swelling,SMHB00585,0.030919,0.058607,1
Skin Breakdown,SMHB00585,0.015578,0.043506,1
Furunculosis,SMHB00585,0.046028,0.075628,1
Ache,SMHB00585,0.048636,0.078131,1
Pharynx Disease,SMHB00585,0.030919,0.058607,1
Tonsillitis,SMHB00585,0.030919,0.058607,1
Throat Tightness,SMHB00585,2.00E-06,2.90E-05,0.041695
Snake Venom Causing Toxic Effect,SMHB00585,0.015578,0.043506,1
Pharyngolaryngeal Pain,SMHB00585,2.00E-06,2.90E-05,0.041695
Edema Pharynx,SMHB00585,0.000701,0.00457,1
Cough Persistent,SMHB00585,0.003404,0.016389,1
Abdomen Distention,SMHB00505,0.024295,0.05222,1
Neoplastic Growth,SMHB00505,0.032504,0.06074,1
Abdominal Tenderness,SMHB00505,0.008222,0.031456,1
 Physical Suffering,SMHB00505,0.008094,0.031214,1
Cyst,SMHB00505,0.040472,0.069195,1
Amenorrhea,SMHB00505,0.024473,0.052525,1
Abdominal Pain,SMHB00505,0.011453,0.037991,1
"Amenorrhea, Postpartum",SMHB00505,0.024473,0.052525,1
Pain,SMHB00505,0.011143,0.037373,1
Buerger Disease,SMHB00505,0.008222,0.031456,1
Burning Pain,SMHB00505,0.008094,0.031214,1
 Splitting Pain,SMHB00505,0.008094,0.031214,1
Abdomen Discomfort,SMHB00505,0.048378,0.078022,1
 Migratory Pain,SMHB00505,0.008094,0.031214,1
Ache,SMHB00505,0.014622,0.042343,1
Neoplasm Benign Nos,SMHB00505,0.008222,0.031456,1
Foreign Body,SMHB00505,0.000381,0.002828,1
Abdomen Tumor,SMHB00505,0.016379,0.044013,1
Pain Radiating,SMHB00505,0.008094,0.031214,1
Crushing Pain,SMHB00505,0.008094,0.031214,1
Menopause,SMHB00505,0.000381,0.002828,1
General Abdominal Pain-Symptom,SMHB00505,0.008222,0.031456,1
Abdomen Distention,SMHB00136,None,None,None
Abdominal Tenderness,SMHB00136,0.01601,0.043953,1
 Physical Suffering,SMHB00136,None,None,None
Gastric Disorder,SMHB00136,0.031771,0.059919,1
Vomiting Neonatal,SMHB00136,0.01601,0.043953,1
Shock,SMHB00136,0.01601,0.043953,1
Anterior Cervical Pains,SMHB00136,0.01601,0.043953,1
Renal Agenesis,SMHB00136,0.01601,0.043953,1
Monoparesis,SMHB00136,None,None,None
Hyperalgia,SMHB00136,None,None,None
Gastrointestinal Discomfort,SMHB00136,0.003594,0.017132,1
Diarrhea,SMHB00136,None,None,None
Chill,SMHB00136,None,None,None
Emesis,SMHB00136,None,None,None
Pain,SMHB00136,None,None,None
"Cervical Pain, Posterior",SMHB00136,0.01601,0.043953,1
Malaise And Fatigue,SMHB00136,None,None,None
Hypovolemic Shock,SMHB00136,0.01601,0.043953,1
Cough,SMHB00136,None,None,None
Burning Pain,SMHB00136,None,None,None
"Diarrhea, Chronic",SMHB00136,0.047286,0.07697,1
 Splitting Pain,SMHB00136,None,None,None
Abdomen Discomfort,SMHB00136,None,None,None
Bronchial Asthma,SMHB00136,None,None,None
Diarrhea Acute,SMHB00136,0.01601,0.043953,1
 Migratory Pain,SMHB00136,None,None,None
Joint Stiffness,SMHB00136,0.01601,0.043953,1
 Cough Increased,SMHB00136,0.01601,0.043953,1
Diarrhea Watery,SMHB00136,0.01601,0.043953,1
Ache,SMHB00136,None,None,None
 name Dilation,SMHB00136,None,None,None
Asthenia,SMHB00136,None,None,None
Gagging,SMHB00136,None,None,None
Pain Radiating,SMHB00136,None,None,None
Crushing Pain,SMHB00136,None,None,None
Neck Pain,SMHB00136,0.01601,0.043953,1
General Abdominal Pain-Symptom,SMHB00136,0.01601,0.043953,1
Hyperostosis,SMHB00136,0.00025,0.002011,1
Chilliness,SMHB00136,0.047286,0.07697,1
Pulse Rate Decrease,SMHB00136,0.01601,0.043953,1
Abdomen Distention,SMHB00134,None,None,None
 Physical Suffering,SMHB00134,None,None,None
Gastric Disorder,SMHB00134,0.031771,0.059919,1
Vomiting Neonatal,SMHB00134,0.01601,0.043953,1
 Zoophaginae,SMHB00134,None,None,None
Toothache,SMHB00134,None,None,None
Cardiac Discomfort,SMHB00134,None,None,None
Hyperalgia,SMHB00134,None,None,None
Virus,SMHB00134,None,None,None
Animal Virus,SMHB00134,None,None,None
Numbness Localized,SMHB00134,0.047286,0.07697,1
Emesis,SMHB00134,None,None,None
Pain,SMHB00134,None,None,None
Eating Disorder,SMHB00134,0.047286,0.07697,1
Burning Pain,SMHB00134,None,None,None
 Splitting Pain,SMHB00134,None,None,None
Abdomen Discomfort,SMHB00134,0.003594,0.017132,1
Abdomen Bloating,SMHB00134,0.003594,0.017132,1
Flatulence,SMHB00134,None,None,None
 Migratory Pain,SMHB00134,None,None,None
Swelling,SMHB00134,None,None,None
Ache,SMHB00134,None,None,None
 name Dilation,SMHB00134,None,None,None
Aphagia,SMHB00134,0.01601,0.043953,1
 Stomach Discomfort,SMHB00134,0.022976,0.051366,1
Tachypnea,SMHB00134,None,None,None
Loss Of Appetite,SMHB00134,0.01601,0.043953,1
Bloating Feeling,SMHB00134,None,None,None
Gagging,SMHB00134,None,None,None
Pain Radiating,SMHB00134,None,None,None
Crushing Pain,SMHB00134,None,None,None
Extremity Paresthesia,SMHB00134,None,None,None
Decreased Appetite,SMHB00134,None,None,None
Beriberi,SMHB00134,None,None,None
Sharp Headache,SMHB00138,None,None,None
 Physical Suffering,SMHB00138,None,None,None
Catarrh,SMHB00138,None,None,None
"Headache, Periorbital",SMHB00138,None,None,None
Bilateral Headache,SMHB00138,None,None,None
Rheumatism,SMHB00138,None,None,None
Ocular Headache,SMHB00138,None,None,None
Headache Throbbing,SMHB00138,None,None,None
Muscle Weakness,SMHB00138,0.022326,0.050405,1
Hyperalgia,SMHB00138,None,None,None
Orthostatic Headache,SMHB00138,None,None,None
Tongue Disorder,SMHB00138,0.049587,0.078983,1
Numbness Localized,SMHB00138,None,None,None
Pain,SMHB00138,None,None,None
Tongue Discoloration,SMHB00138,0.049587,0.078983,1
Arthritic Pains,SMHB00138,None,None,None
Burning Pain,SMHB00138,None,None,None
 Splitting Pain,SMHB00138,None,None,None
Pigmentation,SMHB00138,None,None,None
Pigmentation,SMHB00138,None,None,None
 Migratory Pain,SMHB00138,None,None,None
Musculoskeletal Pain,SMHB00138,0.011221,0.037373,1
Coryza,SMHB00138,None,None,None
Ache,SMHB00138,None,None,None
 Generalised Headache,SMHB00138,None,None,None
Metrorrhagia,SMHB00138,0.044192,0.073566,1
Pain Radiating,SMHB00138,None,None,None
Crushing Pain,SMHB00138,None,None,None
Vertex Headache,SMHB00138,None,None,None
"Headache, Retro-Ocular",SMHB00138,None,None,None
Common Cold,SMHB00138,None,None,None
Headache Unilateral,SMHB00138,None,None,None
Tenderness,SMHB00138,0.011221,0.037373,1
Headache,SMHB00138,None,None,None
Abdomen Distention,SMHB00137,None,None,None
Abdominal Tenderness,SMHB00137,0.011683,0.038067,1
 Physical Suffering,SMHB00137,None,None,None
Gastric Disorder,SMHB00137,0.023235,0.051423,1
Vomiting Neonatal,SMHB00137,0.011683,0.038067,1
Abdominal Pain,SMHB00137,0.029931,0.057943,1
Hyperalgia,SMHB00137,None,None,None
Emesis,SMHB00137,None,None,None
Pain,SMHB00137,None,None,None
Dexol,SMHB00137,None,None,None
Gastric Acid,SMHB00137,None,None,None
Cold Sensation,SMHB00137,0.04595,0.075628,1
Burning Pain,SMHB00137,None,None,None
 Splitting Pain,SMHB00137,None,None,None
Abdomen Discomfort,SMHB00137,None,None,None
 Migratory Pain,SMHB00137,None,None,None
Ache,SMHB00137,None,None,None
"Pantothenate, Zinc",SMHB00137,None,None,None
Pantothenic Acid,SMHB00137,None,None,None
Belching,SMHB00137,None,None,None
Gagging,SMHB00137,None,None,None
Pain Radiating,SMHB00137,None,None,None
Crushing Pain,SMHB00137,None,None,None
Calcium Pantothenate,SMHB00137,None,None,None
Calcium Pantothenate,SMHB00137,None,None,None
General Abdominal Pain-Symptom,SMHB00137,0.011683,0.038067,1
Blanching Of Skin,SMHB00638,0.011683,0.038067,1
Hemoptysis,SMHB00638,0.003526,0.016872,1
Edema,SMHB00638,0,4.00E-06,0.004418
Bronchiectasis,SMHB00638,0.000131,0.001189,1
Lips Bleeding,SMHB00638,0.011683,0.038067,1
Vaginal Bleeding,SMHB00638,0.011683,0.038067,1
Chills And Fever,SMHB00638,0.000476,0.003359,1
Chills And Fever,SMHB00638,0.000476,0.003359,1
Cough Persistent,SMHB00638,0.001916,0.010349,1
Gastric Ulcer Bleeding,SMHB00638,0.011683,0.038067,1
Fever,SMHB00638,1.00E-06,1.20E-05,0.014638
Fever Symptoms,SMHB00638,0.04595,0.075628,1
Abdomen Distention,SMHB00139,None,None,None
"Nasal Obstruction, Unilateral",SMHB00139,None,None,None
Sharp Headache,SMHB00139,None,None,None
"Nasal Obstruction, Bilateral",SMHB00139,None,None,None
Anorectal Disorder,SMHB00139,0.022934,0.051277,1
 Physical Suffering,SMHB00139,None,None,None
Cough Productive,SMHB00139,None,None,None
"Sputums, Induced",SMHB00139,None,None,None
Intermittant Vertigo,SMHB00139,0.007299,0.029106,1
Heaviness Of Head,SMHB00139,0.045351,0.075018,1
Catarrh,SMHB00139,None,None,None
"Headache, Periorbital",SMHB00139,None,None,None
Bilateral Headache,SMHB00139,None,None,None
Vertigo,SMHB00139,0.020645,0.048222,1
Ocular Headache,SMHB00139,None,None,None
Vertigo Postural,SMHB00139,0.007299,0.029106,1
Vertigo Central Origin,SMHB00139,0.007299,0.029106,1
Behavior Drinking,SMHB00139,0.045351,0.075018,1
 Airway Obstruction Nasal,SMHB00139,None,None,None
Sore Throat,SMHB00139,None,None,None
Headache Throbbing,SMHB00139,None,None,None
Edema,SMHB00139,None,None,None
Hyperalgia,SMHB00139,None,None,None
Radiculopathy,SMHB00139,0.022934,0.051277,1
Brain Stem Vertigo,SMHB00139,0.007299,0.029106,1
Rhinorrhea,SMHB00139,None,None,None
Nasal Congestion,SMHB00139,None,None,None
Orthostatic Headache,SMHB00139,None,None,None
Nerve Root Disorder,SMHB00139,0.022934,0.051277,1
Pain,SMHB00139,None,None,None
Dexol,SMHB00139,0.003007,0.014919,1
Gastric Acid,SMHB00139,0.003007,0.014919,1
Cough,SMHB00139,None,None,None
Burning Pain,SMHB00139,None,None,None
 Orthostasis,SMHB00139,0.000217,0.001796,1
 Splitting Pain,SMHB00139,None,None,None
Abdomen Discomfort,SMHB00139,0.007299,0.029106,1
Lightheadedness,SMHB00139,0.000588,0.003981,1
"Neuralgia, Sluder",SMHB00139,0.022934,0.051277,1
Cervical Radiculopathy,SMHB00139,0.022934,0.051277,1
Abdomen Bloating,SMHB00139,0.007299,0.029106,1
 Essential Vertigo,SMHB00139,0.007299,0.029106,1
Trigeminal Autonomic Cephalgia,SMHB00139,0.022934,0.051277,1
Sputum,SMHB00139,None,None,None
Thirst,SMHB00139,0,0,0.000216
 Migratory Pain,SMHB00139,None,None,None
Thermal Energy,SMHB00139,0.022934,0.051277,1
Dizziness,SMHB00139,0.000374,0.002782,1
Nerve Root Pain,SMHB00139,0.022934,0.051277,1
Neuralgia Facial,SMHB00139,0.022934,0.051277,1
Coryza,SMHB00139,None,None,None
Ache,SMHB00139,None,None,None
Pharyngitis,SMHB00139,None,None,None
"Pantothenate, Zinc",SMHB00139,0.003007,0.014919,1
 Generalised Headache,SMHB00139,None,None,None
 Urinary Tract Pain,SMHB00139,None,None,None
 name Dilation,SMHB00139,4.00E-06,5.70E-05,0.08876
Pantothenic Acid,SMHB00139,0.003007,0.014919,1
Throat Tightness,SMHB00139,None,None,None
 Vertigo Paroxysmal,SMHB00139,0.007299,0.029106,1
"Avulsion, Nerve Root",SMHB00139,0.022934,0.051277,1
Throat Dry,SMHB00139,None,None,None
Nuchal Rigidity,SMHB00139,None,None,None
Pain Radiating,SMHB00139,None,None,None
Crushing Pain,SMHB00139,None,None,None
Vertex Headache,SMHB00139,None,None,None
"Headache, Retro-Ocular",SMHB00139,None,None,None
Common Cold,SMHB00139,None,None,None
Compression Nerve Root,SMHB00139,0.022934,0.051277,1
Anhidrosis,SMHB00139,None,None,None
Calcium Pantothenate,SMHB00139,0.003007,0.014919,1
Chills And Fever,SMHB00139,None,None,None
Anhidrosis,SMHB00139,None,None,None
Calcium Pantothenate,SMHB00139,0.003007,0.014919,1
Chills And Fever,SMHB00139,None,None,None
Typhoid Fever,SMHB00139,None,None,None
"Headache, Dull",SMHB00139,None,None,None
Headache Unilateral,SMHB00139,None,None,None
Radiculitis,SMHB00139,0.022934,0.051277,1
Tenderness,SMHB00139,0.045351,0.075018,1
Constant Vertigo,SMHB00139,0.007299,0.029106,1
Myofacial Pain Syndrome,SMHB00139,0.022934,0.051277,1
Peripheral Vertigo,SMHB00139,0.007299,0.029106,1
Headache,SMHB00139,None,None,None
Hot Temperature,SMHB00139,0.045351,0.075018,1
Fever,SMHB00139,None,None,None
(non-dependent Abuse Of Alcohol) Or (drunkenness) Or (hangover),SMHB00139,0.045351,0.075018,1
Bleeding Hemorrhage,SMHB00139,0.022934,0.051277,1
Colorectal Cancer,SMHB00139,0.022934,0.051277,1
Vomit,SMHB00139,0.022934,0.051277,1
"Nasal Obstruction, Unilateral",SMHB00499,None,None,None
Sharp Headache,SMHB00499,None,None,None
Blanching Of Skin,SMHB00499,0.047598,0.077266,1
"Nasal Obstruction, Bilateral",SMHB00499,None,None,None
Diabetes Mellitus,SMHB00499,None,None,None
Stroke,SMHB00499,None,None,None
 Physical Suffering,SMHB00499,None,None,None
Cough Productive,SMHB00499,None,None,None
Hyperphagia,SMHB00499,0.047598,0.077266,1
"Sputums, Induced",SMHB00499,None,None,None
Intermittant Vertigo,SMHB00499,None,None,None
Catarrh,SMHB00499,None,None,None
"Headache, Periorbital",SMHB00499,None,None,None
Vertebrogenic Pain Syndrome,SMHB00499,0.00189,0.010236,1
Bilateral Headache,SMHB00499,None,None,None
Vertigo,SMHB00499,None,None,None
Anterior Cervical Pains,SMHB00499,0.047598,0.077266,1
Ocular Headache,SMHB00499,None,None,None
Vertigo Postural,SMHB00499,None,None,None
Renal Agenesis,SMHB00499,0.047598,0.077266,1
Burning Anal,SMHB00499,None,None,None
Epigastric Pain,SMHB00499,None,None,None
Vertigo Central Origin,SMHB00499,None,None,None
Abdominal Pain,SMHB00499,None,None,None
 Airway Obstruction Nasal,SMHB00499,None,None,None
Rheumatoid Arthritis,SMHB00499,None,None,None
Sore Throat,SMHB00499,None,None,None
Headache Throbbing,SMHB00499,None,None,None
Chest Pain,SMHB00499,None,None,None
Hyperalgia,SMHB00499,None,None,None
Radiculopathy,SMHB00499,0.047598,0.077266,1
Diarrhea,SMHB00499,None,None,None
Brain Stem Vertigo,SMHB00499,None,None,None
Rhinorrhea,SMHB00499,None,None,None
Nasal Congestion,SMHB00499,None,None,None
Orthostatic Headache,SMHB00499,None,None,None
Hyperpyrexia,SMHB00499,None,None,None
Crescendo Angina,SMHB00499,None,None,None
Nerve Root Disorder,SMHB00499,0.047598,0.077266,1
Pain,SMHB00499,None,None,None
"Cervical Pain, Posterior",SMHB00499,0.047598,0.077266,1
Waxy Flexibility,SMHB00499,0.002246,0.011771,1
Back Pain Without Radiation Nos,SMHB00499,0.00189,0.010236,1
Back Pain With Radiation,SMHB00499,0.00189,0.010236,1
Cough,SMHB00499,None,None,None
Infantile Hemiplegia,SMHB00499,None,None,None
Burning Pain,SMHB00499,None,None,None
 Splitting Pain,SMHB00499,None,None,None
Motion Sickness,SMHB00499,0.002246,0.011771,1
 Cva Nos Acute,SMHB00499,None,None,None
"Neuralgia, Sluder",SMHB00499,0.047598,0.077266,1
Measles,SMHB00499,None,None,None
Cervical Radiculopathy,SMHB00499,0.047598,0.077266,1
Diarrhea Acute,SMHB00499,0.047598,0.077266,1
 Essential Vertigo,SMHB00499,None,None,None
Angina Pectoris,SMHB00499,None,None,None
Trigeminal Autonomic Cephalgia,SMHB00499,0.047598,0.077266,1
Hemiplegia,SMHB00499,None,None,None
Sputum,SMHB00499,None,None,None
Thirst,SMHB00499,None,None,None
Air Sickness,SMHB00499,0.002246,0.011771,1
Spastic Hemiplegia,SMHB00499,None,None,None
 Migratory Pain,SMHB00499,None,None,None
Thermal Energy,SMHB00499,None,None,None
Nerve Root Pain,SMHB00499,0.047598,0.077266,1
Speech Disorder,SMHB00499,0.047598,0.077266,1
Catalepsy,SMHB00499,0.006528,0.026796,1
" Hemiplegia, Post Ictal",SMHB00499,None,None,None
Neuralgia Facial,SMHB00499,0.047598,0.077266,1
Functional Bowel Disorder,SMHB00499,0.047598,0.077266,1
Diarrhea Watery,SMHB00499,0.047598,0.077266,1
Flaccid Hemiplegia,SMHB00499,None,None,None
Coryza,SMHB00499,None,None,None
Ache,SMHB00499,None,None,None
Vision Halo,SMHB00499,0.047598,0.077266,1
Transient Hemiplegia,SMHB00499,None,None,None
Backache,SMHB00499,0.003193,0.015611,1
Neck Stiffness,SMHB00499,2.30E-05,0.000286,0.58146
Pharyngitis,SMHB00499,None,None,None
Polydipsia,SMHB00499,None,None,None
 Generalised Headache,SMHB00499,None,None,None
Throat Tightness,SMHB00499,None,None,None
Dysentery,SMHB00499,None,None,None
 Vertigo Paroxysmal,SMHB00499,None,None,None
"Avulsion, Nerve Root",SMHB00499,0.047598,0.077266,1
Pain Precordial,SMHB00499,0.000105,0.000983,1
Sea Sickness,SMHB00499,0.002246,0.011771,1
Throat Dry,SMHB00499,None,None,None
Nuchal Rigidity,SMHB00499,None,None,None
Pain Radiating,SMHB00499,None,None,None
Crushing Pain,SMHB00499,None,None,None
Vertex Headache,SMHB00499,None,None,None
"Headache, Retro-Ocular",SMHB00499,None,None,None
Common Cold,SMHB00499,None,None,None
Compression Nerve Root,SMHB00499,0.047598,0.077266,1
Anhidrosis,SMHB00499,None,None,None
Chills And Fever,SMHB00499,None,None,None
Anhidrosis,SMHB00499,None,None,None
Chills And Fever,SMHB00499,None,None,None
Neck Pain,SMHB00499,0.047598,0.077266,1
Typhoid Fever,SMHB00499,None,None,None
"Headache, Dull",SMHB00499,None,None,None
Hemiparesis,SMHB00499,None,None,None
Headache Unilateral,SMHB00499,None,None,None
Radiculitis,SMHB00499,0.047598,0.077266,1
Constant Vertigo,SMHB00499,None,None,None
Myofacial Pain Syndrome,SMHB00499,0.047598,0.077266,1
Peripheral Vertigo,SMHB00499,None,None,None
Headache,SMHB00499,None,None,None
Alternate Hemiplegia,SMHB00499,None,None,None
Abnormal Stools,SMHB00499,None,None,None
Hot Temperature,SMHB00499,None,None,None
Fever,SMHB00499,None,None,None
Hemoptysis,SMHB00670,0.000568,0.003883,1
Hematemesis,SMHB00670,0.046681,0.076544,1
Yang Deficiency,SMHB00670,0.023594,0.051814,1
Respiratory Abnormality,SMHB00670,0.018916,0.04715,1
Cough,SMHB00670,0.010037,0.035062,1
Hiccups,SMHB00670,0.023594,0.051814,1
"Ejaculation
",SMHB00670,0.014218,0.041556,1
Tachypnea,SMHB00670,6.20E-05,0.000639,1
Right Flank Pain,SMHB00669,4.00E-06,6.50E-05,0.10415
Chest Wall Pain,SMHB00669,0.000701,0.00457,1
 Physical Suffering,SMHB00669,0.027711,0.055251,1
Hemoptysis,SMHB00669,0.00623,0.026055,1
Flank Pain,SMHB00669,4.00E-06,6.50E-05,0.10415
Chest Pain,SMHB00669,0.011882,0.038559,1
Colic,SMHB00669,0.046028,0.075628,1
Pain,SMHB00669,0.037602,0.066384,1
Burning Pain,SMHB00669,0.027711,0.055251,1
 Splitting Pain,SMHB00669,0.027711,0.055251,1
Abdominal Cramp,SMHB00669,0.030919,0.058607,1
Skin Breakdown,SMHB00669,0.015578,0.043506,1
Infantile Colic,SMHB00669,0.015578,0.043506,1
 Migratory Pain,SMHB00669,0.027711,0.055251,1
Ache,SMHB00669,0.048636,0.078131,1
Nodule Subcutaneous,SMHB00669,0.015578,0.043506,1
Scald,SMHB00669,0.000236,0.001923,1
 Stomach Discomfort,SMHB00669,0.00139,0.007908,1
Left Flank Pain,SMHB00669,4.00E-06,6.50E-05,0.10415
Pain Radiating,SMHB00669,0.027711,0.055251,1
Crushing Pain,SMHB00669,0.027711,0.055251,1
Cough Persistent,SMHB00669,0.003404,0.016389,1
Thyroid Tumor,SMHB00669,0.000236,0.001923,1
 Physical Suffering,SMHB00140,None,None,None
Eye Pain,SMHB00140,0.001238,0.007205,1
Other Conjunctivitis Nos,SMHB00140,0.014712,0.042343,1
Toothache,SMHB00140,None,None,None
Smarting Of Skin,SMHB00140,0.014712,0.042343,1
Hematoma,SMHB00140,0.029214,0.057221,1
Hyperalgia,SMHB00140,None,None,None
Diarrhea,SMHB00140,None,None,None
Colic,SMHB00140,0.043509,0.072737,1
Skin Pain,SMHB00140,0.014712,0.042343,1
Jaundice,SMHB00140,None,None,None
Pain,SMHB00140,None,None,None
Burning Pain,SMHB00140,None,None,None
 Splitting Pain,SMHB00140,None,None,None
Discoloration Urine,SMHB00140,9.80E-05,0.000927,1
Discoloration Urine,SMHB00140,9.80E-05,0.000927,1
Skin Swelling,SMHB00140,0.029214,0.057221,1
Abdominal Cramp,SMHB00140,0.029214,0.057221,1
Ocular Discomfort,SMHB00140,None,None,None
Infantile Colic,SMHB00140,0.014712,0.042343,1
 Migratory Pain,SMHB00140,None,None,None
Carbuncle,SMHB00140,None,None,None
Swelling,SMHB00140,None,None,None
Ache,SMHB00140,None,None,None
Sore Eye,SMHB00140,0.029214,0.057221,1
 Stomach Discomfort,SMHB00140,0.001174,0.006899,1
Eye Blood Shot,SMHB00140,None,None,None
Skin Disorder,SMHB00140,None,None,None
Pain Radiating,SMHB00140,None,None,None
Crushing Pain,SMHB00140,None,None,None
Urine Abnormality,SMHB00140,None,None,None
Smarting,SMHB00140,None,None,None
Swelling Round Eyes: [periorbital Edema],SMHB00140,0.014712,0.042343,1
Right Flank Pain,SMHB00611,0.002575,0.013119,1
 Physical Suffering,SMHB00611,0.010793,0.036554,1
Limb Anomaly Congenital,SMHB00611,0.00952,0.03422,1
Rheumatism,SMHB00611,0.037562,0.066353,1
Flank Pain,SMHB00611,0.002575,0.013119,1
Muscle Weakness,SMHB00611,0.037562,0.066353,1
Pain,SMHB00611,0.014821,0.042611,1
Dryness Vaginal,SMHB00611,0.00952,0.03422,1
Burning Pain,SMHB00611,0.010793,0.036554,1
 Splitting Pain,SMHB00611,0.010793,0.036554,1
 Migratory Pain,SMHB00611,0.010793,0.036554,1
Musculoskeletal Pain,SMHB00611,0.018953,0.04715,1
Ache,SMHB00611,0.001173,0.006899,1
Left Flank Pain,SMHB00611,0.002575,0.013119,1
Pain Radiating,SMHB00611,0.010793,0.036554,1
Crushing Pain,SMHB00611,0.010793,0.036554,1
Lower Extremity Paresthesia,SMHB00611,0,0,1.40E-05
Atrophy,SMHB00611,0.000258,0.002062,1
Difficulty Walking,SMHB00611,0.0283,0.05602,1
 Knee Joint Laxity,SMHB00611,0.00952,0.03422,1
Right Flank Pain,SMHB00143,None,None,None
Diabetes Mellitus,SMHB00143,None,None,None
 Physical Suffering,SMHB00143,None,None,None
 Overinclusion,SMHB00143,0.019039,0.04715,1
Hyperphagia,SMHB00143,0.019039,0.04715,1
Intermittant Vertigo,SMHB00143,None,None,None
Mechanical Low Back Pain,SMHB00143,0,0,0
Vertigo,SMHB00143,None,None,None
Auditory Dysesthesia,SMHB00143,0.019039,0.04715,1
Flank Pain,SMHB00143,None,None,None
Vertigo Postural,SMHB00143,None,None,None
Renal Agenesis,SMHB00143,0.019039,0.04715,1
Polycythemia,SMHB00143,0.019039,0.04715,1
 Recurrent Low Back Pain,SMHB00143,0,0,0
Vertigo Central Origin,SMHB00143,None,None,None
 Anemic,SMHB00143,0.037724,0.066384,1
 Crackling Sound In Ear,SMHB00143,None,None,None
Hyperalgia,SMHB00143,None,None,None
Tinnitus,SMHB00143,None,None,None
Pupil Dilated,SMHB00143,0.019039,0.04715,1
Brain Stem Vertigo,SMHB00143,None,None,None
Tensor Palatini Induced Tinnitus,SMHB00143,None,None,None
Libido Decreased,SMHB00143,0.037724,0.066384,1
Distorted Hearing,SMHB00143,0.019039,0.04715,1
Aplasia,SMHB00143,0.019039,0.04715,1
Pain,SMHB00143,None,None,None
Subjective Tinnitus,SMHB00143,None,None,None
Knee(S) Pain,SMHB00143,None,None,None
Oligospermia,SMHB00143,None,None,None
Attention Disorders,SMHB00143,0.019039,0.04715,1
Anemia,SMHB00143,0.019039,0.04715,1
Dryness Vaginal,SMHB00143,0.019039,0.04715,1
Noise-Induced Tinnitus,SMHB00143,None,None,None
Spontaneous Oto Acoustic Emission Tinnitus,SMHB00143,None,None,None
Objective Tinnitus,SMHB00143,None,None,None
Burning Pain,SMHB00143,None,None,None
 Orthostasis,SMHB00143,None,None,None
 Splitting Pain,SMHB00143,None,None,None
Motion Sickness,SMHB00143,0.000354,0.002663,1
Lightheadedness,SMHB00143,None,None,None
Lip Paresthesia,SMHB00143,0.019039,0.04715,1
Ocular Discomfort,SMHB00143,None,None,None
Loin Pain,SMHB00143,2.00E-06,2.90E-05,0.04141
 Essential Vertigo,SMHB00143,None,None,None
Tinnitus Of Vascular Origin,SMHB00143,None,None,None
Postural Low Back Pain,SMHB00143,0,0,0
Thirst,SMHB00143,None,None,None
Air Sickness,SMHB00143,0.000354,0.002663,1
 Migratory Pain,SMHB00143,None,None,None
Dizziness,SMHB00143,None,None,None
Neck Injury,SMHB00143,None,None,None
Ache,SMHB00143,None,None,None
Vision Halo,SMHB00143,0.019039,0.04715,1
Erythrocytosis,SMHB00143,0.019039,0.04715,1
Neck Stiffness,SMHB00143,None,None,None
 Ear Clicking Sound,SMHB00143,None,None,None
Asthenia,SMHB00143,None,None,None
"Ejaculation
",SMHB00143,None,None,None
Paracusia,SMHB00143,0.019039,0.04715,1
 Vertigo Paroxysmal,SMHB00143,None,None,None
Left Flank Pain,SMHB00143,None,None,None
Hearing Disorder,SMHB00143,0.019039,0.04715,1
Sea Sickness,SMHB00143,0.000354,0.002663,1
Pulsatile Tinnitus,SMHB00143,None,None,None
Pain Radiating,SMHB00143,None,None,None
Crushing Pain,SMHB00143,None,None,None
Posterior Compartment Low Back Pain,SMHB00143,0,0,0
"Sports Injury, Nos",SMHB00143,0.019039,0.04715,1
Abnormal Ejaculation,SMHB00143,0.037724,0.066384,1
Constant Vertigo,SMHB00143,None,None,None
Peripheral Vertigo,SMHB00143,None,None,None
Hyperostosis,SMHB00143,0.037724,0.066384,1
Deglutitional Syncope,SMHB00141,None,None,None
Sharp Headache,SMHB00141,None,None,None
Insomnia,SMHB00141,None,None,None
"Seizure, Convulsion",SMHB00141,0.019905,0.04715,1
 Physical Suffering,SMHB00141,None,None,None
"Mental Retardations, Psychosocial",SMHB00141,0.019905,0.04715,1
Presyncope,SMHB00141,None,None,None
Intermittant Vertigo,SMHB00141,None,None,None
Heaviness Of Head,SMHB00141,0.039422,0.067979,1
Catarrh,SMHB00141,None,None,None
"Headache, Periorbital",SMHB00141,None,None,None
Bilateral Headache,SMHB00141,None,None,None
 Cryptogenic Epilepsies,SMHB00141,None,None,None
Vertigo,SMHB00141,None,None,None
Ocular Headache,SMHB00141,None,None,None
Vertigo Postural,SMHB00141,None,None,None
Sensory Seizure,SMHB00141,0.019905,0.04715,1
Stokes-Adams Syncope,SMHB00141,None,None,None
Vertigo Central Origin,SMHB00141,None,None,None
 Crackling Sound In Ear,SMHB00141,None,None,None
Seizure Focal,SMHB00141,0.019905,0.04715,1
Headache Throbbing,SMHB00141,None,None,None
Syncope Cough,SMHB00141,None,None,None
Hyperventilation Syncope,SMHB00141,None,None,None
Hyperalgia,SMHB00141,None,None,None
Radiculopathy,SMHB00141,0.019905,0.04715,1
Tinnitus,SMHB00141,None,None,None
Seizure(S) Jacksonian,SMHB00141,0.019905,0.04715,1
Brain Stem Vertigo,SMHB00141,None,None,None
Aura,SMHB00141,None,None,None
Tensor Palatini Induced Tinnitus,SMHB00141,None,None,None
Single Seizure,SMHB00141,None,None,None
Profound Mental Retardation,SMHB00141,0.019905,0.04715,1
Syncope Exertional,SMHB00141,None,None,None
Orthostatic Headache,SMHB00141,None,None,None
Hyperpyrexia,SMHB00141,None,None,None
Syncope Cardiac,SMHB00141,None,None,None
Nerve Root Disorder,SMHB00141,0.019905,0.04715,1
Pain,SMHB00141,None,None,None
Subjective Tinnitus,SMHB00141,None,None,None
Seizures,SMHB00141,None,None,None
Seizure Generalized,SMHB00141,0.019905,0.04715,1
Noise-Induced Tinnitus,SMHB00141,None,None,None
Spontaneous Oto Acoustic Emission Tinnitus,SMHB00141,None,None,None
Objective Tinnitus,SMHB00141,None,None,None
Burning Pain,SMHB00141,None,None,None
Visual Epilepsy,SMHB00141,0.019905,0.04715,1
"Epilepsy, Awakening",SMHB00141,None,None,None
 Splitting Pain,SMHB00141,None,None,None
Olfactory Uncinate Fit,SMHB00141,0.019905,0.04715,1
Motion Sickness,SMHB00141,0.000388,0.002844,1
Syncope Postural,SMHB00141,None,None,None
"Neuralgia, Sluder",SMHB00141,0.019905,0.04715,1
Ocular Discomfort,SMHB00141,None,None,None
Cervical Radiculopathy,SMHB00141,0.019905,0.04715,1
Syncopal Vertigo,SMHB00141,None,None,None
 Essential Vertigo,SMHB00141,None,None,None
Tonic Seizure,SMHB00141,0.019905,0.04715,1
Tinnitus Of Vascular Origin,SMHB00141,None,None,None
Trigeminal Autonomic Cephalgia,SMHB00141,0.019905,0.04715,1
Air Sickness,SMHB00141,0.000388,0.002844,1
Clonic Seizure,SMHB00141,0.039422,0.067979,1
 Migratory Pain,SMHB00141,None,None,None
Convulsive Syncope,SMHB00141,None,None,None
Nerve Root Pain,SMHB00141,0.019905,0.04715,1
Epilepsy,SMHB00141,None,None,None
 Seizure(S) Somatosensory,SMHB00141,0.019905,0.04715,1
Neuralgia Facial,SMHB00141,0.019905,0.04715,1
Carotid Sinus Syncope,SMHB00141,None,None,None
Coryza,SMHB00141,None,None,None
Ache,SMHB00141,None,None,None
Mental Retardation,SMHB00141,0.039422,0.067979,1
Syncope Micturition,SMHB00141,None,None,None
Vision Halo,SMHB00141,0.019905,0.04715,1
 Ear Clicking Sound,SMHB00141,None,None,None
Seizure(S) Grand Mal,SMHB00141,0.019905,0.04715,1
 Generalised Headache,SMHB00141,None,None,None
Habit Disorder,SMHB00141,None,None,None
 Vertigo Paroxysmal,SMHB00141,None,None,None
"Avulsion, Nerve Root",SMHB00141,0.019905,0.04715,1
Vocal Tic,SMHB00141,None,None,None
Sea Sickness,SMHB00141,0.000388,0.002844,1
Motor Tics,SMHB00141,None,None,None
Pulsatile Tinnitus,SMHB00141,None,None,None
Fever Convulsions,SMHB00141,None,None,None
Syncopal Episode,SMHB00141,None,None,None
Syncope,SMHB00141,None,None,None
Pain Radiating,SMHB00141,None,None,None
Situational Syncope,SMHB00141,None,None,None
Crushing Pain,SMHB00141,None,None,None
Vertex Headache,SMHB00141,None,None,None
"Headache, Retro-Ocular",SMHB00141,None,None,None
Common Cold,SMHB00141,None,None,None
 [D]Fit (In Non-Epileptic) Nos,SMHB00141,0.019905,0.04715,1
Compression Nerve Root,SMHB00141,0.019905,0.04715,1
Mental Deficiency,SMHB00141,0.019905,0.04715,1
"Headache, Dull",SMHB00141,None,None,None
Headache Unilateral,SMHB00141,None,None,None
Radiculitis,SMHB00141,0.019905,0.04715,1
Tenderness,SMHB00141,0.039422,0.067979,1
Constant Vertigo,SMHB00141,None,None,None
Myofacial Pain Syndrome,SMHB00141,0.019905,0.04715,1
Peripheral Vertigo,SMHB00141,None,None,None
Headache,SMHB00141,None,None,None
Sharp Headache,SMHB00144,None,None,None
Cataract,SMHB00144,None,None,None
Lacrimation,SMHB00144,0.031771,0.059919,1
 Physical Suffering,SMHB00144,None,None,None
Heaviness Of Head,SMHB00144,0.031771,0.059919,1
Eye Pain,SMHB00144,0.001467,0.008301,1
"Headache, Periorbital",SMHB00144,None,None,None
 Lens Opacity,SMHB00144,None,None,None
Bilateral Headache,SMHB00144,None,None,None
Conjunctivitis,SMHB00144,0.047286,0.07697,1
Other Conjunctivitis Nos,SMHB00144,0.01601,0.043953,1
Ocular Headache,SMHB00144,None,None,None
Keratitis,SMHB00144,0.01601,0.043953,1
Photophobia,SMHB00144,None,None,None
Headache Throbbing,SMHB00144,None,None,None
Smarting Of Skin,SMHB00144,0.01601,0.043953,1
Hematoma,SMHB00144,0.031771,0.059919,1
Hyperalgia,SMHB00144,None,None,None
Radiculopathy,SMHB00144,0.01601,0.043953,1
Vidian Neuralgia,SMHB00144,0.047286,0.07697,1
Skin Pain,SMHB00144,0.01601,0.043953,1
Orthostatic Headache,SMHB00144,None,None,None
Nerve Root Disorder,SMHB00144,0.01601,0.043953,1
Pain,SMHB00144,None,None,None
Perineal Neuralgia,SMHB00144,0.047286,0.07697,1
Iliohypogastric Nerve Neuralgia,SMHB00144,0.047286,0.07697,1
Stump Neuralgia,SMHB00144,0.047286,0.07697,1
Burning Pain,SMHB00144,None,None,None
 Splitting Pain,SMHB00144,None,None,None
Skin Swelling,SMHB00144,0.031771,0.059919,1
"Neuralgia, Sluder",SMHB00144,0.01601,0.043953,1
Paroxysmal Nerve Pain,SMHB00144,0.047286,0.07697,1
Cervical Radiculopathy,SMHB00144,0.01601,0.043953,1
Trigeminal Autonomic Cephalgia,SMHB00144,0.01601,0.043953,1
 Migratory Pain,SMHB00144,None,None,None
Thermal Energy,SMHB00144,None,None,None
Nerve Root Pain,SMHB00144,0.01601,0.043953,1
Neuralgia Facial,SMHB00144,0.01601,0.043953,1
Swelling,SMHB00144,None,None,None
Ache,SMHB00144,None,None,None
Enuresis,SMHB00144,None,None,None
Neuralgia,SMHB00144,0.047286,0.07697,1
Sore Eye,SMHB00144,0.031771,0.059919,1
 Generalised Headache,SMHB00144,None,None,None
Pseudoaphakia,SMHB00144,None,None,None
"Avulsion, Nerve Root",SMHB00144,0.01601,0.043953,1
Supraorbital Neuralgia,SMHB00144,0.047286,0.07697,1
Eye Blood Shot,SMHB00144,None,None,None
Pain Radiating,SMHB00144,None,None,None
Crushing Pain,SMHB00144,None,None,None
Vertex Headache,SMHB00144,None,None,None
"Headache, Retro-Ocular",SMHB00144,None,None,None
Compression Nerve Root,SMHB00144,0.01601,0.043953,1
Atypical Neuralgia,SMHB00144,0.047286,0.07697,1
"Headache, Dull",SMHB00144,None,None,None
Ilioinguinal Neuralgia,SMHB00144,0.047286,0.07697,1
Headache Unilateral,SMHB00144,None,None,None
Radiculitis,SMHB00144,0.01601,0.043953,1
Tenderness,SMHB00144,0.031771,0.059919,1
Myofacial Pain Syndrome,SMHB00144,0.01601,0.043953,1
Headache,SMHB00144,None,None,None
Hot Temperature,SMHB00144,None,None,None
Nerve Pain,SMHB00144,0.047286,0.07697,1
Swelling Round Eyes: [periorbital Edema],SMHB00144,0.01601,0.043953,1
Panic State,SMHB00145,0.022379,0.050405,1
Right Flank Pain,SMHB00145,None,None,None
Bone Fracture,SMHB00145,0.044277,0.073628,1
Sprain,SMHB00145,0.033388,0.061682,1
 Physical Suffering,SMHB00145,None,None,None
Limb Anomaly Congenital,SMHB00145,0.011251,0.037373,1
Alopecia Areata,SMHB00145,None,None,None
Mechanical Low Back Pain,SMHB00145,None,None,None
Sleep Difficult,SMHB00145,None,None,None
Complete Deafness,SMHB00145,None,None,None
Flank Pain,SMHB00145,None,None,None
Oral Dyskinesia,SMHB00145,0.033388,0.061682,1
 Recurrent Low Back Pain,SMHB00145,None,None,None
 Acquired Deafness,SMHB00145,None,None,None
Transitory Deafness,SMHB00145,None,None,None
 Crackling Sound In Ear,SMHB00145,None,None,None
Hyperalgia,SMHB00145,None,None,None
Tinnitus,SMHB00145,None,None,None
Tooth Disorder,SMHB00145,None,None,None
Tensor Palatini Induced Tinnitus,SMHB00145,None,None,None
Pain,SMHB00145,None,None,None
Subjective Tinnitus,SMHB00145,None,None,None
Noise-Induced Tinnitus,SMHB00145,None,None,None
Spontaneous Oto Acoustic Emission Tinnitus,SMHB00145,None,None,None
Objective Tinnitus,SMHB00145,None,None,None
Burning Pain,SMHB00145,None,None,None
 Splitting Pain,SMHB00145,None,None,None
Ligament Injury,SMHB00145,0.011251,0.037373,1
Loin Pain,SMHB00145,None,None,None
Tinnitus Of Vascular Origin,SMHB00145,None,None,None
Postural Low Back Pain,SMHB00145,None,None,None
 Migratory Pain,SMHB00145,None,None,None
Status Marmoratus,SMHB00145,0.033388,0.061682,1
Ache,SMHB00145,None,None,None
Prelingual Deafness,SMHB00145,None,None,None
 Ear Clicking Sound,SMHB00145,None,None,None
Deafness,SMHB00145,None,None,None
 Bone Disorder,SMHB00145,None,None,None
Extreme Hearing Loss,SMHB00145,None,None,None
Left Flank Pain,SMHB00145,None,None,None
Pulsatile Tinnitus,SMHB00145,None,None,None
Movement Disorder,SMHB00145,0.033388,0.061682,1
Pain Radiating,SMHB00145,None,None,None
Crushing Pain,SMHB00145,None,None,None
Posterior Compartment Low Back Pain,SMHB00145,None,None,None
Atrophy,SMHB00145,None,None,None
Ligament Sprain,SMHB00145,0.011251,0.037373,1
Hyperostosis,SMHB00145,0.022379,0.050405,1
Orofacial Dyskinesia,SMHB00145,0.033388,0.061682,1
Vitiligo,SMHB00145,0.022379,0.050405,1
Pharyngolaryngitis,SMHB00146,None,None,None
Laryngopharyngeal Dysaesthesia,SMHB00146,None,None,None
Localized; Swelling,SMHB00146,None,None,None
 Physical Suffering,SMHB00146,None,None,None
Cough Productive,SMHB00146,None,None,None
"Sputums, Induced",SMHB00146,None,None,None
 Cryptogenic Epilepsies,SMHB00146,0.026979,0.054805,1
Cyst,SMHB00146,None,None,None
Laryngeal Edema,SMHB00146,None,None,None
Caustic Injury,SMHB00146,None,None,None
Hyperalgia,SMHB00146,None,None,None
Aura,SMHB00146,0.026979,0.054805,1
Single Seizure,SMHB00146,0.026979,0.054805,1
Jaundice,SMHB00146,None,None,None
Pain,SMHB00146,None,None,None
Cough,SMHB00146,None,None,None
Burning Pain,SMHB00146,None,None,None
"Epilepsy, Awakening",SMHB00146,0.026979,0.054805,1
 Splitting Pain,SMHB00146,None,None,None
Furuncle,SMHB00146,None,None,None
Sputum,SMHB00146,None,None,None
Furunculosis,SMHB00146,None,None,None
 Migratory Pain,SMHB00146,None,None,None
Thermal Energy,SMHB00146,None,None,None
Epilepsy,SMHB00146,0.034568,0.062952,1
Swelling,SMHB00146,None,None,None
Ache,SMHB00146,None,None,None
Aphagia,SMHB00146,0.003894,0.018222,1
Throat Tightness,SMHB00146,None,None,None
Snake Venom Causing Toxic Effect,SMHB00146,None,None,None
Oropharyngeal Discomfort,SMHB00146,None,None,None
Dyspepsia,SMHB00146,0.045852,0.075628,1
Pain Radiating,SMHB00146,None,None,None
Crushing Pain,SMHB00146,None,None,None
Pharyngolaryngeal Pain,SMHB00146,None,None,None
Chills And Fever,SMHB00146,None,None,None
Chills And Fever,SMHB00146,None,None,None
Edema Pharynx,SMHB00146,None,None,None
Sputum Purulent,SMHB00146,None,None,None
Hot Temperature,SMHB00146,None,None,None
Poisoning By,SMHB00146,0.000201,0.001686,1
Fever,SMHB00146,None,None,None
Acute Hepatitis,SMHB00146,0.007775,0.030277,1
Cirrhosis,SMHB00146,0.003894,0.018222,1
Hepatitis,SMHB00146,0.007775,0.030277,1
Pneumonia,SMHB00147,None,None,None
Right Flank Pain,SMHB00147,None,None,None
Constipation,SMHB00147,None,None,None
 Physical Suffering,SMHB00147,None,None,None
Tongue Swelling,SMHB00147,0.037724,0.066384,1
Cough Productive,SMHB00147,None,None,None
"Sputums, Induced",SMHB00147,None,None,None
Flank Pain,SMHB00147,None,None,None
Epigastric Pain,SMHB00147,None,None,None
Tongue Edema,SMHB00147,0.019039,0.04715,1
Chest Pain,SMHB00147,None,None,None
Hyperalgia,SMHB00147,None,None,None
Crescendo Angina,SMHB00147,None,None,None
Pain,SMHB00147,None,None,None
Breast Cyst,SMHB00147,0.019039,0.04715,1
Cold Sensation,SMHB00147,None,None,None
Cough,SMHB00147,None,None,None
Burning Pain,SMHB00147,None,None,None
 Splitting Pain,SMHB00147,None,None,None
Sputum Discoloured,SMHB00147,None,None,None
Pneumonia Lobar,SMHB00147,None,None,None
Angina Pectoris,SMHB00147,None,None,None
Sputum,SMHB00147,None,None,None
 Migratory Pain,SMHB00147,None,None,None
Carbuncle,SMHB00147,None,None,None
Chest Symptom Discomfort,SMHB00147,None,None,None
Ache,SMHB00147,None,None,None
Defecation Pain,SMHB00147,None,None,None
Colonic Inertia,SMHB00147,None,None,None
 Stomach Discomfort,SMHB00147,None,None,None
Left Flank Pain,SMHB00147,None,None,None
Pain Precordial,SMHB00147,6.00E-06,9.50E-05,0.159806
Pain Radiating,SMHB00147,None,None,None
Crushing Pain,SMHB00147,None,None,None
Chest Symptom Heaviness,SMHB00147,None,None,None
Chest Symptom Heaviness,SMHB00147,None,None,None
Experimental Lung Inflammation,SMHB00147,None,None,None
Sputum Purulent,SMHB00147,None,None,None
Abnormal Stools,SMHB00147,0.017475,0.045384,1
Right Flank Pain,SMHB00549,0,2.00E-06,0.001552
 Physical Suffering,SMHB00549,0.020899,0.048553,1
"Sputums, Induced",SMHB00549,0.000648,0.004294,1
Flank Pain,SMHB00549,0,2.00E-06,0.001552
Chest Pain,SMHB00549,0.008885,0.033209,1
Pain,SMHB00549,0.028478,0.05622,1
Cough,SMHB00549,3.00E-06,4.90E-05,0.074688
Burning Pain,SMHB00549,0.020899,0.048553,1
 Splitting Pain,SMHB00549,0.020899,0.048553,1
Sputum,SMHB00549,0.000648,0.004294,1
 Migratory Pain,SMHB00549,0.020899,0.048553,1
Ache,SMHB00549,0.03699,0.065712,1
Left Flank Pain,SMHB00549,0,2.00E-06,0.001552
Pain Radiating,SMHB00549,0.020899,0.048553,1
Crushing Pain,SMHB00549,0.020899,0.048553,1
Chest Symptom Heaviness,SMHB00549,0.000111,0.001028,1
Chest Symptom Heaviness,SMHB00549,0.000111,0.001028,1
Cough Persistent,SMHB00549,0.002527,0.01295,1
Sputum Purulent,SMHB00549,0.014337,0.041705,1
Constipation,SMHB00547,0.021468,0.049159,1
"Sputums, Induced",SMHB00547,0.001699,0.0094,1
Respiratory Abnormality,SMHB00547,0.008632,0.032544,1
Sputum,SMHB00547,0.001699,0.0094,1
Defecation Pain,SMHB00547,0.032062,0.060278,1
Colonic Inertia,SMHB00547,0.017204,0.045046,1
Sputum Purulent,SMHB00547,0.029951,0.05795,1
Pharyngolaryngitis,SMHB00520,0.044505,0.073939,1
Larynx,SMHB00520,0.004756,0.021453,1
Laryngopharyngeal Dysaesthesia,SMHB00520,0.000205,0.001719,1
Localized; Swelling,SMHB00520,0.007032,0.028305,1
Laryngeal Pain,SMHB00520,0.022501,0.050578,1
Hemoptysis,SMHB00520,0.012752,0.039733,1
Laryngeal Edema,SMHB00520,0.022501,0.050578,1
Hematemesis,SMHB00520,0.019912,0.047163,1
"Melena
",SMHB00520,0.000497,0.00349,1
Smarting Of Skin,SMHB00520,0.022501,0.050578,1
Hematoma,SMHB00520,0.044505,0.073939,1
Skin Pain,SMHB00520,0.022501,0.050578,1
Bronchiectasis,SMHB00520,0.000497,0.00349,1
Skin Swelling,SMHB00520,0.044505,0.073939,1
Uterine Bleeding,SMHB00520,8.00E-06,0.000109,0.188423
Hemorrhage Postpartum,SMHB00520,0.033062,0.061368,1
Scald,SMHB00520,0.044505,0.073939,1
Pharynx Disease,SMHB00520,0.044505,0.073939,1
Second Degree Burn,SMHB00520,0.022501,0.050578,1
Tonsillitis,SMHB00520,0.044505,0.073939,1
Throat Tightness,SMHB00520,8.00E-06,0.000109,0.188423
Lips Bleeding,SMHB00520,0.022501,0.050578,1
Metrorrhagia,SMHB00520,0.000556,0.003814,1
Vaginal Bleeding,SMHB00520,0.022501,0.050578,1
Pharyngolaryngeal Pain,SMHB00520,8.00E-06,0.000109,0.188423
Edema Pharynx,SMHB00520,0.001469,0.008309,1
Menorrhagia,SMHB00520,0.009703,0.034823,1
Menometrorrhagia,SMHB00520,0.009703,0.034823,1
Cough Persistent,SMHB00520,0.007032,0.028305,1
Gastric Ulcer Bleeding,SMHB00520,0.022501,0.050578,1
Abdomen Distention,SMHB00151,None,None,None
Sharp Headache,SMHB00151,None,None,None
Blanching Of Skin,SMHB00151,0.02553,0.053474,1
Abdominal Tenderness,SMHB00151,0.02553,0.053474,1
 Physical Suffering,SMHB00151,None,None,None
Vomiting Neonatal,SMHB00151,0.02553,0.053474,1
"Headache, Periorbital",SMHB00151,None,None,None
Bilateral Headache,SMHB00151,None,None,None
Ocular Headache,SMHB00151,None,None,None
Abdominal Pain,SMHB00151,None,None,None
Liability To Disease,SMHB00151,None,None,None
Irritability,SMHB00151,None,None,None
Malnutrition,SMHB00151,None,None,None
Headache Throbbing,SMHB00151,None,None,None
Hyperalgia,SMHB00151,None,None,None
Radiculopathy,SMHB00151,0.02553,0.053474,1
Febrile Illness Acute,SMHB00151,None,None,None
Gastrointestinal Discomfort,SMHB00151,0.008999,0.033209,1
Diarrhea,SMHB00151,None,None,None
Rhinorrhea,SMHB00151,0.047895,0.077438,1
Orthostatic Headache,SMHB00151,None,None,None
Emesis,SMHB00151,None,None,None
Nerve Root Disorder,SMHB00151,0.02553,0.053474,1
Pain,SMHB00151,None,None,None
Malaise And Fatigue,SMHB00151,None,None,None
Cough,SMHB00151,None,None,None
Burning Pain,SMHB00151,None,None,None
 Splitting Pain,SMHB00151,None,None,None
"Neuralgia, Sluder",SMHB00151,0.02553,0.053474,1
Cervical Radiculopathy,SMHB00151,0.02553,0.053474,1
Cervical Radiculopathy,SMHB00151,None,None,None
Trigeminal Autonomic Cephalgia,SMHB00151,0.02553,0.053474,1
 Migratory Pain,SMHB00151,None,None,None
Nerve Root Pain,SMHB00151,0.02553,0.053474,1
Neuralgia Facial,SMHB00151,0.02553,0.053474,1
Coryza,SMHB00151,None,None,None
Ache,SMHB00151,None,None,None
 Generalised Headache,SMHB00151,None,None,None
"Avulsion, Nerve Root",SMHB00151,0.02553,0.053474,1
Gagging,SMHB00151,None,None,None
Pain Radiating,SMHB00151,None,None,None
Crushing Pain,SMHB00151,None,None,None
Vertex Headache,SMHB00151,None,None,None
"Headache, Retro-Ocular",SMHB00151,None,None,None
Compression Nerve Root,SMHB00151,0.02553,0.053474,1
Chills And Fever,SMHB00151,None,None,None
Chest Symptom Heaviness,SMHB00151,None,None,None
Chest Symptom Heaviness,SMHB00151,None,None,None
Chills And Fever,SMHB00151,None,None,None
General Abdominal Pain-Symptom,SMHB00151,0.02553,0.053474,1
"Headache, Dull",SMHB00151,None,None,None
Headache Unilateral,SMHB00151,None,None,None
Radiculitis,SMHB00151,0.02553,0.053474,1
Myofacial Pain Syndrome,SMHB00151,0.02553,0.053474,1
Headache,SMHB00151,None,None,None
Fever,SMHB00151,None,None,None
 Physical Suffering,SMHB00521,0.007273,0.029076,1
Anasarca,SMHB00521,0.038375,0.067282,1
Urinary Tract Stone,SMHB00521,0.000171,0.001471,1
Urolithiasis,SMHB00521,0.007789,0.030277,1
Jaundice,SMHB00521,2.20E-05,0.00027,0.538074
Pain,SMHB00521,0.010022,0.03503,1
Burning Pain,SMHB00521,0.007273,0.029076,1
 Splitting Pain,SMHB00521,0.007273,0.029076,1
Discoloration Urine,SMHB00521,1.40E-05,0.000182,0.337943
Discoloration Urine,SMHB00521,1.40E-05,0.000182,0.337943
 Migratory Pain,SMHB00521,0.007273,0.029076,1
Ache,SMHB00521,0.013162,0.040265,1
 Urinary Tract Pain,SMHB00521,0.000565,0.003867,1
Pain Radiating,SMHB00521,0.007273,0.029076,1
Crushing Pain,SMHB00521,0.007273,0.029076,1
Urine Abnormality,SMHB00521,0.045881,0.075628,1
Urine Rbc,SMHB00521,0.030813,0.058607,1
Chest Wall Pain,SMHB00152,0.021916,0.049709,1
 Physical Suffering,SMHB00152,None,None,None
Angina Symptoms,SMHB00152,0.007356,0.029106,1
Abdominal Pain,SMHB00152,None,None,None
Chest Pain,SMHB00152,None,None,None
Hematoma,SMHB00152,None,None,None
Hyperalgia,SMHB00152,None,None,None
Idiopathic Inflammatory Myositis,SMHB00152,None,None,None
Palpitation(S),SMHB00152,None,None,None
Myopathy,SMHB00152,None,None,None
Emotional Instability,SMHB00152,None,None,None
Pain,SMHB00152,None,None,None
Respiratory Abnormality,SMHB00152,None,None,None
Buerger Disease,SMHB00152,0.007356,0.029106,1
Burning Pain,SMHB00152,None,None,None
Emotional Distress,SMHB00152,0.007356,0.029106,1
 Splitting Pain,SMHB00152,None,None,None
Gasping,SMHB00152,None,None,None
Respiratory Disorder,SMHB00152,5.10E-05,0.000542,1
Infective Myositis,SMHB00152,None,None,None
 Migratory Pain,SMHB00152,None,None,None
Lassitude,SMHB00152,None,None,None
Myositis,SMHB00152,None,None,None
Ache,SMHB00152,None,None,None
Focal Myositis,SMHB00152,None,None,None
Proliferative Myositis,SMHB00152,None,None,None
Ocular Icterus,SMHB00152,None,None,None
Pain Radiating,SMHB00152,None,None,None
Crushing Pain,SMHB00152,None,None,None
 Physical Suffering,SMHB00149,None,None,None
Neurotic Depression,SMHB00149,7.10E-05,0.000721,1
Smarting Of Skin,SMHB00149,0.008654,0.032544,1
Hematoma,SMHB00149,0.017237,0.045046,1
Hyperalgia,SMHB00149,None,None,None
 Melancholia,SMHB00149,7.10E-05,0.000721,1
Polyarthralgia,SMHB00149,None,None,None
Skin Pain,SMHB00149,0.008654,0.032544,1
Pain,SMHB00149,None,None,None
 Emotional Depression,SMHB00149,0.02575,0.053532,1
Arthralgia,SMHB00149,None,None,None
Breast Cyst,SMHB00149,0.008654,0.032544,1
Disorder Of Lactation,SMHB00149,None,None,None
Arthritic Pains,SMHB00149,None,None,None
Burning Pain,SMHB00149,None,None,None
 Splitting Pain,SMHB00149,None,None,None
Skin Swelling,SMHB00149,0.017237,0.045046,1
Depressive Neurosis,SMHB00149,7.10E-05,0.000721,1
 Migratory Pain,SMHB00149,None,None,None
Carbuncle,SMHB00149,None,None,None
Depressed Mood,SMHB00149,None,None,None
Swelling,SMHB00149,None,None,None
Ache,SMHB00149,None,None,None
Dysthymic Disorder,SMHB00149,None,None,None
Joint Swollen,SMHB00149,None,None,None
Lactation Decreased,SMHB00149,None,None,None
Major Depression,SMHB00149,0.008654,0.032544,1
 Depressive Syndrome,SMHB00149,7.10E-05,0.000721,1
Sprain Of Joint,SMHB00149,0.008654,0.032544,1
Pain Radiating,SMHB00149,None,None,None
Crushing Pain,SMHB00149,None,None,None
Endogenous Depression,SMHB00149,7.10E-05,0.000721,1
Unipolar Depression,SMHB00149,7.10E-05,0.000721,1
Chest Symptom Heaviness,SMHB00149,0.000576,0.003921,1
Chest Symptom Heaviness,SMHB00149,0.000576,0.003921,1
Depression,SMHB00149,0.02575,0.053532,1
Depressed - Symptom,SMHB00149,0.008654,0.032544,1
Pharyngolaryngitis,SMHB00546,0.035175,0.063716,1
Larynx,SMHB00546,0.00297,0.014817,1
Laryngopharyngeal Dysaesthesia,SMHB00546,0.0001,0.000944,1
Localized; Swelling,SMHB00546,0.004404,0.020144,1
Laryngeal Pain,SMHB00546,0.017741,0.045849,1
Soft Tissue Injury,SMHB00546,0.000307,0.002375,1
Laryngeal Edema,SMHB00546,0.017741,0.045849,1
Smarting Of Skin,SMHB00546,0.017741,0.045849,1
Hematoma,SMHB00546,0.035175,0.063716,1
Skin Pain,SMHB00546,0.017741,0.045849,1
Bite Wound Insect,SMHB00546,0.017741,0.045849,1
Cough,SMHB00546,0.002406,0.01243,1
Skin Swelling,SMHB00546,0.035175,0.063716,1
Pharynx Disease,SMHB00546,0.035175,0.063716,1
Tonsillitis,SMHB00546,0.035175,0.063716,1
Throat Tightness,SMHB00546,3.00E-06,4.70E-05,0.071306
Snake Venom Causing Toxic Effect,SMHB00546,0.017741,0.045849,1
Pharyngolaryngeal Pain,SMHB00546,3.00E-06,4.70E-05,0.071306
Edema Pharynx,SMHB00546,0.000911,0.005622,1
Cough Persistent,SMHB00546,0.004404,0.020144,1
Deglutitional Syncope,SMHB00153,None,None,None
Right Flank Pain,SMHB00153,None,None,None
"Memory Disorders, Spatial",SMHB00153,None,None,None
Abdominal Tenderness,SMHB00153,0.017741,0.045849,1
 Physical Suffering,SMHB00153,0.035301,0.063911,1
Presyncope,SMHB00153,None,None,None
"Sputums, Induced",SMHB00153,None,None,None
"Memory Disorders, Semantic",SMHB00153,None,None,None
Menstrual Cramp,SMHB00153,0.006097,0.025549,1
Flank Pain,SMHB00153,None,None,None
Petechia,SMHB00153,None,None,None
Stokes-Adams Syncope,SMHB00153,None,None,None
Amenorrhea,SMHB00153,0.000911,0.005622,1
Abdominal Pain,SMHB00153,0.003384,0.016389,1
Syncope Cough,SMHB00153,None,None,None
Hyperventilation Syncope,SMHB00153,None,None,None
Impetigo Contagiosa,SMHB00153,None,None,None
"Amenorrhea, Postpartum",SMHB00153,0.000911,0.005622,1
Syncope Exertional,SMHB00153,None,None,None
Syncope Cardiac,SMHB00153,None,None,None
Crescendo Angina,SMHB00153,0.00297,0.014817,1
Pain,SMHB00153,0.0477,0.077389,1
Waxy Flexibility,SMHB00153,None,None,None
Ecthyma,SMHB00153,None,None,None
Cold Sensation,SMHB00153,None,None,None
Contusion,SMHB00153,None,None,None
Burning Pain,SMHB00153,0.035301,0.063911,1
 Splitting Pain,SMHB00153,0.035301,0.063911,1
Syncope Postural,SMHB00153,None,None,None
Syncopal Vertigo,SMHB00153,None,None,None
 Venomous Bite,SMHB00153,0.035175,0.063716,1
Angina Pectoris,SMHB00153,0.000273,0.002164,1
Impetigo,SMHB00153,None,None,None
Memory Loss Or Impairment,SMHB00153,None,None,None
Sputum,SMHB00153,None,None,None
Thirst,SMHB00153,None,None,None
"Breast Disease, Endocrine",SMHB00153,0.035175,0.063716,1
 Migratory Pain,SMHB00153,0.035301,0.063911,1
Memory Disorder,SMHB00153,None,None,None
Gangrene,SMHB00153,None,None,None
Chest Symptom Discomfort,SMHB00153,None,None,None
Convulsive Syncope,SMHB00153,None,None,None
Catalepsy,SMHB00153,None,None,None
Age Related Memory Disorders,SMHB00153,None,None,None
Uterine Bleeding,SMHB00153,0.000173,0.001479,1
Hemorrhage Postpartum,SMHB00153,5.40E-05,0.000574,1
Carotid Sinus Syncope,SMHB00153,None,None,None
Syncope Micturition,SMHB00153,None,None,None
Scald,SMHB00153,0.000307,0.002375,1
Neoplasm Benign Nos,SMHB00153,0.017741,0.045849,1
Sweating Sickness,SMHB00153,None,None,None
Ulcer,SMHB00153,None,None,None
Abdomen Ruq Pain,SMHB00153,0.017741,0.045849,1
Left Flank Pain,SMHB00153,None,None,None
Pain Precordial,SMHB00153,5.00E-06,7.80E-05,0.128627
Abdomen Tumor,SMHB00153,0.035175,0.063716,1
Metrorrhagia,SMHB00153,0.000273,0.002164,1
Memory Impairment,SMHB00153,None,None,None
Syncopal Episode,SMHB00153,None,None,None
Syncope,SMHB00153,None,None,None
Pain Radiating,SMHB00153,0.035301,0.063911,1
Situational Syncope,SMHB00153,None,None,None
Crushing Pain,SMHB00153,0.035301,0.063911,1
Skin Pustule(S),SMHB00153,None,None,None
Menorrhagia,SMHB00153,0.000173,0.001479,1
Menometrorrhagia,SMHB00153,0.000173,0.001479,1
General Abdominal Pain-Symptom,SMHB00153,0.017741,0.045849,1
Purpura,SMHB00153,None,None,None
"Abdominal Or Pelvic Swelling, Mass, Or Lump, Generalized",SMHB00153,0.017741,0.045849,1
 Other Abdominal Pain,SMHB00153,0.001802,0.009861,1
"Memory Disorders, Spatial",SMHB00593,0.013847,0.040951,1
Pulse Weakness,SMHB00593,1.00E-06,1.90E-05,0.025561
Night Sweat,SMHB00593,0.013847,0.040951,1
"Memory Disorders, Semantic",SMHB00593,0.013847,0.040951,1
Developmental Delay,SMHB00593,0.013847,0.040951,1
Hot Flash,SMHB00593,1.00E-05,0.000134,0.23714
Cardiac Discomfort,SMHB00593,0.027508,0.055251,1
 Orthostasis,SMHB00593,0,9.00E-06,0.011062
Lightheadedness,SMHB00593,0,1.00E-06,0.000496
Inability To Maintain Attention,SMHB00593,0.013847,0.040951,1
Memory Loss Or Impairment,SMHB00593,0.013847,0.040951,1
Memory Disorder,SMHB00593,0.013847,0.040951,1
Dizziness,SMHB00593,1.00E-06,1.90E-05,0.025561
Age Related Memory Disorders,SMHB00593,0.013847,0.040951,1
Uterine Bleeding,SMHB00593,8.10E-05,0.000805,1
Hemorrhage Postpartum,SMHB00593,0.013176,0.0403,1
Mental Retardation,SMHB00593,0.027508,0.055251,1
Forgetfulness,SMHB00593,0.027508,0.055251,1
Metrorrhagia,SMHB00593,0.000129,0.001172,1
Memory Impairment,SMHB00593,0.000186,0.001576,1
Menorrhagia,SMHB00593,0,0,0.000188
Menometrorrhagia,SMHB00593,1.00E-06,1.90E-05,0.025561
Atrophy,SMHB00593,0.040985,0.069693,1
Right Flank Pain,SMHB00594,0.002936,0.014672,1
Night Sweat,SMHB00594,0.009952,0.034881,1
Flank Pain,SMHB00594,0.002936,0.014672,1
 Anemic,SMHB00594,0.01981,0.04715,1
Hot Flash,SMHB00594,3.00E-06,5.50E-05,0.084922
Vagina,SMHB00594,0.029574,0.057571,1
Anemia,SMHB00594,0.009952,0.034881,1
Uterine Bleeding,SMHB00594,2.90E-05,0.000345,0.728678
Hemorrhage Postpartum,SMHB00594,0.006916,0.027968,1
Cyanosis,SMHB00594,0.039244,0.067979,1
Left Flank Pain,SMHB00594,0.002936,0.014672,1
Metrorrhagia,SMHB00594,4.70E-05,0.000505,1
Menorrhagia,SMHB00594,0.001931,0.010387,1
Menometrorrhagia,SMHB00594,0.001931,0.010387,1
Lower Extremity Paresthesia,SMHB00594,0,2.00E-06,0.001863
 Knee Joint Laxity,SMHB00594,0.009952,0.034881,1
Pharyngolaryngitis,SMHB00154,0.034325,0.062763,1
Larynx,SMHB00154,0.002827,0.014204,1
Laryngopharyngeal Dysaesthesia,SMHB00154,9.30E-05,0.000886,1
Sprain,SMHB00154,None,None,None
Localized; Swelling,SMHB00154,0.004194,0.01946,1
 Physical Suffering,SMHB00154,0.033723,0.062057,1
Vein Disorder,SMHB00154,None,None,None
"Sputums, Induced",SMHB00154,None,None,None
Laryngeal Pain,SMHB00154,0.017309,0.045046,1
Angina Symptoms,SMHB00154,None,None,None
 Zoophaginae,SMHB00154,0.017309,0.045046,1
Soft Tissue Injury,SMHB00154,0.000292,0.002279,1
Laryngeal Edema,SMHB00154,0.017309,0.045046,1
Extremity Numbness,SMHB00154,None,None,None
Sore Throat,SMHB00154,None,None,None
Chest Pain,SMHB00154,None,None,None
Smarting Of Skin,SMHB00154,0.017309,0.045046,1
Hematoma,SMHB00154,0.034325,0.062763,1
Diarrhea,SMHB00154,None,None,None
Impetigo Contagiosa,SMHB00154,None,None,None
Skin Pain,SMHB00154,0.017309,0.045046,1
Virus,SMHB00154,0.017309,0.045046,1
Animal Virus,SMHB00154,0.017309,0.045046,1
Bite Wound Insect,SMHB00154,0.017309,0.045046,1
Jaundice,SMHB00154,0.00766,0.030157,1
Pain,SMHB00154,0.045607,0.075415,1
Pharyngeal Erythema,SMHB00154,None,None,None
Burning Pain,SMHB00154,0.033723,0.062057,1
 Splitting Pain,SMHB00154,0.033723,0.062057,1
Skin Swelling,SMHB00154,0.034325,0.062763,1
"Neuralgia, Sluder",SMHB00154,None,None,None
Diarrhea Acute,SMHB00154,0.017309,0.045046,1
Impetigo,SMHB00154,None,None,None
Sputum,SMHB00154,None,None,None
Leukopenia,SMHB00154,None,None,None
 Migratory Pain,SMHB00154,0.033723,0.062057,1
Musculoskeletal Pain,SMHB00154,0.034325,0.062763,1
Lassitude,SMHB00154,None,None,None
Uterine Bleeding,SMHB00154,None,None,None
Neuralgia Facial,SMHB00154,None,None,None
Diarrhea Watery,SMHB00154,0.017309,0.045046,1
Ache,SMHB00154,None,None,None
Scald,SMHB00154,0.000292,0.002279,1
Pharyngitis,SMHB00154,None,None,None
Pharynx Disease,SMHB00154,0.034325,0.062763,1
Tonsillitis,SMHB00154,0.034325,0.062763,1
Throat Tightness,SMHB00154,None,None,None
Pain Radiating,SMHB00154,0.033723,0.062057,1
Crushing Pain,SMHB00154,0.033723,0.062057,1
Lower Extremity Pain Musculoskeletal,SMHB00154,None,None,None
Pharyngolaryngeal Pain,SMHB00154,0.00016,0.001398,1
Edema Pharynx,SMHB00154,0.000867,0.005402,1
Myofacial Pain Syndrome,SMHB00154,None,None,None
Abdomen Distention,SMHB00155,None,None,None
Abdominal Tenderness,SMHB00155,0.022068,0.049982,1
 Physical Suffering,SMHB00155,None,None,None
Limb Anomaly Congenital,SMHB00155,0.022068,0.049982,1
Tongue Swelling,SMHB00155,0.043659,0.072788,1
"Sputums, Induced",SMHB00155,None,None,None
Prostatic Hyperplasia Benign,SMHB00155,None,None,None
Angina Symptoms,SMHB00155,0.022068,0.049982,1
Prostate Hypertrophy,SMHB00155,None,None,None
Catarrh,SMHB00155,None,None,None
 Cryptogenic Epilepsies,SMHB00155,None,None,None
Menstrual Cramp,SMHB00155,None,None,None
Tongue Edema,SMHB00155,0.022068,0.049982,1
Anasarca,SMHB00155,None,None,None
Dysuria,SMHB00155,None,None,None
Abdominal Pain,SMHB00155,None,None,None
Edema,SMHB00155,None,None,None
Hematoma,SMHB00155,None,None,None
Hyperalgia,SMHB00155,None,None,None
Polyarthralgia,SMHB00155,None,None,None
Hemorrhage Within 24 Hours Following Delivery Of Placenta,SMHB00155,None,None,None
Aura,SMHB00155,None,None,None
Single Seizure,SMHB00155,None,None,None
Palpitation(S),SMHB00155,None,None,None
Tongue Disorder,SMHB00155,0.015571,0.043506,1
Pain,SMHB00155,None,None,None
Pneumatosis,SMHB00155,0.022068,0.049982,1
Breast Mass,SMHB00155,None,None,None
Arthralgia,SMHB00155,None,None,None
Buerger Disease,SMHB00155,None,None,None
Arthritic Pains,SMHB00155,None,None,None
Orofacial Oedema,SMHB00155,0.022068,0.049982,1
Burning Pain,SMHB00155,None,None,None
"Epilepsy, Awakening",SMHB00155,None,None,None
 Splitting Pain,SMHB00155,None,None,None
Abdomen Discomfort,SMHB00155,None,None,None
Sputum,SMHB00155,None,None,None
 Migratory Pain,SMHB00155,None,None,None
Chest Symptom Discomfort,SMHB00155,None,None,None
Emaciation,SMHB00155,None,None,None
Speech Disorder,SMHB00155,0.022068,0.049982,1
Breast Pain,SMHB00155,None,None,None
Epilepsy,SMHB00155,None,None,None
Hemorrhage Postpartum,SMHB00155,None,None,None
Coryza,SMHB00155,None,None,None
Ache,SMHB00155,None,None,None
Influenza,SMHB00155,0.043659,0.072788,1
Neoplasm Benign Nos,SMHB00155,None,None,None
Hemorrhage After First 24 Hours Following Delivery Of Placenta,SMHB00155,None,None,None
 name Dilation,SMHB00155,None,None,None
Prostate Adenoma,SMHB00155,None,None,None
Sprain Of Joint,SMHB00155,0.022068,0.049982,1
Prostate Hypertrophy Benign,SMHB00155,None,None,None
Bloating Feeling,SMHB00155,None,None,None
Breast Swelling,SMHB00155,None,None,None
Stridor,SMHB00155,0.043659,0.072788,1
Pain Radiating,SMHB00155,None,None,None
Crushing Pain,SMHB00155,None,None,None
Common Cold,SMHB00155,None,None,None
"Prostate, Hyperplasia, Nodular",SMHB00155,None,None,None
Menopause,SMHB00155,None,None,None
Breast Engorgement,SMHB00155,None,None,None
Mental Aberration,SMHB00155,0.043659,0.072788,1
Mental Aberration,SMHB00155,0.043659,0.072788,1
General Abdominal Pain-Symptom,SMHB00155,0.022068,0.049982,1
Abdomen Distention,SMHB00592,0,5.00E-06,0.006068
Hunger Abnormal,SMHB00592,0.000283,0.002216,1
Eating Disorder,SMHB00592,0.000283,0.002216,1
Digestion Impaired,SMHB00592,0.048823,0.078326,1
Anorexia,SMHB00592,0.000931,0.005729,1
Halitosis,SMHB00592,0.01981,0.04715,1
 name Dilation,SMHB00592,0,3.00E-06,0.002741
Aphagia,SMHB00592,0.009952,0.034881,1
Loss Of Appetite,SMHB00592,0.009952,0.034881,1
Decreased Appetite,SMHB00592,7.00E-05,0.000711,1
 Physical Suffering,SMHB00156,None,None,None
Joint Range Of Motion Decreased,SMHB00156,None,None,None
Extremity Contracture,SMHB00156,None,None,None
Hyperalgia,SMHB00156,None,None,None
Osteoarticular Pain,SMHB00156,0.012931,0.039733,1
Quadriplegic Spinal Paralysis,SMHB00156,0.017208,0.045046,1
Pain,SMHB00156,None,None,None
 Cerebromedullospinal Disconnection,SMHB00156,0.017208,0.045046,1
Flaccid Tetraplegia,SMHB00156,0.017208,0.045046,1
Arthritic Pains,SMHB00156,None,None,None
Burning Pain,SMHB00156,None,None,None
 Splitting Pain,SMHB00156,None,None,None
Abdomen Discomfort,SMHB00156,0.025711,0.053532,1
Abdomen Bloating,SMHB00156,None,None,None
Quadriparesis,SMHB00156,0.021468,0.049159,1
Cramp In Limb,SMHB00156,0.017208,0.045046,1
 Migratory Pain,SMHB00156,None,None,None
Spastic Quadriplegia,SMHB00156,0.021468,0.049159,1
Ache,SMHB00156,None,None,None
Quadriplegia,SMHB00156,0.017208,0.045046,1
 Stomach Discomfort,SMHB00156,None,None,None
Pain Radiating,SMHB00156,None,None,None
Crushing Pain,SMHB00156,None,None,None
Hyperostosis,SMHB00156,None,None,None
 Physical Suffering,SMHB00157,None,None,None
Hematuria,SMHB00157,None,None,None
Dysuria,SMHB00157,0.001029,0.006237,1
Abdominal Pain,SMHB00157,None,None,None
Hyperalgia,SMHB00157,None,None,None
Urinary Tract Stone,SMHB00157,None,None,None
Urolithiasis,SMHB00157,0.005625,0.024125,1
Pain,SMHB00157,None,None,None
Burning Pain,SMHB00157,None,None,None
 Splitting Pain,SMHB00157,None,None,None
Discoloration Urine,SMHB00157,0.038768,0.067563,1
Discoloration Urine,SMHB00157,0.038768,0.067563,1
Urination Frequency,SMHB00157,0.038768,0.067563,1
 Migratory Pain,SMHB00157,None,None,None
Blood Urine Present,SMHB00157,None,None,None
Ache,SMHB00157,None,None,None
 Urinary Tract Pain,SMHB00157,0.027836,0.055459,1
Gonorrhea,SMHB00157,0.001029,0.006237,1
Pain Radiating,SMHB00157,None,None,None
Crushing Pain,SMHB00157,None,None,None
Urine Rbc,SMHB00157,None,None,None
Urethral Pain,SMHB00157,None,None,None
Neoplastic Growth,SMHB00641,0.027425,0.055251,1
Cyst,SMHB00641,0.03417,0.062682,1
Soft Tissue Injury,SMHB00641,4.50E-05,0.000489,1
Yang Deficiency,SMHB00641,0.03417,0.062682,1
Dermatosis Of Scalp,SMHB00641,0.013802,0.040951,1
Carbuncle,SMHB00641,0.023412,0.051511,1
Neoplasm Benign Nos,SMHB00641,0.006923,0.027968,1
Foreign Body,SMHB00641,0.000268,0.002125,1
"Ejaculation
",SMHB00641,0.020636,0.048222,1
Abdomen Tumor,SMHB00641,0.013802,0.040951,1
King Evil,SMHB00641,0.027425,0.055251,1
Neoplastic Growth,SMHB00640,0.037562,0.066353,1
Cyst,SMHB00640,0.04674,0.076544,1
Soft Tissue Injury,SMHB00640,8.70E-05,0.000842,1
Yang Deficiency,SMHB00640,0.04674,0.076544,1
Dermatosis Of Scalp,SMHB00640,0.018953,0.04715,1
Hiccups,SMHB00640,0.04674,0.076544,1
Bed-Wetting,SMHB00640,0.00952,0.03422,1
Gasping,SMHB00640,0.0283,0.05602,1
Bronchial Asthma,SMHB00640,0.000317,0.002442,1
Carbuncle,SMHB00640,0.04259,0.07148,1
Enuresis,SMHB00640,0.0283,0.05602,1
Neoplasm Benign Nos,SMHB00640,0.00952,0.03422,1
Foreign Body,SMHB00640,0.000513,0.003585,1
Abdomen Tumor,SMHB00640,0.018953,0.04715,1
Abnormal Ejaculation,SMHB00640,0.018953,0.04715,1
Lung Disorder,SMHB00640,0.0283,0.05602,1
Hemorrhage,SMHB00642,0.029169,0.057221,1
Scabies,SMHB00642,0.047286,0.07697,1
Duodenal Ulcer Hemorrhage,SMHB00642,0.01601,0.043953,1
"Melena
",SMHB00642,0.00025,0.002011,1
Vagina,SMHB00642,0.047286,0.07697,1
Colic,SMHB00642,0.047286,0.07697,1
Vaginal Discharge,SMHB00642,0.047286,0.07697,1
Bronchiectasis,SMHB00642,0.00025,0.002011,1
Sarcoptic Red Mange,SMHB00642,0.047286,0.07697,1
Abdominal Cramp,SMHB00642,0.031771,0.059919,1
Skin Breakdown,SMHB00642,0.01601,0.043953,1
Infantile Colic,SMHB00642,0.01601,0.043953,1
Uterine Bleeding,SMHB00642,2.00E-06,3.20E-05,0.0467
Hemorrhage Postpartum,SMHB00642,0.017414,0.045245,1
Ulcer,SMHB00642,0.047286,0.07697,1
"Ejaculation
",SMHB00642,0.000741,0.004791,1
 Stomach Discomfort,SMHB00642,0.001507,0.008499,1
Hemorrhoid Bleeding,SMHB00642,0.047286,0.07697,1
Lips Bleeding,SMHB00642,0.01601,0.043953,1
Metrorrhagia,SMHB00642,0.0002,0.001684,1
 Duodenitis Hemorrhagic,SMHB00642,0.01601,0.043953,1
Vaginal Bleeding,SMHB00642,0.01601,0.043953,1
Menorrhagia,SMHB00642,0.004981,0.022251,1
Menometrorrhagia,SMHB00642,0.004981,0.022251,1
Gastric Ulcer Bleeding,SMHB00642,0.01601,0.043953,1
(leukorrhea Unspecified) Or (vaginal Discharge Nos),SMHB00642,0.00025,0.002011,1
Abdomen Distention,SMHB00158,None,None,None
Sprain,SMHB00158,None,None,None
Vaginal Discharge White,SMHB00158,None,None,None
Soft Tissue Injury,SMHB00158,8.00E-06,0.000113,0.195028
Muscle Weakness,SMHB00158,0.012069,0.038774,1
"Diarrhea, Chronic",SMHB00158,None,None,None
Skin Breakdown,SMHB00158,0.003029,0.014919,1
Leukopenia,SMHB00158,None,None,None
Musculoskeletal Pain,SMHB00158,0.00605,0.025431,1
Sweating Decreased,SMHB00158,None,None,None
Emaciation,SMHB00158,None,None,None
Hemorrhage Of Pregnancy,SMHB00158,None,None,None
Typhoid Fever,SMHB00158,None,None,None
Limb Twitching,SMHB00158,0.00605,0.025431,1
Localized; Swelling,SMHB00159,0.040872,0.069693,1
 Physical Suffering,SMHB00159,None,None,None
"Sputums, Induced",SMHB00159,None,None,None
Testicle Pain,SMHB00159,4.50E-05,0.000489,1
Anasarca,SMHB00159,None,None,None
Smarting Of Skin,SMHB00159,0.006923,0.027968,1
Edema,SMHB00159,None,None,None
Hematoma,SMHB00159,0.013802,0.040951,1
Hyperalgia,SMHB00159,None,None,None
Skin Pain,SMHB00159,0.006923,0.027968,1
Pain,SMHB00159,None,None,None
Burning Pain,SMHB00159,None,None,None
 Splitting Pain,SMHB00159,None,None,None
Skin Swelling,SMHB00159,0.013802,0.040951,1
Sputum,SMHB00159,None,None,None
 Migratory Pain,SMHB00159,None,None,None
Swelling,SMHB00159,None,None,None
Ache,SMHB00159,None,None,None
Nodule Subcutaneous,SMHB00159,0.006923,0.027968,1
Tachypnea,SMHB00159,None,None,None
Pain Radiating,SMHB00159,None,None,None
Crushing Pain,SMHB00159,None,None,None
Testicle Swelling,SMHB00159,None,None,None
Thyroid Tumor,SMHB00159,4.50E-05,0.000489,1
King Evil,SMHB00159,None,None,None
Dyssomnia,SMHB00624,0.031771,0.059919,1
Insomnia,SMHB00624,2.00E-06,3.20E-05,0.0467
Cough Productive,SMHB00624,0.029169,0.057221,1
Angina Symptoms,SMHB00624,0.01601,0.043953,1
Hemoptysis,SMHB00624,0.006574,0.026977,1
Night Sweat,SMHB00624,0.01601,0.043953,1
Subwakefullness Syndromes,SMHB00624,0.031771,0.059919,1
Palpitation(S),SMHB00624,0.00042,0.003054,1
Underweight,SMHB00624,0.01601,0.043953,1
Malaise And Fatigue,SMHB00624,0.008368,0.031922,1
Cough,SMHB00624,0.014817,0.042611,1
Fatigue,SMHB00624,0.031771,0.059919,1
 Long Sleeper Syndrome,SMHB00624,0.031771,0.059919,1
Cervical Radiculopathy,SMHB00624,0.031771,0.059919,1
 Sleep-Related Neurogenic Tachypnoea,SMHB00624,0.031771,0.059919,1
Short-Sleeper,SMHB00624,0.031771,0.059919,1
Lassitude,SMHB00624,0.000297,0.00231,1
Sleep Disorder,SMHB00624,0.001467,0.008301,1
Asthenia,SMHB00624,0,0,0.000292
Skinny Build,SMHB00624,0.01601,0.043953,1
Mental Status Altered,SMHB00624,0.000741,0.004791,1
Mental Status Altered,SMHB00624,0.000741,0.004791,1
Poor Quality Sleep,SMHB00624,0.01601,0.043953,1
Cough Persistent,SMHB00624,0.003594,0.017132,1
Abdomen Distention,SMHB00163,None,None,None
Abdominal Tenderness,SMHB00163,0.006491,0.026685,1
 Physical Suffering,SMHB00163,None,None,None
Abdominal Pain,SMHB00163,None,None,None
Malnutrition,SMHB00163,0.000581,0.003945,1
Hyperalgia,SMHB00163,None,None,None
"Overnutrition, Child",SMHB00163,None,None,None
Pain,SMHB00163,None,None,None
Burning Pain,SMHB00163,None,None,None
 Splitting Pain,SMHB00163,None,None,None
Arbovirus,SMHB00163,0.006491,0.026685,1
Abdomen Discomfort,SMHB00163,0.038359,0.067282,1
Arbovirus,SMHB00163,0.006491,0.026685,1
 Nutrition Disorders In Children,SMHB00163,None,None,None
Children Malnutrition,SMHB00163,None,None,None
 Migratory Pain,SMHB00163,None,None,None
Ache,SMHB00163,None,None,None
Pain Radiating,SMHB00163,None,None,None
Crushing Pain,SMHB00163,None,None,None
Chest Symptom Heaviness,SMHB00163,None,None,None
Chest Symptom Heaviness,SMHB00163,None,None,None
Typhoid Fever,SMHB00163,None,None,None
General Abdominal Pain-Symptom,SMHB00163,0.006491,0.026685,1
Ascariasis,SMHB00163,0.012942,0.039733,1
Enterobiasis,SMHB00163,0.006491,0.026685,1
Parasitemia,SMHB00163,0.012942,0.039733,1
Abdomen Distention,SMHB00162,None,None,None
Right Flank Pain,SMHB00162,None,None,None
Constipation,SMHB00162,None,None,None
Cough Productive,SMHB00162,None,None,None
Flank Pain,SMHB00162,None,None,None
Behavior Disorder,SMHB00162,0.012082,0.038774,1
Yang Deficiency,SMHB00162,None,None,None
Bronchial Asthma,SMHB00162,None,None,None
Defecation Pain,SMHB00162,None,None,None
Colonic Inertia,SMHB00162,None,None,None
Asthenia,SMHB00162,None,None,None
"Ejaculation
",SMHB00162,None,None,None
Left Flank Pain,SMHB00162,None,None,None
Typhoid Fever,SMHB00162,None,None,None
Lower Extremity Paresthesia,SMHB00162,0,0,0.000114
Erectile Dysfunction,SMHB00162,0.012082,0.038774,1
 Knee Joint Laxity,SMHB00162,0.006058,0.025431,1
Dyssomnia,SMHB00572,0.01036,0.03576,1
Insomnia,SMHB00572,0,0,0.000359
Psychotic Depression,SMHB00572,0.005193,0.022802,1
Subwakefullness Syndromes,SMHB00572,0.01036,0.03576,1
Emotional Instability,SMHB00572,0.005193,0.022802,1
Emotional Distress,SMHB00572,0.005193,0.022802,1
 Long Sleeper Syndrome,SMHB00572,0.01036,0.03576,1
 Sleep-Related Neurogenic Tachypnoea,SMHB00572,0.01036,0.03576,1
Short-Sleeper,SMHB00572,0.01036,0.03576,1
Sleep Disorder,SMHB00572,0.000148,0.001307,1
Poor Quality Sleep,SMHB00572,0.005193,0.022802,1
Depression,SMHB00572,0.015504,0.043506,1
Dyssomnia,SMHB00571,0.01552,0.043506,1
Insomnia,SMHB00571,0,2.00E-06,0.002207
Psychotic Depression,SMHB00571,0.007789,0.030277,1
Subwakefullness Syndromes,SMHB00571,0.01552,0.043506,1
Caustic Injury,SMHB00571,0.023195,0.051423,1
Emotional Instability,SMHB00571,0.007789,0.030277,1
Contusion,SMHB00571,0.038375,0.067282,1
Emotional Distress,SMHB00571,0.007789,0.030277,1
 Long Sleeper Syndrome,SMHB00571,0.01552,0.043506,1
Injuries Wounds,SMHB00571,0.030813,0.058607,1
 Sleep-Related Neurogenic Tachypnoea,SMHB00571,0.01552,0.043506,1
Short-Sleeper,SMHB00571,0.01552,0.043506,1
Sleep Disorder,SMHB00571,0.000341,0.002584,1
Poor Quality Sleep,SMHB00571,0.007789,0.030277,1
Depression,SMHB00571,0.023195,0.051423,1
Right Flank Pain,SMHB00164,None,None,None
Numbness,SMHB00164,None,None,None
 Physical Suffering,SMHB00164,None,None,None
Mechanical Low Back Pain,SMHB00164,None,None,None
Flank Pain,SMHB00164,None,None,None
Anasarca,SMHB00164,None,None,None
 Recurrent Low Back Pain,SMHB00164,None,None,None
Extremity Contracture,SMHB00164,0.036875,0.065606,1
Vagina,SMHB00164,None,None,None
Edema,SMHB00164,None,None,None
Hyperalgia,SMHB00164,None,None,None
Quadriplegic Spinal Paralysis,SMHB00164,2.40E-05,0.000288,0.587899
Pain,SMHB00164,None,None,None
 Cerebromedullospinal Disconnection,SMHB00164,2.40E-05,0.000288,0.587899
Flaccid Tetraplegia,SMHB00164,2.40E-05,0.000288,0.587899
Boredom,SMHB00164,None,None,None
Arthritic Pains,SMHB00164,None,None,None
Micturition Disorder,SMHB00164,None,None,None
Burning Pain,SMHB00164,None,None,None
 Orthostasis,SMHB00164,None,None,None
 Splitting Pain,SMHB00164,None,None,None
Lightheadedness,SMHB00164,None,None,None
Loin Pain,SMHB00164,None,None,None
Quadriparesis,SMHB00164,5.90E-05,0.000611,1
Postural Low Back Pain,SMHB00164,None,None,None
Thirst,SMHB00164,None,None,None
 Migratory Pain,SMHB00164,None,None,None
Food Poisoning,SMHB00164,None,None,None
Spastic Quadriplegia,SMHB00164,5.90E-05,0.000611,1
Dizziness,SMHB00164,None,None,None
Ache,SMHB00164,None,None,None
Polydipsia,SMHB00164,None,None,None
Quadriplegia,SMHB00164,2.40E-05,0.000288,0.587899
Asthenia,SMHB00164,None,None,None
Left Flank Pain,SMHB00164,None,None,None
Pain Radiating,SMHB00164,None,None,None
Crushing Pain,SMHB00164,None,None,None
Posterior Compartment Low Back Pain,SMHB00164,None,None,None
Hyperhidrosis,SMHB00164,None,None,None
Chills And Fever,SMHB00164,None,None,None
Chills And Fever,SMHB00164,None,None,None
Hyperostosis,SMHB00164,0.036875,0.065606,1
Poisoning By,SMHB00164,0.000116,0.001063,1
Fever,SMHB00164,None,None,None
Transient Limb Paralysis,SMHB00164,0.018607,0.046865,1
Abdomen Distention,SMHB00165,0.049977,0.079436,1
Sharp Headache,SMHB00165,None,None,None
Abdominal Tenderness,SMHB00165,0.012116,0.038774,1
Sprain,SMHB00165,0.035925,0.064462,1
 Physical Suffering,SMHB00165,None,None,None
"Headache, Periorbital",SMHB00165,None,None,None
Bilateral Headache,SMHB00165,None,None,None
Ocular Headache,SMHB00165,None,None,None
Soft Tissue Injury,SMHB00165,0.000142,0.001263,1
Abdominal Pain,SMHB00165,5.20E-05,0.000553,1
Headache Throbbing,SMHB00165,None,None,None
Caustic Injury,SMHB00165,None,None,None
Muscle Weakness,SMHB00165,0.047621,0.077266,1
Colic,SMHB00165,0.035925,0.064462,1
Eye Disorder,SMHB00165,None,None,None
Orthostatic Headache,SMHB00165,None,None,None
Tongue Disorder,SMHB00165,None,None,None
Urinary Tract Stone,SMHB00165,None,None,None
Pain,SMHB00165,None,None,None
Buerger Disease,SMHB00165,0.012116,0.038774,1
Burning Pain,SMHB00165,None,None,None
 Splitting Pain,SMHB00165,None,None,None
Abdominal Cramp,SMHB00165,0.02409,0.052098,1
Enterocele,SMHB00165,0.035925,0.064462,1
Infantile Colic,SMHB00165,0.012116,0.038774,1
 Migratory Pain,SMHB00165,None,None,None
Musculoskeletal Pain,SMHB00165,0.02409,0.052098,1
Chest Symptom Discomfort,SMHB00165,None,None,None
Skin Ulcer(S),SMHB00165,None,None,None
Ache,SMHB00165,None,None,None
Eyelid Irritation,SMHB00165,None,None,None
 Generalised Headache,SMHB00165,None,None,None
Asthenia,SMHB00165,None,None,None
 Stomach Discomfort,SMHB00165,0.000658,0.004353,1
Pain Precordial,SMHB00165,None,None,None
Metrorrhagia,SMHB00165,None,None,None
Skin Disorder,SMHB00165,None,None,None
Pain Radiating,SMHB00165,None,None,None
Crushing Pain,SMHB00165,None,None,None
Arthropathy,SMHB00165,None,None,None
Vertex Headache,SMHB00165,None,None,None
"Headache, Retro-Ocular",SMHB00165,None,None,None
Chills And Fever,SMHB00165,None,None,None
Chills And Fever,SMHB00165,None,None,None
General Abdominal Pain-Symptom,SMHB00165,0.012116,0.038774,1
Headache Unilateral,SMHB00165,None,None,None
Myalgia,SMHB00165,None,None,None
Headache,SMHB00165,None,None,None
Abnormal Stools,SMHB00165,None,None,None
Fever,SMHB00165,None,None,None
Alopecia,SMHB00166,None,None,None
Alopecia Cicatrisata,SMHB00166,None,None,None
Constipation,SMHB00166,None,None,None
Intermittant Vertigo,SMHB00166,None,None,None
Vertigo,SMHB00166,None,None,None
Complete Deafness,SMHB00166,None,None,None
Vertigo Postural,SMHB00166,None,None,None
"Diplopia, Unilateral",SMHB00166,0.009952,0.034881,1
Vertigo Central Origin,SMHB00166,None,None,None
 Anemic,SMHB00166,0.01981,0.04715,1
 Acquired Deafness,SMHB00166,None,None,None
Transitory Deafness,SMHB00166,None,None,None
 Crackling Sound In Ear,SMHB00166,None,None,None
Hair Discoloration,SMHB00166,0.009952,0.034881,1
Hair Color Change,SMHB00166,0.009952,0.034881,1
Tinnitus,SMHB00166,None,None,None
Brain Stem Vertigo,SMHB00166,None,None,None
Tensor Palatini Induced Tinnitus,SMHB00166,None,None,None
"Diplopias, Intermittent",SMHB00166,0.009952,0.034881,1
Respiratory Abnormality,SMHB00166,None,None,None
Subjective Tinnitus,SMHB00166,None,None,None
Refractive Diplopia,SMHB00166,0.009952,0.034881,1
Blurred Vision,SMHB00166,0.001388,0.007903,1
Anemia,SMHB00166,0.009952,0.034881,1
Tongue Discoloration,SMHB00166,None,None,None
Noise-Induced Tinnitus,SMHB00166,None,None,None
Spontaneous Oto Acoustic Emission Tinnitus,SMHB00166,None,None,None
Objective Tinnitus,SMHB00166,None,None,None
 Polyopsias,SMHB00166,0.009952,0.034881,1
 Orthostasis,SMHB00166,None,None,None
Lightheadedness,SMHB00166,None,None,None
Ocular Discomfort,SMHB00166,None,None,None
 Essential Vertigo,SMHB00166,None,None,None
 Diplopia Vertical,SMHB00166,0.009952,0.034881,1
Tinnitus Of Vascular Origin,SMHB00166,None,None,None
Diplopia,SMHB00166,0.009952,0.034881,1
Dizziness,SMHB00166,None,None,None
Cortical Diplopia,SMHB00166,0.009952,0.034881,1
Impaired Visual Acuity,SMHB00166,0.01981,0.04715,1
Prelingual Deafness,SMHB00166,None,None,None
 Ear Clicking Sound,SMHB00166,None,None,None
"Diplopias, Horizontal",SMHB00166,0.009952,0.034881,1
Defecation Pain,SMHB00166,None,None,None
Deafness,SMHB00166,None,None,None
Colonic Inertia,SMHB00166,None,None,None
Extreme Hearing Loss,SMHB00166,None,None,None
 Vertigo Paroxysmal,SMHB00166,None,None,None
 Alopecia Hereditaria,SMHB00166,None,None,None
Pulsatile Tinnitus,SMHB00166,None,None,None
Vision Dim,SMHB00166,0.001931,0.010387,1
Hair Abnormality,SMHB00166,None,None,None
Hair Abnormality,SMHB00166,None,None,None
Constant Vertigo,SMHB00166,None,None,None
Peripheral Vertigo,SMHB00166,None,None,None
"Memory Disorders, Spatial",SMHB00671,0.005625,0.024125,1
"Memory Disorders, Semantic",SMHB00671,0.005625,0.024125,1
Amenorrhea,SMHB00671,0.016788,0.044684,1
 Crackling Sound In Ear,SMHB00671,0.005625,0.024125,1
Tinnitus,SMHB00671,0.011221,0.037373,1
"Amenorrhea, Postpartum",SMHB00671,0.016788,0.044684,1
Tensor Palatini Induced Tinnitus,SMHB00671,0.005625,0.024125,1
Urinary Tract Stone,SMHB00671,8.70E-05,0.000844,1
Urolithiasis,SMHB00671,0.005625,0.024125,1
Subjective Tinnitus,SMHB00671,0.005625,0.024125,1
Disorder Of Lactation,SMHB00671,0.005625,0.024125,1
Noise-Induced Tinnitus,SMHB00671,0.005625,0.024125,1
Spontaneous Oto Acoustic Emission Tinnitus,SMHB00671,0.005625,0.024125,1
Objective Tinnitus,SMHB00671,0.005625,0.024125,1
Inability To Maintain Attention,SMHB00671,0.005625,0.024125,1
Tinnitus Of Vascular Origin,SMHB00671,0.005625,0.024125,1
Memory Loss Or Impairment,SMHB00671,0.005625,0.024125,1
Urination Frequency,SMHB00671,0.038768,0.067563,1
Memory Disorder,SMHB00671,0.005625,0.024125,1
Age Related Memory Disorders,SMHB00671,0.005625,0.024125,1
Mental Retardation,SMHB00671,0.011221,0.037373,1
 Ear Clicking Sound,SMHB00671,0.005625,0.024125,1
Lactation Decreased,SMHB00671,0.011221,0.037373,1
Forgetfulness,SMHB00671,0.011221,0.037373,1
Pulsatile Tinnitus,SMHB00671,0.005625,0.024125,1
Gonorrhea,SMHB00671,0.049587,0.078983,1
Memory Impairment,SMHB00671,2.90E-05,0.000344,0.724389
Menopause,SMHB00671,0.000174,0.001485,1
Pulse Weakness,SMHB00589,0.003286,0.015968,1
Bulimia Nervosa,SMHB00589,0.038457,0.067282,1
Renal Agenesis,SMHB00589,0.012981,0.039733,1
Epistaxis,SMHB00589,0.0258,0.053532,1
Aplasia,SMHB00589,0.012981,0.039733,1
Lip Paresthesia,SMHB00589,0.012981,0.039733,1
Hair Dryness,SMHB00589,0.012981,0.039733,1
Scalp Pruritus,SMHB00589,0.012981,0.039733,1
Asthenia,SMHB00589,0,0,4.70E-05
Hair Abnormality,SMHB00589,0.0258,0.053532,1
Hair Abnormality,SMHB00589,0.0258,0.053532,1
Erythematous Condition,SMHB00589,0.0258,0.053532,1
Haemorrhage Ant Chamber Eye,SMHB00161,None,None,None
Hemorrhage,SMHB00161,None,None,None
Presyncope,SMHB00161,None,None,None
Hemoptysis,SMHB00161,None,None,None
Vertebrogenic Pain Syndrome,SMHB00161,None,None,None
Bright Red Blood Per Rectum,SMHB00161,None,None,None
Hematemesis,SMHB00161,None,None,None
"Melena
",SMHB00161,0.000163,0.001407,1
Febrile Illness Acute,SMHB00161,None,None,None
Diarrhea,SMHB00161,None,None,None
Back Pain Without Radiation Nos,SMHB00161,None,None,None
Blood Disorder,SMHB00161,None,None,None
Back Pain With Radiation,SMHB00161,None,None,None
Bronchiectasis,SMHB00161,0.000163,0.001407,1
"Diarrhea, Chronic",SMHB00161,0.038457,0.067282,1
Bronchial Asthma,SMHB00161,None,None,None
Diarrhea Acute,SMHB00161,0.012981,0.039733,1
Urethra Hemorrhage,SMHB00161,None,None,None
Thirst,SMHB00161,None,None,None
Uterine Bleeding,SMHB00161,1.00E-06,1.50E-05,0.019521
Hemorrhage Postpartum,SMHB00161,None,None,None
Diarrhea Watery,SMHB00161,0.012981,0.039733,1
Backache,SMHB00161,None,None,None
Polydipsia,SMHB00161,None,None,None
Asthenia,SMHB00161,None,None,None
Hemorrhoid Bleeding,SMHB00161,0.038457,0.067282,1
Lips Bleeding,SMHB00161,0.012981,0.039733,1
Metrorrhagia,SMHB00161,None,None,None
Vaginal Bleeding,SMHB00161,0.012981,0.039733,1
Hemorrhages Symptoms,SMHB00161,None,None,None
Menorrhagia,SMHB00161,0.003286,0.015968,1
Menometrorrhagia,SMHB00161,0.003286,0.015968,1
Gastric Ulcer Bleeding,SMHB00161,0.012981,0.039733,1
 Physical Suffering,SMHB00160,None,None,None
Cough Productive,SMHB00160,None,None,None
Bright Red Blood Per Rectum,SMHB00160,None,None,None
Hoarseness,SMHB00160,None,None,None
Parotid Enlargement,SMHB00160,0.02409,0.052098,1
"Melena
",SMHB00160,0.000142,0.001263,1
Hyperalgia,SMHB00160,None,None,None
Diarrhea,SMHB00160,None,None,None
Odynophagia,SMHB00160,0.012116,0.038774,1
Rectal Prolapse,SMHB00160,None,None,None
Jaundice,SMHB00160,None,None,None
Pain,SMHB00160,None,None,None
Hepatomegaly,SMHB00160,0.012116,0.038774,1
Cough,SMHB00160,None,None,None
Burning Pain,SMHB00160,None,None,None
"Diarrhea, Chronic",SMHB00160,None,None,None
 Splitting Pain,SMHB00160,None,None,None
Bronchial Asthma,SMHB00160,None,None,None
 Migratory Pain,SMHB00160,None,None,None
 Cough Increased,SMHB00160,0.012116,0.038774,1
Hepatosplenomegaly,SMHB00160,0.02409,0.052098,1
Ache,SMHB00160,None,None,None
"Hoarseness, Neurogenic",SMHB00160,None,None,None
 Parotid Disease,SMHB00160,0.012116,0.038774,1
Anus,SMHB00160,0.02409,0.052098,1
Asthenia,SMHB00160,None,None,None
Hemorrhoid Bleeding,SMHB00160,0.035925,0.064462,1
Throat Tightness,SMHB00160,None,None,None
Dysentery,SMHB00160,None,None,None
Metrorrhagia,SMHB00160,None,None,None
Pain Radiating,SMHB00160,None,None,None
Crushing Pain,SMHB00160,None,None,None
Anal Canal Prolapse,SMHB00160,None,None,None
" Disease Of Vocal Cords, Nos",SMHB00160,0.000837,0.005271,1
Cough Persistent,SMHB00160,None,None,None
Erythrosis,SMHB00578,0.005625,0.024125,1
Scabies,SMHB00578,0.016788,0.044684,1
Suppuration,SMHB00578,0.027836,0.055459,1
Pterygium,SMHB00578,0.011221,0.037373,1
Sarcoptic Red Mange,SMHB00578,0.016788,0.044684,1
Pus,SMHB00578,0.027836,0.055459,1
Carbuncle,SMHB00578,0.000821,0.005183,1
Cyanosis,SMHB00578,0.022326,0.050405,1
Chancroids,SMHB00578,0.005625,0.024125,1
"Preauricular Fistulae, Congenital",SMHB00578,0.005625,0.024125,1
Pus Drainage,SMHB00578,0.011221,0.037373,1
Syphilis,SMHB00578,0.011221,0.037373,1
Sharp Headache,SMHB00167,None,None,None
Hemorrhage,SMHB00167,None,None,None
Pulse Weakness,SMHB00167,0.003508,0.016797,1
Hyperphagia,SMHB00167,0.013414,0.040487,1
Bulimia Nervosa,SMHB00167,0.039722,0.068318,1
"Headache, Periorbital",SMHB00167,None,None,None
Bilateral Headache,SMHB00167,None,None,None
Ocular Headache,SMHB00167,None,None,None
Oral Dyskinesia,SMHB00167,0.039722,0.068318,1
Monoparesis,SMHB00167,None,None,None
Headache Throbbing,SMHB00167,None,None,None
Orthostatic Headache,SMHB00167,None,None,None
Chill,SMHB00167,None,None,None
Aplasia,SMHB00167,0.013414,0.040487,1
Sexual Dysfunction,SMHB00167,0.039722,0.068318,1
Lip Paresthesia,SMHB00167,0.013414,0.040487,1
Speech Disorder,SMHB00167,0.013414,0.040487,1
Uterine Bleeding,SMHB00167,1.00E-06,1.70E-05,0.022389
Hemorrhage Postpartum,SMHB00167,0.000571,0.003893,1
Status Marmoratus,SMHB00167,0.039722,0.068318,1
 Generalised Headache,SMHB00167,None,None,None
Asthenia,SMHB00167,None,None,None
Metrorrhagia,SMHB00167,None,None,None
Movement Disorder,SMHB00167,0.039722,0.068318,1
Vertex Headache,SMHB00167,None,None,None
"Headache, Retro-Ocular",SMHB00167,None,None,None
Abnormal Ejaculation,SMHB00167,0.026654,0.054547,1
Menorrhagia,SMHB00167,7.40E-05,0.000742,1
Menometrorrhagia,SMHB00167,7.40E-05,0.000742,1
Headache Unilateral,SMHB00167,None,None,None
Headache,SMHB00167,None,None,None
Orofacial Dyskinesia,SMHB00167,0.039722,0.068318,1
Pulse Rate Decrease,SMHB00167,0.013414,0.040487,1
Cough Productive,SMHB00574,0.001188,0.006948,1
Feces Incontinence,SMHB00574,0.0258,0.053532,1
Dyspnea,SMHB00574,0.0258,0.053532,1
Hyperalgia,SMHB00574,0.012981,0.039733,1
Functional Encopresis,SMHB00574,0.0258,0.053532,1
Ascites,SMHB00574,8.00E-06,0.000112,0.194238
Cough,SMHB00574,0.000728,0.004725,1
Gasping,SMHB00574,0.038457,0.067282,1
Bronchial Asthma,SMHB00574,0.000809,0.005112,1
Hand Swelling,SMHB00574,0.012981,0.039733,1
 Cough Increased,SMHB00574,0.012981,0.039733,1
Swelling,SMHB00574,1.10E-05,0.000148,0.263857
Asthma Attack,SMHB00574,0.012981,0.039733,1
Cough Persistent,SMHB00574,0.002367,0.012274,1
Respiratory Distress,SMHB00574,0.0258,0.053532,1
Pleural Effusion Disorder,SMHB00574,0.012981,0.039733,1
Abdomen Distention,SMHB00577,0.004198,0.019467,1
Abdominal Tenderness,SMHB00577,0.011251,0.037373,1
 Physical Suffering,SMHB00577,0.000775,0.004954,1
Gastric Disorder,SMHB00577,0.022379,0.050405,1
Vomiting Neonatal,SMHB00577,0.011251,0.037373,1
Abdominal Pain,SMHB00577,0.027087,0.054925,1
Emesis,SMHB00577,8.00E-06,0.00012,0.208645
Pain,SMHB00577,0.00127,0.007353,1
Burning Pain,SMHB00577,0.000775,0.004954,1
"Diarrhea, Chronic",SMHB00577,0.033388,0.061682,1
 Splitting Pain,SMHB00577,0.000775,0.004954,1
Abdomen Discomfort,SMHB00577,0.001776,0.009729,1
Flatulence,SMHB00577,0.022379,0.050405,1
Diarrhea Acute,SMHB00577,0.011251,0.037373,1
 Migratory Pain,SMHB00577,0.000775,0.004954,1
Diarrhea Watery,SMHB00577,0.011251,0.037373,1
Ache,SMHB00577,0.00193,0.010387,1
Polydipsia,SMHB00577,0.044277,0.073628,1
Bloating Feeling,SMHB00577,0.033388,0.061682,1
Gagging,SMHB00577,0.044277,0.073628,1
Pain Radiating,SMHB00577,0.000775,0.004954,1
Crushing Pain,SMHB00577,0.000775,0.004954,1
General Abdominal Pain-Symptom,SMHB00577,0.011251,0.037373,1
Pneumonia,SMHB00168,None,None,None
Right Flank Pain,SMHB00168,0.000406,0.002962,1
Mania,SMHB00168,None,None,None
Neoplastic Growth,SMHB00168,None,None,None
Abdominal Tenderness,SMHB00168,0.034184,0.062682,1
 Physical Suffering,SMHB00168,None,None,None
Limb Anomaly Congenital,SMHB00168,0.034184,0.062682,1
Cough Productive,SMHB00168,None,None,None
Injury Of Muscle,SMHB00168,None,None,None
Menstrual Cramp,SMHB00168,None,None,None
Anterior Cervical Pains,SMHB00168,0.034184,0.062682,1
Flank Pain,SMHB00168,0.000406,0.002962,1
Soft Tissue Injury,SMHB00168,0.001154,0.006804,1
Anasarca,SMHB00168,None,None,None
Abdominal Pain,SMHB00168,None,None,None
Chest Pain,SMHB00168,None,None,None
Smarting Of Skin,SMHB00168,0.034184,0.062682,1
Edema,SMHB00168,None,None,None
Hyperalgia,SMHB00168,None,None,None
Skin Pain,SMHB00168,0.034184,0.062682,1
Communicable Disease,SMHB00168,None,None,None
Palpitation(S),SMHB00168,None,None,None
Crescendo Angina,SMHB00168,0.010792,0.036554,1
Jaundice,SMHB00168,None,None,None
Ascites,SMHB00168,None,None,None
Pain,SMHB00168,None,None,None
"Cervical Pain, Posterior",SMHB00168,0.034184,0.062682,1
Hepatomegaly,SMHB00168,0.034184,0.062682,1
Micturition Disorder,SMHB00168,None,None,None
Cough,SMHB00168,None,None,None
Burning Pain,SMHB00168,None,None,None
 Splitting Pain,SMHB00168,None,None,None
Pneumonia Lobar,SMHB00168,None,None,None
Angina Pectoris,SMHB00168,0.028266,0.05602,1
Macula,SMHB00168,None,None,None
 Migratory Pain,SMHB00168,None,None,None
Pelvis Tumor,SMHB00168,0.034184,0.062682,1
Joint Stiffness,SMHB00168,0.034184,0.062682,1
Skin Ulcer(S),SMHB00168,None,None,None
Swelling,SMHB00168,None,None,None
Ache,SMHB00168,None,None,None
Neoplasm Benign Nos,SMHB00168,0.034184,0.062682,1
 Stomach Discomfort,SMHB00168,None,None,None
Bleeding Ulcer,SMHB00168,None,None,None
Left Flank Pain,SMHB00168,0.000406,0.002962,1
Pain Precordial,SMHB00168,3.80E-05,0.000429,0.954192
Dyspepsia,SMHB00168,None,None,None
Bloating Feeling,SMHB00168,None,None,None
Pain Radiating,SMHB00168,None,None,None
Crushing Pain,SMHB00168,None,None,None
Menopause,SMHB00168,None,None,None
 Dyspepsia-Aggravated,SMHB00168,None,None,None
" Disease Of Vocal Cords, Nos",SMHB00168,0.00015,0.001328,1
Blotchy Rash,SMHB00168,0.034184,0.062682,1
Chest Symptom Heaviness,SMHB00168,None,None,None
Chest Symptom Heaviness,SMHB00168,None,None,None
Neck Pain,SMHB00168,0.034184,0.062682,1
Smarting,SMHB00168,None,None,None
Experimental Lung Inflammation,SMHB00168,None,None,None
General Abdominal Pain-Symptom,SMHB00168,0.034184,0.062682,1
Acne Cystic,SMHB00168,None,None,None
Dysuria,SMHB00575,1.10E-05,0.000157,0.284273
Jaundice,SMHB00575,8.00E-06,0.00011,0.190134
Cough,SMHB00575,0.013982,0.041311,1
Prostatism,SMHB00575,0.005625,0.024125,1
Cough Persistent,SMHB00575,0.000433,0.003125,1
Stroke,SMHB00579,0.002559,0.013077,1
Polycythemia,SMHB00579,0.009952,0.034881,1
Epigastric Pain,SMHB00579,0.000562,0.003845,1
Chest Pain,SMHB00579,0.004936,0.022121,1
Dyspnea,SMHB00579,0.01981,0.04715,1
Crescendo Angina,SMHB00579,9.00E-06,0.000121,0.210926
Buerger Disease,SMHB00579,0.009952,0.034881,1
Infantile Hemiplegia,SMHB00579,0.01981,0.04715,1
 Cva Nos Acute,SMHB00579,0.001931,0.010387,1
Gasping,SMHB00579,0.029574,0.057571,1
Bronchial Asthma,SMHB00579,0.009198,0.033579,1
Cervical Radiculopathy,SMHB00579,0.01981,0.04715,1
Angina Pectoris,SMHB00579,4.70E-05,0.000505,1
Hemiplegia,SMHB00579,0.01981,0.04715,1
Spastic Hemiplegia,SMHB00579,0.01981,0.04715,1
Speech Disorder,SMHB00579,0.009952,0.034881,1
" Hemiplegia, Post Ictal",SMHB00579,0.01981,0.04715,1
Flaccid Hemiplegia,SMHB00579,0.01981,0.04715,1
Transient Hemiplegia,SMHB00579,0.01981,0.04715,1
Erythrocytosis,SMHB00579,0.009952,0.034881,1
Pain Precordial,SMHB00579,1.00E-06,1.60E-05,0.021369
Hemiparesis,SMHB00579,0.039244,0.067979,1
Difficulty Walking,SMHB00579,0.029574,0.057571,1
Alternate Hemiplegia,SMHB00579,0.01981,0.04715,1
Respiratory Distress,SMHB00579,0.01981,0.04715,1
Sharp Headache,SMHB00631,0,0,3.40E-05
Blanching Of Skin,SMHB00631,0.019905,0.04715,1
Heaviness Of Head,SMHB00631,0.039422,0.067979,1
"Headache, Periorbital",SMHB00631,0,0,3.40E-05
Bilateral Headache,SMHB00631,0,0,3.40E-05
Polymenorrhea,SMHB00631,0.000142,0.001263,1
Ocular Headache,SMHB00631,0,0,3.40E-05
Headache Throbbing,SMHB00631,0,0,3.40E-05
Radiculopathy,SMHB00631,0.019905,0.04715,1
Orthostatic Headache,SMHB00631,0,0,3.40E-05
Jaundice,SMHB00631,0.000386,0.002844,1
Nerve Root Disorder,SMHB00631,0.019905,0.04715,1
Menses Abnormal,SMHB00631,0.000142,0.001263,1
Abnormal Menstrual Cycle,SMHB00631,0.019905,0.04715,1
Motion Sickness,SMHB00631,0.000388,0.002844,1
"Neuralgia, Sluder",SMHB00631,0.019905,0.04715,1
Cervical Radiculopathy,SMHB00631,0.019905,0.04715,1
Trigeminal Autonomic Cephalgia,SMHB00631,0.019905,0.04715,1
Air Sickness,SMHB00631,0.000388,0.002844,1
Food Poisoning,SMHB00631,0.039422,0.067979,1
Nerve Root Pain,SMHB00631,0.019905,0.04715,1
Oligomenorrhea,SMHB00631,0.002268,0.011863,1
Neuralgia Facial,SMHB00631,0.019905,0.04715,1
 Hypomenorrhea,SMHB00631,0.000142,0.001263,1
Vision Halo,SMHB00631,0.019905,0.04715,1
 Generalised Headache,SMHB00631,0,0,3.40E-05
"Avulsion, Nerve Root",SMHB00631,0.019905,0.04715,1
Sea Sickness,SMHB00631,0.000388,0.002844,1
Vertex Headache,SMHB00631,0,0,3.40E-05
"Headache, Retro-Ocular",SMHB00631,0,0,3.40E-05
Compression Nerve Root,SMHB00631,0.019905,0.04715,1
Retrograde Menstruation,SMHB00631,0.000142,0.001263,1
Chills And Fever,SMHB00631,0.002305,0.011996,1
Chills And Fever,SMHB00631,0.002305,0.011996,1
"Headache, Dull",SMHB00631,1.60E-05,0.000209,0.399583
Cough Persistent,SMHB00631,0.005527,0.023982,1
Headache Unilateral,SMHB00631,0,0,3.40E-05
Radiculitis,SMHB00631,0.019905,0.04715,1
Tenderness,SMHB00631,0.039422,0.067979,1
Myofacial Pain Syndrome,SMHB00631,0.019905,0.04715,1
Headache,SMHB00631,0,0,8.40E-05
Poisoning By,SMHB00631,0.000142,0.001263,1
Fever,SMHB00631,0.00021,0.00175,1
Cold Sweat,SMHB00169,0.026395,0.054197,1
Obesity,SMHB00169,0.026395,0.054197,1
Diabetes Mellitus,SMHB00169,None,None,None
Stroke,SMHB00169,None,None,None
Numbness,SMHB00169,None,None,None
 Physical Suffering,SMHB00169,None,None,None
Hyperphagia,SMHB00169,0.026395,0.054197,1
Bright Red Blood Per Rectum,SMHB00169,None,None,None
Anasarca,SMHB00169,None,None,None
"Melena
",SMHB00169,0.000686,0.004484,1
Edema,SMHB00169,None,None,None
Hyperalgia,SMHB00169,None,None,None
Diarrhea,SMHB00169,None,None,None
Rectal Prolapse,SMHB00169,None,None,None
Jaundice,SMHB00169,None,None,None
Pain,SMHB00169,None,None,None
Eating Disorder,SMHB00169,0.002022,0.01082,1
Anemia,SMHB00169,0.026395,0.054197,1
Arthritic Pains,SMHB00169,None,None,None
Infantile Hemiplegia,SMHB00169,None,None,None
Burning Pain,SMHB00169,None,None,None
 Splitting Pain,SMHB00169,None,None,None
 Stool Loose,SMHB00169,None,None,None
 Cva Nos Acute,SMHB00169,None,None,None
Hemiplegia,SMHB00169,None,None,None
Anorexia,SMHB00169,0.006512,0.026736,1
Thirst,SMHB00169,None,None,None
Sweating,SMHB00169,None,None,None
Spastic Hemiplegia,SMHB00169,None,None,None
 Migratory Pain,SMHB00169,None,None,None
Carbuncle,SMHB00169,None,None,None
Speech Disorder,SMHB00169,0.026395,0.054197,1
Sweat,SMHB00169,None,None,None
" Hemiplegia, Post Ictal",SMHB00169,None,None,None
Uterine Bleeding,SMHB00169,0.000568,0.003883,1
Hemorrhage Postpartum,SMHB00169,0.044347,0.073739,1
Flaccid Hemiplegia,SMHB00169,None,None,None
Ache,SMHB00169,None,None,None
Transient Hemiplegia,SMHB00169,None,None,None
Anus,SMHB00169,None,None,None
Asthenia,SMHB00169,None,None,None
Metrorrhagia,SMHB00169,None,None,None
Loss Of Appetite,SMHB00169,0.026395,0.054197,1
Stridor,SMHB00169,None,None,None
Pain Radiating,SMHB00169,None,None,None
Crushing Pain,SMHB00169,None,None,None
Anal Canal Prolapse,SMHB00169,None,None,None
Heat Intolerance,SMHB00169,0.026395,0.054197,1
Menorrhagia,SMHB00169,0.013217,0.040393,1
Menometrorrhagia,SMHB00169,0.013217,0.040393,1
Hemiparesis,SMHB00169,None,None,None
Decreased Appetite,SMHB00169,None,None,None
Alternate Hemiplegia,SMHB00169,None,None,None
Abnormal Stools,SMHB00169,0.032343,0.060584,1
Abdomen Distention,SMHB00171,None,None,None
Constipation,SMHB00171,None,None,None
Gastric Disorder,SMHB00171,0.035175,0.063716,1
Vomiting Neonatal,SMHB00171,0.017741,0.045849,1
"Sputums, Induced",SMHB00171,None,None,None
Hyperalgia,SMHB00171,0.017741,0.045849,1
Gastrointestinal Discomfort,SMHB00171,0.004404,0.020144,1
Polyarthralgia,SMHB00171,None,None,None
Diarrhea,SMHB00171,None,None,None
Emesis,SMHB00171,2.00E-06,2.80E-05,0.039366
Abortion,SMHB00171,0.017741,0.045849,1
Arthralgia,SMHB00171,None,None,None
Cough,SMHB00171,None,None,None
"Diarrhea, Chronic",SMHB00171,0.000911,0.005622,1
Bronchial Asthma,SMHB00171,None,None,None
Flatulence,SMHB00171,None,None,None
Sputum,SMHB00171,None,None,None
 Cough Increased,SMHB00171,0.017741,0.045849,1
Diarrhea Watery,SMHB00171,0.017741,0.045849,1
Defecation Pain,SMHB00171,None,None,None
 name Dilation,SMHB00171,None,None,None
Colonic Inertia,SMHB00171,None,None,None
 Stomach Discomfort,SMHB00171,0.002035,0.010871,1
Dyspepsia,SMHB00171,None,None,None
Tachypnea,SMHB00171,None,None,None
Bloating Feeling,SMHB00171,None,None,None
 Dyspepsia-Aggravated,SMHB00171,None,None,None
Chest Symptom Heaviness,SMHB00171,None,None,None
Chest Symptom Heaviness,SMHB00171,None,None,None
Decreased Appetite,SMHB00171,None,None,None
Abnormal Stools,SMHB00171,0.015266,0.043506,1
Nausea Vomiting And Diarrhea,SMHB00171,0.035175,0.063716,1
Abdomen Distention,SMHB00622,0.024295,0.05222,1
 Emotional Depression,SMHB00622,0.024473,0.052525,1
Chest Mass,SMHB00622,0.016379,0.044013,1
Chest Symptom Discomfort,SMHB00622,1.50E-05,0.000193,0.361243
Chest Symptom Heaviness,SMHB00622,0,0,0
Chest Symptom Heaviness,SMHB00622,0,0,0
"Seizure, Convulsion",SMHB00170,0.003029,0.014919,1
Sensory Seizure,SMHB00170,0.003029,0.014919,1
Seizure Focal,SMHB00170,0.003029,0.014919,1
Seizure(S) Jacksonian,SMHB00170,0.003029,0.014919,1
Seizures,SMHB00170,0.021038,0.04873,1
Cold Sensation,SMHB00170,None,None,None
Seizure Generalized,SMHB00170,0.003029,0.014919,1
Petechiae Oral Mucosa,SMHB00170,None,None,None
Visual Epilepsy,SMHB00170,0.003029,0.014919,1
Olfactory Uncinate Fit,SMHB00170,0.003029,0.014919,1
 Stool Loose,SMHB00170,None,None,None
Ligament Injury,SMHB00170,None,None,None
Tonic Seizure,SMHB00170,0.003029,0.014919,1
Clonic Seizure,SMHB00170,0.00605,0.025431,1
 Seizure(S) Somatosensory,SMHB00170,0.003029,0.014919,1
Wheezing,SMHB00170,0.018056,0.046235,1
Seizure(S) Grand Mal,SMHB00170,0.003029,0.014919,1
Asthenia,SMHB00170,None,None,None
 [D]Fit (In Non-Epileptic) Nos,SMHB00170,0.003029,0.014919,1
Ecchymoses,SMHB00170,None,None,None
Ligament Sprain,SMHB00170,None,None,None
Decreased Appetite,SMHB00170,None,None,None
King Evil,SMHB00170,0.012069,0.038774,1
Eclampsia,SMHB00170,0.009063,0.033209,1
Scrofula,SMHB00170,0.00028,0.002204,1
 Physical Suffering,SMHB00172,None,None,None
Hot Flash,SMHB00172,None,None,None
Hemorrhoids,SMHB00172,None,None,None
Smarting Of Skin,SMHB00172,0.011683,0.038067,1
Hematoma,SMHB00172,0.023235,0.051423,1
Hyperalgia,SMHB00172,None,None,None
Diarrhea,SMHB00172,None,None,None
Skin Pain,SMHB00172,0.011683,0.038067,1
Jaundice,SMHB00172,None,None,None
Pain,SMHB00172,None,None,None
Burning Pain,SMHB00172,None,None,None
 Splitting Pain,SMHB00172,None,None,None
Discoloration Urine,SMHB00172,4.80E-05,0.000517,1
Discoloration Urine,SMHB00172,4.80E-05,0.000517,1
Skin Swelling,SMHB00172,0.023235,0.051423,1
 Migratory Pain,SMHB00172,None,None,None
Thermal Energy,SMHB00172,None,None,None
Skin Ulcer(S),SMHB00172,None,None,None
Swelling,SMHB00172,None,None,None
Ache,SMHB00172,None,None,None
Pain Radiating,SMHB00172,None,None,None
Crushing Pain,SMHB00172,None,None,None
Urine Abnormality,SMHB00172,None,None,None
Urine Rbc,SMHB00172,0.04595,0.075628,1
Hot Temperature,SMHB00172,None,None,None
Liver Function Abnormal,SMHB00172,0.011683,0.038067,1
Renal Failure Adverse Event,SMHB00172,0.023235,0.051423,1
Abdomen Distention,SMHB00175,None,None,None
Right Flank Pain,SMHB00175,None,None,None
 Physical Suffering,SMHB00175,None,None,None
Rheumatism,SMHB00175,None,None,None
Flank Pain,SMHB00175,None,None,None
Hyperalgia,SMHB00175,None,None,None
Pain,SMHB00175,None,None,None
Abortion,SMHB00175,0.01428,0.041556,1
Arthritic Pains,SMHB00175,None,None,None
Burning Pain,SMHB00175,None,None,None
 Orthostasis,SMHB00175,None,None,None
 Splitting Pain,SMHB00175,None,None,None
Abdomen Discomfort,SMHB00175,None,None,None
Lightheadedness,SMHB00175,None,None,None
 Migratory Pain,SMHB00175,None,None,None
Musculoskeletal Pain,SMHB00175,0.028361,0.05602,1
Dizziness,SMHB00175,None,None,None
Uterine Bleeding,SMHB00175,8.90E-05,0.000861,1
Hemorrhage Postpartum,SMHB00175,0.013982,0.041311,1
Ache,SMHB00175,None,None,None
Asthenia,SMHB00175,None,None,None
Left Flank Pain,SMHB00175,None,None,None
Metrorrhagia,SMHB00175,None,None,None
Hemorrhage Of Pregnancy,SMHB00175,None,None,None
Pregnancy Disorder,SMHB00175,None,None,None
Pain Radiating,SMHB00175,None,None,None
Crushing Pain,SMHB00175,None,None,None
Pharyngolaryngeal Pain,SMHB00175,None,None,None
Menorrhagia,SMHB00175,0,0,0.000221
Menometrorrhagia,SMHB00175,1.00E-06,2.10E-05,0.029056
Lower Extremity Paresthesia,SMHB00175,1.00E-06,1.10E-05,0.012762
 Knee Joint Laxity,SMHB00175,0.01428,0.041556,1
Abdomen Distention,SMHB00174,0.034812,0.063211,1
Abdominal Tenderness,SMHB00174,0.009952,0.034881,1
 Physical Suffering,SMHB00174,None,None,None
Abdominal Pain,SMHB00174,None,None,None
Hyperalgia,SMHB00174,None,None,None
Colic,SMHB00174,0.029574,0.057571,1
Labor Preterm,SMHB00174,0.009952,0.034881,1
Aplasia,SMHB00174,0.009952,0.034881,1
Pain,SMHB00174,None,None,None
Burning Pain,SMHB00174,None,None,None
 Splitting Pain,SMHB00174,None,None,None
Abdomen Discomfort,SMHB00174,0.001388,0.007903,1
Abdominal Cramp,SMHB00174,0.01981,0.04715,1
Enterocele,SMHB00174,None,None,None
Premature Birth,SMHB00174,0.009952,0.034881,1
 Migratory Pain,SMHB00174,None,None,None
Hernia,SMHB00174,None,None,None
Ache,SMHB00174,None,None,None
Asthenia,SMHB00174,None,None,None
Pain Radiating,SMHB00174,None,None,None
Crushing Pain,SMHB00174,None,None,None
General Abdominal Pain-Symptom,SMHB00174,0.009952,0.034881,1
Beriberi,SMHB00174,None,None,None
Tinea Pedis,SMHB00174,0.039244,0.067979,1
Sharp Headache,SMHB00179,None,None,None
Pharyngolaryngitis,SMHB00179,None,None,None
Right Flank Pain,SMHB00179,None,None,None
Pulse Weakness,SMHB00179,None,None,None
Joint Range Of Motion Decreased,SMHB00179,None,None,None
"Headache, Periorbital",SMHB00179,None,None,None
Vertebrogenic Pain Syndrome,SMHB00179,None,None,None
Bilateral Headache,SMHB00179,None,None,None
Decreased Urine Flow,SMHB00179,None,None,None
Bright Red Blood Per Rectum,SMHB00179,0.025728,0.053532,1
Flank Pain,SMHB00179,None,None,None
Ocular Headache,SMHB00179,None,None,None
Oral Dyskinesia,SMHB00179,None,None,None
Xerostomia,SMHB00179,None,None,None
Headache Throbbing,SMHB00179,None,None,None
Dyspnea,SMHB00179,None,None,None
Hemorrhage Within 24 Hours Following Delivery Of Placenta,SMHB00179,0.000234,0.001918,1
" Disease, Endometrial",SMHB00179,None,None,None
Gastric Hemorrhage,SMHB00179,0.006491,0.026685,1
Orthostatic Headache,SMHB00179,None,None,None
Eating Disorder,SMHB00179,None,None,None
Back Pain Without Radiation Nos,SMHB00179,None,None,None
Back Pain With Radiation,SMHB00179,None,None,None
Contusion,SMHB00179,None,None,None
Limb Discomfort,SMHB00179,None,None,None
Uterine Disorder,SMHB00179,None,None,None
Uterine Bleeding,SMHB00179,0.000811,0.005121,1
Hemorrhage Postpartum,SMHB00179,0.002944,0.014708,1
Status Marmoratus,SMHB00179,None,None,None
Joint Swollen,SMHB00179,None,None,None
Gi Bleeding,SMHB00179,0.012942,0.039733,1
Backache,SMHB00179,None,None,None
Hemorrhage After First 24 Hours Following Delivery Of Placenta,SMHB00179,0.000234,0.001918,1
 Generalised Headache,SMHB00179,None,None,None
Second Degree Burn,SMHB00179,None,None,None
Thrombocytopenia,SMHB00179,0.006491,0.026685,1
 Bone Disorder,SMHB00179,None,None,None
Left Flank Pain,SMHB00179,None,None,None
Movement Disorder,SMHB00179,None,None,None
Vertex Headache,SMHB00179,None,None,None
"Headache, Retro-Ocular",SMHB00179,None,None,None
Mental Aberration,SMHB00179,None,None,None
Mental Aberration,SMHB00179,None,None,None
Smarting,SMHB00179,None,None,None
"Headache, Dull",SMHB00179,None,None,None
Headache Unilateral,SMHB00179,None,None,None
Headache,SMHB00179,None,None,None
Orofacial Dyskinesia,SMHB00179,None,None,None
Carcinomas,SMHB00179,0.019354,0.04715,1
"Hemophilia, Nos",SMHB00179,3.90E-05,0.000436,0.975139
Intestinal Hemorrhage Nos,SMHB00179,0.012942,0.039733,1
 Intrapulmonary Hemorrhage,SMHB00179,0.006491,0.026685,1
Postoperative Hemorrhage,SMHB00179,0.006491,0.026685,1
Thrombocytopenic Purpura,SMHB00179,3.90E-05,0.000436,0.975139
Sharp Headache,SMHB00182,None,None,None
Hemorrhage,SMHB00182,None,None,None
 Physical Suffering,SMHB00182,None,None,None
"Mental Retardations, Psychosocial",SMHB00182,0.017309,0.045046,1
Intermittant Vertigo,SMHB00182,None,None,None
Heaviness Of Head,SMHB00182,0.034325,0.062763,1
"Headache, Periorbital",SMHB00182,None,None,None
Bilateral Headache,SMHB00182,None,None,None
Vertigo,SMHB00182,None,None,None
Other Conjunctivitis Nos,SMHB00182,0.017309,0.045046,1
Bright Red Blood Per Rectum,SMHB00182,None,None,None
Ocular Headache,SMHB00182,None,None,None
Vertigo Postural,SMHB00182,None,None,None
Vertigo Central Origin,SMHB00182,None,None,None
Hematemesis,SMHB00182,None,None,None
Headache Throbbing,SMHB00182,None,None,None
"Melena
",SMHB00182,0.000292,0.002279,1
Hyperalgia,SMHB00182,None,None,None
Radiculopathy,SMHB00182,0.017309,0.045046,1
Brain Stem Vertigo,SMHB00182,None,None,None
Profound Mental Retardation,SMHB00182,0.017309,0.045046,1
Orthostatic Headache,SMHB00182,None,None,None
Nerve Root Disorder,SMHB00182,0.017309,0.045046,1
Pain,SMHB00182,None,None,None
Burning Pain,SMHB00182,None,None,None
 Splitting Pain,SMHB00182,None,None,None
Motion Sickness,SMHB00182,0.000292,0.002279,1
"Neuralgia, Sluder",SMHB00182,0.017309,0.045046,1
Ocular Discomfort,SMHB00182,None,None,None
Cervical Radiculopathy,SMHB00182,0.017309,0.045046,1
 Essential Vertigo,SMHB00182,None,None,None
Trigeminal Autonomic Cephalgia,SMHB00182,0.017309,0.045046,1
Air Sickness,SMHB00182,0.000292,0.002279,1
 Migratory Pain,SMHB00182,None,None,None
Nerve Root Pain,SMHB00182,0.017309,0.045046,1
Uterine Bleeding,SMHB00182,0.00016,0.001398,1
Neuralgia Facial,SMHB00182,0.017309,0.045046,1
Hemorrhage Postpartum,SMHB00182,0.020202,0.047791,1
Ache,SMHB00182,None,None,None
Mental Retardation,SMHB00182,0.034325,0.062763,1
Vision Halo,SMHB00182,0.017309,0.045046,1
Anus,SMHB00182,0.034325,0.062763,1
 Generalised Headache,SMHB00182,None,None,None
Hemorrhoid Bleeding,SMHB00182,None,None,None
 Vertigo Paroxysmal,SMHB00182,None,None,None
"Avulsion, Nerve Root",SMHB00182,0.017309,0.045046,1
Sea Sickness,SMHB00182,0.000292,0.002279,1
Metrorrhagia,SMHB00182,None,None,None
Eye Blood Shot,SMHB00182,None,None,None
Pain Radiating,SMHB00182,None,None,None
Crushing Pain,SMHB00182,None,None,None
Vertex Headache,SMHB00182,None,None,None
"Headache, Retro-Ocular",SMHB00182,None,None,None
Compression Nerve Root,SMHB00182,0.017309,0.045046,1
Mental Deficiency,SMHB00182,0.017309,0.045046,1
Mental Aberration,SMHB00182,0.034325,0.062763,1
Mental Aberration,SMHB00182,0.034325,0.062763,1
Menorrhagia,SMHB00182,0.005808,0.024695,1
Menometrorrhagia,SMHB00182,0.005808,0.024695,1
"Headache, Dull",SMHB00182,None,None,None
Headache Unilateral,SMHB00182,None,None,None
Radiculitis,SMHB00182,0.017309,0.045046,1
Tenderness,SMHB00182,0.034325,0.062763,1
Constant Vertigo,SMHB00182,None,None,None
Myofacial Pain Syndrome,SMHB00182,0.017309,0.045046,1
Peripheral Vertigo,SMHB00182,None,None,None
Headache,SMHB00182,None,None,None
Bloody Diarrhea,SMHB00182,0.034325,0.062763,1
Sharp Headache,SMHB00183,None,None,None
Haemorrhage Ant Chamber Eye,SMHB00183,None,None,None
Hemorrhage,SMHB00183,None,None,None
Pulse Weakness,SMHB00183,None,None,None
Constipation,SMHB00183,None,None,None
 Physical Suffering,SMHB00183,None,None,None
"Sputums, Induced",SMHB00183,None,None,None
Intermittant Vertigo,SMHB00183,None,None,None
Heaviness Of Head,SMHB00183,0.039422,0.067979,1
"Headache, Periorbital",SMHB00183,None,None,None
Bilateral Headache,SMHB00183,None,None,None
Vertigo,SMHB00183,None,None,None
Other Conjunctivitis Nos,SMHB00183,0.019905,0.04715,1
Bright Red Blood Per Rectum,SMHB00183,None,None,None
Ocular Headache,SMHB00183,None,None,None
Vertigo Postural,SMHB00183,None,None,None
Vertigo Central Origin,SMHB00183,None,None,None
Hemorrhoids,SMHB00183,None,None,None
Headache Throbbing,SMHB00183,None,None,None
"Melena
",SMHB00183,0.000388,0.002844,1
Hyperalgia,SMHB00183,None,None,None
Radiculopathy,SMHB00183,0.019905,0.04715,1
Diarrhea,SMHB00183,None,None,None
Brain Stem Vertigo,SMHB00183,None,None,None
Orthostatic Headache,SMHB00183,None,None,None
Nerve Root Disorder,SMHB00183,0.019905,0.04715,1
Pain,SMHB00183,None,None,None
Blood Disorder,SMHB00183,None,None,None
Bronchiectasis,SMHB00183,0.000388,0.002844,1
Bloody Stool,SMHB00183,None,None,None
Burning Pain,SMHB00183,None,None,None
 Splitting Pain,SMHB00183,None,None,None
 Anal Discomforts,SMHB00183,None,None,None
Motion Sickness,SMHB00183,0.000388,0.002844,1
"Neuralgia, Sluder",SMHB00183,0.019905,0.04715,1
Cervical Radiculopathy,SMHB00183,0.019905,0.04715,1
 Essential Vertigo,SMHB00183,None,None,None
Trigeminal Autonomic Cephalgia,SMHB00183,0.019905,0.04715,1
Sputum,SMHB00183,None,None,None
Air Sickness,SMHB00183,0.000388,0.002844,1
 Migratory Pain,SMHB00183,None,None,None
Nerve Root Pain,SMHB00183,0.019905,0.04715,1
Neuralgia Facial,SMHB00183,0.019905,0.04715,1
Skin Ulcer(S),SMHB00183,None,None,None
Swelling,SMHB00183,None,None,None
Ache,SMHB00183,None,None,None
Vision Halo,SMHB00183,0.019905,0.04715,1
 Generalised Headache,SMHB00183,None,None,None
Defecation Pain,SMHB00183,None,None,None
Colonic Inertia,SMHB00183,None,None,None
 Vertigo Paroxysmal,SMHB00183,None,None,None
"Avulsion, Nerve Root",SMHB00183,0.019905,0.04715,1
Sea Sickness,SMHB00183,0.000388,0.002844,1
Lips Bleeding,SMHB00183,0.019905,0.04715,1
Eye Blood Shot,SMHB00183,None,None,None
Pain Radiating,SMHB00183,None,None,None
Crushing Pain,SMHB00183,None,None,None
Vertex Headache,SMHB00183,None,None,None
"Headache, Retro-Ocular",SMHB00183,None,None,None
Vaginal Bleeding,SMHB00183,0.019905,0.04715,1
Compression Nerve Root,SMHB00183,0.019905,0.04715,1
"Headache, Dull",SMHB00183,None,None,None
Headache Unilateral,SMHB00183,None,None,None
Gastric Ulcer Bleeding,SMHB00183,0.019905,0.04715,1
Radiculitis,SMHB00183,0.019905,0.04715,1
Tenderness,SMHB00183,0.039422,0.067979,1
Constant Vertigo,SMHB00183,None,None,None
Myofacial Pain Syndrome,SMHB00183,0.019905,0.04715,1
Peripheral Vertigo,SMHB00183,None,None,None
Headache,SMHB00183,None,None,None
Abdomen Distention,SMHB00178,None,None,None
Deglutitional Syncope,SMHB00178,None,None,None
Abdominal Tenderness,SMHB00178,0.013414,0.040487,1
 Physical Suffering,SMHB00178,None,None,None
Presyncope,SMHB00178,None,None,None
Gastric Disorder,SMHB00178,0.026654,0.054547,1
Vomiting Neonatal,SMHB00178,0.013414,0.040487,1
Anterior Cervical Pains,SMHB00178,0.013414,0.040487,1
Stokes-Adams Syncope,SMHB00178,None,None,None
Genital Pruritus,SMHB00178,None,None,None
Abdominal Pain,SMHB00178,None,None,None
Narcosis,SMHB00178,None,None,None
Syncope Cough,SMHB00178,None,None,None
Hyperventilation Syncope,SMHB00178,None,None,None
Hyperalgia,SMHB00178,None,None,None
Diarrhea,SMHB00178,None,None,None
Syncope Exertional,SMHB00178,None,None,None
Stupor,SMHB00178,None,None,None
Syncope Cardiac,SMHB00178,None,None,None
Emesis,SMHB00178,None,None,None
Pain,SMHB00178,None,None,None
"Cervical Pain, Posterior",SMHB00178,0.013414,0.040487,1
 Skin Scaly,SMHB00178,0.026654,0.054547,1
Burning Pain,SMHB00178,None,None,None
"Diarrhea, Chronic",SMHB00178,0.039722,0.068318,1
 Splitting Pain,SMHB00178,None,None,None
Pseudocomas,SMHB00178,None,None,None
Abdomen Discomfort,SMHB00178,None,None,None
Pseudocomas,SMHB00178,None,None,None
Syncope Postural,SMHB00178,None,None,None
Syncopal Vertigo,SMHB00178,None,None,None
Skin Breakdown,SMHB00178,0.013414,0.040487,1
Diarrhea Acute,SMHB00178,0.013414,0.040487,1
 Migratory Pain,SMHB00178,None,None,None
Convulsive Syncope,SMHB00178,None,None,None
Eczema,SMHB00178,None,None,None
Joint Stiffness,SMHB00178,0.013414,0.040487,1
Carotid Sinus Syncope,SMHB00178,None,None,None
Diarrhea Watery,SMHB00178,0.013414,0.040487,1
Ache,SMHB00178,None,None,None
Syncope Micturition,SMHB00178,None,None,None
Acrodynia,SMHB00178,None,None,None
Syncopal Episode,SMHB00178,None,None,None
Syncope,SMHB00178,None,None,None
Gagging,SMHB00178,None,None,None
Pain Radiating,SMHB00178,None,None,None
Situational Syncope,SMHB00178,None,None,None
Crushing Pain,SMHB00178,None,None,None
Neck Pain,SMHB00178,0.013414,0.040487,1
General Abdominal Pain-Symptom,SMHB00178,0.013414,0.040487,1
Cough Productive,SMHB00181,None,None,None
"Sputums, Induced",SMHB00181,None,None,None
Gastrointestinal Discomfort,SMHB00181,0.038359,0.067282,1
Emesis,SMHB00181,None,None,None
Cough,SMHB00181,None,None,None
Sputum,SMHB00181,None,None,None
Dyspepsia,SMHB00181,None,None,None
Gagging,SMHB00181,None,None,None
 Dyspepsia-Aggravated,SMHB00181,None,None,None
Chest Symptom Heaviness,SMHB00181,None,None,None
Chest Symptom Heaviness,SMHB00181,None,None,None
Cough Persistent,SMHB00181,0.000581,0.003945,1
Sputum Purulent,SMHB00181,None,None,None
Abdomen Distention,SMHB00184,None,None,None
Erythrosis,SMHB00184,0.022501,0.050578,1
Hemorrhage,SMHB00184,None,None,None
Pulse Weakness,SMHB00184,0.009703,0.034823,1
 Physical Suffering,SMHB00184,None,None,None
Vaginal Discharge White,SMHB00184,None,None,None
Scabies,SMHB00184,None,None,None
Night Sweat,SMHB00184,None,None,None
 Zoophaginae,SMHB00184,None,None,None
Genital Pruritus,SMHB00184,None,None,None
Malnutrition,SMHB00184,None,None,None
Hyperalgia,SMHB00184,None,None,None
Diarrhea,SMHB00184,None,None,None
Pupil Dilated,SMHB00184,0.022501,0.050578,1
Joint Dislocation,SMHB00184,0.022501,0.050578,1
Virus,SMHB00184,None,None,None
Animal Virus,SMHB00184,None,None,None
Jaundice,SMHB00184,None,None,None
Pain,SMHB00184,None,None,None
Pneumatosis,SMHB00184,0.022501,0.050578,1
Dryness Vaginal,SMHB00184,0.022501,0.050578,1
Tongue Discoloration,SMHB00184,0.016161,0.044013,1
Orofacial Oedema,SMHB00184,0.022501,0.050578,1
Burning Pain,SMHB00184,None,None,None
 Splitting Pain,SMHB00184,None,None,None
Discoloration Urine,SMHB00184,0.000353,0.002663,1
Discoloration Urine,SMHB00184,0.000353,0.002663,1
Sarcoptic Red Mange,SMHB00184,None,None,None
Wound Infection,SMHB00184,None,None,None
Skin Breakdown,SMHB00184,0.022501,0.050578,1
 Migratory Pain,SMHB00184,None,None,None
Eczema,SMHB00184,None,None,None
Skin Ulcer(S),SMHB00184,None,None,None
Swelling,SMHB00184,None,None,None
Ache,SMHB00184,None,None,None
 Urinary Tract Pain,SMHB00184,None,None,None
"Ejaculation
",SMHB00184,None,None,None
Pain Radiating,SMHB00184,None,None,None
Crushing Pain,SMHB00184,None,None,None
Urine Abnormality,SMHB00184,None,None,None
Beriberi,SMHB00184,None,None,None
Fever,SMHB00184,None,None,None
Flaccidity Muscle,SMHB00184,0.044505,0.073939,1
Vaginal Pruritus,SMHB00184,0.022501,0.050578,1
Yin Deficiency,SMHB00185,None,None,None
Right Flank Pain,SMHB00185,None,None,None
Hemorrhage,SMHB00185,None,None,None
Diabetes Mellitus,SMHB00185,None,None,None
Pulse Weakness,SMHB00185,0.000515,0.003593,1
Cough Productive,SMHB00185,None,None,None
Hemoptysis,SMHB00185,None,None,None
Auditory Dysesthesia,SMHB00185,0.02553,0.053474,1
Flank Pain,SMHB00185,None,None,None
Renal Agenesis,SMHB00185,0.02553,0.053474,1
Xerostomia,SMHB00185,None,None,None
Soft Tissue Injury,SMHB00185,None,None,None
Hematemesis,SMHB00185,None,None,None
Hair Discoloration,SMHB00185,0.02553,0.053474,1
Hair Color Change,SMHB00185,0.02553,0.053474,1
Distorted Hearing,SMHB00185,0.02553,0.053474,1
Eating Disorder,SMHB00185,0.001891,0.010236,1
Malaise And Fatigue,SMHB00185,4.40E-05,0.00048,1
Tongue Discoloration,SMHB00185,0.020559,0.048222,1
Cough,SMHB00185,None,None,None
Lip Paresthesia,SMHB00185,0.02553,0.053474,1
Anorexia,SMHB00185,0.006099,0.025549,1
Thirst,SMHB00185,None,None,None
Lassitude,SMHB00185,None,None,None
Speech Disorder,SMHB00185,0.02553,0.053474,1
Asthenia,SMHB00185,None,None,None
Paracusia,SMHB00185,0.02553,0.053474,1
Left Flank Pain,SMHB00185,None,None,None
Hearing Disorder,SMHB00185,0.02553,0.053474,1
Loss Of Appetite,SMHB00185,0.02553,0.053474,1
Fatigability,SMHB00185,0.02553,0.053474,1
Hair Abnormality,SMHB00185,None,None,None
Hair Abnormality,SMHB00185,None,None,None
Dry Tongue,SMHB00185,0.02553,0.053474,1
Lower Extremity Paresthesia,SMHB00185,1.00E-05,0.00014,0.249461
Decreased Appetite,SMHB00185,None,None,None
Generalized Fatigue,SMHB00185,0.02553,0.053474,1
 Knee Joint Laxity,SMHB00185,0.02553,0.053474,1
"Nasal Obstruction, Unilateral",SMHB00186,None,None,None
Deglutitional Syncope,SMHB00186,None,None,None
Sharp Headache,SMHB00186,None,None,None
Pharyngolaryngitis,SMHB00186,None,None,None
"Nasal Obstruction, Bilateral",SMHB00186,None,None,None
Insomnia,SMHB00186,None,None,None
Stomatitis,SMHB00186,None,None,None
Diabetes Mellitus,SMHB00186,None,None,None
Tongue Ulcer,SMHB00186,None,None,None
Constipation,SMHB00186,None,None,None
Lacrimation,SMHB00186,None,None,None
 Physical Suffering,SMHB00186,None,None,None
Tongue Swelling,SMHB00186,0.003289,0.015975,1
Otitis Media Purulent,SMHB00186,None,None,None
Cough Productive,SMHB00186,None,None,None
Presyncope,SMHB00186,None,None,None
Abscess Gum,SMHB00186,None,None,None
Oral Mucositis,SMHB00186,None,None,None
Catarrh,SMHB00186,None,None,None
Scabies,SMHB00186,None,None,None
"Headache, Periorbital",SMHB00186,None,None,None
Bilateral Headache,SMHB00186,None,None,None
Conjunctivitis,SMHB00186,None,None,None
Suppuration,SMHB00186,None,None,None
Other Conjunctivitis Nos,SMHB00186,None,None,None
Ocular Headache,SMHB00186,None,None,None
Toothache,SMHB00186,None,None,None
Cyst,SMHB00186,None,None,None
Burning Anal,SMHB00186,None,None,None
Stokes-Adams Syncope,SMHB00186,None,None,None
Hot Flash,SMHB00186,None,None,None
Hemorrhoids,SMHB00186,None,None,None
Laryngeal Edema,SMHB00186,None,None,None
 Airway Obstruction Nasal,SMHB00186,None,None,None
 Crackling Sound In Ear,SMHB00186,None,None,None
Gingivitis,SMHB00186,None,None,None
Hematemesis,SMHB00186,0.001679,0.009306,1
Photophobia,SMHB00186,None,None,None
Headache Throbbing,SMHB00186,None,None,None
Syncope Cough,SMHB00186,None,None,None
Hyperventilation Syncope,SMHB00186,None,None,None
Hyperalgia,SMHB00186,None,None,None
Tinnitus,SMHB00186,None,None,None
Diarrhea,SMHB00186,None,None,None
Pterygium,SMHB00186,None,None,None
Rhinorrhea,SMHB00186,None,None,None
Tensor Palatini Induced Tinnitus,SMHB00186,None,None,None
Palpitation(S),SMHB00186,None,None,None
Syncope Exertional,SMHB00186,None,None,None
Nasal Congestion,SMHB00186,None,None,None
Orthostatic Headache,SMHB00186,None,None,None
Hyperpyrexia,SMHB00186,None,None,None
Syncope Cardiac,SMHB00186,None,None,None
Emesis,SMHB00186,None,None,None
Gingival Swelling,SMHB00186,None,None,None
Jaundice,SMHB00186,None,None,None
Pain,SMHB00186,None,None,None
Subjective Tinnitus,SMHB00186,None,None,None
Dexol,SMHB00186,None,None,None
Blood Disorder,SMHB00186,None,None,None
Gastric Acid,SMHB00186,None,None,None
Boredom,SMHB00186,None,None,None
Noise-Induced Tinnitus,SMHB00186,None,None,None
Spontaneous Oto Acoustic Emission Tinnitus,SMHB00186,None,None,None
Micturition Disorder,SMHB00186,None,None,None
Cough,SMHB00186,None,None,None
Bloody Stool,SMHB00186,None,None,None
Objective Tinnitus,SMHB00186,None,None,None
Burning Pain,SMHB00186,None,None,None
 Orthostasis,SMHB00186,None,None,None
 Gingival Edema,SMHB00186,None,None,None
 Splitting Pain,SMHB00186,None,None,None
Discoloration Urine,SMHB00186,None,None,None
Discoloration Urine,SMHB00186,None,None,None
Syncope Postural,SMHB00186,None,None,None
Sarcoptic Red Mange,SMHB00186,None,None,None
Lightheadedness,SMHB00186,None,None,None
Pus,SMHB00186,None,None,None
Ocular Discomfort,SMHB00186,None,None,None
Syncopal Vertigo,SMHB00186,None,None,None
Tinnitus Of Vascular Origin,SMHB00186,None,None,None
Thirst,SMHB00186,None,None,None
 Migratory Pain,SMHB00186,None,None,None
Carbuncle,SMHB00186,None,None,None
Thermal Energy,SMHB00186,None,None,None
Chest Symptom Discomfort,SMHB00186,None,None,None
Dizziness,SMHB00186,None,None,None
Convulsive Syncope,SMHB00186,None,None,None
Eczema,SMHB00186,None,None,None
Carotid Sinus Syncope,SMHB00186,None,None,None
Skin Ulcer(S),SMHB00186,None,None,None
Swelling,SMHB00186,None,None,None
Coryza,SMHB00186,None,None,None
Ache,SMHB00186,None,None,None
Syncope Micturition,SMHB00186,None,None,None
 Ear Clicking Sound,SMHB00186,None,None,None
Sleep Disorder,SMHB00186,0.018271,0.046443,1
"Pantothenate, Zinc",SMHB00186,None,None,None
 Generalised Headache,SMHB00186,None,None,None
Defecation Pain,SMHB00186,None,None,None
Colonic Inertia,SMHB00186,None,None,None
Pantothenic Acid,SMHB00186,None,None,None
 Stomach Discomfort,SMHB00186,None,None,None
Throat Tightness,SMHB00186,None,None,None
Dysentery,SMHB00186,None,None,None
Pulsatile Tinnitus,SMHB00186,None,None,None
Eye Blood Shot,SMHB00186,None,None,None
Syncopal Episode,SMHB00186,None,None,None
Obnubilation,SMHB00186,0.000144,0.001276,1
Syncope,SMHB00186,None,None,None
Gagging,SMHB00186,None,None,None
Pain Radiating,SMHB00186,None,None,None
Situational Syncope,SMHB00186,None,None,None
Crushing Pain,SMHB00186,None,None,None
Urine Abnormality,SMHB00186,None,None,None
Vertex Headache,SMHB00186,None,None,None
"Headache, Retro-Ocular",SMHB00186,None,None,None
Common Cold,SMHB00186,None,None,None
Dental Abscess,SMHB00186,None,None,None
Pharyngolaryngeal Pain,SMHB00186,None,None,None
Calcium Pantothenate,SMHB00186,None,None,None
Chills And Fever,SMHB00186,None,None,None
Calcium Pantothenate,SMHB00186,None,None,None
Chills And Fever,SMHB00186,None,None,None
Tenesmus,SMHB00186,None,None,None
"Headache, Dull",SMHB00186,None,None,None
Gingival Pain,SMHB00186,None,None,None
Headache Unilateral,SMHB00186,None,None,None
Oral Ulcer,SMHB00186,None,None,None
Heartburn,SMHB00186,None,None,None
Decreased Appetite,SMHB00186,None,None,None
Headache,SMHB00186,None,None,None
Hot Temperature,SMHB00186,None,None,None
Fever,SMHB00186,None,None,None
Cold Sweat,SMHB00187,0.048897,0.078326,1
Diabetes Mellitus,SMHB00187,None,None,None
Pulse Weakness,SMHB00187,0.00345,0.016587,1
Numbness,SMHB00187,None,None,None
 Physical Suffering,SMHB00187,None,None,None
Tongue Swelling,SMHB00187,0.002371,0.012284,1
Hyperphagia,SMHB00187,0.048897,0.078326,1
Vaginal Discharge White,SMHB00187,None,None,None
Auditory Dysesthesia,SMHB00187,0.048897,0.078326,1
Polymenorrhea,SMHB00187,None,None,None
Bright Red Blood Per Rectum,SMHB00187,None,None,None
Renal Agenesis,SMHB00187,0.048897,0.078326,1
Developmental Delay,SMHB00187,0.048897,0.078326,1
Tongue Edema,SMHB00187,0.048897,0.078326,1
Anasarca,SMHB00187,None,None,None
Monoparesis,SMHB00187,None,None,None
Abdominal Pain,SMHB00187,None,None,None
Liability To Disease,SMHB00187,0.048897,0.078326,1
"Melena
",SMHB00187,0.002371,0.012284,1
Edema,SMHB00187,None,None,None
Hyperalgia,SMHB00187,None,None,None
Diarrhea,SMHB00187,None,None,None
Rectal Prolapse,SMHB00187,None,None,None
Labor Preterm,SMHB00187,0.048897,0.078326,1
Palpitation(S),SMHB00187,None,None,None
Chill,SMHB00187,None,None,None
Distorted Hearing,SMHB00187,0.048897,0.078326,1
Aplasia,SMHB00187,0.048897,0.078326,1
Tongue Disorder,SMHB00187,0.007704,0.030277,1
Pain,SMHB00187,None,None,None
Pneumatosis,SMHB00187,0.048897,0.078326,1
Abortion,SMHB00187,0.048897,0.078326,1
Respiratory Abnormality,SMHB00187,None,None,None
Menses Abnormal,SMHB00187,None,None,None
Eating Disorder,SMHB00187,0.006884,0.027968,1
Anemia,SMHB00187,0.048897,0.078326,1
Tongue Discoloration,SMHB00187,0.000565,0.003864,1
Arthritic Pains,SMHB00187,None,None,None
Infantile Hemiplegia,SMHB00187,None,None,None
Burning Pain,SMHB00187,None,None,None
 Splitting Pain,SMHB00187,None,None,None
 Stool Loose,SMHB00187,None,None,None
Lip Paresthesia,SMHB00187,0.048897,0.078326,1
Uterine Prolapse,SMHB00187,None,None,None
Hemiplegia,SMHB00187,None,None,None
Premature Birth,SMHB00187,0.048897,0.078326,1
Anorexia,SMHB00187,0.021509,0.049159,1
Thirst,SMHB00187,None,None,None
Sweating,SMHB00187,None,None,None
Spastic Hemiplegia,SMHB00187,None,None,None
 Migratory Pain,SMHB00187,None,None,None
Carbuncle,SMHB00187,None,None,None
Speech Disorder,SMHB00187,0.048897,0.078326,1
Sweat,SMHB00187,None,None,None
" Hemiplegia, Post Ictal",SMHB00187,None,None,None
Uterine Bleeding,SMHB00187,0.00345,0.016587,1
Functional Bowel Disorder,SMHB00187,0.048897,0.078326,1
Flaccid Hemiplegia,SMHB00187,None,None,None
Ache,SMHB00187,None,None,None
Cyanosis,SMHB00187,0.00044,0.003166,1
 Hypomenorrhea,SMHB00187,None,None,None
Transient Hemiplegia,SMHB00187,None,None,None
 Appetite Disorder,SMHB00187,0.006884,0.027968,1
Anus,SMHB00187,None,None,None
Asthenia,SMHB00187,None,None,None
 Stomach Discomfort,SMHB00187,None,None,None
Paracusia,SMHB00187,0.048897,0.078326,1
Hearing Disorder,SMHB00187,0.048897,0.078326,1
Metrorrhagia,SMHB00187,None,None,None
Skin Disorder,SMHB00187,None,None,None
Vaginal Prolapse,SMHB00187,None,None,None
Loss Of Appetite,SMHB00187,0.048897,0.078326,1
Pain Radiating,SMHB00187,None,None,None
Crushing Pain,SMHB00187,None,None,None
Anal Canal Prolapse,SMHB00187,None,None,None
Retrograde Menstruation,SMHB00187,None,None,None
Chest Symptom Heaviness,SMHB00187,None,None,None
Chest Symptom Heaviness,SMHB00187,None,None,None
Typhoid Fever,SMHB00187,None,None,None
Menorrhagia,SMHB00187,0.042357,0.071215,1
Menometrorrhagia,SMHB00187,0.042357,0.071215,1
Hemiparesis,SMHB00187,None,None,None
Decreased Appetite,SMHB00187,None,None,None
Anal Sphincter Atony,SMHB00187,0.048897,0.078326,1
Alternate Hemiplegia,SMHB00187,None,None,None
Abnormal Stools,SMHB00187,None,None,None
Uterovaginal Prolapse,SMHB00187,None,None,None
Arthralgia/arthritis,SMHB00187,0.048897,0.078326,1
Pneumonia,SMHB00188,None,None,None
Erythrosis,SMHB00188,0.030723,0.058607,1
Obesity,SMHB00188,0.030723,0.058607,1
"Mental Retardations, Psychosocial",SMHB00188,0.030723,0.058607,1
Cough Productive,SMHB00188,None,None,None
Hyperphagia,SMHB00188,0.030723,0.058607,1
Renal Agenesis,SMHB00188,0.030723,0.058607,1
Facial Paresthesia,SMHB00188,0.030723,0.058607,1
 Red,SMHB00188,0.030723,0.058607,1
Hematemesis,SMHB00188,None,None,None
Behavior Disorder,SMHB00188,None,None,None
Febrile Illness Acute,SMHB00188,None,None,None
Diarrhea,SMHB00188,None,None,None
Increased Diastolic Blood Pressure,SMHB00188,0.030723,0.058607,1
Labor Preterm,SMHB00188,0.030723,0.058607,1
Joint Dislocation,SMHB00188,0.030723,0.058607,1
Profound Mental Retardation,SMHB00188,0.030723,0.058607,1
Hyperpyrexia,SMHB00188,None,None,None
Emesis,SMHB00188,None,None,None
Jaundice,SMHB00188,None,None,None
Abortion,SMHB00188,0.030723,0.058607,1
Blood Disorder,SMHB00188,None,None,None
Cough,SMHB00188,None,None,None
Pneumonia Lobar,SMHB00188,None,None,None
Premature Birth,SMHB00188,0.030723,0.058607,1
Thirst,SMHB00188,None,None,None
Carbuncle,SMHB00188,None,None,None
Speech Disorder,SMHB00188,0.030723,0.058607,1
Dental Discomfort,SMHB00188,0.030723,0.058607,1
Skin Ulcer(S),SMHB00188,None,None,None
 Parotid Disease,SMHB00188,0.030723,0.058607,1
Eyelid Irritation,SMHB00188,0.030723,0.058607,1
Sleep Disorder,SMHB00188,None,None,None
Polydipsia,SMHB00188,None,None,None
 Face Injury,SMHB00188,0.030723,0.058607,1
High Systolic Arterial Pulse Pressure,SMHB00188,0.030723,0.058607,1
 Stomach Discomfort,SMHB00188,None,None,None
Ocular Icterus,SMHB00188,0.030723,0.058607,1
Pregnancy Disorder,SMHB00188,None,None,None
Gagging,SMHB00188,None,None,None
Facial Pallor,SMHB00188,None,None,None
Blood Pressure Elevation,SMHB00188,0.030723,0.058607,1
Mental Deficiency,SMHB00188,0.030723,0.058607,1
Heat Intolerance,SMHB00188,0.030723,0.058607,1
Chest Symptom Heaviness,SMHB00188,None,None,None
Chest Symptom Heaviness,SMHB00188,None,None,None
Experimental Lung Inflammation,SMHB00188,None,None,None
Cough Persistent,SMHB00188,0.012888,0.039733,1
Abnormal Stools,SMHB00188,0.042793,0.071732,1
Abdomen Distention,SMHB00645,0.03204,0.060278,1
Abdominal Tenderness,SMHB00645,0.00952,0.03422,1
 Physical Suffering,SMHB00645,0.010793,0.036554,1
Soft Tissue Injury,SMHB00645,8.70E-05,0.000842,1
Abdominal Pain,SMHB00645,0.001989,0.010666,1
Caustic Injury,SMHB00645,0.0283,0.05602,1
Colic,SMHB00645,0.0283,0.05602,1
Pain,SMHB00645,0.014821,0.042611,1
Burning Pain,SMHB00645,0.010793,0.036554,1
 Splitting Pain,SMHB00645,0.010793,0.036554,1
Abdominal Cramp,SMHB00645,0.018953,0.04715,1
Infantile Colic,SMHB00645,0.00952,0.03422,1
 Migratory Pain,SMHB00645,0.010793,0.036554,1
Ache,SMHB00645,0.019398,0.04715,1
 Stomach Discomfort,SMHB00645,0.000317,0.002442,1
Pain Radiating,SMHB00645,0.010793,0.036554,1
Crushing Pain,SMHB00645,0.010793,0.036554,1
General Abdominal Pain-Symptom,SMHB00645,0.00952,0.03422,1
King Evil,SMHB00645,0.037562,0.066353,1
Anasarca,SMHB00647,0.017204,0.045046,1
Dysuria,SMHB00647,0.000373,0.002777,1
Edema,SMHB00647,0.044192,0.073566,1
Scald,SMHB00647,0.006913,0.027968,1
Second Degree Burn,SMHB00647,0.003462,0.016608,1
Burn Injury,SMHB00647,0.017204,0.045046,1
Pharyngolaryngitis,SMHB00648,0.030919,0.058607,1
Larynx,SMHB00648,0.002291,0.011929,1
Laryngopharyngeal Dysaesthesia,SMHB00648,6.70E-05,0.000689,1
Localized; Swelling,SMHB00648,6.70E-05,0.000689,1
Laryngeal Pain,SMHB00648,0.015578,0.043506,1
Other Conjunctivitis Nos,SMHB00648,0.015578,0.043506,1
Cyst,SMHB00648,0.002291,0.011929,1
Laryngeal Edema,SMHB00648,0.015578,0.043506,1
Smarting Of Skin,SMHB00648,0.015578,0.043506,1
Hematoma,SMHB00648,0.030919,0.058607,1
Skin Pain,SMHB00648,0.015578,0.043506,1
Skin Swelling,SMHB00648,0.030919,0.058607,1
Painful Red Eye,SMHB00648,0.015578,0.043506,1
Ache,SMHB00648,0.048636,0.078131,1
Pharynx Disease,SMHB00648,0.030919,0.058607,1
Tonsillitis,SMHB00648,0.030919,0.058607,1
Throat Tightness,SMHB00648,2.00E-06,2.90E-05,0.041695
Eye Blood Shot,SMHB00648,0.046028,0.075628,1
Pharyngolaryngeal Pain,SMHB00648,2.00E-06,2.90E-05,0.041695
Vulvar Abscess,SMHB00648,0.015578,0.043506,1
 Vulvar Abscess,SMHB00648,0.015578,0.043506,1
Edema Pharynx,SMHB00648,0.000701,0.00457,1
Larynx,SMHB00189,0.03417,0.062682,1
Neoplastic Growth,SMHB00189,0.027425,0.055251,1
Heavy Feeling,SMHB00189,None,None,None
Localized; Swelling,SMHB00189,0.040872,0.069693,1
"Sputums, Induced",SMHB00189,None,None,None
Hyperalgia,SMHB00189,0.006923,0.027968,1
 Venomous Bite,SMHB00189,0.013802,0.040951,1
Sputum,SMHB00189,None,None,None
Carbuncle,SMHB00189,0.023412,0.051511,1
 Cough Increased,SMHB00189,0.006923,0.027968,1
Thyroid Tumor,SMHB00189,4.50E-05,0.000489,1
Sputum Purulent,SMHB00189,None,None,None
Pertussis,SMHB00189,0.006923,0.027968,1
Hemoptysis,SMHB00583,0.000935,0.005752,1
Caustic Injury,SMHB00583,0.018072,0.046235,1
Contusion,SMHB00583,0.000337,0.002568,1
Bronchiectasis,SMHB00583,3.40E-05,0.000393,0.84512
Injuries Wounds,SMHB00583,0.024028,0.052098,1
Uterine Bleeding,SMHB00583,0.041696,0.070592,1
Lips Bleeding,SMHB00583,0.006058,0.025431,1
Vaginal Bleeding,SMHB00583,0.006058,0.025431,1
Gastric Ulcer Bleeding,SMHB00583,0.006058,0.025431,1
Dyssomnia,SMHB00180,0.016379,0.044013,1
Abdomen Distention,SMHB00180,None,None,None
Insomnia,SMHB00180,None,None,None
Cough Productive,SMHB00180,None,None,None
"Sputums, Induced",SMHB00180,None,None,None
Subwakefullness Syndromes,SMHB00180,0.016379,0.044013,1
Hyperalgia,SMHB00180,0.008222,0.031456,1
Palpitation(S),SMHB00180,None,None,None
Cough,SMHB00180,None,None,None
 Long Sleeper Syndrome,SMHB00180,0.016379,0.044013,1
Bronchial Asthma,SMHB00180,None,None,None
Sputum,SMHB00180,None,None,None
 Sleep-Related Neurogenic Tachypnoea,SMHB00180,0.016379,0.044013,1
Short-Sleeper,SMHB00180,0.016379,0.044013,1
 Cough Increased,SMHB00180,0.008222,0.031456,1
Wheezing,SMHB00180,None,None,None
Sleep Disorder,SMHB00180,0.000381,0.002828,1
Poor Quality Sleep,SMHB00180,0.008222,0.031456,1
Scabies,SMHB00675,0.0283,0.05602,1
Miliaria,SMHB00675,8.70E-05,0.000842,1
Urinary Tract Stone,SMHB00675,0.000258,0.002062,1
Urolithiasis,SMHB00675,0.00952,0.03422,1
Sarcoptic Red Mange,SMHB00675,0.0283,0.05602,1
Skin Breakdown,SMHB00675,0.00952,0.03422,1
Micturition Burning,SMHB00675,1.00E-06,1.50E-05,0.018582
Prickly Heat,SMHB00675,0.00952,0.03422,1
Polydipsia,SMHB00675,0.037562,0.066353,1
 Urinary Tract Pain,SMHB00675,0.04674,0.076544,1
Urethral Pain,SMHB00675,7.00E-06,0.000107,0.183534
Scabies,SMHB00676,0.0283,0.05602,1
Miliaria,SMHB00676,8.70E-05,0.000842,1
Urinary Tract Stone,SMHB00676,0.000258,0.002062,1
Urolithiasis,SMHB00676,0.00952,0.03422,1
Sarcoptic Red Mange,SMHB00676,0.0283,0.05602,1
Skin Breakdown,SMHB00676,0.00952,0.03422,1
Micturition Burning,SMHB00676,1.00E-06,1.50E-05,0.018582
Prickly Heat,SMHB00676,0.00952,0.03422,1
Polydipsia,SMHB00676,0.037562,0.066353,1
 Urinary Tract Pain,SMHB00676,0.04674,0.076544,1
Urethral Pain,SMHB00676,7.00E-06,0.000107,0.183534
Cough,SMHB00674,7.00E-06,0.0001,0.16913
Cough Persistent,SMHB00674,0.000251,0.002017,1
King Evil,SMHB00674,0.017208,0.045046,1
Scrofula,SMHB00674,0.038342,0.067282,1
Right Flank Pain,SMHB00176,None,None,None
Muscle Fatigue,SMHB00176,None,None,None
Flank Pain,SMHB00176,None,None,None
Hemorrhoids,SMHB00176,0,9.00E-06,0.010694
Abdominal Pain,SMHB00176,None,None,None
Smarting Of Skin,SMHB00176,0.011251,0.037373,1
Hematoma,SMHB00176,0.022379,0.050405,1
Skin Pain,SMHB00176,0.011251,0.037373,1
 Emotional Depression,SMHB00176,None,None,None
Malaise And Fatigue,SMHB00176,None,None,None
Cough,SMHB00176,None,None,None
Bronchiectasis,SMHB00176,0.000122,0.001114,1
Otitis,SMHB00176,0.011251,0.037373,1
Skin Swelling,SMHB00176,0.022379,0.050405,1
Abdomen Bloating,SMHB00176,None,None,None
Ache,SMHB00176,0.026642,0.054547,1
Nervousness,SMHB00176,None,None,None
Ear Drainage,SMHB00176,0.022379,0.050405,1
Hemorrhoid Bleeding,SMHB00176,0.033388,0.061682,1
Left Flank Pain,SMHB00176,None,None,None
Lips Bleeding,SMHB00176,0.011251,0.037373,1
Hypervigilance,SMHB00176,None,None,None
Vaginal Bleeding,SMHB00176,0.011251,0.037373,1
Anxiety,SMHB00176,None,None,None
Cough Persistent,SMHB00176,0.001776,0.009729,1
Gastric Ulcer Bleeding,SMHB00176,0.011251,0.037373,1
 Acute Suppurative Otitis Media In Diseases Classified Elsewhere,SMHB00176,0.000122,0.001114,1
Abdominal Tenderness,SMHB00173,0.015578,0.043506,1
 Physical Suffering,SMHB00173,None,None,None
Gastric Disorder,SMHB00173,0.030919,0.058607,1
Vomiting Neonatal,SMHB00173,0.015578,0.043506,1
"Sputums, Induced",SMHB00173,None,None,None
 Cryptogenic Epilepsies,SMHB00173,None,None,None
Anterior Cervical Pains,SMHB00173,0.015578,0.043506,1
Abdominal Pain,SMHB00173,None,None,None
Hyperalgia,SMHB00173,None,None,None
Diarrhea,SMHB00173,None,None,None
Aura,SMHB00173,None,None,None
Single Seizure,SMHB00173,None,None,None
Emesis,SMHB00173,None,None,None
Pain,SMHB00173,None,None,None
"Cervical Pain, Posterior",SMHB00173,0.015578,0.043506,1
Eating Disorder,SMHB00173,0.046028,0.075628,1
Burning Pain,SMHB00173,None,None,None
"Diarrhea, Chronic",SMHB00173,0.046028,0.075628,1
"Epilepsy, Awakening",SMHB00173,None,None,None
 Splitting Pain,SMHB00173,None,None,None
Diarrhea Acute,SMHB00173,0.015578,0.043506,1
Sputum,SMHB00173,None,None,None
 Migratory Pain,SMHB00173,None,None,None
Joint Stiffness,SMHB00173,0.015578,0.043506,1
Epilepsy,SMHB00173,None,None,None
Diarrhea Watery,SMHB00173,0.015578,0.043506,1
Ache,SMHB00173,None,None,None
Aphagia,SMHB00173,0.015578,0.043506,1
Loss Of Appetite,SMHB00173,0.015578,0.043506,1
Gagging,SMHB00173,None,None,None
Pain Radiating,SMHB00173,None,None,None
Crushing Pain,SMHB00173,None,None,None
Neck Pain,SMHB00173,0.015578,0.043506,1
General Abdominal Pain-Symptom,SMHB00173,0.015578,0.043506,1
Decreased Appetite,SMHB00173,None,None,None
Sputum Purulent,SMHB00173,None,None,None
Constipation,SMHB00190,None,None,None
Xerostomia,SMHB00190,0.008632,0.032544,1
 Anemic,SMHB00190,0.003459,0.016608,1
Respiratory Abnormality,SMHB00190,None,None,None
Anemia,SMHB00190,0.001731,0.00953,1
Cough,SMHB00190,None,None,None
 Feeling Of Residual Urine,SMHB00190,None,None,None
Anus,SMHB00190,0.003459,0.016608,1
Defecation Pain,SMHB00190,None,None,None
Colonic Inertia,SMHB00190,None,None,None
Pneumonia,SMHB00177,None,None,None
Neoplastic Growth,SMHB00177,None,None,None
 Physical Suffering,SMHB00177,None,None,None
Cough Productive,SMHB00177,None,None,None
Vomiting Neonatal,SMHB00177,None,None,None
Hyperphagia,SMHB00177,0.015578,0.043506,1
Vaginal Discharge White,SMHB00177,None,None,None
Rheumatism,SMHB00177,None,None,None
Soft Tissue Injury,SMHB00177,0.000236,0.001923,1
Dysuria,SMHB00177,None,None,None
Amenorrhea,SMHB00177,0.046028,0.075628,1
Vagina,SMHB00177,0.046028,0.075628,1
Caustic Injury,SMHB00177,None,None,None
Hyperalgia,SMHB00177,None,None,None
"Amenorrhea, Postpartum",SMHB00177,0.046028,0.075628,1
Jaundice,SMHB00177,None,None,None
Pain,SMHB00177,None,None,None
Arthritic Pains,SMHB00177,None,None,None
Cough,SMHB00177,None,None,None
Burning Pain,SMHB00177,None,None,None
 Splitting Pain,SMHB00177,None,None,None
Pneumonia Lobar,SMHB00177,None,None,None
 Migratory Pain,SMHB00177,None,None,None
Carbuncle,SMHB00177,None,None,None
Musculoskeletal Pain,SMHB00177,0.030919,0.058607,1
Skin Ulcer(S),SMHB00177,None,None,None
Ache,SMHB00177,None,None,None
Scald,SMHB00177,0.030919,0.058607,1
Neoplasm Benign Nos,SMHB00177,0.015578,0.043506,1
Second Degree Burn,SMHB00177,0.015578,0.043506,1
Abdomen Tumor,SMHB00177,0.030919,0.058607,1
Ocular Icterus,SMHB00177,0.015578,0.043506,1
Pain Radiating,SMHB00177,None,None,None
Crushing Pain,SMHB00177,None,None,None
Menopause,SMHB00177,None,None,None
Experimental Lung Inflammation,SMHB00177,None,None,None
Cough Persistent,SMHB00177,0.003404,0.016389,1
Neoplastic Growth,SMHB00196,None,None,None
Cyst,SMHB00196,0.025717,0.053532,1
Amenorrhea,SMHB00196,0.015504,0.043506,1
"Amenorrhea, Postpartum",SMHB00196,0.015504,0.043506,1
Contusion,SMHB00196,0.025717,0.053532,1
Chest Mass,SMHB00196,0.01036,0.03576,1
Abdomen Bloating,SMHB00196,0.030787,0.058607,1
Pelvis Tumor,SMHB00196,0.005193,0.022802,1
Neoplasm Benign Nos,SMHB00196,0.005193,0.022802,1
Abdomen Tumor,SMHB00196,0.01036,0.03576,1
Purpuric Rash,SMHB00196,None,None,None
Menopause,SMHB00196,None,None,None
 Disease Of Diaphragm,SMHB00196,0.005193,0.022802,1
Panic State,SMHB00696,0.046197,0.075809,1
Sharp Headache,SMHB00696,0,0,0.000131
Facial Nerve Motor Disorder,SMHB00696,0.023367,0.051423,1
Stroke,SMHB00696,0,7.00E-06,0.007608
"Seizure, Convulsion",SMHB00696,0.023367,0.051423,1
Heaviness Of Head,SMHB00696,0.046197,0.075809,1
"Headache, Periorbital",SMHB00696,0,0,0.000131
Bilateral Headache,SMHB00696,0,0,0.000131
Other Conjunctivitis Nos,SMHB00696,0.023367,0.051423,1
Ocular Headache,SMHB00696,0,0,0.000131
Parotid Enlargement,SMHB00696,0.000536,0.003704,1
Sensory Seizure,SMHB00696,0.023367,0.051423,1
Facial Nerve Sensory Disorder,SMHB00696,0.023367,0.051423,1
Seizure Focal,SMHB00696,0.023367,0.051423,1
Headache Throbbing,SMHB00696,0,0,0.000131
Facial Neuritides,SMHB00696,0.023367,0.051423,1
Radiculopathy,SMHB00696,0.023367,0.051423,1
Seizure(S) Jacksonian,SMHB00696,0.023367,0.051423,1
Lethargy,SMHB00696,0.023367,0.051423,1
Orthostatic Headache,SMHB00696,0,0,0.000131
Facial Myokymia,SMHB00696,0.023367,0.051423,1
Nerve Root Disorder,SMHB00696,0.023367,0.051423,1
Seizures,SMHB00696,0,3.00E-06,0.002904
Seizure Generalized,SMHB00696,0.023367,0.051423,1
Visual Epilepsy,SMHB00696,0.023367,0.051423,1
Olfactory Uncinate Fit,SMHB00696,0.023367,0.051423,1
 Cva Nos Acute,SMHB00696,0,3.00E-06,0.002904
"Neuralgia, Sluder",SMHB00696,0.023367,0.051423,1
Convulsions Neonatal,SMHB00696,0.001584,0.008871,1
Cervical Radiculopathy,SMHB00696,0.023367,0.051423,1
Tonic Seizure,SMHB00696,0.023367,0.051423,1
Trigeminal Autonomic Cephalgia,SMHB00696,0.023367,0.051423,1
Clonic Seizure,SMHB00696,0.046197,0.075809,1
Nerve Root Pain,SMHB00696,0.023367,0.051423,1
 Seizure(S) Somatosensory,SMHB00696,0.023367,0.051423,1
Neuralgia Facial,SMHB00696,0.023367,0.051423,1
Scalp Pruritus,SMHB00696,0.023367,0.051423,1
 Parotid Disease,SMHB00696,0.023367,0.051423,1
"Disorder Of Seventh Cranial Nerve, Nos",SMHB00696,0.023367,0.051423,1
Acquired Facial Neuropathies,SMHB00696,0.023367,0.051423,1
"Facial Neuropathies, Familial",SMHB00696,0.023367,0.051423,1
Seizure(S) Grand Mal,SMHB00696,0.023367,0.051423,1
 Generalised Headache,SMHB00696,0,0,0.000131
Habit Disorder,SMHB00696,4.70E-05,0.000509,1
"Avulsion, Nerve Root",SMHB00696,0.023367,0.051423,1
Geniculate Ganglionitis,SMHB00696,0.023367,0.051423,1
Vocal Tic,SMHB00696,4.70E-05,0.000509,1
Motor Tics,SMHB00696,4.70E-05,0.000509,1
Vertex Headache,SMHB00696,0,0,0.000131
"Headache, Retro-Ocular",SMHB00696,0,0,0.000131
 [D]Fit (In Non-Epileptic) Nos,SMHB00696,0.023367,0.051423,1
Compression Nerve Root,SMHB00696,0.023367,0.051423,1
Earache,SMHB00696,0.023367,0.051423,1
"Headache, Dull",SMHB00696,3.10E-05,0.000361,0.763572
Headache Unilateral,SMHB00696,0,0,0.000131
Radiculitis,SMHB00696,0.023367,0.051423,1
Tenderness,SMHB00696,0.046197,0.075809,1
Myofacial Pain Syndrome,SMHB00696,0.023367,0.051423,1
Headache,SMHB00696,0,0,0.000322
Tetanus,SMHB00696,0.023367,0.051423,1
Gastric Disorder,SMHB00553,0.011221,0.037373,1
Vomiting Neonatal,SMHB00553,0.005625,0.024125,1
Gastrointestinal Discomfort,SMHB00553,0.000433,0.003125,1
Emesis,SMHB00553,0,9.00E-06,0.010394
Pneumatosis,SMHB00553,0.005625,0.024125,1
 Stomach Discomfort,SMHB00553,0.002944,0.014708,1
Gagging,SMHB00553,0.022326,0.050405,1
Right Flank Pain,SMHB00198,7.90E-05,0.000784,1
Shoulder Pain,SMHB00198,None,None,None
Neoplastic Growth,SMHB00198,None,None,None
Obesity,SMHB00198,0.02553,0.053474,1
 Physical Suffering,SMHB00198,None,None,None
Hyperphagia,SMHB00198,0.02553,0.053474,1
Psychotic Depression,SMHB00198,None,None,None
Menstrual Cramp,SMHB00198,None,None,None
Pain Shoulder Neck,SMHB00198,0.02553,0.053474,1
Flank Pain,SMHB00198,7.90E-05,0.000784,1
Epigastric Pain,SMHB00198,None,None,None
Biliary And Gallbladder Disorder,SMHB00198,0.02553,0.053474,1
Comedome,SMHB00198,None,None,None
Chest Pain,SMHB00198,None,None,None
Smarting Of Skin,SMHB00198,0.02553,0.053474,1
Hyperalgia,SMHB00198,None,None,None
Colic,SMHB00198,None,None,None
Hemorrhage Within 24 Hours Following Delivery Of Placenta,SMHB00198,None,None,None
Skin Pain,SMHB00198,0.02553,0.053474,1
Crescendo Angina,SMHB00198,None,None,None
Pain,SMHB00198,None,None,None
Petechiae Oral Mucosa,SMHB00198,0.003721,0.017655,1
Burning Pain,SMHB00198,None,None,None
 Splitting Pain,SMHB00198,None,None,None
Abdominal Cramp,SMHB00198,None,None,None
Angina Pectoris,SMHB00198,None,None,None
Infantile Colic,SMHB00198,None,None,None
 Migratory Pain,SMHB00198,None,None,None
Emaciation,SMHB00198,None,None,None
Speech Disorder,SMHB00198,0.02553,0.053474,1
Neck Injury,SMHB00198,0.02553,0.053474,1
Hemorrhage Postpartum,SMHB00198,None,None,None
Swelling,SMHB00198,None,None,None
Ache,SMHB00198,None,None,None
Hemorrhage After First 24 Hours Following Delivery Of Placenta,SMHB00198,None,None,None
Left Flank Pain,SMHB00198,7.90E-05,0.000784,1
Pain Precordial,SMHB00198,1.60E-05,0.000206,0.392264
Pain Radiating,SMHB00198,None,None,None
Crushing Pain,SMHB00198,None,None,None
Menopause,SMHB00198,None,None,None
Heat Intolerance,SMHB00198,0.02553,0.053474,1
Smarting,SMHB00198,None,None,None
Ecchymoses,SMHB00198,0.012393,0.039351,1
Acne,SMHB00198,None,None,None
Upper Extremity Pain Musculoskeletal,SMHB00198,None,None,None
Abdomen Distention,SMHB00199,0.020582,0.048222,1
Haemorrhage Ant Chamber Eye,SMHB00199,None,None,None
Right Flank Pain,SMHB00199,None,None,None
Hemorrhage,SMHB00199,None,None,None
Abdominal Tenderness,SMHB00199,0.019905,0.04715,1
Pulse Weakness,SMHB00199,0.00764,0.03009,1
 Physical Suffering,SMHB00199,None,None,None
 Overinclusion,SMHB00199,None,None,None
Gastric Disorder,SMHB00199,0.039422,0.067979,1
Vomiting Neonatal,SMHB00199,0.019905,0.04715,1
Flank Pain,SMHB00199,None,None,None
Abdominal Pain,SMHB00199,None,None,None
Hematemesis,SMHB00199,None,None,None
Chest Pain,SMHB00199,None,None,None
Hyperalgia,SMHB00199,None,None,None
Emesis,SMHB00199,None,None,None
Pain,SMHB00199,None,None,None
Attention Disorders,SMHB00199,None,None,None
Contusion,SMHB00199,0.003732,0.017702,1
Bronchiectasis,SMHB00199,0.000388,0.002844,1
Burning Pain,SMHB00199,None,None,None
 Splitting Pain,SMHB00199,None,None,None
Injuries Wounds,SMHB00199,None,None,None
 Migratory Pain,SMHB00199,None,None,None
Ache,SMHB00199,None,None,None
Left Flank Pain,SMHB00199,None,None,None
Lips Bleeding,SMHB00199,0.019905,0.04715,1
Gagging,SMHB00199,None,None,None
Pain Radiating,SMHB00199,None,None,None
Crushing Pain,SMHB00199,None,None,None
Vaginal Bleeding,SMHB00199,0.019905,0.04715,1
Smarting,SMHB00199,None,None,None
General Abdominal Pain-Symptom,SMHB00199,0.019905,0.04715,1
Gastric Ulcer Bleeding,SMHB00199,0.019905,0.04715,1
Cold Sweat,SMHB00200,None,None,None
Pulse Weakness,SMHB00200,None,None,None
"Child Development Disorders, Pervasive",SMHB00200,None,None,None
Dermatitis Eyelid,SMHB00200,None,None,None
Behavior Drinking,SMHB00200,None,None,None
Bronchitis Chronic,SMHB00200,0.0283,0.05602,1
Jaundice,SMHB00200,None,None,None
Autism Spectrum Disorder,SMHB00200,None,None,None
Malaise And Fatigue,SMHB00200,0.002992,0.014917,1
Tongue Discoloration,SMHB00200,None,None,None
Orofacial Oedema,SMHB00200,None,None,None
Abdomen Discomfort,SMHB00200,None,None,None
Bronchial Asthma,SMHB00200,None,None,None
Leukopenia,SMHB00200,8.70E-05,0.000842,1
Dyslipidemia,SMHB00200,0.00952,0.03422,1
Defecation Pain,SMHB00200,None,None,None
Aphagia,SMHB00200,None,None,None
Asthenia,SMHB00200,0,0,0
"Ejaculation
",SMHB00200,0.0283,0.05602,1
 Stomach Discomfort,SMHB00200,None,None,None
"Sports Injury, Nos",SMHB00200,0.00952,0.03422,1
Pervasive Developmental Disorder,SMHB00200,None,None,None
Dyslipoproteinemia,SMHB00200,0.00952,0.03422,1
Gastroenteritis,SMHB00200,0.00952,0.03422,1
Hyperlipidemia,SMHB00200,0.00952,0.03422,1
Viral Hepatitis,SMHB00200,0.00952,0.03422,1
Irritability,SMHB00689,0.011643,0.038067,1
Diarrhea,SMHB00689,0.000102,0.000959,1
Digestion Impaired,SMHB00689,0.019338,0.04715,1
Aphagia,SMHB00689,0.003894,0.018222,1
Tenesmus,SMHB00689,0.007775,0.030277,1
Heartburn,SMHB00689,1.30E-05,0.000181,0.334333
Hematemesis,SMHB00621,0.000597,0.004031,1
Urethra Hemorrhage,SMHB00621,0.003894,0.018222,1
Uterine Bleeding,SMHB00621,1.00E-06,2.50E-05,0.035199
Hemorrhage Postpartum,SMHB00621,0.001029,0.006237,1
 Appetite Disorder,SMHB00621,0.011643,0.038067,1
Metrorrhagia,SMHB00621,2.00E-06,3.80E-05,0.056208
Menorrhagia,SMHB00621,0.00028,0.002204,1
Menometrorrhagia,SMHB00621,0.00028,0.002204,1
Erythrosis,SMHB00216,0.019472,0.04715,1
Tongue Ulcer,SMHB00216,0.038573,0.067295,1
 Physical Suffering,SMHB00216,None,None,None
Cough Productive,SMHB00216,None,None,None
"Sputums, Induced",SMHB00216,None,None,None
Empyema,SMHB00216,None,None,None
Hoarseness,SMHB00216,None,None,None
Parotid Enlargement,SMHB00216,0.038573,0.067295,1
 Red,SMHB00216,0.019472,0.04715,1
Hyperalgia,SMHB00216,None,None,None
Odynophagia,SMHB00216,0.019472,0.04715,1
Aplasia,SMHB00216,0.019472,0.04715,1
Pain,SMHB00216,None,None,None
Cough,SMHB00216,None,None,None
Burning Pain,SMHB00216,None,None,None
 Splitting Pain,SMHB00216,None,None,None
Sputum,SMHB00216,None,None,None
 Migratory Pain,SMHB00216,None,None,None
Carbuncle,SMHB00216,None,None,None
Ache,SMHB00216,None,None,None
"Hoarseness, Neurogenic",SMHB00216,None,None,None
 Parotid Disease,SMHB00216,0.019472,0.04715,1
Nodule Subcutaneous,SMHB00216,0.019472,0.04715,1
Eyelid Irritation,SMHB00216,0.019472,0.04715,1
 Face Injury,SMHB00216,0.019472,0.04715,1
Throat Tightness,SMHB00216,None,None,None
Nose Dryness,SMHB00216,0.001099,0.006531,1
Pain Radiating,SMHB00216,None,None,None
Crushing Pain,SMHB00216,None,None,None
" Disease Of Vocal Cords, Nos",SMHB00216,0.002171,0.01147,1
Chest Symptom Heaviness,SMHB00216,None,None,None
Chest Symptom Heaviness,SMHB00216,None,None,None
Cough Persistent,SMHB00216,0.005293,0.023103,1
Sputum Purulent,SMHB00216,None,None,None
Abdomen Distention,SMHB00201,0.017176,0.045046,1
Right Flank Pain,SMHB00201,1.20E-05,0.000167,0.306036
Numbness,SMHB00201,None,None,None
 Physical Suffering,SMHB00201,None,None,None
Cough Productive,SMHB00201,None,None,None
"Sputums, Induced",SMHB00201,None,None,None
Eye Pain,SMHB00201,None,None,None
 Zoophaginae,SMHB00201,None,None,None
Flank Pain,SMHB00201,1.20E-05,0.000167,0.306036
Abdominal Pain,SMHB00201,None,None,None
Chest Pain,SMHB00201,0.000893,0.005537,1
Vulvovaginal Swelling,SMHB00201,0.018607,0.046865,1
Hyperalgia,SMHB00201,None,None,None
Polyarthralgia,SMHB00201,4.60E-05,0.0005,1
Virus,SMHB00201,None,None,None
Animal Virus,SMHB00201,None,None,None
Perineum Abscess,SMHB00201,0.018607,0.046865,1
Pain,SMHB00201,None,None,None
Arthralgia,SMHB00201,0,3.00E-06,0.003176
Arthritic Pains,SMHB00201,0,1.00E-06,0.001106
Cough,SMHB00201,None,None,None
Burning Pain,SMHB00201,None,None,None
 Splitting Pain,SMHB00201,None,None,None
Discoloration Urine,SMHB00201,None,None,None
Discoloration Urine,SMHB00201,None,None,None
Sputum,SMHB00201,None,None,None
 Migratory Pain,SMHB00201,None,None,None
Gangrene,SMHB00201,None,None,None
Chest Symptom Discomfort,SMHB00201,None,None,None
Swelling,SMHB00201,None,None,None
Ache,SMHB00201,None,None,None
Sore Eye,SMHB00201,None,None,None
Necrosis,SMHB00201,None,None,None
Left Flank Pain,SMHB00201,1.20E-05,0.000167,0.306036
Sprain Of Joint,SMHB00201,0.018607,0.046865,1
Bloating Feeling,SMHB00201,None,None,None
Pain Radiating,SMHB00201,None,None,None
Crushing Pain,SMHB00201,None,None,None
Vulvar Abscess,SMHB00201,0.018607,0.046865,1
 Vulvar Abscess,SMHB00201,0.018607,0.046865,1
Cough Persistent,SMHB00201,0.004839,0.02177,1
Right Flank Pain,SMHB00192,None,None,None
Vaginal Discharge White,SMHB00192,None,None,None
Bright Red Blood Per Rectum,SMHB00192,None,None,None
Flank Pain,SMHB00192,None,None,None
Hematemesis,SMHB00192,None,None,None
"Melena
",SMHB00192,6.40E-05,0.000658,1
Vagina,SMHB00192,0.024473,0.052525,1
Nocturia,SMHB00192,None,None,None
Vaginal Discharge,SMHB00192,0.024473,0.052525,1
Uterine Bleeding,SMHB00192,1.60E-05,0.00021,0.400784
Hemorrhage Postpartum,SMHB00192,0.004734,0.021453,1
Enuresis,SMHB00192,None,None,None
Hemorrhoid Bleeding,SMHB00192,None,None,None
Dysentery,SMHB00192,None,None,None
Left Flank Pain,SMHB00192,None,None,None
Metrorrhagia,SMHB00192,None,None,None
Menorrhagia,SMHB00192,0.001313,0.007525,1
Menometrorrhagia,SMHB00192,0.001313,0.007525,1
(leukorrhea Unspecified) Or (vaginal Discharge Nos),SMHB00192,6.40E-05,0.000658,1
Abdomen Distention,SMHB00191,0.000438,0.003154,1
Right Flank Pain,SMHB00191,None,None,None
 Physical Suffering,SMHB00191,None,None,None
Vaginal Discharge White,SMHB00191,None,None,None
Flank Pain,SMHB00191,None,None,None
Abdominal Pain,SMHB00191,None,None,None
Smarting Of Skin,SMHB00191,0.012549,0.039351,1
Hematoma,SMHB00191,0.024945,0.053056,1
Hyperalgia,SMHB00191,None,None,None
Colic,SMHB00191,0.037192,0.065886,1
Skin Pain,SMHB00191,0.012549,0.039351,1
Jaundice,SMHB00191,None,None,None
Pain,SMHB00191,None,None,None
Breast Cyst,SMHB00191,0.012549,0.039351,1
Burning Pain,SMHB00191,None,None,None
 Splitting Pain,SMHB00191,None,None,None
Skin Swelling,SMHB00191,0.024945,0.053056,1
Abdominal Cramp,SMHB00191,0.024945,0.053056,1
Infantile Colic,SMHB00191,0.012549,0.039351,1
 Migratory Pain,SMHB00191,None,None,None
Carbuncle,SMHB00191,None,None,None
Chest Symptom Discomfort,SMHB00191,None,None,None
Breast Pain,SMHB00191,0.003072,0.015061,1
Swelling,SMHB00191,None,None,None
Ache,SMHB00191,None,None,None
 name Dilation,SMHB00191,0.002211,0.011636,1
 Stomach Discomfort,SMHB00191,None,None,None
Left Flank Pain,SMHB00191,None,None,None
Bloating Feeling,SMHB00191,None,None,None
Pain Radiating,SMHB00191,None,None,None
Crushing Pain,SMHB00191,None,None,None
Abnormal Stools,SMHB00191,None,None,None
Abdomen Distention,SMHB00197,0.041086,0.069718,1
Sharp Headache,SMHB00197,None,None,None
Right Flank Pain,SMHB00197,8.70E-05,0.000844,1
Cataract,SMHB00197,None,None,None
 Physical Suffering,SMHB00197,None,None,None
Intermittant Vertigo,SMHB00197,None,None,None
"Headache, Periorbital",SMHB00197,None,None,None
 Lens Opacity,SMHB00197,None,None,None
Bilateral Headache,SMHB00197,None,None,None
Vertigo,SMHB00197,None,None,None
Other Conjunctivitis Nos,SMHB00197,0.025963,0.053664,1
Flank Pain,SMHB00197,8.70E-05,0.000844,1
Ocular Headache,SMHB00197,None,None,None
Vertigo Postural,SMHB00197,None,None,None
Vertigo Central Origin,SMHB00197,None,None,None
Abdominal Pain,SMHB00197,None,None,None
Headache Throbbing,SMHB00197,None,None,None
Chest Pain,SMHB00197,0.002368,0.012274,1
Hyperalgia,SMHB00197,None,None,None
Radiculopathy,SMHB00197,0.025963,0.053664,1
German Measles,SMHB00197,None,None,None
Brain Stem Vertigo,SMHB00197,None,None,None
Orthostatic Headache,SMHB00197,None,None,None
Nerve Root Disorder,SMHB00197,0.025963,0.053664,1
Pain,SMHB00197,None,None,None
Respiratory Abnormality,SMHB00197,None,None,None
Breast Cyst,SMHB00197,0.025963,0.053664,1
Blurred Vision,SMHB00197,None,None,None
Burning Pain,SMHB00197,None,None,None
 Orthostasis,SMHB00197,None,None,None
 Splitting Pain,SMHB00197,None,None,None
Motion Sickness,SMHB00197,0.000663,0.00437,1
Lightheadedness,SMHB00197,None,None,None
"Neuralgia, Sluder",SMHB00197,0.025963,0.053664,1
Cervical Radiculopathy,SMHB00197,0.025963,0.053664,1
 Essential Vertigo,SMHB00197,None,None,None
Micturition Burning,SMHB00197,None,None,None
Trigeminal Autonomic Cephalgia,SMHB00197,0.025963,0.053664,1
Air Sickness,SMHB00197,0.000663,0.00437,1
 Migratory Pain,SMHB00197,None,None,None
Carbuncle,SMHB00197,None,None,None
Chest Symptom Discomfort,SMHB00197,None,None,None
Dizziness,SMHB00197,None,None,None
Nerve Root Pain,SMHB00197,0.025963,0.053664,1
Neuralgia Facial,SMHB00197,0.025963,0.053664,1
Ache,SMHB00197,None,None,None
Scalp Pruritus,SMHB00197,0.025963,0.053664,1
Vision Halo,SMHB00197,0.025963,0.053664,1
Eyelid Irritation,SMHB00197,0.025963,0.053664,1
 Generalised Headache,SMHB00197,None,None,None
Dysentery,SMHB00197,None,None,None
 Vertigo Paroxysmal,SMHB00197,None,None,None
Left Flank Pain,SMHB00197,8.70E-05,0.000844,1
Pseudoaphakia,SMHB00197,None,None,None
"Avulsion, Nerve Root",SMHB00197,0.025963,0.053664,1
Sea Sickness,SMHB00197,0.000663,0.00437,1
Eye Blood Shot,SMHB00197,None,None,None
Bloating Feeling,SMHB00197,None,None,None
Pain Radiating,SMHB00197,None,None,None
Crushing Pain,SMHB00197,None,None,None
Vertex Headache,SMHB00197,None,None,None
"Headache, Retro-Ocular",SMHB00197,None,None,None
Compression Nerve Root,SMHB00197,0.025963,0.053664,1
"Headache, Dull",SMHB00197,None,None,None
Headache Unilateral,SMHB00197,None,None,None
Radiculitis,SMHB00197,0.025963,0.053664,1
Constant Vertigo,SMHB00197,None,None,None
Myofacial Pain Syndrome,SMHB00197,0.025963,0.053664,1
Peripheral Vertigo,SMHB00197,None,None,None
Headache,SMHB00197,None,None,None
Pharyngolaryngitis,SMHB00204,0.041965,0.070815,1
Blanching Of Skin,SMHB00204,0.021203,0.04873,1
Larynx,SMHB00204,0.004229,0.019581,1
Laryngopharyngeal Dysaesthesia,SMHB00204,None,None,None
Tongue Ulcer,SMHB00204,None,None,None
Localized; Swelling,SMHB00204,None,None,None
 Physical Suffering,SMHB00204,None,None,None
Abscess Gum,SMHB00204,None,None,None
Laryngeal Pain,SMHB00204,0.021203,0.04873,1
Catarrh,SMHB00204,0.01442,0.041867,1
Eye Pain,SMHB00204,0.002572,0.013112,1
 Zoophaginae,SMHB00204,0.021203,0.04873,1
Other Conjunctivitis Nos,SMHB00204,0.021203,0.04873,1
Toothache,SMHB00204,0.006258,0.026133,1
Renal Agenesis,SMHB00204,None,None,None
Cyst,SMHB00204,None,None,None
Laryngeal Edema,SMHB00204,0.021203,0.04873,1
Gingivitis,SMHB00204,None,None,None
Smarting Of Skin,SMHB00204,0.021203,0.04873,1
Hematoma,SMHB00204,0.041965,0.070815,1
Hyperalgia,SMHB00204,None,None,None
Skin Pain,SMHB00204,0.021203,0.04873,1
Virus,SMHB00204,0.021203,0.04873,1
Animal Virus,SMHB00204,0.021203,0.04873,1
Gingival Swelling,SMHB00204,None,None,None
Pain,SMHB00204,None,None,None
Burning Pain,SMHB00204,None,None,None
 Gingival Edema,SMHB00204,None,None,None
 Splitting Pain,SMHB00204,None,None,None
Skin Swelling,SMHB00204,0.041965,0.070815,1
 Migratory Pain,SMHB00204,None,None,None
Thermal Energy,SMHB00204,None,None,None
Swelling,SMHB00204,None,None,None
Coryza,SMHB00204,0.017783,0.045928,1
Ache,SMHB00204,None,None,None
Sore Eye,SMHB00204,0.041965,0.070815,1
Pharynx Disease,SMHB00204,0.041965,0.070815,1
Tonsillitis,SMHB00204,0.041965,0.070815,1
Throat Tightness,SMHB00204,6.00E-06,8.80E-05,0.147932
Tachypnea,SMHB00204,None,None,None
Pain Radiating,SMHB00204,None,None,None
Crushing Pain,SMHB00204,None,None,None
Common Cold,SMHB00204,0.017783,0.045928,1
Dental Abscess,SMHB00204,None,None,None
Pharyngolaryngeal Pain,SMHB00204,0.000296,0.0023,1
Chills And Fever,SMHB00204,0.002768,0.013936,1
Chills And Fever,SMHB00204,0.002768,0.013936,1
Edema Pharynx,SMHB00204,None,None,None
Oral Ulcer,SMHB00204,None,None,None
Hot Temperature,SMHB00204,None,None,None
Sutton'S Disease,SMHB00204,0.021203,0.04873,1
Fever,SMHB00204,0.000269,0.002139,1
Epizootic Lymphangitis,SMHB00204,0.021203,0.04873,1
Swelling Round Eyes: [periorbital Edema],SMHB00204,0.021203,0.04873,1
Unspecified Acute Tympanitis,SMHB00204,0.021203,0.04873,1
Stroke,SMHB00608,0.004064,0.018915,1
Numbness,SMHB00608,0.000201,0.00169,1
Trichophytosis,SMHB00608,0.037192,0.065886,1
Tinea,SMHB00608,0.003072,0.015061,1
Extremity Contracture,SMHB00608,0.024945,0.053056,1
Quadriplegic Spinal Paralysis,SMHB00608,0.049289,0.078752,1
 Cerebromedullospinal Disconnection,SMHB00608,0.049289,0.078752,1
Flaccid Tetraplegia,SMHB00608,0.049289,0.078752,1
Tinea Corporis,SMHB00608,0.037192,0.065886,1
Seizures,SMHB00608,1.00E-06,1.40E-05,0.016936
Infantile Hemiplegia,SMHB00608,0.024945,0.053056,1
Generalized Spasm,SMHB00608,0.049289,0.078752,1
 Cva Nos Acute,SMHB00608,0.003072,0.015061,1
Facial Paralysis,SMHB00608,0.037192,0.065886,1
Cramp In Limb,SMHB00608,0.049289,0.078752,1
Hemiplegia,SMHB00608,0.024945,0.053056,1
Spastic Hemiplegia,SMHB00608,0.024945,0.053056,1
Catalepsy,SMHB00608,0.037192,0.065886,1
" Hemiplegia, Post Ictal",SMHB00608,0.024945,0.053056,1
Flaccid Hemiplegia,SMHB00608,0.024945,0.053056,1
Transient Hemiplegia,SMHB00608,0.024945,0.053056,1
Ciliary Spasm,SMHB00608,0.037192,0.065886,1
Quadriplegia,SMHB00608,0.049289,0.078752,1
Habit Disorder,SMHB00608,7.00E-06,0.000103,0.174871
Epidermophytosis,SMHB00608,0.037192,0.065886,1
Vocal Tic,SMHB00608,7.00E-06,0.000103,0.174871
Motor Tics,SMHB00608,7.00E-06,0.000103,0.174871
General Discomfort,SMHB00608,0.024945,0.053056,1
Hemiparesis,SMHB00608,0.000898,0.005558,1
Difficulty Walking,SMHB00608,0.037192,0.065886,1
Alternate Hemiplegia,SMHB00608,0.024945,0.053056,1
Leprosy,SMHB00608,0.024945,0.053056,1
Scabies,SMHB00608,0.049289,0.078752,1
Tetanus,SMHB00608,0.012549,0.039351,1
 Physical Suffering,SMHB00210,None,None,None
Cough Productive,SMHB00210,None,None,None
"Sputums, Induced",SMHB00210,None,None,None
Hoarseness,SMHB00210,None,None,None
Dysuria,SMHB00210,3.00E-06,5.10E-05,0.079099
Hyperalgia,SMHB00210,None,None,None
Diarrhea,SMHB00210,None,None,None
Pain,SMHB00210,None,None,None
Micturition Disorder,SMHB00210,None,None,None
Cough,SMHB00210,None,None,None
Burning Pain,SMHB00210,None,None,None
 Splitting Pain,SMHB00210,None,None,None
Skin Breakdown,SMHB00210,0.013414,0.040487,1
Sputum,SMHB00210,None,None,None
 Migratory Pain,SMHB00210,None,None,None
Eczema,SMHB00210,None,None,None
Ache,SMHB00210,None,None,None
"Hoarseness, Neurogenic",SMHB00210,None,None,None
Prostatism,SMHB00210,0.013414,0.040487,1
 Urinary Tract Pain,SMHB00210,None,None,None
Throat Tightness,SMHB00210,None,None,None
Pain Radiating,SMHB00210,None,None,None
Crushing Pain,SMHB00210,None,None,None
Arthropathy,SMHB00210,None,None,None
Cough Persistent,SMHB00210,0.002527,0.01295,1
Sputum Purulent,SMHB00210,None,None,None
Pemphigus,SMHB00210,0.013414,0.040487,1
Right Flank Pain,SMHB00599,0.001525,0.008587,1
Pulse Weakness,SMHB00599,0.005808,0.024695,1
 Physical Suffering,SMHB00599,0.000156,0.001362,1
Gastric Disorder,SMHB00599,0.034325,0.062763,1
Vomiting Neonatal,SMHB00599,0.017309,0.045046,1
Hyperphagia,SMHB00599,0.017309,0.045046,1
Flank Pain,SMHB00599,0.001525,0.008587,1
Developmental Delay,SMHB00599,0.017309,0.045046,1
Malnutrition,SMHB00599,0.004194,0.01946,1
Urinary Tract Stone,SMHB00599,5.00E-06,7.30E-05,0.119215
Emesis,SMHB00599,4.90E-05,0.000526,1
Urolithiasis,SMHB00599,0.017309,0.045046,1
Pain,SMHB00599,0.000306,0.002368,1
Burning Pain,SMHB00599,0.000156,0.001362,1
 Splitting Pain,SMHB00599,0.000156,0.001362,1
Bed-Wetting,SMHB00599,0.017309,0.045046,1
 Migratory Pain,SMHB00599,0.000156,0.001362,1
Ache,SMHB00599,0.000538,0.003714,1
 Urinary Tract Pain,SMHB00599,0.002827,0.014204,1
Aphagia,SMHB00599,0.017309,0.045046,1
Left Flank Pain,SMHB00599,0.001525,0.008587,1
Pain Radiating,SMHB00599,0.000156,0.001362,1
Crushing Pain,SMHB00599,0.000156,0.001362,1
" Disease Of Vocal Cords, Nos",SMHB00599,1.90E-05,0.000241,0.471127
Abdomen Distention,SMHB00202,None,None,None
Cough Productive,SMHB00202,None,None,None
"Sputums, Induced",SMHB00202,None,None,None
Dyspnea,SMHB00202,0.027508,0.055251,1
Semiconsciousness,SMHB00202,None,None,None
Hyperalgia,SMHB00202,0.013847,0.040951,1
Alteration In Level Of Consciousness,SMHB00202,None,None,None
 Emotional Depression,SMHB00202,0.040985,0.069693,1
Cough,SMHB00202,None,None,None
Salivation,SMHB00202,None,None,None
Gasping,SMHB00202,0.040985,0.069693,1
Depressed Level Of Consciousness,SMHB00202,None,None,None
Bronchial Asthma,SMHB00202,None,None,None
Consciousness Disorder,SMHB00202,None,None,None
Sputum,SMHB00202,None,None,None
Chest Symptom Discomfort,SMHB00202,None,None,None
Stomach Cramps,SMHB00202,None,None,None
 Cough Increased,SMHB00202,0.013847,0.040951,1
 Stomach Discomfort,SMHB00202,None,None,None
Chest Symptom Heaviness,SMHB00202,0.002344,0.012194,1
Chest Symptom Heaviness,SMHB00202,0.002344,0.012194,1
Asthma Attack,SMHB00202,0.013847,0.040951,1
Cough Persistent,SMHB00202,0.002692,0.013583,1
Sputum Purulent,SMHB00202,None,None,None
Respiratory Distress,SMHB00202,0.027508,0.055251,1
Cough Productive,SMHB00211,None,None,None
"Sputums, Induced",SMHB00211,None,None,None
Vertebrogenic Pain Syndrome,SMHB00211,None,None,None
Anasarca,SMHB00211,None,None,None
Feces Incontinence,SMHB00211,0.027508,0.055251,1
Dyspnea,SMHB00211,0.027508,0.055251,1
Edema,SMHB00211,None,None,None
Hyperalgia,SMHB00211,0.013847,0.040951,1
Functional Encopresis,SMHB00211,0.027508,0.055251,1
Ascites,SMHB00211,None,None,None
Back Pain Without Radiation Nos,SMHB00211,None,None,None
Back Pain With Radiation,SMHB00211,None,None,None
Cold Sensation,SMHB00211,None,None,None
Cough,SMHB00211,None,None,None
Hiccups,SMHB00211,None,None,None
Gasping,SMHB00211,0.040985,0.069693,1
Bronchial Asthma,SMHB00211,None,None,None
Hand Swelling,SMHB00211,0.013847,0.040951,1
Flatulence,SMHB00211,None,None,None
Sputum,SMHB00211,None,None,None
Carbuncle,SMHB00211,None,None,None
 Cough Increased,SMHB00211,0.013847,0.040951,1
Skin Ulcer(S),SMHB00211,None,None,None
Swelling,SMHB00211,None,None,None
Ache,SMHB00211,None,None,None
Backache,SMHB00211,None,None,None
Bloating Feeling,SMHB00211,None,None,None
Asthma Attack,SMHB00211,0.013847,0.040951,1
Cough Persistent,SMHB00211,0.002692,0.013583,1
Lower Extremity Paresthesia,SMHB00211,None,None,None
King Evil,SMHB00211,None,None,None
Respiratory Distress,SMHB00211,0.027508,0.055251,1
Pleural Effusion Disorder,SMHB00211,0.013847,0.040951,1
Dyssomnia,SMHB00214,0.035175,0.063716,1
Haemorrhage Ant Chamber Eye,SMHB00214,None,None,None
Insomnia,SMHB00214,0.000173,0.001479,1
Hemorrhage,SMHB00214,None,None,None
 Physical Suffering,SMHB00214,None,None,None
Angina Symptoms,SMHB00214,0.017741,0.045849,1
Hemoptysis,SMHB00214,None,None,None
Bright Red Blood Per Rectum,SMHB00214,None,None,None
Petechia,SMHB00214,0.006097,0.025549,1
Subwakefullness Syndromes,SMHB00214,0.035175,0.063716,1
Soft Tissue Injury,SMHB00214,0.000307,0.002375,1
Hematemesis,SMHB00214,None,None,None
"Melena
",SMHB00214,0.000307,0.002375,1
Hyperalgia,SMHB00214,None,None,None
Pterygium,SMHB00214,None,None,None
Palpitation(S),SMHB00214,0.012631,0.039596,1
Tongue Disorder,SMHB00214,None,None,None
Pain,SMHB00214,None,None,None
Bronchiectasis,SMHB00214,0.000307,0.002375,1
Burning Pain,SMHB00214,None,None,None
 Long Sleeper Syndrome,SMHB00214,0.035175,0.063716,1
 Splitting Pain,SMHB00214,None,None,None
 Migratory Pain,SMHB00214,None,None,None
 Sleep-Related Neurogenic Tachypnoea,SMHB00214,0.035175,0.063716,1
Short-Sleeper,SMHB00214,0.035175,0.063716,1
Uterine Bleeding,SMHB00214,0.006097,0.025549,1
Swelling,SMHB00214,None,None,None
Ache,SMHB00214,None,None,None
Sleep Disorder,SMHB00214,0.001802,0.009861,1
Lips Bleeding,SMHB00214,0.017741,0.045849,1
Metrorrhagia,SMHB00214,None,None,None
Skin Disorder,SMHB00214,1.00E-05,0.000141,0.250161
Pain Radiating,SMHB00214,None,None,None
Crushing Pain,SMHB00214,None,None,None
Vaginal Bleeding,SMHB00214,0.017741,0.045849,1
Smarting,SMHB00214,None,None,None
Poor Quality Sleep,SMHB00214,0.017741,0.045849,1
Purpura,SMHB00214,0.00297,0.014817,1
Gastric Ulcer Bleeding,SMHB00214,0.017741,0.045849,1
Sharp Headache,SMHB00212,None,None,None
 Physical Suffering,SMHB00212,None,None,None
Presyncope,SMHB00212,None,None,None
Heaviness Of Head,SMHB00212,0.027508,0.055251,1
Catarrh,SMHB00212,None,None,None
"Headache, Periorbital",SMHB00212,None,None,None
Bilateral Headache,SMHB00212,None,None,None
Bright Red Blood Per Rectum,SMHB00212,None,None,None
Ocular Headache,SMHB00212,None,None,None
 Red,SMHB00212,0.013847,0.040951,1
Headache Throbbing,SMHB00212,None,None,None
Hyperalgia,SMHB00212,None,None,None
Radiculopathy,SMHB00212,0.013847,0.040951,1
Vidian Neuralgia,SMHB00212,0.040985,0.069693,1
Orthostatic Headache,SMHB00212,None,None,None
Nerve Root Disorder,SMHB00212,0.013847,0.040951,1
Pain,SMHB00212,None,None,None
Abortion,SMHB00212,0.013847,0.040951,1
Perineal Neuralgia,SMHB00212,0.040985,0.069693,1
Iliohypogastric Nerve Neuralgia,SMHB00212,0.040985,0.069693,1
Stump Neuralgia,SMHB00212,0.040985,0.069693,1
Burning Pain,SMHB00212,None,None,None
 Splitting Pain,SMHB00212,None,None,None
"Neuralgia, Sluder",SMHB00212,0.013847,0.040951,1
Paroxysmal Nerve Pain,SMHB00212,0.040985,0.069693,1
Measles,SMHB00212,0.027508,0.055251,1
Bronchial Asthma,SMHB00212,None,None,None
Cervical Radiculopathy,SMHB00212,0.013847,0.040951,1
Trigeminal Autonomic Cephalgia,SMHB00212,0.013847,0.040951,1
 Migratory Pain,SMHB00212,None,None,None
Nerve Root Pain,SMHB00212,0.013847,0.040951,1
Neuralgia Facial,SMHB00212,0.013847,0.040951,1
Hemorrhage Postpartum,SMHB00212,None,None,None
Skin Ulcer(S),SMHB00212,None,None,None
Coryza,SMHB00212,None,None,None
Ache,SMHB00212,None,None,None
Neuralgia,SMHB00212,0.040985,0.069693,1
Influenza,SMHB00212,0.027508,0.055251,1
Eyelid Irritation,SMHB00212,0.013847,0.040951,1
 Generalised Headache,SMHB00212,None,None,None
 Face Injury,SMHB00212,0.013847,0.040951,1
"Avulsion, Nerve Root",SMHB00212,0.013847,0.040951,1
Supraorbital Neuralgia,SMHB00212,0.040985,0.069693,1
Metrorrhagia,SMHB00212,None,None,None
Pain Radiating,SMHB00212,None,None,None
Crushing Pain,SMHB00212,None,None,None
Vertex Headache,SMHB00212,None,None,None
"Headache, Retro-Ocular",SMHB00212,None,None,None
Common Cold,SMHB00212,None,None,None
Compression Nerve Root,SMHB00212,0.013847,0.040951,1
Atypical Neuralgia,SMHB00212,0.040985,0.069693,1
"Headache, Dull",SMHB00212,None,None,None
Ilioinguinal Neuralgia,SMHB00212,0.040985,0.069693,1
Headache Unilateral,SMHB00212,None,None,None
Radiculitis,SMHB00212,0.013847,0.040951,1
Tenderness,SMHB00212,0.027508,0.055251,1
Myofacial Pain Syndrome,SMHB00212,0.013847,0.040951,1
Headache,SMHB00212,None,None,None
Abnormal Stools,SMHB00212,0.009453,0.03422,1
Nerve Pain,SMHB00212,0.040985,0.069693,1
Sharp Headache,SMHB00213,None,None,None
 Physical Suffering,SMHB00213,None,None,None
Presyncope,SMHB00213,None,None,None
Heaviness Of Head,SMHB00213,0.022379,0.050405,1
Catarrh,SMHB00213,None,None,None
"Headache, Periorbital",SMHB00213,None,None,None
Bilateral Headache,SMHB00213,None,None,None
Bright Red Blood Per Rectum,SMHB00213,None,None,None
Ocular Headache,SMHB00213,None,None,None
 Red,SMHB00213,0.011251,0.037373,1
Headache Throbbing,SMHB00213,None,None,None
Hyperalgia,SMHB00213,None,None,None
Radiculopathy,SMHB00213,0.011251,0.037373,1
Vidian Neuralgia,SMHB00213,0.033388,0.061682,1
Orthostatic Headache,SMHB00213,None,None,None
Nerve Root Disorder,SMHB00213,0.011251,0.037373,1
Pain,SMHB00213,None,None,None
Abortion,SMHB00213,0.011251,0.037373,1
Perineal Neuralgia,SMHB00213,0.033388,0.061682,1
Iliohypogastric Nerve Neuralgia,SMHB00213,0.033388,0.061682,1
Stump Neuralgia,SMHB00213,0.033388,0.061682,1
Burning Pain,SMHB00213,None,None,None
 Splitting Pain,SMHB00213,None,None,None
"Neuralgia, Sluder",SMHB00213,0.011251,0.037373,1
Paroxysmal Nerve Pain,SMHB00213,0.033388,0.061682,1
Measles,SMHB00213,0.022379,0.050405,1
Cervical Radiculopathy,SMHB00213,0.011251,0.037373,1
Trigeminal Autonomic Cephalgia,SMHB00213,0.011251,0.037373,1
 Migratory Pain,SMHB00213,None,None,None
Nerve Root Pain,SMHB00213,0.011251,0.037373,1
Neuralgia Facial,SMHB00213,0.011251,0.037373,1
Hemorrhage Postpartum,SMHB00213,None,None,None
Skin Ulcer(S),SMHB00213,None,None,None
Coryza,SMHB00213,None,None,None
Ache,SMHB00213,None,None,None
Neuralgia,SMHB00213,0.033388,0.061682,1
 Generalised Headache,SMHB00213,None,None,None
 Face Injury,SMHB00213,0.011251,0.037373,1
"Avulsion, Nerve Root",SMHB00213,0.011251,0.037373,1
Supraorbital Neuralgia,SMHB00213,0.033388,0.061682,1
Metrorrhagia,SMHB00213,None,None,None
Pain Radiating,SMHB00213,None,None,None
Crushing Pain,SMHB00213,None,None,None
Vertex Headache,SMHB00213,None,None,None
"Headache, Retro-Ocular",SMHB00213,None,None,None
Common Cold,SMHB00213,None,None,None
Compression Nerve Root,SMHB00213,0.011251,0.037373,1
Atypical Neuralgia,SMHB00213,0.033388,0.061682,1
"Headache, Dull",SMHB00213,None,None,None
Ilioinguinal Neuralgia,SMHB00213,0.033388,0.061682,1
Headache Unilateral,SMHB00213,None,None,None
Radiculitis,SMHB00213,0.011251,0.037373,1
Tenderness,SMHB00213,0.022379,0.050405,1
Myofacial Pain Syndrome,SMHB00213,0.011251,0.037373,1
Headache,SMHB00213,None,None,None
Nerve Pain,SMHB00213,0.033388,0.061682,1
Presyncope,SMHB00616,0.046681,0.076544,1
Bright Red Blood Per Rectum,SMHB00616,0.018916,0.04715,1
"Melena
",SMHB00616,2.10E-05,0.000259,0.510787
Uterine Bleeding,SMHB00616,3.00E-06,4.60E-05,0.068961
Hemorrhage Postpartum,SMHB00616,2.20E-05,0.000277,0.554767
Hemorrhoid Bleeding,SMHB00616,0.014218,0.041556,1
Metrorrhagia,SMHB00616,4.00E-06,6.80E-05,0.11005
Menorrhagia,SMHB00616,0.000427,0.00309,1
Menometrorrhagia,SMHB00616,0.000427,0.00309,1
Presyncope,SMHB00615,0.046681,0.076544,1
Bright Red Blood Per Rectum,SMHB00615,0.018916,0.04715,1
"Melena
",SMHB00615,2.10E-05,0.000259,0.510787
Uterine Bleeding,SMHB00615,3.00E-06,4.60E-05,0.068961
Hemorrhage Postpartum,SMHB00615,2.20E-05,0.000277,0.554767
Hemorrhoid Bleeding,SMHB00615,0.014218,0.041556,1
Metrorrhagia,SMHB00615,4.00E-06,6.80E-05,0.11005
Menorrhagia,SMHB00615,0.000427,0.00309,1
Menometrorrhagia,SMHB00615,0.000427,0.00309,1
Mania,SMHB00610,0.040924,0.069693,1
Irritability,SMHB00610,0.000308,0.00238,1
Behavior Disorder,SMHB00610,0.020667,0.048222,1
Seizures,SMHB00610,0,0,4.00E-05
Boredom,SMHB00610,0.030846,0.058607,1
Gasping,SMHB00610,0.030846,0.058607,1
Convulsions Neonatal,SMHB00610,0.030846,0.058607,1
Mental Disorder,SMHB00610,0.020667,0.048222,1
Habit Disorder,SMHB00610,4.00E-06,6.10E-05,0.097022
Vocal Tic,SMHB00610,4.00E-06,6.10E-05,0.097022
Motor Tics,SMHB00610,4.00E-06,6.10E-05,0.097022
Diagnosis Psychiatric,SMHB00610,0.010385,0.03576,1
Chest Symptom Heaviness,SMHB00610,3.90E-05,0.000433,0.963115
Chest Symptom Heaviness,SMHB00610,3.90E-05,0.000433,0.963115
Pharyngolaryngitis,SMHB00673,0.023235,0.051423,1
Larynx,SMHB00673,0.001287,0.007435,1
Laryngopharyngeal Dysaesthesia,SMHB00673,2.80E-05,0.000332,0.689495
Localized; Swelling,SMHB00673,0.001916,0.010349,1
Laryngeal Pain,SMHB00673,0.011683,0.038067,1
Hemoptysis,SMHB00673,0.003526,0.016872,1
Laryngeal Edema,SMHB00673,0.011683,0.038067,1
Caustic Injury,SMHB00673,0.034657,0.062952,1
Smarting Of Skin,SMHB00673,0.011683,0.038067,1
Hematoma,SMHB00673,0.023235,0.051423,1
Skin Pain,SMHB00673,0.011683,0.038067,1
Skin Swelling,SMHB00673,0.023235,0.051423,1
Ache,SMHB00673,0.028601,0.056313,1
Pharynx Disease,SMHB00673,0.023235,0.051423,1
Tonsillitis,SMHB00673,0.023235,0.051423,1
Throat Tightness,SMHB00673,1.00E-06,1.00E-05,0.01254
Pharyngolaryngeal Pain,SMHB00673,1.00E-06,1.00E-05,0.01254
Edema Pharynx,SMHB00673,0.000392,0.002868,1
Pharyngolaryngitis,SMHB00203,0.036875,0.065606,1
Skin Decubitus Ulcer(S),SMHB00203,None,None,None
Larynx,SMHB00203,0.003264,0.015901,1
Right Flank Pain,SMHB00203,None,None,None
Laryngopharyngeal Dysaesthesia,SMHB00203,0.000116,0.001063,1
Tongue Ulcer,SMHB00203,0.036875,0.065606,1
Abdominal Tenderness,SMHB00203,0.018607,0.046865,1
Localized; Swelling,SMHB00203,0.004839,0.02177,1
 Physical Suffering,SMHB00203,0.003403,0.016389,1
Laryngeal Pain,SMHB00203,0.018607,0.046865,1
Vertebrogenic Pain Syndrome,SMHB00203,None,None,None
Flank Pain,SMHB00203,None,None,None
Laryngeal Edema,SMHB00203,0.018607,0.046865,1
Abdominal Pain,SMHB00203,None,None,None
Smarting Of Skin,SMHB00203,0.018607,0.046865,1
Hematoma,SMHB00203,0.036875,0.065606,1
Eye Disorder,SMHB00203,None,None,None
Skin Pain,SMHB00203,0.018607,0.046865,1
Jaundice,SMHB00203,None,None,None
Pain,SMHB00203,0.005488,0.023908,1
Back Pain Without Radiation Nos,SMHB00203,None,None,None
Back Pain With Radiation,SMHB00203,None,None,None
Burning Pain,SMHB00203,0.003403,0.016389,1
 Splitting Pain,SMHB00203,0.003403,0.016389,1
Skin Swelling,SMHB00203,0.036875,0.065606,1
Abdominal Cramp,SMHB00203,0.036875,0.065606,1
Hair Dryness,SMHB00203,None,None,None
Ocular Discomfort,SMHB00203,None,None,None
Diarrhea Acute,SMHB00203,0.018607,0.046865,1
 Migratory Pain,SMHB00203,0.003403,0.016389,1
Diarrhea Watery,SMHB00203,0.018607,0.046865,1
Ache,SMHB00203,0.000712,0.004637,1
Backache,SMHB00203,None,None,None
Scald,SMHB00203,None,None,None
Pharynx Disease,SMHB00203,0.036875,0.065606,1
Tonsillitis,SMHB00203,0.036875,0.065606,1
Throat Tightness,SMHB00203,3.00E-06,5.60E-05,0.086712
Left Flank Pain,SMHB00203,None,None,None
Pain Radiating,SMHB00203,0.003403,0.016389,1
Crushing Pain,SMHB00203,0.003403,0.016389,1
Pharyngolaryngeal Pain,SMHB00203,3.00E-06,5.60E-05,0.086712
Edema Pharynx,SMHB00203,0.001003,0.006114,1
General Abdominal Pain-Symptom,SMHB00203,0.018607,0.046865,1
Chilliness,SMHB00203,None,None,None
Stomatitis,SMHB00607,0.019472,0.04715,1
Oral Mucositis,SMHB00607,0.019472,0.04715,1
"Melena
",SMHB00607,0.000371,0.002762,1
Dyspnea,SMHB00607,0.038573,0.067295,1
Jaundice,SMHB00607,0.000361,0.002709,1
Cough,SMHB00607,0.000353,0.002663,1
Bronchiectasis,SMHB00607,0.000371,0.002762,1
Bronchial Asthma,SMHB00607,0.033148,0.061522,1
Uterine Bleeding,SMHB00607,4.00E-06,6.50E-05,0.104469
Hemorrhage Postpartum,SMHB00607,0.025238,0.053416,1
Lips Bleeding,SMHB00607,0.019472,0.04715,1
Metrorrhagia,SMHB00607,0.000361,0.002709,1
Vaginal Bleeding,SMHB00607,0.019472,0.04715,1
Asthma Attack,SMHB00607,0.019472,0.04715,1
Menorrhagia,SMHB00607,0.007318,0.029106,1
Menometrorrhagia,SMHB00607,0.007318,0.029106,1
Cough Persistent,SMHB00607,0.005293,0.023103,1
Gastric Ulcer Bleeding,SMHB00607,0.019472,0.04715,1
Oral Ulcer,SMHB00607,0.002171,0.01147,1
Sutton'S Disease,SMHB00607,0.019472,0.04715,1
Respiratory Distress,SMHB00607,0.038573,0.067295,1
Right Flank Pain,SMHB00205,None,None,None
 Physical Suffering,SMHB00205,None,None,None
Mechanical Low Back Pain,SMHB00205,None,None,None
Flank Pain,SMHB00205,None,None,None
Anasarca,SMHB00205,None,None,None
 Recurrent Low Back Pain,SMHB00205,None,None,None
Dysuria,SMHB00205,0.000274,0.002165,1
Edema,SMHB00205,None,None,None
Hyperalgia,SMHB00205,None,None,None
Bite Wound Insect,SMHB00205,0.015578,0.043506,1
Dermatosis Of Scalp,SMHB00205,0.030919,0.058607,1
Urinary Tract Stone,SMHB00205,None,None,None
Urolithiasis,SMHB00205,0.015578,0.043506,1
Jaundice,SMHB00205,None,None,None
Pain,SMHB00205,None,None,None
Micturition Disorder,SMHB00205,None,None,None
Burning Pain,SMHB00205,None,None,None
 Splitting Pain,SMHB00205,None,None,None
Discoloration Urine,SMHB00205,None,None,None
Discoloration Urine,SMHB00205,None,None,None
Loin Pain,SMHB00205,None,None,None
Postural Low Back Pain,SMHB00205,None,None,None
Urination Frequency,SMHB00205,None,None,None
 Migratory Pain,SMHB00205,None,None,None
Carbuncle,SMHB00205,None,None,None
Swelling,SMHB00205,None,None,None
Ache,SMHB00205,None,None,None
 Urinary Tract Pain,SMHB00205,None,None,None
Dysentery,SMHB00205,None,None,None
Snake Venom Causing Toxic Effect,SMHB00205,None,None,None
Left Flank Pain,SMHB00205,None,None,None
Pain Radiating,SMHB00205,None,None,None
Crushing Pain,SMHB00205,None,None,None
Urine Abnormality,SMHB00205,None,None,None
Posterior Compartment Low Back Pain,SMHB00205,None,None,None
Urethral Pain,SMHB00205,None,None,None
Lower Extremity Paresthesia,SMHB00205,None,None,None
Gastric Ulcer Bleeding,SMHB00205,None,None,None
Pharyngolaryngitis,SMHB00206,0.0258,0.053532,1
Larynx,SMHB00206,1.90E-05,0.000245,0.481334
Pneumonia,SMHB00206,None,None,None
Laryngopharyngeal Dysaesthesia,SMHB00206,3.80E-05,0.000429,0.954227
Localized; Swelling,SMHB00206,0.002367,0.012274,1
 Physical Suffering,SMHB00206,None,None,None
Laryngeal Pain,SMHB00206,0.012981,0.039733,1
Empyema,SMHB00206,None,None,None
Laryngeal Edema,SMHB00206,0.012981,0.039733,1
Smarting Of Skin,SMHB00206,0.012981,0.039733,1
Hematoma,SMHB00206,0.0258,0.053532,1
Hyperalgia,SMHB00206,None,None,None
Skin Pain,SMHB00206,0.012981,0.039733,1
Pain,SMHB00206,None,None,None
Cough,SMHB00206,None,None,None
Burning Pain,SMHB00206,None,None,None
 Splitting Pain,SMHB00206,None,None,None
Skin Swelling,SMHB00206,0.0258,0.053532,1
Bronchial Asthma,SMHB00206,None,None,None
Pneumonia Lobar,SMHB00206,None,None,None
 Migratory Pain,SMHB00206,None,None,None
Carbuncle,SMHB00206,None,None,None
 Cough Increased,SMHB00206,0.012981,0.039733,1
Swelling,SMHB00206,None,None,None
Ache,SMHB00206,None,None,None
Pharynx Disease,SMHB00206,0.0258,0.053532,1
Tonsillitis,SMHB00206,0.0258,0.053532,1
Throat Tightness,SMHB00206,1.00E-06,1.50E-05,0.019521
Pain Radiating,SMHB00206,None,None,None
Crushing Pain,SMHB00206,None,None,None
Pharyngolaryngeal Pain,SMHB00206,1.00E-06,1.50E-05,0.019521
Edema Pharynx,SMHB00206,0.000485,0.003417,1
Experimental Lung Inflammation,SMHB00206,None,None,None
Lung Disorder,SMHB00206,0.038457,0.067282,1
 Physical Suffering,SMHB00609,0.000609,0.004088,1
Rheumatism,SMHB00609,0.040924,0.069693,1
Soft Tissue Injury,SMHB00609,0.000103,0.000968,1
Caustic Injury,SMHB00609,0.030846,0.058607,1
Muscle Weakness,SMHB00609,0.040924,0.069693,1
Colic,SMHB00609,0.030846,0.058607,1
Bite Wound Insect,SMHB00609,0.010385,0.03576,1
Pain,SMHB00609,0.001,0.006099,1
Bronchiectasis,SMHB00609,0.000103,0.000968,1
Burning Pain,SMHB00609,0.000609,0.004088,1
 Splitting Pain,SMHB00609,0.000609,0.004088,1
Abdominal Cramp,SMHB00609,0.020667,0.048222,1
Infantile Colic,SMHB00609,0.010385,0.03576,1
 Migratory Pain,SMHB00609,0.000609,0.004088,1
Musculoskeletal Pain,SMHB00609,0.020667,0.048222,1
Stomach Cramps,SMHB00609,0.010385,0.03576,1
Ache,SMHB00609,0.001522,0.008573,1
 Stomach Discomfort,SMHB00609,0.000413,0.003007,1
Snake Venom Causing Toxic Effect,SMHB00609,0.010385,0.03576,1
Lips Bleeding,SMHB00609,0.010385,0.03576,1
Pain Radiating,SMHB00609,0.000609,0.004088,1
Crushing Pain,SMHB00609,0.000609,0.004088,1
Vaginal Bleeding,SMHB00609,0.010385,0.03576,1
Gastric Ulcer Bleeding,SMHB00609,0.010385,0.03576,1
Vaginal Discharge White,SMHB00208,None,None,None
Renal Agenesis,SMHB00208,0.00952,0.03422,1
Vagina,SMHB00208,0.0283,0.05602,1
Diarrhea,SMHB00208,None,None,None
Nocturia,SMHB00208,0.00952,0.03422,1
Aplasia,SMHB00208,0.00952,0.03422,1
Polyuria,SMHB00208,0.018953,0.04715,1
"Diarrhea, Chronic",SMHB00208,None,None,None
Bed-Wetting,SMHB00208,0.00952,0.03422,1
Urination Frequency,SMHB00208,None,None,None
Uterine Bleeding,SMHB00208,2.60E-05,0.000307,0.634462
Hemorrhage Postpartum,SMHB00208,0.006335,0.026404,1
Enuresis,SMHB00208,None,None,None
 Nocturia Aggravated,SMHB00208,0.00952,0.03422,1
"Ejaculation
",SMHB00208,None,None,None
Dysentery,SMHB00208,None,None,None
Metrorrhagia,SMHB00208,None,None,None
Menorrhagia,SMHB00208,0.001766,0.009674,1
Menometrorrhagia,SMHB00208,0.001766,0.009674,1
Skin Benign Neoplasm,SMHB00208,None,None,None
Acne,SMHB00208,None,None,None
Pharyngolaryngitis,SMHB00207,None,None,None
Blanching Of Skin,SMHB00207,0.024232,0.052098,1
Larynx,SMHB00207,None,None,None
Erythrosis,SMHB00207,0.024232,0.052098,1
Tongue Ulcer,SMHB00207,0.047887,0.077434,1
Anosmia,SMHB00207,0.047887,0.077434,1
 Physical Suffering,SMHB00207,None,None,None
Heat Stroke,SMHB00207,None,None,None
Hyperphagia,SMHB00207,0.024232,0.052098,1
Catarrh,SMHB00207,None,None,None
Parotid Enlargement,SMHB00207,0.047887,0.077434,1
Cyst,SMHB00207,None,None,None
Facial Paresthesia,SMHB00207,0.024232,0.052098,1
Laryngeal Edema,SMHB00207,None,None,None
Erysipelas,SMHB00207,None,None,None
Miliaria,SMHB00207,None,None,None
Hyperalgia,SMHB00207,None,None,None
Disorder Of Smell,SMHB00207,0.047887,0.077434,1
Aplasia,SMHB00207,0.024232,0.052098,1
Dermatosis Of Scalp,SMHB00207,None,None,None
Pain,SMHB00207,None,None,None
Burning Pain,SMHB00207,None,None,None
 Splitting Pain,SMHB00207,None,None,None
Furuncle,SMHB00207,None,None,None
Thirst,SMHB00207,None,None,None
Furunculosis,SMHB00207,None,None,None
 Migratory Pain,SMHB00207,None,None,None
Carbuncle,SMHB00207,None,None,None
Thermal Energy,SMHB00207,None,None,None
Dental Discomfort,SMHB00207,0.024232,0.052098,1
Swelling,SMHB00207,None,None,None
Coryza,SMHB00207,None,None,None
Ache,SMHB00207,None,None,None
 Parotid Disease,SMHB00207,0.024232,0.052098,1
Prickly Heat,SMHB00207,None,None,None
Dysentery,SMHB00207,None,None,None
Ocular Icterus,SMHB00207,0.024232,0.052098,1
Pain Radiating,SMHB00207,None,None,None
Crushing Pain,SMHB00207,None,None,None
Parosmia,SMHB00207,0.047887,0.077434,1
Common Cold,SMHB00207,None,None,None
" Disease Of Vocal Cords, Nos",SMHB00207,5.30E-05,0.000562,1
Pharyngolaryngeal Pain,SMHB00207,None,None,None
Blotchy Rash,SMHB00207,0.024232,0.052098,1
Chills And Fever,SMHB00207,None,None,None
Chills And Fever,SMHB00207,None,None,None
Iron Deficiency Anemia,SMHB00207,None,None,None
Hot Temperature,SMHB00207,None,None,None
Fever,SMHB00207,None,None,None
Bloody Diarrhea,SMHB00207,0.047887,0.077434,1
Sharp Headache,SMHB00193,None,None,None
Limb Anomaly Congenital,SMHB00193,None,None,None
"Headache, Periorbital",SMHB00193,None,None,None
Vertebrogenic Pain Syndrome,SMHB00193,None,None,None
Bilateral Headache,SMHB00193,None,None,None
Ocular Headache,SMHB00193,None,None,None
Soft Tissue Injury,SMHB00193,4.50E-05,0.000489,1
Abdominal Pain,SMHB00193,None,None,None
Malnutrition,SMHB00193,0.000664,0.00437,1
Headache Throbbing,SMHB00193,None,None,None
Caustic Injury,SMHB00193,None,None,None
Muscle Weakness,SMHB00193,0.027425,0.055251,1
Pupil Dilated,SMHB00193,None,None,None
Orthostatic Headache,SMHB00193,None,None,None
Jaundice,SMHB00193,0.001229,0.007161,1
Eating Disorder,SMHB00193,None,None,None
Back Pain Without Radiation Nos,SMHB00193,None,None,None
Back Pain With Radiation,SMHB00193,None,None,None
Cough,SMHB00193,None,None,None
Generalized Spasm,SMHB00193,None,None,None
Spasm,SMHB00193,None,None,None
Bronchial Asthma,SMHB00193,None,None,None
Skin Breakdown,SMHB00193,0.006923,0.027968,1
Leukopenia,SMHB00193,None,None,None
Musculoskeletal Pain,SMHB00193,0.013802,0.040951,1
Hepatosplenomegaly,SMHB00193,0.013802,0.040951,1
Ache,SMHB00193,None,None,None
Backache,SMHB00193,None,None,None
Scald,SMHB00193,4.50E-05,0.000489,1
Pharynx Disease,SMHB00193,None,None,None
Ciliary Spasm,SMHB00193,None,None,None
Sweating Sickness,SMHB00193,None,None,None
 Generalised Headache,SMHB00193,None,None,None
Anal Bleeding,SMHB00193,None,None,None
 Stomach Discomfort,SMHB00193,None,None,None
Vertex Headache,SMHB00193,None,None,None
"Headache, Retro-Ocular",SMHB00193,None,None,None
" Disease Of Vocal Cords, Nos",SMHB00193,None,None,None
Headache Unilateral,SMHB00193,None,None,None
Headache,SMHB00193,None,None,None
King Evil,SMHB00193,None,None,None
Appendicitis,SMHB00193,0.020636,0.048222,1
Bites Insect Stings,SMHB00193,0.020636,0.048222,1
Burn Injury,SMHB00193,0.03417,0.062682,1
Dermatitis,SMHB00193,0.006923,0.027968,1
 Physical Suffering,SMHB00501,9.00E-06,0.000128,0.224302
Rheumatism,SMHB00501,0.034192,0.062682,1
Toothache,SMHB00501,0.001046,0.006315,1
Smarting Of Skin,SMHB00501,0.008654,0.032544,1
Hematoma,SMHB00501,0.017237,0.045046,1
Muscle Weakness,SMHB00501,0.034192,0.062682,1
Colic,SMHB00501,0.02575,0.053532,1
Skin Pain,SMHB00501,0.008654,0.032544,1
Bite Wound Insect,SMHB00501,0.008654,0.032544,1
Pain,SMHB00501,1.80E-05,0.000231,0.449043
Burning Pain,SMHB00501,9.00E-06,0.000128,0.224302
 Splitting Pain,SMHB00501,9.00E-06,0.000128,0.224302
Skin Swelling,SMHB00501,0.017237,0.045046,1
Abdominal Cramp,SMHB00501,0.017237,0.045046,1
Infantile Colic,SMHB00501,0.008654,0.032544,1
 Migratory Pain,SMHB00501,9.00E-06,0.000128,0.224302
Musculoskeletal Pain,SMHB00501,0.017237,0.045046,1
Ache,SMHB00501,1.00E-06,1.60E-05,0.021437
 Stomach Discomfort,SMHB00501,0.000236,0.001923,1
Pain Radiating,SMHB00501,9.00E-06,0.000128,0.224302
Crushing Pain,SMHB00501,9.00E-06,0.000128,0.224302
Snake Bites,SMHB00501,0.008654,0.032544,1
Abdomen Distention,SMHB00650,0,8.00E-06,0.009081
Pharyngolaryngitis,SMHB00650,0.049575,0.078983,1
Blanching Of Skin,SMHB00650,0.025097,0.053152,1
Larynx,SMHB00650,0.005898,0.025047,1
Laryngopharyngeal Dysaesthesia,SMHB00650,0.000285,0.002226,1
Abdominal Tenderness,SMHB00650,0.025097,0.053152,1
Localized; Swelling,SMHB00650,0.008704,0.032713,1
 Physical Suffering,SMHB00650,0.000667,0.004371,1
Laryngeal Pain,SMHB00650,0.025097,0.053152,1
Soft Tissue Injury,SMHB00650,0.000619,0.004146,1
Laryngeal Edema,SMHB00650,0.025097,0.053152,1
Smarting Of Skin,SMHB00650,0.025097,0.053152,1
Hematoma,SMHB00650,0.049575,0.078983,1
Skin Pain,SMHB00650,0.025097,0.053152,1
Pain,SMHB00650,0.001283,0.00742,1
Burning Pain,SMHB00650,0.000667,0.004371,1
 Splitting Pain,SMHB00650,0.000667,0.004371,1
Skin Swelling,SMHB00650,0.049575,0.078983,1
Skin Breakdown,SMHB00650,0.025097,0.053152,1
 Migratory Pain,SMHB00650,0.000667,0.004371,1
Musculoskeletal Pain,SMHB00650,0.049575,0.078983,1
Ache,SMHB00650,0.000199,0.001675,1
Pharynx Disease,SMHB00650,0.049575,0.078983,1
Tonsillitis,SMHB00650,0.049575,0.078983,1
 name Dilation,SMHB00650,0.000285,0.002226,1
Throat Tightness,SMHB00650,1.20E-05,0.000161,0.293421
Pain Radiating,SMHB00650,0.000667,0.004371,1
Crushing Pain,SMHB00650,0.000667,0.004371,1
Pharyngolaryngeal Pain,SMHB00650,1.20E-05,0.000161,0.293421
Chills And Fever,SMHB00650,0.004487,0.020497,1
Chills And Fever,SMHB00650,0.004487,0.020497,1
Edema Pharynx,SMHB00650,0.001828,0.009974,1
General Abdominal Pain-Symptom,SMHB00650,0.025097,0.053152,1
Fever,SMHB00650,0.000519,0.003613,1
Right Flank Pain,SMHB00215,None,None,None
 Physical Suffering,SMHB00215,None,None,None
Vaginal Discharge White,SMHB00215,None,None,None
Mechanical Low Back Pain,SMHB00215,0,0,0
Flank Pain,SMHB00215,None,None,None
 Recurrent Low Back Pain,SMHB00215,0,0,0
Rheumatoid Arthritis,SMHB00215,None,None,None
Vagina,SMHB00215,0.039722,0.068318,1
Hyperalgia,SMHB00215,None,None,None
Palpitation(S),SMHB00215,None,None,None
Yang Deficiency,SMHB00215,None,None,None
Nocturia,SMHB00215,0.013414,0.040487,1
Pain,SMHB00215,None,None,None
Knee(S) Pain,SMHB00215,None,None,None
Polyuria,SMHB00215,0.026654,0.054547,1
Vaginal Discharge,SMHB00215,0.039722,0.068318,1
Burning Pain,SMHB00215,None,None,None
 Splitting Pain,SMHB00215,None,None,None
Bed-Wetting,SMHB00215,0.013414,0.040487,1
Loin Pain,SMHB00215,0,8.00E-06,0.009686
Postural Low Back Pain,SMHB00215,0,0,0
Urination Frequency,SMHB00215,None,None,None
 Migratory Pain,SMHB00215,None,None,None
Neck Injury,SMHB00215,None,None,None
Ache,SMHB00215,None,None,None
Enuresis,SMHB00215,None,None,None
Neck Stiffness,SMHB00215,None,None,None
 Nocturia Aggravated,SMHB00215,0.013414,0.040487,1
"Ejaculation
",SMHB00215,None,None,None
Left Flank Pain,SMHB00215,None,None,None
Gonorrhea,SMHB00215,None,None,None
Pain Radiating,SMHB00215,None,None,None
Crushing Pain,SMHB00215,None,None,None
Posterior Compartment Low Back Pain,SMHB00215,0,0,0
Right Flank Pain,SMHB00502,0,0,0.000406
Mechanical Low Back Pain,SMHB00502,0,0,0
Flank Pain,SMHB00502,0,0,0.000406
 Recurrent Low Back Pain,SMHB00502,0,0,0
Colic,SMHB00502,0.033388,0.061682,1
 Liver Pain,SMHB00502,0.011251,0.037373,1
Liver Tender,SMHB00502,0.000122,0.001114,1
Knee(S) Pain,SMHB00502,0.000363,0.002713,1
Abdominal Cramp,SMHB00502,0.022379,0.050405,1
Loin Pain,SMHB00502,0,4.00E-06,0.004618
Postural Low Back Pain,SMHB00502,0,0,0
Infantile Colic,SMHB00502,0.011251,0.037373,1
 Stomach Discomfort,SMHB00502,0.000526,0.003658,1
Left Flank Pain,SMHB00502,0,0,0.000406
Bloating Feeling,SMHB00502,0.033388,0.061682,1
Posterior Compartment Low Back Pain,SMHB00502,0,0,0
Have Pain,SMHB00502,0.011251,0.037373,1
Heat Stroke,SMHB00195,None,None,None
Hematuria,SMHB00195,None,None,None
Soft Tissue Injury,SMHB00195,5.70E-05,0.0006,1
Dysuria,SMHB00195,None,None,None
Diarrhea,SMHB00195,None,None,None
Urinary Tract Stone,SMHB00195,None,None,None
Urolithiasis,SMHB00195,0.007789,0.030277,1
Jaundice,SMHB00195,None,None,None
"Diarrhea, Chronic",SMHB00195,0.000171,0.001471,1
Carbuncle,SMHB00195,None,None,None
Blood Urine Present,SMHB00195,None,None,None
Skin Ulcer(S),SMHB00195,None,None,None
Diarrhea Watery,SMHB00195,0.007789,0.030277,1
Urine Rbc,SMHB00195,None,None,None
Iron Deficiency Anemia,SMHB00195,None,None,None
Abasia,SMHB00194,None,None,None
Numbness,SMHB00194,None,None,None
 Physical Suffering,SMHB00194,None,None,None
Rheumatism,SMHB00194,None,None,None
Menstrual Cramp,SMHB00194,None,None,None
Polymenorrhea,SMHB00194,None,None,None
Oral Dyskinesia,SMHB00194,0.039722,0.068318,1
 Anemic,SMHB00194,0.026654,0.054547,1
Hemorrhoids,SMHB00194,None,None,None
Amenorrhea,SMHB00194,0.039722,0.068318,1
Abdominal Pain,SMHB00194,None,None,None
Paralysis Spastic,SMHB00194,None,None,None
Hematoma,SMHB00194,None,None,None
Hyperalgia,SMHB00194,None,None,None
"Amenorrhea, Postpartum",SMHB00194,0.039722,0.068318,1
Pain,SMHB00194,None,None,None
Menses Abnormal,SMHB00194,None,None,None
Buerger Disease,SMHB00194,None,None,None
Anemia,SMHB00194,0.013414,0.040487,1
Arthritic Pains,SMHB00194,None,None,None
Burning Pain,SMHB00194,None,None,None
Abnormal Menstrual Cycle,SMHB00194,0.013414,0.040487,1
 Splitting Pain,SMHB00194,None,None,None
Lip Paresthesia,SMHB00194,0.013414,0.040487,1
Skin Thickening,SMHB00194,0.013414,0.040487,1
 Migratory Pain,SMHB00194,None,None,None
Musculoskeletal Pain,SMHB00194,0.026654,0.054547,1
Oligomenorrhea,SMHB00194,0.001028,0.006237,1
Status Marmoratus,SMHB00194,0.039722,0.068318,1
Ache,SMHB00194,None,None,None
 Hypomenorrhea,SMHB00194,None,None,None
Movement Disorder,SMHB00194,0.039722,0.068318,1
Pain Radiating,SMHB00194,None,None,None
Crushing Pain,SMHB00194,None,None,None
Menopause,SMHB00194,None,None,None
Retrograde Menstruation,SMHB00194,None,None,None
Orofacial Dyskinesia,SMHB00194,0.039722,0.068318,1
Intermittant Vertigo,SMHB00142,0.040872,0.069693,1
Hemoptysis,SMHB00142,None,None,None
Vertigo Postural,SMHB00142,0.040872,0.069693,1
Vertigo Central Origin,SMHB00142,0.040872,0.069693,1
Hot Flash,SMHB00142,None,None,None
Brain Stem Vertigo,SMHB00142,0.040872,0.069693,1
 Orthostasis,SMHB00142,None,None,None
Tuberculosis,SMHB00142,None,None,None
Lightheadedness,SMHB00142,None,None,None
 Essential Vertigo,SMHB00142,0.040872,0.069693,1
Dizziness,SMHB00142,None,None,None
 Vertigo Paroxysmal,SMHB00142,0.040872,0.069693,1
Constant Vertigo,SMHB00142,0.040872,0.069693,1
Peripheral Vertigo,SMHB00142,0.040872,0.069693,1
Liver Function Abnormal,SMHB00142,0.006923,0.027968,1
Renal Failure Adverse Event,SMHB00142,0.013802,0.040951,1
Sharp Headache,SMHB00217,None,None,None
 Physical Suffering,SMHB00217,None,None,None
 Overinclusion,SMHB00217,0.029857,0.057827,1
Intermittant Vertigo,SMHB00217,None,None,None
Catarrh,SMHB00217,None,None,None
Eye Pain,SMHB00217,0.005072,0.022474,1
"Headache, Periorbital",SMHB00217,None,None,None
Bilateral Headache,SMHB00217,None,None,None
Vertigo,SMHB00217,None,None,None
 Zoophaginae,SMHB00217,None,None,None
Other Conjunctivitis Nos,SMHB00217,0.029857,0.057827,1
Ocular Headache,SMHB00217,None,None,None
Vertigo Postural,SMHB00217,None,None,None
Renal Agenesis,SMHB00217,0.029857,0.057827,1
Parotid Enlargement,SMHB00217,None,None,None
Facial Paresthesia,SMHB00217,0.029857,0.057827,1
"Diplopia, Unilateral",SMHB00217,0.029857,0.057827,1
Vertigo Central Origin,SMHB00217,None,None,None
Headache Throbbing,SMHB00217,None,None,None
Smarting Of Skin,SMHB00217,0.029857,0.057827,1
Hyperalgia,SMHB00217,None,None,None
Radiculopathy,SMHB00217,0.029857,0.057827,1
Idiopathic Inflammatory Myositis,SMHB00217,None,None,None
Pupil Dilated,SMHB00217,0.029857,0.057827,1
Brain Stem Vertigo,SMHB00217,None,None,None
Skin Pain,SMHB00217,0.029857,0.057827,1
Virus,SMHB00217,None,None,None
Animal Virus,SMHB00217,None,None,None
Myopathy,SMHB00217,None,None,None
Orthostatic Headache,SMHB00217,None,None,None
"Diplopias, Intermittent",SMHB00217,0.029857,0.057827,1
Nerve Root Disorder,SMHB00217,0.029857,0.057827,1
Pain,SMHB00217,None,None,None
Refractive Diplopia,SMHB00217,0.029857,0.057827,1
Attention Disorders,SMHB00217,0.029857,0.057827,1
Blurred Vision,SMHB00217,0.012196,0.038979,1
Burning Pain,SMHB00217,None,None,None
 Polyopsias,SMHB00217,0.029857,0.057827,1
 Orthostasis,SMHB00217,None,None,None
 Splitting Pain,SMHB00217,None,None,None
Motion Sickness,SMHB00217,0.000879,0.00546,1
Lightheadedness,SMHB00217,None,None,None
"Neuralgia, Sluder",SMHB00217,0.029857,0.057827,1
Ocular Discomfort,SMHB00217,None,None,None
Cervical Radiculopathy,SMHB00217,0.029857,0.057827,1
 Essential Vertigo,SMHB00217,None,None,None
Infective Myositis,SMHB00217,None,None,None
 Diplopia Vertical,SMHB00217,0.029857,0.057827,1
Trigeminal Autonomic Cephalgia,SMHB00217,0.029857,0.057827,1
Air Sickness,SMHB00217,0.000879,0.00546,1
Diplopia,SMHB00217,0.029857,0.057827,1
 Migratory Pain,SMHB00217,None,None,None
Carbuncle,SMHB00217,None,None,None
Thermal Energy,SMHB00217,None,None,None
Dizziness,SMHB00217,None,None,None
Nerve Root Pain,SMHB00217,0.029857,0.057827,1
Myositis,SMHB00217,None,None,None
Dental Discomfort,SMHB00217,0.029857,0.057827,1
Neuralgia Facial,SMHB00217,0.029857,0.057827,1
Cortical Diplopia,SMHB00217,0.029857,0.057827,1
Swelling,SMHB00217,None,None,None
Coryza,SMHB00217,None,None,None
Ache,SMHB00217,None,None,None
Vision Halo,SMHB00217,0.029857,0.057827,1
"Diplopias, Horizontal",SMHB00217,0.029857,0.057827,1
Eyelid Irritation,SMHB00217,0.029857,0.057827,1
 Generalised Headache,SMHB00217,None,None,None
Focal Myositis,SMHB00217,None,None,None
 Vertigo Paroxysmal,SMHB00217,None,None,None
"Avulsion, Nerve Root",SMHB00217,0.029857,0.057827,1
Sea Sickness,SMHB00217,0.000879,0.00546,1
Eye Blood Shot,SMHB00217,None,None,None
Proliferative Myositis,SMHB00217,None,None,None
Ocular Icterus,SMHB00217,0.029857,0.057827,1
Pain Radiating,SMHB00217,None,None,None
Crushing Pain,SMHB00217,None,None,None
Vertex Headache,SMHB00217,None,None,None
"Headache, Retro-Ocular",SMHB00217,None,None,None
Common Cold,SMHB00217,None,None,None
Compression Nerve Root,SMHB00217,0.029857,0.057827,1
Vision Dim,SMHB00217,0.000819,0.00517,1
"Headache, Dull",SMHB00217,None,None,None
Headache Unilateral,SMHB00217,None,None,None
Extremity Paresthesia,SMHB00217,None,None,None
Radiculitis,SMHB00217,0.029857,0.057827,1
Tenderness,SMHB00217,0.000879,0.00546,1
Constant Vertigo,SMHB00217,None,None,None
Myofacial Pain Syndrome,SMHB00217,0.029857,0.057827,1
Peripheral Vertigo,SMHB00217,None,None,None
Headache,SMHB00217,None,None,None
Hot Temperature,SMHB00217,None,None,None
Swelling Round Eyes: [periorbital Edema],SMHB00217,0.029857,0.057827,1
Chest Wall Pain,SMHB00221,0.021916,0.049709,1
Cough Productive,SMHB00221,None,None,None
"Sputums, Induced",SMHB00221,None,None,None
Behavior Drinking,SMHB00221,0.014661,0.042343,1
Chest Pain,SMHB00221,0.002695,0.013595,1
Emesis,SMHB00221,None,None,None
Cough,SMHB00221,None,None,None
Sputum,SMHB00221,None,None,None
Thirst,SMHB00221,0,0,3.50E-05
Dyspepsia,SMHB00221,None,None,None
Gagging,SMHB00221,None,None,None
 Dyspepsia-Aggravated,SMHB00221,None,None,None
Chest Symptom Heaviness,SMHB00221,None,None,None
Chest Symptom Heaviness,SMHB00221,None,None,None
Cough Persistent,SMHB00221,0.043379,0.072603,1
Sputum Purulent,SMHB00221,None,None,None
(non-dependent Abuse Of Alcohol) Or (drunkenness) Or (hangover),SMHB00221,0.014661,0.042343,1
Other Chest Pain,SMHB00221,0.007356,0.029106,1
Thirsty,SMHB00221,0.007356,0.029106,1
Neoplastic Growth,SMHB00223,None,None,None
 Physical Suffering,SMHB00223,None,None,None
Menstrual Cramp,SMHB00223,None,None,None
Bright Red Blood Per Rectum,SMHB00223,None,None,None
Cyst,SMHB00223,0.038375,0.067282,1
Soft Tissue Injury,SMHB00223,5.70E-05,0.0006,1
Amenorrhea,SMHB00223,0.023195,0.051423,1
Hematemesis,SMHB00223,None,None,None
Hyperalgia,SMHB00223,None,None,None
Rectal Prolapse,SMHB00223,None,None,None
"Amenorrhea, Postpartum",SMHB00223,0.023195,0.051423,1
Libido Decreased,SMHB00223,None,None,None
Pain,SMHB00223,None,None,None
Chest Mass,SMHB00223,0.01552,0.043506,1
Burning Pain,SMHB00223,None,None,None
 Splitting Pain,SMHB00223,None,None,None
Abdomen Bloating,SMHB00223,0.045881,0.075628,1
 Migratory Pain,SMHB00223,None,None,None
Pelvis Tumor,SMHB00223,None,None,None
Ache,SMHB00223,None,None,None
 Lack Of Libido,SMHB00223,None,None,None
Neoplasm Benign Nos,SMHB00223,0.007789,0.030277,1
Abdomen Tumor,SMHB00223,0.01552,0.043506,1
Metrorrhagia,SMHB00223,None,None,None
Pain Radiating,SMHB00223,None,None,None
Crushing Pain,SMHB00223,None,None,None
Anal Canal Prolapse,SMHB00223,None,None,None
Menopause,SMHB00223,None,None,None
Dysesthesia,SMHB00223,0.007789,0.030277,1
Panic State,SMHB00224,0.047042,0.076921,1
Sharp Headache,SMHB00224,None,None,None
Constipation,SMHB00224,None,None,None
Lacrimation,SMHB00224,None,None,None
 Physical Suffering,SMHB00224,None,None,None
Tongue Swelling,SMHB00224,0.047042,0.076921,1
Intermittant Vertigo,SMHB00224,None,None,None
Heaviness Of Head,SMHB00224,0.047042,0.076921,1
Eye Pain,SMHB00224,0.003237,0.015782,1
"Headache, Periorbital",SMHB00224,None,None,None
Bilateral Headache,SMHB00224,None,None,None
Vertigo,SMHB00224,None,None,None
Other Conjunctivitis Nos,SMHB00224,0.023799,0.051924,1
Hoarseness,SMHB00224,None,None,None
Ocular Headache,SMHB00224,None,None,None
Vertigo Postural,SMHB00224,None,None,None
Keratitis,SMHB00224,0.023799,0.051924,1
Tongue Edema,SMHB00224,0.023799,0.051924,1
Vertigo Central Origin,SMHB00224,None,None,None
Photophobia,SMHB00224,None,None,None
Headache Throbbing,SMHB00224,None,None,None
Hyperalgia,SMHB00224,None,None,None
Radiculopathy,SMHB00224,0.023799,0.051924,1
Increased Diastolic Blood Pressure,SMHB00224,0.023799,0.051924,1
Brain Stem Vertigo,SMHB00224,None,None,None
Orthostatic Headache,SMHB00224,None,None,None
Nerve Root Disorder,SMHB00224,0.023799,0.051924,1
Pain,SMHB00224,None,None,None
Blurred Vision,SMHB00224,None,None,None
Burning Pain,SMHB00224,None,None,None
 Splitting Pain,SMHB00224,None,None,None
Motion Sickness,SMHB00224,0.000556,0.003814,1
"Neuralgia, Sluder",SMHB00224,0.023799,0.051924,1
Bronchial Asthma,SMHB00224,None,None,None
Cervical Radiculopathy,SMHB00224,0.023799,0.051924,1
 Essential Vertigo,SMHB00224,None,None,None
Trigeminal Autonomic Cephalgia,SMHB00224,0.023799,0.051924,1
Air Sickness,SMHB00224,0.000556,0.003814,1
 Migratory Pain,SMHB00224,None,None,None
Nerve Root Pain,SMHB00224,0.023799,0.051924,1
Neuralgia Facial,SMHB00224,0.023799,0.051924,1
Ache,SMHB00224,None,None,None
"Hoarseness, Neurogenic",SMHB00224,None,None,None
Vision Halo,SMHB00224,0.023799,0.051924,1
Sore Eye,SMHB00224,0.047042,0.076921,1
 Generalised Headache,SMHB00224,None,None,None
Defecation Pain,SMHB00224,None,None,None
High Systolic Arterial Pulse Pressure,SMHB00224,0.023799,0.051924,1
Colonic Inertia,SMHB00224,None,None,None
 Vertigo Paroxysmal,SMHB00224,None,None,None
"Avulsion, Nerve Root",SMHB00224,0.023799,0.051924,1
Sea Sickness,SMHB00224,0.000556,0.003814,1
Eye Blood Shot,SMHB00224,None,None,None
Pain Radiating,SMHB00224,None,None,None
Crushing Pain,SMHB00224,None,None,None
Vertex Headache,SMHB00224,None,None,None
"Headache, Retro-Ocular",SMHB00224,None,None,None
Compression Nerve Root,SMHB00224,0.023799,0.051924,1
Blood Pressure Elevation,SMHB00224,0.023799,0.051924,1
Xerophthalmia,SMHB00224,0.023799,0.051924,1
"Headache, Dull",SMHB00224,None,None,None
Headache Unilateral,SMHB00224,None,None,None
Radiculitis,SMHB00224,0.023799,0.051924,1
Tenderness,SMHB00224,0.047042,0.076921,1
Constant Vertigo,SMHB00224,None,None,None
Dysesthesia,SMHB00224,0.023799,0.051924,1
Myofacial Pain Syndrome,SMHB00224,0.023799,0.051924,1
Peripheral Vertigo,SMHB00224,None,None,None
Headache,SMHB00224,None,None,None
Abnormal Stools,SMHB00224,0.026658,0.054551,1
 Physical Suffering,SMHB00219,None,None,None
Breast Disease,SMHB00219,None,None,None
Hyperplasia Thymus,SMHB00219,0.009087,0.033209,1
Testicle Pain,SMHB00219,7.90E-05,0.000783,1
Smarting Of Skin,SMHB00219,0.009087,0.033209,1
Hematoma,SMHB00219,0.018095,0.046235,1
Hyperalgia,SMHB00219,None,None,None
Skin Pain,SMHB00219,0.009087,0.033209,1
Sarcoidosis,SMHB00219,0.009087,0.033209,1
Induration Of Breast,SMHB00219,0.009087,0.033209,1
Pain,SMHB00219,None,None,None
Breast Mass,SMHB00219,7.90E-05,0.000783,1
Breast Cyst,SMHB00219,0.009087,0.033209,1
Tongue Discoloration,SMHB00219,None,None,None
Burning Pain,SMHB00219,None,None,None
 Splitting Pain,SMHB00219,None,None,None
Skin Swelling,SMHB00219,0.018095,0.046235,1
Enterocele,SMHB00219,None,None,None
 Migratory Pain,SMHB00219,None,None,None
Carbuncle,SMHB00219,None,None,None
Hernia,SMHB00219,None,None,None
Swelling,SMHB00219,None,None,None
Ache,SMHB00219,None,None,None
Blepharitis,SMHB00219,None,None,None
Pain Radiating,SMHB00219,None,None,None
Crushing Pain,SMHB00219,None,None,None
Breast Engorgement,SMHB00219,0.018095,0.046235,1
Testicle Swelling,SMHB00219,None,None,None
Hemiparesis,SMHB00219,None,None,None
Cough Productive,SMHB00220,None,None,None
"Sputums, Induced",SMHB00220,None,None,None
Catarrh,SMHB00220,None,None,None
Xerostomia,SMHB00220,None,None,None
Epistaxis,SMHB00220,0.028361,0.05602,1
Laryngitis,SMHB00220,None,None,None
Chest Pain,SMHB00220,None,None,None
Emesis,SMHB00220,None,None,None
Respiratory Abnormality,SMHB00220,None,None,None
Cough,SMHB00220,None,None,None
Bronchial Asthma,SMHB00220,None,None,None
Sputum,SMHB00220,None,None,None
Coryza,SMHB00220,None,None,None
Nose Dryness,SMHB00220,0.042248,0.07105,1
Throat Dry,SMHB00220,None,None,None
Dyspepsia,SMHB00220,None,None,None
Gagging,SMHB00220,None,None,None
Common Cold,SMHB00220,None,None,None
 Dyspepsia-Aggravated,SMHB00220,None,None,None
Chest Symptom Heaviness,SMHB00220,None,None,None
Chest Symptom Heaviness,SMHB00220,None,None,None
Cough Persistent,SMHB00220,0.002862,0.014349,1
Sputum Purulent,SMHB00220,None,None,None
Erythematous Condition,SMHB00220,0.028361,0.05602,1
 Physical Suffering,SMHB00218,None,None,None
Auditory Dysesthesia,SMHB00218,None,None,None
Developmental Delay,SMHB00218,None,None,None
Anasarca,SMHB00218,None,None,None
Abdominal Pain,SMHB00218,None,None,None
Edema,SMHB00218,None,None,None
Hyperalgia,SMHB00218,None,None,None
Colic,SMHB00218,0.02575,0.053532,1
Distorted Hearing,SMHB00218,None,None,None
Jaundice,SMHB00218,None,None,None
Pain,SMHB00218,None,None,None
Eating Disorder,SMHB00218,0.000212,0.001766,1
Micturition Disorder,SMHB00218,None,None,None
Burning Pain,SMHB00218,None,None,None
 Splitting Pain,SMHB00218,None,None,None
Abdominal Cramp,SMHB00218,0.017237,0.045046,1
Anorexia,SMHB00218,0.000701,0.00457,1
Infantile Colic,SMHB00218,0.008654,0.032544,1
 Migratory Pain,SMHB00218,None,None,None
Emaciation,SMHB00218,None,None,None
Ache,SMHB00218,None,None,None
 Stomach Discomfort,SMHB00218,0.000236,0.001923,1
Paracusia,SMHB00218,None,None,None
Hearing Disorder,SMHB00218,None,None,None
Loss Of Appetite,SMHB00218,0.008654,0.032544,1
Nuchal Rigidity,SMHB00218,None,None,None
Pain Radiating,SMHB00218,None,None,None
Crushing Pain,SMHB00218,None,None,None
Decreased Appetite,SMHB00218,None,None,None
Abdomen Distention,SMHB00222,0.002244,0.011771,1
Right Flank Pain,SMHB00222,0,3.00E-06,0.003321
Chest Wall Pain,SMHB00222,0.027026,0.054805,1
 Physical Suffering,SMHB00222,0.009855,0.034881,1
Tongue Swelling,SMHB00222,0.018095,0.046235,1
Cough Productive,SMHB00222,None,None,None
"Sputums, Induced",SMHB00222,None,None,None
Flank Pain,SMHB00222,0,3.00E-06,0.003321
Tongue Edema,SMHB00222,0.009087,0.033209,1
Chest Pain,SMHB00222,0.000102,0.00096,1
Tongue Disorder,SMHB00222,None,None,None
Emesis,SMHB00222,None,None,None
Jaundice,SMHB00222,None,None,None
Pain,SMHB00222,0.013543,0.040823,1
Breast Cyst,SMHB00222,0.009087,0.033209,1
Cough,SMHB00222,None,None,None
Burning Pain,SMHB00222,0.009855,0.034881,1
 Splitting Pain,SMHB00222,0.009855,0.034881,1
Sputum,SMHB00222,None,None,None
 Migratory Pain,SMHB00222,0.009855,0.034881,1
Emaciation,SMHB00222,None,None,None
Ache,SMHB00222,0.017741,0.045849,1
Left Flank Pain,SMHB00222,0,3.00E-06,0.003321
Dyspepsia,SMHB00222,None,None,None
Gagging,SMHB00222,None,None,None
Pain Radiating,SMHB00222,0.009855,0.034881,1
Crushing Pain,SMHB00222,0.009855,0.034881,1
 Dyspepsia-Aggravated,SMHB00222,None,None,None
Chest Symptom Heaviness,SMHB00222,None,None,None
Chest Symptom Heaviness,SMHB00222,None,None,None
Skin Benign Neoplasm,SMHB00222,None,None,None
Sputum Purulent,SMHB00222,None,None,None
Breast Mass Hard,SMHB00222,0.009087,0.033209,1
Abdominal Tenderness,SMHB00688,0.023799,0.051924,1
 Physical Suffering,SMHB00688,0.006849,0.027968,1
 Anemic,SMHB00688,0.047042,0.076921,1
Abdominal Pain,SMHB00688,0.01196,0.038774,1
Rheumatoid Arthritis,SMHB00688,0.003237,0.015782,1
Polyarthralgia,SMHB00688,0.000154,0.001355,1
Anorgasmia,SMHB00688,0.023799,0.051924,1
Libido Decreased,SMHB00688,0.047042,0.076921,1
Pain,SMHB00688,0.010918,0.036856,1
Arthralgia,SMHB00688,0,0,9.00E-06
Eating Disorder,SMHB00688,0.001643,0.009137,1
Arthritic Pains,SMHB00688,0,0,0.000243
Burning Pain,SMHB00688,0.006849,0.027968,1
 Splitting Pain,SMHB00688,0.006849,0.027968,1
Abdominal Cramp,SMHB00688,0.047042,0.076921,1
Muscle Wasting,SMHB00688,0.047042,0.076921,1
Anorexia,SMHB00688,0.005312,0.023176,1
 Migratory Pain,SMHB00688,0.006849,0.027968,1
Ache,SMHB00688,0.016128,0.044013,1
 Lack Of Libido,SMHB00688,0.023799,0.051924,1
Acrodynia,SMHB00688,0.003237,0.015782,1
Asthenia,SMHB00688,0.035818,0.064462,1
Loss Of Appetite,SMHB00688,0.023799,0.051924,1
Sprain Of Joint,SMHB00688,0.023799,0.051924,1
Pain Radiating,SMHB00688,0.006849,0.027968,1
Crushing Pain,SMHB00688,0.006849,0.027968,1
Arthropathy,SMHB00688,0.000123,0.001127,1
Facial Pallor,SMHB00688,0.023799,0.051924,1
General Discomfort,SMHB00688,0.047042,0.076921,1
Tingling In Extremities,SMHB00688,0.023799,0.051924,1
Tingling In Extremities,SMHB00688,0.023799,0.051924,1
General Abdominal Pain-Symptom,SMHB00688,0.023799,0.051924,1
Decreased Appetite,SMHB00688,3.30E-05,0.000385,0.822011
Flaccidity Muscle,SMHB00688,0.047042,0.076921,1
Limb Pain,SMHB00688,0.023799,0.051924,1
Abdomen Distention,SMHB00228,0.019635,0.04715,1
Abdominal Tenderness,SMHB00228,0.007356,0.029106,1
Pulse Weakness,SMHB00228,None,None,None
 Physical Suffering,SMHB00228,None,None,None
Trichophytosis,SMHB00228,None,None,None
Tinea,SMHB00228,None,None,None
Abdominal Pain,SMHB00228,None,None,None
Hyperalgia,SMHB00228,None,None,None
Pain,SMHB00228,None,None,None
Tinea Corporis,SMHB00228,None,None,None
Burning Pain,SMHB00228,None,None,None
 Splitting Pain,SMHB00228,None,None,None
Arbovirus,SMHB00228,0.007356,0.029106,1
Abdomen Discomfort,SMHB00228,0.043379,0.072603,1
Arbovirus,SMHB00228,0.007356,0.029106,1
 Migratory Pain,SMHB00228,None,None,None
Stomach Cramps,SMHB00228,None,None,None
Ache,SMHB00228,None,None,None
Scalp Pruritus,SMHB00228,0.007356,0.029106,1
Epidermophytosis,SMHB00228,None,None,None
Pain Radiating,SMHB00228,None,None,None
Crushing Pain,SMHB00228,None,None,None
General Abdominal Pain-Symptom,SMHB00228,0.007356,0.029106,1
Ascariasis,SMHB00228,0.014661,0.042343,1
Enterobiasis,SMHB00228,0.007356,0.029106,1
Panic State,SMHB00229,None,None,None
Abdomen Distention,SMHB00229,0.029361,0.057438,1
Right Flank Pain,SMHB00229,0.002244,0.011771,1
Insomnia,SMHB00229,None,None,None
Abdominal Tenderness,SMHB00229,0.009087,0.033209,1
 Physical Suffering,SMHB00229,0.009855,0.034881,1
Menstrual Cramp,SMHB00229,None,None,None
Flank Pain,SMHB00229,0.002244,0.011771,1
Parotid Enlargement,SMHB00229,None,None,None
Abdominal Pain,SMHB00229,9.00E-06,0.000123,0.213926
Edema,SMHB00229,None,None,None
Colic,SMHB00229,0.027026,0.054805,1
Vidian Neuralgia,SMHB00229,0.027026,0.054805,1
Pain,SMHB00229,0.000668,0.004377,1
Perineal Neuralgia,SMHB00229,0.027026,0.054805,1
Breast Mass,SMHB00229,None,None,None
Iliohypogastric Nerve Neuralgia,SMHB00229,0.027026,0.054805,1
Stump Neuralgia,SMHB00229,0.027026,0.054805,1
Pharyngeal Mucositis,SMHB00229,None,None,None
Breast Cyst,SMHB00229,0.009087,0.033209,1
Micturition Disorder,SMHB00229,None,None,None
Cough,SMHB00229,None,None,None
Burning Pain,SMHB00229,0.009855,0.034881,1
 Splitting Pain,SMHB00229,0.009855,0.034881,1
Hiccups,SMHB00229,None,None,None
 Anal Discomforts,SMHB00229,None,None,None
Abdominal Cramp,SMHB00229,0.018095,0.046235,1
Paroxysmal Nerve Pain,SMHB00229,0.027026,0.054805,1
Postpartum Disorder,SMHB00229,None,None,None
 Migratory Pain,SMHB00229,0.009855,0.034881,1
Chest Symptom Discomfort,SMHB00229,None,None,None
Ache,SMHB00229,0.017741,0.045849,1
Neuralgia,SMHB00229,0.027026,0.054805,1
Influenza,SMHB00229,None,None,None
Defecation Pain,SMHB00229,None,None,None
Left Flank Pain,SMHB00229,0.002244,0.011771,1
Supraorbital Neuralgia,SMHB00229,0.027026,0.054805,1
Dyspepsia,SMHB00229,None,None,None
Pain Radiating,SMHB00229,0.009855,0.034881,1
Crushing Pain,SMHB00229,0.009855,0.034881,1
Atypical Neuralgia,SMHB00229,0.027026,0.054805,1
General Discomfort,SMHB00229,None,None,None
General Abdominal Pain-Symptom,SMHB00229,0.009087,0.033209,1
Ilioinguinal Neuralgia,SMHB00229,0.027026,0.054805,1
Cough Persistent,SMHB00229,None,None,None
Nerve Pain,SMHB00229,0.027026,0.054805,1
Chest Pain Angina,SMHB00229,0.018095,0.046235,1
Dermatophytosis Of Scalp Or Beard Nos,SMHB00229,0.009087,0.033209,1
Rash,SMHB00225,0.010487,0.03606,1
 Physical Suffering,SMHB00225,None,None,None
Scabies,SMHB00225,None,None,None
Bright Red Blood Per Rectum,SMHB00225,None,None,None
Burning Anal,SMHB00225,None,None,None
Genital Pruritus,SMHB00225,None,None,None
Soft Tissue Injury,SMHB00225,None,None,None
Tinea,SMHB00225,0.007968,0.030818,1
Abdominal Pain,SMHB00225,None,None,None
"Melena
",SMHB00225,0.000405,0.002958,1
Vulvovaginal Swelling,SMHB00225,0.020338,0.047791,1
Hyperalgia,SMHB00225,None,None,None
Diarrhea,SMHB00225,None,None,None
Perineum Abscess,SMHB00225,None,None,None
Hyperpyrexia,SMHB00225,None,None,None
Jaundice,SMHB00225,0.000411,0.002996,1
Pain,SMHB00225,None,None,None
Micturition Disorder,SMHB00225,None,None,None
Burning Pain,SMHB00225,None,None,None
 Splitting Pain,SMHB00225,None,None,None
Sarcoptic Red Mange,SMHB00225,None,None,None
Skin Breakdown,SMHB00225,0.020338,0.047791,1
Diarrhea Acute,SMHB00225,None,None,None
 Migratory Pain,SMHB00225,None,None,None
Eczema,SMHB00225,None,None,None
Skin Ulcer(S),SMHB00225,None,None,None
Ache,SMHB00225,None,None,None
Scalp Pruritus,SMHB00225,0.020338,0.047791,1
Dysentery,SMHB00225,None,None,None
Purpuric Rash,SMHB00225,None,None,None
Pain Radiating,SMHB00225,None,None,None
Crushing Pain,SMHB00225,None,None,None
Blotchy Rash,SMHB00225,0.020338,0.047791,1
Vulvar Abscess,SMHB00225,0.020338,0.047791,1
 Vulvar Abscess,SMHB00225,0.020338,0.047791,1
Abnormal Stools,SMHB00225,0.019814,0.04715,1
(leukorrhea Unspecified) Or (vaginal Discharge Nos),SMHB00225,0.000405,0.002958,1
Leprosy,SMHB00225,0.04027,0.068883,1
 Unable To Urinate,SMHB00225,0.04027,0.068883,1
Vaginitis Trichomonas,SMHB00225,0.04027,0.068883,1
Skin Decubitus Ulcer(S),SMHB00231,None,None,None
Hemorrhage,SMHB00231,None,None,None
Cough Productive,SMHB00231,None,None,None
"Sputums, Induced",SMHB00231,None,None,None
Hemoptysis,SMHB00231,None,None,None
Comedome,SMHB00231,None,None,None
Hematemesis,SMHB00231,None,None,None
Hyperalgia,SMHB00231,0.010385,0.03576,1
Respiratory Abnormality,SMHB00231,0.040924,0.069693,1
Cough,SMHB00231,None,None,None
Bronchial Asthma,SMHB00231,None,None,None
Sputum,SMHB00231,None,None,None
 Cough Increased,SMHB00231,0.010385,0.03576,1
Oropharyngeal Discomfort,SMHB00231,None,None,None
Ocular Icterus,SMHB00231,None,None,None
" Disease Of Vocal Cords, Nos",SMHB00231,0.040924,0.069693,1
Cough Persistent,SMHB00231,None,None,None
Sputum Purulent,SMHB00231,None,None,None
Pharyngolaryngitis,SMHB00226,None,None,None
Larynx,SMHB00226,0.002291,0.011929,1
Right Flank Pain,SMHB00226,None,None,None
Laryngopharyngeal Dysaesthesia,SMHB00226,6.70E-05,0.000689,1
Localized; Swelling,SMHB00226,0.003404,0.016389,1
 Physical Suffering,SMHB00226,None,None,None
Laryngeal Pain,SMHB00226,0.015578,0.043506,1
Catarrh,SMHB00226,None,None,None
Flank Pain,SMHB00226,None,None,None
Parotid Enlargement,SMHB00226,0.030919,0.058607,1
Cyst,SMHB00226,None,None,None
Laryngeal Edema,SMHB00226,None,None,None
Abdominal Pain,SMHB00226,None,None,None
Erysipelas,SMHB00226,None,None,None
Smarting Of Skin,SMHB00226,0.015578,0.043506,1
Hematoma,SMHB00226,0.030919,0.058607,1
Hyperalgia,SMHB00226,None,None,None
Skin Pain,SMHB00226,0.015578,0.043506,1
Pain,SMHB00226,None,None,None
Burning Pain,SMHB00226,None,None,None
 Splitting Pain,SMHB00226,None,None,None
Arbovirus,SMHB00226,None,None,None
Arbovirus,SMHB00226,None,None,None
Skin Swelling,SMHB00226,0.030919,0.058607,1
Furuncle,SMHB00226,None,None,None
Mumps,SMHB00226,None,None,None
 Migratory Pain,SMHB00226,None,None,None
Carbuncle,SMHB00226,None,None,None
Skin Ulcer(S),SMHB00226,None,None,None
Swelling,SMHB00226,None,None,None
Coryza,SMHB00226,None,None,None
Ache,SMHB00226,None,None,None
Pharynx Disease,SMHB00226,0.030919,0.058607,1
Tonsillitis,SMHB00226,0.030919,0.058607,1
Throat Tightness,SMHB00226,2.00E-06,2.90E-05,0.041695
Left Flank Pain,SMHB00226,None,None,None
Pain Radiating,SMHB00226,None,None,None
Crushing Pain,SMHB00226,None,None,None
Common Cold,SMHB00226,None,None,None
Pharyngolaryngeal Pain,SMHB00226,None,None,None
Earache,SMHB00226,0.015578,0.043506,1
Edema Pharynx,SMHB00226,0.000701,0.00457,1
Sharp Headache,SMHB00227,0,0,0
Chest Wall Pain,SMHB00227,None,None,None
 Physical Suffering,SMHB00227,None,None,None
Heaviness Of Head,SMHB00227,0.023235,0.051423,1
"Headache, Periorbital",SMHB00227,0,0,0
Bilateral Headache,SMHB00227,0,0,0
Other Conjunctivitis Nos,SMHB00227,0.011683,0.038067,1
Ocular Headache,SMHB00227,0,0,0
Epistaxis,SMHB00227,None,None,None
Rheumatic Disorder,SMHB00227,None,None,None
Headache Throbbing,SMHB00227,0,0,0
Radiculopathy,SMHB00227,0.011683,0.038067,1
Vidian Neuralgia,SMHB00227,0.034657,0.062952,1
Orthostatic Headache,SMHB00227,0,0,0
Nerve Root Disorder,SMHB00227,0.011683,0.038067,1
Pain,SMHB00227,None,None,None
Pneumatosis,SMHB00227,None,None,None
Perineal Neuralgia,SMHB00227,0.034657,0.062952,1
Iliohypogastric Nerve Neuralgia,SMHB00227,0.034657,0.062952,1
Stump Neuralgia,SMHB00227,0.034657,0.062952,1
Micturition Disorder,SMHB00227,None,None,None
Otitis,SMHB00227,None,None,None
Burning Pain,SMHB00227,None,None,None
"Diarrhea, Chronic",SMHB00227,0.034657,0.062952,1
 Splitting Pain,SMHB00227,None,None,None
Discoloration Urine,SMHB00227,None,None,None
Discoloration Urine,SMHB00227,None,None,None
"Neuralgia, Sluder",SMHB00227,0.011683,0.038067,1
Paroxysmal Nerve Pain,SMHB00227,0.034657,0.062952,1
Cervical Radiculopathy,SMHB00227,0.011683,0.038067,1
Diarrhea Acute,SMHB00227,0.011683,0.038067,1
Trigeminal Autonomic Cephalgia,SMHB00227,0.011683,0.038067,1
Thirst,SMHB00227,None,None,None
 Migratory Pain,SMHB00227,None,None,None
Gangrene,SMHB00227,None,None,None
Nerve Root Pain,SMHB00227,0.011683,0.038067,1
Dental Discomfort,SMHB00227,None,None,None
Neuralgia Facial,SMHB00227,0.011683,0.038067,1
Diarrhea Watery,SMHB00227,0.011683,0.038067,1
Rebound Hypertension,SMHB00227,None,None,None
Ache,SMHB00227,None,None,None
Neuralgia,SMHB00227,0.034657,0.062952,1
Polydipsia,SMHB00227,0.04595,0.075628,1
 Generalised Headache,SMHB00227,0,0,0
"Avulsion, Nerve Root",SMHB00227,0.011683,0.038067,1
Pain Precordial,SMHB00227,None,None,None
Supraorbital Neuralgia,SMHB00227,0.034657,0.062952,1
Pain Radiating,SMHB00227,None,None,None
Crushing Pain,SMHB00227,None,None,None
Vertex Headache,SMHB00227,0,0,0
"Headache, Retro-Ocular",SMHB00227,0,0,0
Inflammation,SMHB00227,None,None,None
Compression Nerve Root,SMHB00227,0.011683,0.038067,1
Atypical Neuralgia,SMHB00227,0.034657,0.062952,1
Heat Intolerance,SMHB00227,None,None,None
Aphthous Ulcer,SMHB00227,0.034657,0.062952,1
Hyperexcitation,SMHB00227,None,None,None
 Hyperexcitation,SMHB00227,None,None,None
Menorrhagia,SMHB00227,None,None,None
Menometrorrhagia,SMHB00227,None,None,None
"Headache, Dull",SMHB00227,2.00E-06,3.10E-05,0.044428
Ilioinguinal Neuralgia,SMHB00227,0.034657,0.062952,1
Headache Unilateral,SMHB00227,0,0,0
Extremity Paresthesia,SMHB00227,None,None,None
Oral Ulcer,SMHB00227,0.000778,0.004954,1
Radiculitis,SMHB00227,0.011683,0.038067,1
Tenderness,SMHB00227,0.023235,0.051423,1
Myofacial Pain Syndrome,SMHB00227,0.011683,0.038067,1
Headache,SMHB00227,0,0,1.00E-06
Sutton'S Disease,SMHB00227,0.011683,0.038067,1
Nerve Pain,SMHB00227,0.034657,0.062952,1
 Acute Suppurative Otitis Media In Diseases Classified Elsewhere,SMHB00227,0.023235,0.051423,1
Pharyngolaryngitis,SMHB00601,0.026654,0.054547,1
Larynx,SMHB00601,0.001699,0.0094,1
Laryngopharyngeal Dysaesthesia,SMHB00601,4.30E-05,0.000467,1
Localized; Swelling,SMHB00601,0.002527,0.01295,1
Laryngeal Pain,SMHB00601,0.013414,0.040487,1
Catarrh,SMHB00601,0.005914,0.025111,1
Laryngeal Edema,SMHB00601,0.013414,0.040487,1
Smarting Of Skin,SMHB00601,0.013414,0.040487,1
Hematoma,SMHB00601,0.026654,0.054547,1
Skin Pain,SMHB00601,0.013414,0.040487,1
Bite Wound Insect,SMHB00601,0.013414,0.040487,1
Skin Swelling,SMHB00601,0.026654,0.054547,1
Skin Breakdown,SMHB00601,0.013414,0.040487,1
Coryza,SMHB00601,0.007331,0.029106,1
Ache,SMHB00601,0.03699,0.065712,1
Pharynx Disease,SMHB00601,0.026654,0.054547,1
Tonsillitis,SMHB00601,0.026654,0.054547,1
Throat Tightness,SMHB00601,1.00E-06,1.70E-05,0.022389
Snake Venom Causing Toxic Effect,SMHB00601,0.013414,0.040487,1
Common Cold,SMHB00601,0.007331,0.029106,1
Pharyngolaryngeal Pain,SMHB00601,1.00E-06,1.70E-05,0.022389
Edema Pharynx,SMHB00601,0.000518,0.003606,1
Localized; Swelling,SMHB00232,0.038359,0.067282,1
 Physical Suffering,SMHB00232,None,None,None
"Sputums, Induced",SMHB00232,None,None,None
Testicle Pain,SMHB00232,3.90E-05,0.000436,0.975139
Anasarca,SMHB00232,None,None,None
Abdominal Pain,SMHB00232,None,None,None
Smarting Of Skin,SMHB00232,0.006491,0.026685,1
Edema,SMHB00232,None,None,None
Hematoma,SMHB00232,0.012942,0.039733,1
Hyperalgia,SMHB00232,None,None,None
Skin Pain,SMHB00232,0.006491,0.026685,1
Pain,SMHB00232,None,None,None
Burning Pain,SMHB00232,None,None,None
 Splitting Pain,SMHB00232,None,None,None
Skin Swelling,SMHB00232,0.012942,0.039733,1
Sputum,SMHB00232,None,None,None
 Migratory Pain,SMHB00232,None,None,None
Swelling,SMHB00232,None,None,None
Ache,SMHB00232,None,None,None
Pain Radiating,SMHB00232,None,None,None
Crushing Pain,SMHB00232,None,None,None
Testicle Swelling,SMHB00232,None,None,None
Thyroid Tumor,SMHB00232,3.90E-05,0.000436,0.975139
King Evil,SMHB00232,None,None,None
Constipation,SMHB00230,None,None,None
Cough Productive,SMHB00230,None,None,None
"Sputums, Induced",SMHB00230,None,None,None
Chest Pain,SMHB00230,None,None,None
Dyspnea,SMHB00230,0.030919,0.058607,1
Pupil Dilated,SMHB00230,0.015578,0.043506,1
Aplasia,SMHB00230,0.015578,0.043506,1
 Emotional Depression,SMHB00230,0.046028,0.075628,1
Cough,SMHB00230,None,None,None
Gasping,SMHB00230,0.046028,0.075628,1
Bronchial Asthma,SMHB00230,None,None,None
Sputum,SMHB00230,None,None,None
Sweating,SMHB00230,0.046028,0.075628,1
Sweat,SMHB00230,0.046028,0.075628,1
Sweating Sickness,SMHB00230,0.046028,0.075628,1
Defecation Pain,SMHB00230,None,None,None
Colonic Inertia,SMHB00230,None,None,None
Stridor,SMHB00230,0.030919,0.058607,1
Chest Symptom Heaviness,SMHB00230,None,None,None
Chest Symptom Heaviness,SMHB00230,None,None,None
Asthma Attack,SMHB00230,0.015578,0.043506,1
Cough Persistent,SMHB00230,0.003404,0.016389,1
Sputum Purulent,SMHB00230,None,None,None
Respiratory Distress,SMHB00230,0.030919,0.058607,1
Pharyngolaryngitis,SMHB00602,0.042812,0.071732,1
Larynx,SMHB00602,9.30E-05,0.000886,1
Laryngopharyngeal Dysaesthesia,SMHB00602,0.000182,0.001549,1
Abdominal Tenderness,SMHB00602,0.021636,0.049159,1
Localized; Swelling,SMHB00602,0.000182,0.001549,1
 Physical Suffering,SMHB00602,0.005235,0.022937,1
Laryngeal Pain,SMHB00602,0.021636,0.049159,1
Catarrh,SMHB00602,0.01499,0.043054,1
Parotid Enlargement,SMHB00602,0.042812,0.071732,1
Cyst,SMHB00602,0.004401,0.020142,1
Soft Tissue Injury,SMHB00602,0.000459,0.003265,1
Laryngeal Edema,SMHB00602,0.021636,0.049159,1
Abdominal Pain,SMHB00602,0.008028,0.031028,1
Smarting Of Skin,SMHB00602,0.021636,0.049159,1
Hematoma,SMHB00602,0.042812,0.071732,1
Skin Pain,SMHB00602,0.021636,0.049159,1
Pain,SMHB00602,0.008385,0.031983,1
Burning Pain,SMHB00602,0.005235,0.022937,1
 Splitting Pain,SMHB00602,0.005235,0.022937,1
Skin Swelling,SMHB00602,0.042812,0.071732,1
Abdominal Cramp,SMHB00602,0.042812,0.071732,1
 Venomous Bite,SMHB00602,0.000459,0.003265,1
 Migratory Pain,SMHB00602,0.005235,0.022937,1
Coryza,SMHB00602,0.018481,0.046834,1
Ache,SMHB00602,0.001269,0.007351,1
Pharynx Disease,SMHB00602,0.042812,0.071732,1
Tonsillitis,SMHB00602,0.042812,0.071732,1
Throat Tightness,SMHB00602,6.00E-06,9.50E-05,0.160626
Pain Radiating,SMHB00602,0.005235,0.022937,1
Crushing Pain,SMHB00602,0.005235,0.022937,1
Common Cold,SMHB00602,0.018481,0.046834,1
Pharyngolaryngeal Pain,SMHB00602,6.00E-06,9.50E-05,0.160626
Earache,SMHB00602,0.021636,0.049159,1
Edema Pharynx,SMHB00602,0.001358,0.007762,1
General Abdominal Pain-Symptom,SMHB00602,0.021636,0.049159,1
Abdomen Distention,SMHB00234,None,None,None
Abdominal Tenderness,SMHB00234,0.015578,0.043506,1
Constipation,SMHB00234,None,None,None
 Physical Suffering,SMHB00234,None,None,None
Gastric Disorder,SMHB00234,0.030919,0.058607,1
"Sputums, Induced",SMHB00234,None,None,None
Hyperalgia,SMHB00234,None,None,None
Diarrhea,SMHB00234,None,None,None
Pain,SMHB00234,None,None,None
Cough,SMHB00234,None,None,None
Burning Pain,SMHB00234,None,None,None
 Splitting Pain,SMHB00234,None,None,None
Digestion Impaired,SMHB00234,None,None,None
Bronchial Asthma,SMHB00234,None,None,None
Sputum,SMHB00234,None,None,None
 Migratory Pain,SMHB00234,None,None,None
 Cough Increased,SMHB00234,0.015578,0.043506,1
Ache,SMHB00234,None,None,None
Defecation Pain,SMHB00234,None,None,None
 name Dilation,SMHB00234,None,None,None
Colonic Inertia,SMHB00234,None,None,None
Dyspepsia,SMHB00234,None,None,None
Bloating Feeling,SMHB00234,None,None,None
Pain Radiating,SMHB00234,None,None,None
Crushing Pain,SMHB00234,None,None,None
General Abdominal Pain-Symptom,SMHB00234,0.015578,0.043506,1
Sputum Purulent,SMHB00234,None,None,None
Abnormal Stools,SMHB00234,0.011882,0.038559,1
Chilliness,SMHB00234,0.046028,0.075628,1
Abdomen Distention,SMHB00233,0.024295,0.05222,1
Abdominal Tenderness,SMHB00233,0.008222,0.031456,1
 Physical Suffering,SMHB00233,None,None,None
Gastric Disorder,SMHB00233,0.016379,0.044013,1
Vomiting Neonatal,SMHB00233,0.008222,0.031456,1
Abdominal Pain,SMHB00233,None,None,None
Hyperalgia,SMHB00233,None,None,None
Gastrointestinal Discomfort,SMHB00233,0.000942,0.00579,1
Diarrhea,SMHB00233,None,None,None
Numbness Localized,SMHB00233,None,None,None
Emesis,SMHB00233,None,None,None
Pain,SMHB00233,None,None,None
Burning Pain,SMHB00233,None,None,None
 Splitting Pain,SMHB00233,None,None,None
Abdomen Discomfort,SMHB00233,0.048378,0.078022,1
 Migratory Pain,SMHB00233,None,None,None
Ache,SMHB00233,None,None,None
Gagging,SMHB00233,None,None,None
Pain Radiating,SMHB00233,None,None,None
Crushing Pain,SMHB00233,None,None,None
General Abdominal Pain-Symptom,SMHB00233,0.008222,0.031456,1
Cough Productive,SMHB00678,0.043379,0.072603,1
Vaginal Discharge White,SMHB00678,0.018056,0.046235,1
Vagina,SMHB00678,0.007772,0.030277,1
Cough,SMHB00678,0.002862,0.014349,1
Cough Persistent,SMHB00678,8.40E-05,0.000827,1
Tinea,SMHB00637,0.00605,0.025431,1
Scrofula,SMHB00637,0.007775,0.030277,1
Abdomen Distention,SMHB00235,None,None,None
Numbness,SMHB00235,8.60E-05,0.000842,1
Rheumatism,SMHB00235,0.037562,0.066353,1
Extremity Numbness,SMHB00235,0.04674,0.076544,1
Extremity Contracture,SMHB00235,0.018953,0.04715,1
Muscle Weakness,SMHB00235,0.037562,0.066353,1
Quadriplegic Spinal Paralysis,SMHB00235,0.037562,0.066353,1
 Cerebromedullospinal Disconnection,SMHB00235,0.037562,0.066353,1
Flaccid Tetraplegia,SMHB00235,0.037562,0.066353,1
"Diarrhea, Chronic",SMHB00235,0.0283,0.05602,1
Quadriparesis,SMHB00235,0.04674,0.076544,1
Diarrhea Acute,SMHB00235,0.00952,0.03422,1
Cramp In Limb,SMHB00235,0.037562,0.066353,1
Spastic Quadriplegia,SMHB00235,0.04674,0.076544,1
Musculoskeletal Pain,SMHB00235,0.018953,0.04715,1
Eczema,SMHB00235,None,None,None
Catalepsy,SMHB00235,0.0283,0.05602,1
Diarrhea Watery,SMHB00235,0.00952,0.03422,1
Quadriplegia,SMHB00235,0.037562,0.066353,1
Sharp Headache,SMHB00237,None,None,None
 Physical Suffering,SMHB00237,None,None,None
Vaginal Discharge White,SMHB00237,None,None,None
"Headache, Periorbital",SMHB00237,None,None,None
Bilateral Headache,SMHB00237,None,None,None
Ocular Headache,SMHB00237,None,None,None
Tinea,SMHB00237,0.035832,0.064462,1
Rheumatoid Arthritis,SMHB00237,0.020622,0.048222,1
Headache Throbbing,SMHB00237,None,None,None
Gastrointestinal Discomfort,SMHB00237,None,None,None
Polyarthralgia,SMHB00237,None,None,None
Orthostatic Headache,SMHB00237,None,None,None
Numbness Localized,SMHB00237,None,None,None
Urinary Tract Stone,SMHB00237,None,None,None
Urolithiasis,SMHB00237,None,None,None
Pain,SMHB00237,None,None,None
Pneumatosis,SMHB00237,None,None,None
Arthralgia,SMHB00237,None,None,None
Boredom,SMHB00237,None,None,None
Arthritic Pains,SMHB00237,None,None,None
Burning Pain,SMHB00237,None,None,None
 Splitting Pain,SMHB00237,None,None,None
Skin Breakdown,SMHB00237,0.005193,0.022802,1
 Migratory Pain,SMHB00237,None,None,None
Ache,SMHB00237,None,None,None
 Generalised Headache,SMHB00237,None,None,None
Abdomen Tumor,SMHB00237,None,None,None
Skin Disorder,SMHB00237,None,None,None
Pain Radiating,SMHB00237,None,None,None
Crushing Pain,SMHB00237,None,None,None
Vertex Headache,SMHB00237,None,None,None
"Headache, Retro-Ocular",SMHB00237,None,None,None
Aphthous Ulcer,SMHB00237,None,None,None
Atrophy,SMHB00237,None,None,None
Headache Unilateral,SMHB00237,None,None,None
Headache,SMHB00237,None,None,None
Arthritis,SMHB00237,0.005193,0.022802,1
Behcet Syndrome,SMHB00237,0.005193,0.022802,1
Glomerulonephritis,SMHB00237,0.005193,0.022802,1
Leprosy,SMHB00237,0.01036,0.03576,1
Lupus Erythematosus,SMHB00237,0.005193,0.022802,1
Nephrotic Syndrome,SMHB00237,0.005193,0.022802,1
Psoriasis,SMHB00237,0.005193,0.022802,1
Scabies,SMHB00237,0.020622,0.048222,1
Sjogren's Syndrome,SMHB00237,0.005193,0.022802,1
Abdomen Distention,SMHB00238,0.015405,0.043506,1
Abdominal Tenderness,SMHB00238,0.006491,0.026685,1
 Physical Suffering,SMHB00238,None,None,None
Cyst,SMHB00238,None,None,None
Abdominal Pain,SMHB00238,None,None,None
Malnutrition,SMHB00238,0.000581,0.003945,1
Hyperalgia,SMHB00238,None,None,None
"Overnutrition, Child",SMHB00238,None,None,None
Pain,SMHB00238,None,None,None
Burning Pain,SMHB00238,None,None,None
 Splitting Pain,SMHB00238,None,None,None
Pigmentation,SMHB00238,None,None,None
Arbovirus,SMHB00238,0.006491,0.026685,1
Abdomen Discomfort,SMHB00238,0.038359,0.067282,1
Pigmentation,SMHB00238,None,None,None
Arbovirus,SMHB00238,0.006491,0.026685,1
 Nutrition Disorders In Children,SMHB00238,None,None,None
Children Malnutrition,SMHB00238,None,None,None
Hand Swelling,SMHB00238,None,None,None
 Migratory Pain,SMHB00238,None,None,None
Swelling,SMHB00238,None,None,None
Ache,SMHB00238,None,None,None
Pain Radiating,SMHB00238,None,None,None
Crushing Pain,SMHB00238,None,None,None
General Abdominal Pain-Symptom,SMHB00238,0.006491,0.026685,1
Ascariasis,SMHB00238,0.012942,0.039733,1
Hookworm Infections,SMHB00238,0.006491,0.026685,1
Parasitemia,SMHB00238,0.012942,0.039733,1
Haemorrhage Ant Chamber Eye,SMHB00242,None,None,None
Right Flank Pain,SMHB00242,None,None,None
Hemorrhage,SMHB00242,None,None,None
Flank Pain,SMHB00242,None,None,None
Abdominal Pain,SMHB00242,None,None,None
Hemorrhage Within 24 Hours Following Delivery Of Placenta,SMHB00242,0.030813,0.058607,1
Bronchiectasis,SMHB00242,5.70E-05,0.0006,1
Postpartum Disorder,SMHB00242,0.002486,0.012779,1
Urethra Hemorrhage,SMHB00242,None,None,None
Uterine Bleeding,SMHB00242,0,2.00E-06,0.002207
Hemorrhage Postpartum,SMHB00242,0.000108,0.001008,1
Hemorrhage After First 24 Hours Following Delivery Of Placenta,SMHB00242,0.030813,0.058607,1
Hemorrhoid Bleeding,SMHB00242,None,None,None
Left Flank Pain,SMHB00242,None,None,None
Lips Bleeding,SMHB00242,0.007789,0.030277,1
Metrorrhagia,SMHB00242,None,None,None
Vaginal Bleeding,SMHB00242,0.007789,0.030277,1
Menorrhagia,SMHB00242,0.001176,0.006904,1
Menometrorrhagia,SMHB00242,0.001176,0.006904,1
Gastric Ulcer Bleeding,SMHB00242,0.007789,0.030277,1
 Other Abdominal Pain,SMHB00242,0.030813,0.058607,1
Dyssomnia,SMHB00244,0.016379,0.044013,1
Deglutitional Syncope,SMHB00244,None,None,None
Insomnia,SMHB00244,None,None,None
Presyncope,SMHB00244,None,None,None
Stokes-Adams Syncope,SMHB00244,None,None,None
Subwakefullness Syndromes,SMHB00244,0.016379,0.044013,1
Hematemesis,SMHB00244,None,None,None
Syncope Cough,SMHB00244,None,None,None
Hyperventilation Syncope,SMHB00244,None,None,None
Syncope Exertional,SMHB00244,None,None,None
Syncope Cardiac,SMHB00244,None,None,None
Blood Disorder,SMHB00244,None,None,None
Micturition Disorder,SMHB00244,None,None,None
 Long Sleeper Syndrome,SMHB00244,0.016379,0.044013,1
Syncope Postural,SMHB00244,None,None,None
Lightheadedness,SMHB00244,None,None,None
Bronchial Asthma,SMHB00244,None,None,None
Syncopal Vertigo,SMHB00244,None,None,None
Mental Disorder,SMHB00244,0.016379,0.044013,1
 Sleep-Related Neurogenic Tachypnoea,SMHB00244,0.016379,0.044013,1
Convulsive Syncope,SMHB00244,None,None,None
Short-Sleeper,SMHB00244,0.016379,0.044013,1
Carotid Sinus Syncope,SMHB00244,None,None,None
Syncope Micturition,SMHB00244,None,None,None
Vision Halo,SMHB00244,None,None,None
Sleep Disorder,SMHB00244,0.000381,0.002828,1
Defecation Pain,SMHB00244,None,None,None
"Ejaculation
",SMHB00244,None,None,None
Syncopal Episode,SMHB00244,None,None,None
Obnubilation,SMHB00244,None,None,None
Syncope,SMHB00244,None,None,None
Situational Syncope,SMHB00244,None,None,None
Poor Quality Sleep,SMHB00244,0.008222,0.031456,1
 Physical Suffering,SMHB00245,None,None,None
Rheumatism,SMHB00245,None,None,None
Toothache,SMHB00245,None,None,None
Soft Tissue Injury,SMHB00245,0.000131,0.001189,1
Abdominal Pain,SMHB00245,None,None,None
Malnutrition,SMHB00245,None,None,None
Vagina,SMHB00245,0.034657,0.062952,1
Muscle Weakness,SMHB00245,0.04595,0.075628,1
Hyperalgia,SMHB00245,None,None,None
Colic,SMHB00245,0.034657,0.062952,1
Pain,SMHB00245,None,None,None
Vaginal Discharge,SMHB00245,0.034657,0.062952,1
Arthritic Pains,SMHB00245,None,None,None
Burning Pain,SMHB00245,None,None,None
 Splitting Pain,SMHB00245,None,None,None
Abdominal Cramp,SMHB00245,0.023235,0.051423,1
 Venomous Bite,SMHB00245,None,None,None
Infantile Colic,SMHB00245,0.011683,0.038067,1
 Migratory Pain,SMHB00245,None,None,None
Musculoskeletal Pain,SMHB00245,0.023235,0.051423,1
Ache,SMHB00245,None,None,None
Scald,SMHB00245,0.000131,0.001189,1
Second Degree Burn,SMHB00245,0.011683,0.038067,1
 Stomach Discomfort,SMHB00245,0.00059,0.003986,1
Pain Radiating,SMHB00245,None,None,None
Crushing Pain,SMHB00245,None,None,None
Burn Injury,SMHB00245,1.40E-05,0.000186,0.347456
 Physical Suffering,SMHB00246,None,None,None
Extremity Contracture,SMHB00246,None,None,None
Hyperalgia,SMHB00246,None,None,None
Osteoarticular Pain,SMHB00246,None,None,None
Quadriplegic Spinal Paralysis,SMHB00246,0.025728,0.053532,1
Pain,SMHB00246,None,None,None
 Cerebromedullospinal Disconnection,SMHB00246,0.025728,0.053532,1
Flaccid Tetraplegia,SMHB00246,0.025728,0.053532,1
Arthritic Pains,SMHB00246,None,None,None
Generalized Spasm,SMHB00246,0.025728,0.053532,1
Burning Pain,SMHB00246,None,None,None
 Splitting Pain,SMHB00246,None,None,None
Spasm,SMHB00246,0.032062,0.060278,1
Abdomen Discomfort,SMHB00246,0.038359,0.067282,1
Quadriparesis,SMHB00246,0.032062,0.060278,1
 Migratory Pain,SMHB00246,None,None,None
Carbuncle,SMHB00246,None,None,None
Spastic Quadriplegia,SMHB00246,0.032062,0.060278,1
Ache,SMHB00246,None,None,None
Cold Hands Feet,SMHB00246,3.90E-05,0.000436,0.975139
Scalp Pruritus,SMHB00246,None,None,None
Ciliary Spasm,SMHB00246,0.019354,0.04715,1
Quadriplegia,SMHB00246,0.025728,0.053532,1
Dyspepsia,SMHB00246,None,None,None
Pain Radiating,SMHB00246,None,None,None
Crushing Pain,SMHB00246,None,None,None
 Dyspepsia-Aggravated,SMHB00246,None,None,None
 Physical Suffering,SMHB00240,None,None,None
Soft Tissue Injury,SMHB00240,7.90E-05,0.000783,1
Caustic Injury,SMHB00240,None,None,None
Smarting Of Skin,SMHB00240,0.009087,0.033209,1
Hematoma,SMHB00240,0.018095,0.046235,1
Hyperalgia,SMHB00240,None,None,None
Skin Pain,SMHB00240,0.009087,0.033209,1
Urinary Tract Stone,SMHB00240,None,None,None
Urolithiasis,SMHB00240,0.009087,0.033209,1
Jaundice,SMHB00240,3.50E-05,0.000402,0.872723
Pain,SMHB00240,None,None,None
Generalized Spasm,SMHB00240,None,None,None
Burning Pain,SMHB00240,None,None,None
 Splitting Pain,SMHB00240,None,None,None
Skin Swelling,SMHB00240,0.018095,0.046235,1
 Migratory Pain,SMHB00240,None,None,None
Carbuncle,SMHB00240,None,None,None
Skin Ulcer(S),SMHB00240,None,None,None
Swelling,SMHB00240,None,None,None
Ache,SMHB00240,None,None,None
Asthenia,SMHB00240,None,None,None
Pain Radiating,SMHB00240,None,None,None
Crushing Pain,SMHB00240,None,None,None
" Disease Of Vocal Cords, Nos",SMHB00240,None,None,None
Deglutitional Syncope,SMHB00241,None,None,None
Erythrosis,SMHB00241,0.019905,0.04715,1
 Physical Suffering,SMHB00241,None,None,None
Presyncope,SMHB00241,None,None,None
Catarrh,SMHB00241,None,None,None
Parotid Enlargement,SMHB00241,0.039422,0.067979,1
Stokes-Adams Syncope,SMHB00241,None,None,None
 Red,SMHB00241,0.019905,0.04715,1
Syncope Cough,SMHB00241,None,None,None
Hyperventilation Syncope,SMHB00241,None,None,None
Erysipelas,SMHB00241,None,None,None
Hyperalgia,SMHB00241,None,None,None
Syncope Exertional,SMHB00241,None,None,None
Hyperpyrexia,SMHB00241,None,None,None
Syncope Cardiac,SMHB00241,None,None,None
Pain,SMHB00241,None,None,None
 Emotional Depression,SMHB00241,None,None,None
Breast Cyst,SMHB00241,0.019905,0.04715,1
Burning Pain,SMHB00241,None,None,None
 Splitting Pain,SMHB00241,None,None,None
Syncope Postural,SMHB00241,None,None,None
Syncopal Vertigo,SMHB00241,None,None,None
Thirst,SMHB00241,None,None,None
Macula,SMHB00241,None,None,None
 Migratory Pain,SMHB00241,None,None,None
Carbuncle,SMHB00241,None,None,None
Thermal Energy,SMHB00241,None,None,None
Convulsive Syncope,SMHB00241,None,None,None
Carotid Sinus Syncope,SMHB00241,None,None,None
Coryza,SMHB00241,None,None,None
Ache,SMHB00241,None,None,None
Syncope Micturition,SMHB00241,None,None,None
 Parotid Disease,SMHB00241,0.019905,0.04715,1
Nodule Subcutaneous,SMHB00241,0.019905,0.04715,1
Eyelid Irritation,SMHB00241,0.019905,0.04715,1
Polydipsia,SMHB00241,None,None,None
 Face Injury,SMHB00241,0.019905,0.04715,1
 Urinary Tract Pain,SMHB00241,None,None,None
Syncopal Episode,SMHB00241,None,None,None
Obnubilation,SMHB00241,2.00E-06,3.40E-05,0.049708
Syncope,SMHB00241,None,None,None
Pain Radiating,SMHB00241,None,None,None
Situational Syncope,SMHB00241,None,None,None
Crushing Pain,SMHB00241,None,None,None
Common Cold,SMHB00241,None,None,None
" Disease Of Vocal Cords, Nos",SMHB00241,0.002268,0.011863,1
Mental Status Altered,SMHB00241,None,None,None
Mental Status Altered,SMHB00241,None,None,None
Tenderness,SMHB00241,0.039422,0.067979,1
King Evil,SMHB00241,None,None,None
Abnormal Stools,SMHB00241,0.01902,0.04715,1
Hot Temperature,SMHB00241,None,None,None
Poisoning By,SMHB00241,None,None,None
Vaginal Discharge White,SMHB00243,None,None,None
Vagina,SMHB00243,0.012931,0.039733,1
Hemorrhage Within 24 Hours Following Delivery Of Placenta,SMHB00243,None,None,None
Nocturia,SMHB00243,0.004327,0.019882,1
Polyuria,SMHB00243,0.008637,0.032544,1
Cough,SMHB00243,None,None,None
Urination Frequency,SMHB00243,None,None,None
Hemorrhage Postpartum,SMHB00243,None,None,None
Cyanosis,SMHB00243,None,None,None
Enuresis,SMHB00243,0.012931,0.039733,1
Hemorrhage After First 24 Hours Following Delivery Of Placenta,SMHB00243,None,None,None
 Nocturia Aggravated,SMHB00243,0.004327,0.019882,1
"Ejaculation
",SMHB00243,None,None,None
Throat Dry,SMHB00243,None,None,None
Dyssomnia,SMHB00633,0.01552,0.043506,1
Insomnia,SMHB00633,0,2.00E-06,0.002207
Angina Symptoms,SMHB00633,0.007789,0.030277,1
Subwakefullness Syndromes,SMHB00633,0.01552,0.043506,1
Vagina,SMHB00633,0.023195,0.051423,1
Palpitation(S),SMHB00633,4.60E-05,0.000499,1
"Diarrhea, Chronic",SMHB00633,0.023195,0.051423,1
 Long Sleeper Syndrome,SMHB00633,0.01552,0.043506,1
Diarrhea Acute,SMHB00633,0.007789,0.030277,1
 Sleep-Related Neurogenic Tachypnoea,SMHB00633,0.01552,0.043506,1
Short-Sleeper,SMHB00633,0.01552,0.043506,1
Diarrhea Watery,SMHB00633,0.007789,0.030277,1
Sleep Disorder,SMHB00633,0.000341,0.002584,1
"Ejaculation
",SMHB00633,0.023195,0.051423,1
Poor Quality Sleep,SMHB00633,0.007789,0.030277,1
Rash,SMHB00247,None,None,None
Blanching Of Skin,SMHB00247,0.013847,0.040951,1
Larynx,SMHB00247,None,None,None
Pneumonia,SMHB00247,None,None,None
Cough Productive,SMHB00247,None,None,None
Polymenorrhea,SMHB00247,None,None,None
Parotid Enlargement,SMHB00247,0.027508,0.055251,1
Dyspnea,SMHB00247,0.027508,0.055251,1
Erysipelas,SMHB00247,None,None,None
Hyperalgia,SMHB00247,0.013847,0.040951,1
Menses Abnormal,SMHB00247,None,None,None
Cough,SMHB00247,None,None,None
Salivation,SMHB00247,None,None,None
Mumps,SMHB00247,None,None,None
Gasping,SMHB00247,0.040985,0.069693,1
Bronchial Asthma,SMHB00247,None,None,None
Pneumonia Lobar,SMHB00247,None,None,None
Macula,SMHB00247,None,None,None
Carbuncle,SMHB00247,None,None,None
Neck Injury,SMHB00247,None,None,None
 Cough Increased,SMHB00247,0.013847,0.040951,1
 Hypomenorrhea,SMHB00247,None,None,None
Neck Stiffness,SMHB00247,None,None,None
Retrograde Menstruation,SMHB00247,None,None,None
Earache,SMHB00247,0.013847,0.040951,1
Chills And Fever,SMHB00247,None,None,None
Chills And Fever,SMHB00247,None,None,None
Asthma Attack,SMHB00247,0.013847,0.040951,1
Experimental Lung Inflammation,SMHB00247,None,None,None
Cough Persistent,SMHB00247,0.002692,0.013583,1
Fever,SMHB00247,None,None,None
Respiratory Distress,SMHB00247,0.027508,0.055251,1
Pneumonia,SMHB00236,0.006058,0.025431,1
Night Sweat,SMHB00236,None,None,None
 Zoophaginae,SMHB00236,0.006058,0.025431,1
Facial Paresthesia,SMHB00236,None,None,None
Soft Tissue Injury,SMHB00236,3.40E-05,0.000393,0.84512
Anasarca,SMHB00236,0.029951,0.05795,1
Laryngitis,SMHB00236,0.012082,0.038774,1
Amenorrhea,SMHB00236,0.000102,0.00096,1
Abdominal Pain,SMHB00236,None,None,None
"Amenorrhea, Postpartum",SMHB00236,0.000102,0.00096,1
Virus,SMHB00236,0.006058,0.025431,1
Animal Virus,SMHB00236,0.006058,0.025431,1
Bronchitis Chronic,SMHB00236,0.018072,0.046235,1
Mumps,SMHB00236,0.018072,0.046235,1
Sweating,SMHB00236,None,None,None
Sweat,SMHB00236,None,None,None
Stridor,SMHB00236,None,None,None
Menopause,SMHB00236,0.024028,0.052098,1
Arthritis,SMHB00236,0.006058,0.025431,1
Leprosy,SMHB00236,0.012082,0.038774,1
Lymphadenitis,SMHB00236,0.006058,0.025431,1
Mastitis,SMHB00236,0.006058,0.025431,1
Hemorrhage,SMHB00250,None,None,None
Injury,SMHB00250,0.019338,0.04715,1
Vertebrogenic Pain Syndrome,SMHB00250,None,None,None
Xerostomia,SMHB00250,None,None,None
Epigastric Pain,SMHB00250,None,None,None
Hemorrhoids,SMHB00250,None,None,None
Rumination Disorder,SMHB00250,None,None,None
Crescendo Angina,SMHB00250,None,None,None
Bronchitis Chronic,SMHB00250,0.006479,0.026685,1
Eating Disorder,SMHB00250,None,None,None
Back Pain Without Radiation Nos,SMHB00250,None,None,None
Back Pain With Radiation,SMHB00250,None,None,None
Seizures,SMHB00250,None,None,None
Tongue Discoloration,SMHB00250,None,None,None
Abnormal Menstrual Cycle,SMHB00250,None,None,None
Bronchial Asthma,SMHB00250,0.032062,0.060278,1
Angina Pectoris,SMHB00250,None,None,None
Cyanosis,SMHB00250,None,None,None
Backache,SMHB00250,None,None,None
Feeding And Eating Disorders Of Childhood,SMHB00250,None,None,None
Habit Disorder,SMHB00250,None,None,None
Asthenia,SMHB00250,None,None,None
 Stomach Discomfort,SMHB00250,None,None,None
Dysentery,SMHB00250,None,None,None
Vocal Tic,SMHB00250,None,None,None
Motor Tics,SMHB00250,None,None,None
Dyspepsia,SMHB00250,None,None,None
Asthma Attack,SMHB00250,None,None,None
Decreased Appetite,SMHB00250,None,None,None
Abnormal Stools,SMHB00250,None,None,None
Colic Biliary,SMHB00250,0.004323,0.019882,1
Lymphadenopathy Regional,SMHB00250,0.002164,0.011453,1
Deglutitional Syncope,SMHB00659,0.01442,0.041867,1
Sharp Headache,SMHB00659,0,0,5.80E-05
Cataract,SMHB00659,0.008643,0.032544,1
Presyncope,SMHB00659,0.017783,0.045928,1
Heaviness Of Head,SMHB00659,0.041965,0.070815,1
"Headache, Periorbital",SMHB00659,0,0,5.80E-05
Bilateral Headache,SMHB00659,0,0,5.80E-05
Other Conjunctivitis Nos,SMHB00659,0.021203,0.04873,1
Ocular Headache,SMHB00659,0,0,5.80E-05
Stokes-Adams Syncope,SMHB00659,0.01442,0.041867,1
Behavior Disorder,SMHB00659,0.041965,0.070815,1
Headache Throbbing,SMHB00659,0,0,5.80E-05
Syncope Cough,SMHB00659,0.01442,0.041867,1
Hyperventilation Syncope,SMHB00659,0.01442,0.041867,1
Radiculopathy,SMHB00659,0.021203,0.04873,1
Pupil Dilated,SMHB00659,0.021203,0.04873,1
Syncope Exertional,SMHB00659,0.01442,0.041867,1
Orthostatic Headache,SMHB00659,0,0,5.80E-05
Annular Erythema,SMHB00659,0.021203,0.04873,1
Hyperpyrexia,SMHB00659,2.10E-05,0.000261,0.516083
Syncope Cardiac,SMHB00659,0.01442,0.041867,1
Nerve Root Disorder,SMHB00659,0.021203,0.04873,1
Seizures,SMHB00659,6.00E-06,8.80E-05,0.147932
 Skin Scaly,SMHB00659,0.041965,0.070815,1
Motion Sickness,SMHB00659,0.000441,0.003167,1
Syncope Postural,SMHB00659,0.01442,0.041867,1
"Neuralgia, Sluder",SMHB00659,0.021203,0.04873,1
Cervical Radiculopathy,SMHB00659,0.021203,0.04873,1
Syncopal Vertigo,SMHB00659,0.01442,0.041867,1
Mental Disorder,SMHB00659,0.041965,0.070815,1
Trigeminal Autonomic Cephalgia,SMHB00659,0.021203,0.04873,1
Air Sickness,SMHB00659,0.000441,0.003167,1
Macula,SMHB00659,0.021203,0.04873,1
Convulsive Syncope,SMHB00659,0.01442,0.041867,1
Nerve Root Pain,SMHB00659,0.021203,0.04873,1
Neuralgia Facial,SMHB00659,0.021203,0.04873,1
Carotid Sinus Syncope,SMHB00659,0.01442,0.041867,1
Syncope Micturition,SMHB00659,0.01442,0.041867,1
Vision Halo,SMHB00659,0.021203,0.04873,1
 Generalised Headache,SMHB00659,0,0,5.80E-05
Habit Disorder,SMHB00659,3.50E-05,0.000402,0.875946
"Avulsion, Nerve Root",SMHB00659,0.021203,0.04873,1
Vocal Tic,SMHB00659,3.50E-05,0.000402,0.875946
Sea Sickness,SMHB00659,0.000441,0.003167,1
Motor Tics,SMHB00659,3.50E-05,0.000402,0.875946
Syncopal Episode,SMHB00659,0.01442,0.041867,1
Syncope,SMHB00659,0.017783,0.045928,1
Situational Syncope,SMHB00659,0.01442,0.041867,1
Diagnosis Psychiatric,SMHB00659,0.021203,0.04873,1
Vertex Headache,SMHB00659,0,0,5.80E-05
"Headache, Retro-Ocular",SMHB00659,0,0,5.80E-05
Compression Nerve Root,SMHB00659,0.021203,0.04873,1
"Headache, Dull",SMHB00659,2.10E-05,0.000261,0.516083
Headache Unilateral,SMHB00659,0,0,5.80E-05
Radiculitis,SMHB00659,0.021203,0.04873,1
Tenderness,SMHB00659,0.041965,0.070815,1
Myofacial Pain Syndrome,SMHB00659,0.021203,0.04873,1
Headache,SMHB00659,0,0,0.000143
Pain Acute,SMHB00659,0.021203,0.04873,1
Dyssomnia,SMHB00248,0.039422,0.067979,1
Insomnia,SMHB00248,None,None,None
Cough Productive,SMHB00248,None,None,None
Graphomotor Aphasia,SMHB00248,None,None,None
Angina Symptoms,SMHB00248,0.019905,0.04715,1
Global Aphasia,SMHB00248,None,None,None
Subwakefullness Syndromes,SMHB00248,0.039422,0.067979,1
Dyspnea,SMHB00248,0.039422,0.067979,1
Hyperalgia,SMHB00248,0.019905,0.04715,1
Dysphasia,SMHB00248,None,None,None
Palpitation(S),SMHB00248,None,None,None
Dejerine Lichtheim Phenomenon,SMHB00248,None,None,None
"Aphasia, Post Ictal",SMHB00248,None,None,None
Intellectual Aphasia,SMHB00248,None,None,None
Respiratory Abnormality,SMHB00248,0.002268,0.011863,1
Functional Aphasia,SMHB00248,None,None,None
Cough,SMHB00248,None,None,None
 Acquired Aphasias,SMHB00248,None,None,None
Emotional Distress,SMHB00248,None,None,None
 Long Sleeper Syndrome,SMHB00248,0.039422,0.067979,1
Bronchial Asthma,SMHB00248,None,None,None
Respiratory Disorder,SMHB00248,None,None,None
"Aphasia, Post Traumatic",SMHB00248,None,None,None
 Sleep-Related Neurogenic Tachypnoea,SMHB00248,0.039422,0.067979,1
Short-Sleeper,SMHB00248,0.039422,0.067979,1
 Cough Increased,SMHB00248,0.019905,0.04715,1
Mixed Aphasia,SMHB00248,None,None,None
Auditory Discriminatory Aphasia,SMHB00248,None,None,None
Commisural Aphasia,SMHB00248,None,None,None
Sleep Disorder,SMHB00248,0.002268,0.011863,1
Aphagia,SMHB00248,0.019905,0.04715,1
Asthenia,SMHB00248,None,None,None
 Ageusic Aphasia,SMHB00248,None,None,None
Progressive Aphasia,SMHB00248,None,None,None
Loss Of Appetite,SMHB00248,0.019905,0.04715,1
Cardiac Arrhythmia,SMHB00248,0.001148,0.006788,1
Vaginal Bleeding,SMHB00248,None,None,None
"Sports Injury, Nos",SMHB00248,0.019905,0.04715,1
Aphasia,SMHB00248,None,None,None
Asthma Attack,SMHB00248,0.019905,0.04715,1
Poor Quality Sleep,SMHB00248,0.019905,0.04715,1
Cough Persistent,SMHB00248,0.005527,0.023982,1
Syntactical Aphasia,SMHB00248,None,None,None
Decreased Appetite,SMHB00248,None,None,None
emantic Aphasia,SMHB00248,None,None,None
Respiratory Distress,SMHB00248,0.039422,0.067979,1
Neoplastic Growth,SMHB00249,None,None,None
Polymenorrhea,SMHB00249,None,None,None
Amenorrhea,SMHB00249,0.030846,0.058607,1
German Measles,SMHB00249,None,None,None
"Amenorrhea, Postpartum",SMHB00249,0.030846,0.058607,1
Menses Abnormal,SMHB00249,None,None,None
Arthritic Pains,SMHB00249,None,None,None
Abnormal Menstrual Cycle,SMHB00249,0.010385,0.03576,1
Postpartum Disorder,SMHB00249,None,None,None
Oligomenorrhea,SMHB00249,0.000613,0.004111,1
Scalp Pruritus,SMHB00249,0.010385,0.03576,1
Cyanosis,SMHB00249,None,None,None
 Hypomenorrhea,SMHB00249,None,None,None
Neoplasm Benign Nos,SMHB00249,0.010385,0.03576,1
Bleeding Ulcer,SMHB00249,None,None,None
Abdomen Tumor,SMHB00249,0.020667,0.048222,1
Menopause,SMHB00249,None,None,None
Retrograde Menstruation,SMHB00249,None,None,None
Acne,SMHB00249,0.030846,0.058607,1
Alopecia,SMHB00663,0.026979,0.054805,1
Constipation,SMHB00663,0.038342,0.067282,1
Trichophytosis,SMHB00663,0.011643,0.038067,1
Scabies,SMHB00663,0.011643,0.038067,1
Frigidity,SMHB00663,0.003894,0.018222,1
Tinea,SMHB00663,0.00028,0.002204,1
Yang Deficiency,SMHB00663,0.019338,0.04715,1
Chill,SMHB00663,0.007775,0.030277,1
Tinea Corporis,SMHB00663,0.011643,0.038067,1
Sarcoptic Red Mange,SMHB00663,0.011643,0.038067,1
Gangrene,SMHB00663,0.023165,0.051423,1
Colonic Inertia,SMHB00663,0.03078,0.058607,1
Epidermophytosis,SMHB00663,0.011643,0.038067,1
Necrosis,SMHB00663,0.003894,0.018222,1
Chilliness,SMHB00663,0.011643,0.038067,1
Scabies,SMHB00663,0.015497,0.043506,1
Abdomen Distention,SMHB00239,0.029361,0.057438,1
Abdominal Tenderness,SMHB00239,0.009087,0.033209,1
 Physical Suffering,SMHB00239,None,None,None
Bulimia Nervosa,SMHB00239,0.027026,0.054805,1
Testicle Pain,SMHB00239,7.90E-05,0.000783,1
Abdominal Pain,SMHB00239,None,None,None
Smarting Of Skin,SMHB00239,0.009087,0.033209,1
Hematoma,SMHB00239,0.018095,0.046235,1
Hyperalgia,SMHB00239,None,None,None
Hemorrhage Within 24 Hours Following Delivery Of Placenta,SMHB00239,None,None,None
Skin Pain,SMHB00239,0.009087,0.033209,1
Pain,SMHB00239,None,None,None
Pneumatosis,SMHB00239,0.009087,0.033209,1
Burning Pain,SMHB00239,None,None,None
 Splitting Pain,SMHB00239,None,None,None
Skin Swelling,SMHB00239,0.018095,0.046235,1
Enterocele,SMHB00239,None,None,None
 Migratory Pain,SMHB00239,None,None,None
Hernia,SMHB00239,None,None,None
Hemorrhage Postpartum,SMHB00239,None,None,None
Swelling,SMHB00239,None,None,None
Ache,SMHB00239,None,None,None
Hemorrhage After First 24 Hours Following Delivery Of Placenta,SMHB00239,None,None,None
Foreign Body,SMHB00239,None,None,None
Pain Radiating,SMHB00239,None,None,None
Crushing Pain,SMHB00239,None,None,None
General Abdominal Pain-Symptom,SMHB00239,0.009087,0.033209,1
Testicle Swelling,SMHB00239,None,None,None
Haemorrhage Ant Chamber Eye,SMHB00251,None,None,None
Pneumonia,SMHB00251,None,None,None
Right Flank Pain,SMHB00251,None,None,None
Stomatitis,SMHB00251,None,None,None
Hemorrhage,SMHB00251,None,None,None
 Physical Suffering,SMHB00251,None,None,None
Cough Productive,SMHB00251,None,None,None
"Sputums, Induced",SMHB00251,None,None,None
Oral Mucositis,SMHB00251,None,None,None
Vaginal Discharge White,SMHB00251,None,None,None
Scabies,SMHB00251,None,None,None
Other Conjunctivitis Nos,SMHB00251,0.021203,0.04873,1
Complete Deafness,SMHB00251,None,None,None
Bright Red Blood Per Rectum,SMHB00251,None,None,None
Flank Pain,SMHB00251,None,None,None
Facial Paresthesia,SMHB00251,0.021203,0.04873,1
Genital Pruritus,SMHB00251,None,None,None
 Acquired Deafness,SMHB00251,None,None,None
Transitory Deafness,SMHB00251,None,None,None
 Crackling Sound In Ear,SMHB00251,None,None,None
Vulvovaginal Swelling,SMHB00251,0.021203,0.04873,1
Hyperalgia,SMHB00251,None,None,None
Tinnitus,SMHB00251,None,None,None
Tensor Palatini Induced Tinnitus,SMHB00251,None,None,None
Perineum Abscess,SMHB00251,None,None,None
Jaundice,SMHB00251,None,None,None
Pain,SMHB00251,None,None,None
Subjective Tinnitus,SMHB00251,None,None,None
Seizures,SMHB00251,None,None,None
Noise-Induced Tinnitus,SMHB00251,None,None,None
Spontaneous Oto Acoustic Emission Tinnitus,SMHB00251,None,None,None
Micturition Disorder,SMHB00251,None,None,None
Cough,SMHB00251,None,None,None
Objective Tinnitus,SMHB00251,None,None,None
Burning Pain,SMHB00251,None,None,None
 Orthostasis,SMHB00251,None,None,None
 Splitting Pain,SMHB00251,None,None,None
Sarcoptic Red Mange,SMHB00251,None,None,None
Lightheadedness,SMHB00251,None,None,None
Convulsions Neonatal,SMHB00251,None,None,None
Bronchial Asthma,SMHB00251,None,None,None
Skin Breakdown,SMHB00251,0.021203,0.04873,1
Pneumonia Lobar,SMHB00251,None,None,None
Tinnitus Of Vascular Origin,SMHB00251,None,None,None
Sputum,SMHB00251,None,None,None
 Migratory Pain,SMHB00251,None,None,None
Dizziness,SMHB00251,None,None,None
Halitosis,SMHB00251,None,None,None
Eczema,SMHB00251,None,None,None
Dental Discomfort,SMHB00251,0.021203,0.04873,1
Skin Ulcer(S),SMHB00251,None,None,None
Ache,SMHB00251,None,None,None
Scalp Pruritus,SMHB00251,0.021203,0.04873,1
Prelingual Deafness,SMHB00251,None,None,None
 Ear Clicking Sound,SMHB00251,None,None,None
Deafness,SMHB00251,None,None,None
Habit Disorder,SMHB00251,None,None,None
Extreme Hearing Loss,SMHB00251,None,None,None
Throat Tightness,SMHB00251,None,None,None
Left Flank Pain,SMHB00251,None,None,None
Vocal Tic,SMHB00251,None,None,None
Metrorrhagia,SMHB00251,None,None,None
Motor Tics,SMHB00251,None,None,None
Pulsatile Tinnitus,SMHB00251,None,None,None
Eye Blood Shot,SMHB00251,None,None,None
Ocular Icterus,SMHB00251,0.021203,0.04873,1
Pain Radiating,SMHB00251,None,None,None
Crushing Pain,SMHB00251,None,None,None
Urine Abnormality,SMHB00251,None,None,None
Vulvar Abscess,SMHB00251,0.021203,0.04873,1
 Vulvar Abscess,SMHB00251,0.021203,0.04873,1
Experimental Lung Inflammation,SMHB00251,None,None,None
Sputum Purulent,SMHB00251,None,None,None
Erectile Dysfunction,SMHB00251,0.041965,0.070815,1
Comedome,SMHB00252,None,None,None
Dermatosis Of Scalp,SMHB00252,0.006913,0.027968,1
Bloody Stool,SMHB00252,None,None,None
Carbuncle,SMHB00252,None,None,None
Speech Disorder,SMHB00252,0.003462,0.016608,1
 Stomach Discomfort,SMHB00252,None,None,None
Snake Venom Causing Toxic Effect,SMHB00252,None,None,None
Cough Persistent,SMHB00252,0.000156,0.001364,1
King Evil,SMHB00252,None,None,None
Abnormal Stools,SMHB00252,None,None,None
Sprains And Strains,SMHB00252,0.006913,0.027968,1
Aphonia Paralytica,SMHB00253,None,None,None
Constipation,SMHB00253,None,None,None
 Physical Suffering,SMHB00253,None,None,None
Cough Productive,SMHB00253,None,None,None
"Sputums, Induced",SMHB00253,None,None,None
Hyperalgia,SMHB00253,None,None,None
Functional Aphonia,SMHB00253,None,None,None
Pain,SMHB00253,None,None,None
Cough,SMHB00253,None,None,None
Burning Pain,SMHB00253,None,None,None
 Splitting Pain,SMHB00253,None,None,None
Sputum,SMHB00253,None,None,None
 Migratory Pain,SMHB00253,None,None,None
Ache,SMHB00253,None,None,None
Cold Hands Feet,SMHB00253,None,None,None
Spastic Aphonia,SMHB00253,None,None,None
Defecation Pain,SMHB00253,None,None,None
Colonic Inertia,SMHB00253,None,None,None
Throat Tightness,SMHB00253,None,None,None
Pain Radiating,SMHB00253,None,None,None
Crushing Pain,SMHB00253,None,None,None
Lung Disorder,SMHB00253,None,None,None
Cough Persistent,SMHB00253,0.000117,0.001077,1
Aphonia,SMHB00253,None,None,None
Sputum Purulent,SMHB00253,None,None,None
Dyssomnia,SMHB00544,0.018095,0.046235,1
"Memory Disorders, Spatial",SMHB00544,0.009087,0.033209,1
Insomnia,SMHB00544,0,4.00E-06,0.004304
Angina Symptoms,SMHB00544,0.009087,0.033209,1
"Memory Disorders, Semantic",SMHB00544,0.009087,0.033209,1
Subwakefullness Syndromes,SMHB00544,0.018095,0.046235,1
 Anemic,SMHB00544,0.018095,0.046235,1
Palpitation(S),SMHB00544,1.00E-06,1.90E-05,0.025367
Anemia,SMHB00544,0.009087,0.033209,1
 Long Sleeper Syndrome,SMHB00544,0.018095,0.046235,1
Inability To Maintain Attention,SMHB00544,0.009087,0.033209,1
Memory Loss Or Impairment,SMHB00544,0.009087,0.033209,1
Memory Disorder,SMHB00544,0.009087,0.033209,1
 Sleep-Related Neurogenic Tachypnoea,SMHB00544,0.018095,0.046235,1
Short-Sleeper,SMHB00544,0.018095,0.046235,1
Age Related Memory Disorders,SMHB00544,0.009087,0.033209,1
Mental Retardation,SMHB00544,0.018095,0.046235,1
Cyanosis,SMHB00544,0.035878,0.064462,1
Sleep Disorder,SMHB00544,0.000467,0.003305,1
Forgetfulness,SMHB00544,0.018095,0.046235,1
Memory Impairment,SMHB00544,7.90E-05,0.000783,1
Poor Quality Sleep,SMHB00544,0.009087,0.033209,1
Erythrosis,SMHB00254,None,None,None
 Physical Suffering,SMHB00254,None,None,None
Extremity Contracture,SMHB00254,0.000152,0.001338,1
Smarting Of Skin,SMHB00254,0.012549,0.039351,1
Hematoma,SMHB00254,0.024945,0.053056,1
Hyperalgia,SMHB00254,None,None,None
Vidian Neuralgia,SMHB00254,None,None,None
Skin Pain,SMHB00254,0.012549,0.039351,1
Quadriplegic Spinal Paralysis,SMHB00254,0.049289,0.078752,1
Pain,SMHB00254,None,None,None
 Cerebromedullospinal Disconnection,SMHB00254,0.049289,0.078752,1
Perineal Neuralgia,SMHB00254,None,None,None
Iliohypogastric Nerve Neuralgia,SMHB00254,None,None,None
Stump Neuralgia,SMHB00254,None,None,None
Flaccid Tetraplegia,SMHB00254,0.049289,0.078752,1
Breast Cyst,SMHB00254,0.012549,0.039351,1
Generalized Spasm,SMHB00254,0.049289,0.078752,1
Burning Pain,SMHB00254,None,None,None
 Splitting Pain,SMHB00254,None,None,None
Skin Swelling,SMHB00254,0.024945,0.053056,1
Paroxysmal Nerve Pain,SMHB00254,None,None,None
 Migratory Pain,SMHB00254,None,None,None
Carbuncle,SMHB00254,None,None,None
Breast Pain,SMHB00254,0.003072,0.015061,1
Skin Ulcer(S),SMHB00254,None,None,None
Swelling,SMHB00254,None,None,None
Ache,SMHB00254,None,None,None
Cold Hands Feet,SMHB00254,0.000152,0.001338,1
Neuralgia,SMHB00254,None,None,None
Ciliary Spasm,SMHB00254,0.037192,0.065886,1
Quadriplegia,SMHB00254,0.049289,0.078752,1
Supraorbital Neuralgia,SMHB00254,None,None,None
Pain Radiating,SMHB00254,None,None,None
Crushing Pain,SMHB00254,None,None,None
Atypical Neuralgia,SMHB00254,None,None,None
Vision Dim,SMHB00254,None,None,None
Ilioinguinal Neuralgia,SMHB00254,None,None,None
Joint Contracture,SMHB00254,None,None,None
King Evil,SMHB00254,None,None,None
Nerve Pain,SMHB00254,None,None,None
Cataract,SMHB00612,0.002864,0.014349,1
Eye Pain,SMHB00612,0.000837,0.005271,1
Scabies,SMHB00612,0.035925,0.064462,1
 Lens Opacity,SMHB00612,0.002061,0.010974,1
Other Conjunctivitis Nos,SMHB00612,0.012116,0.038774,1
Dermatitis Eyelid,SMHB00612,0.012116,0.038774,1
Duodenal Ulcer Hemorrhage,SMHB00612,0.012116,0.038774,1
Trachoma,SMHB00612,0.012116,0.038774,1
Smarting Of Skin,SMHB00612,0.012116,0.038774,1
Hematoma,SMHB00612,0.02409,0.052098,1
Pterygium,SMHB00612,0.02409,0.052098,1
Skin Pain,SMHB00612,0.012116,0.038774,1
Skin Swelling,SMHB00612,0.02409,0.052098,1
Sarcoptic Red Mange,SMHB00612,0.035925,0.064462,1
Eye Hemorrhage,SMHB00612,0.02409,0.052098,1
Ache,SMHB00612,0.030616,0.058607,1
Scalp Pruritus,SMHB00612,0.012116,0.038774,1
Sore Eye,SMHB00612,0.02409,0.052098,1
Ulcer,SMHB00612,0.035925,0.064462,1
Pseudoaphakia,SMHB00612,0.002061,0.010974,1
Eye Blood Shot,SMHB00612,0.035925,0.064462,1
 Duodenitis Hemorrhagic,SMHB00612,0.012116,0.038774,1
Blepharitis,SMHB00612,0.012116,0.038774,1
Operative Bleeding,SMHB00612,0.012116,0.038774,1
Pus Drainage,SMHB00612,0.02409,0.052098,1
Swelling Round Eyes: [periorbital Edema],SMHB00612,0.012116,0.038774,1
Pneumonia,SMHB00255,None,None,None
 Physical Suffering,SMHB00255,None,None,None
Cough Productive,SMHB00255,None,None,None
Vomiting Neonatal,SMHB00255,None,None,None
Empyema,SMHB00255,None,None,None
Hyperalgia,SMHB00255,None,None,None
Diarrhea,SMHB00255,None,None,None
Pain,SMHB00255,None,None,None
Cough,SMHB00255,None,None,None
Burning Pain,SMHB00255,None,None,None
 Splitting Pain,SMHB00255,None,None,None
Pneumonia Lobar,SMHB00255,None,None,None
Thirst,SMHB00255,None,None,None
 Migratory Pain,SMHB00255,None,None,None
Carbuncle,SMHB00255,None,None,None
Ache,SMHB00255,None,None,None
Polydipsia,SMHB00255,None,None,None
 Urinary Tract Pain,SMHB00255,None,None,None
Pain Radiating,SMHB00255,None,None,None
Crushing Pain,SMHB00255,None,None,None
Experimental Lung Inflammation,SMHB00255,None,None,None
Lung Disorder,SMHB00255,0.023195,0.051423,1
Cough Persistent,SMHB00255,0.000844,0.00531,1
Heartburn,SMHB00255,None,None,None
Vomiting,SMHB00255,0.030813,0.058607,1
Right Flank Pain,SMHB00658,0.039371,0.067979,1
Mechanical Low Back Pain,SMHB00658,1.00E-06,2.00E-05,0.026424
Complete Deafness,SMHB00658,0.02553,0.053474,1
Flank Pain,SMHB00658,0.039371,0.067979,1
Renal Agenesis,SMHB00658,0.02553,0.053474,1
 Recurrent Low Back Pain,SMHB00658,1.00E-06,2.00E-05,0.026424
 Acquired Deafness,SMHB00658,0.02553,0.053474,1
Transitory Deafness,SMHB00658,0.02553,0.053474,1
 Crackling Sound In Ear,SMHB00658,0.02553,0.053474,1
Idiopathic Inflammatory Myositis,SMHB00658,0.02553,0.053474,1
Labor Preterm,SMHB00658,0.02553,0.053474,1
" Disease, Endometrial",SMHB00658,0.02553,0.053474,1
Tensor Palatini Induced Tinnitus,SMHB00658,0.02553,0.053474,1
Myopathy,SMHB00658,0.02553,0.053474,1
Subjective Tinnitus,SMHB00658,0.02553,0.053474,1
Cold Sensation,SMHB00658,0.003721,0.017655,1
Anemia,SMHB00658,0.02553,0.053474,1
Noise-Induced Tinnitus,SMHB00658,0.02553,0.053474,1
Spontaneous Oto Acoustic Emission Tinnitus,SMHB00658,0.02553,0.053474,1
Objective Tinnitus,SMHB00658,0.02553,0.053474,1
Motion Sickness,SMHB00658,0.000641,0.004252,1
Lip Paresthesia,SMHB00658,0.02553,0.053474,1
Uterine Disorder,SMHB00658,0.02553,0.053474,1
Loin Pain,SMHB00658,0.0003,0.002325,1
Infective Myositis,SMHB00658,0.02553,0.053474,1
Tinnitus Of Vascular Origin,SMHB00658,0.02553,0.053474,1
Postural Low Back Pain,SMHB00658,1.00E-06,2.00E-05,0.026424
Premature Birth,SMHB00658,0.02553,0.053474,1
Air Sickness,SMHB00658,0.000641,0.004252,1
Emaciation,SMHB00658,0,0,0
Lassitude,SMHB00658,0.001191,0.006959,1
Myositis,SMHB00658,0.02553,0.053474,1
Uterine Bleeding,SMHB00658,0.000515,0.003593,1
Hemorrhage Postpartum,SMHB00658,0.041726,0.070638,1
Vision Halo,SMHB00658,0.02553,0.053474,1
Prelingual Deafness,SMHB00658,0.02553,0.053474,1
 Ear Clicking Sound,SMHB00658,0.02553,0.053474,1
Deafness,SMHB00658,0.02553,0.053474,1
Focal Myositis,SMHB00658,0.02553,0.053474,1
Asthenia,SMHB00658,0.042817,0.071736,1
Extreme Hearing Loss,SMHB00658,0.02553,0.053474,1
Left Flank Pain,SMHB00658,0.039371,0.067979,1
Sea Sickness,SMHB00658,0.000641,0.004252,1
Metrorrhagia,SMHB00658,0.000809,0.005112,1
Pulsatile Tinnitus,SMHB00658,0.02553,0.053474,1
Proliferative Myositis,SMHB00658,0.02553,0.053474,1
Posterior Compartment Low Back Pain,SMHB00658,1.00E-06,2.00E-05,0.026424
Mental Status Altered,SMHB00658,0.001891,0.010236,1
Mental Status Altered,SMHB00658,0.001891,0.010236,1
Typhoid Fever,SMHB00658,7.20E-05,0.000727,1
Menorrhagia,SMHB00658,0.012393,0.039351,1
Menometrorrhagia,SMHB00658,0.012393,0.039351,1
Female Infertility,SMHB00658,0.02553,0.053474,1
Constipation,SMHB00256,None,None,None
"Seizure, Convulsion",SMHB00256,0.00476,0.021453,1
 Cryptogenic Epilepsies,SMHB00256,None,None,None
Sensory Seizure,SMHB00256,0.00476,0.021453,1
Tinea,SMHB00256,0.032889,0.061056,1
Malnutrition,SMHB00256,0.000306,0.002369,1
Seizure Focal,SMHB00256,0.00476,0.021453,1
Seizure(S) Jacksonian,SMHB00256,0.00476,0.021453,1
Aura,SMHB00256,None,None,None
Single Seizure,SMHB00256,None,None,None
"Overnutrition, Child",SMHB00256,None,None,None
Seizures,SMHB00256,None,None,None
Seizure Generalized,SMHB00256,0.00476,0.021453,1
Visual Epilepsy,SMHB00256,0.00476,0.021453,1
"Epilepsy, Awakening",SMHB00256,None,None,None
Olfactory Uncinate Fit,SMHB00256,0.00476,0.021453,1
 Nutrition Disorders In Children,SMHB00256,None,None,None
Children Malnutrition,SMHB00256,None,None,None
Tonic Seizure,SMHB00256,0.00476,0.021453,1
Clonic Seizure,SMHB00256,0.009499,0.03422,1
Epilepsy,SMHB00256,None,None,None
 Seizure(S) Somatosensory,SMHB00256,0.00476,0.021453,1
Seizure(S) Grand Mal,SMHB00256,0.00476,0.021453,1
Defecation Pain,SMHB00256,None,None,None
Habit Disorder,SMHB00256,None,None,None
Colonic Inertia,SMHB00256,None,None,None
Vocal Tic,SMHB00256,None,None,None
Motor Tics,SMHB00256,None,None,None
 [D]Fit (In Non-Epileptic) Nos,SMHB00256,0.00476,0.021453,1
Right Flank Pain,SMHB00655,0.002936,0.014672,1
 Physical Suffering,SMHB00655,0.01177,0.038225,1
Mechanical Low Back Pain,SMHB00655,0,0,0.000187
Flank Pain,SMHB00655,0.002936,0.014672,1
 Recurrent Low Back Pain,SMHB00655,0,0,0.000187
Smarting Of Skin,SMHB00655,0.009952,0.034881,1
Hematoma,SMHB00655,0.01981,0.04715,1
Skin Pain,SMHB00655,0.009952,0.034881,1
Yang Deficiency,SMHB00655,0.048823,0.078326,1
Pain,SMHB00655,0.016148,0.044013,1
Breast Cyst,SMHB00655,0.009952,0.034881,1
Burning Pain,SMHB00655,0.01177,0.038225,1
 Splitting Pain,SMHB00655,0.01177,0.038225,1
Skin Swelling,SMHB00655,0.01981,0.04715,1
Loin Pain,SMHB00655,1.70E-05,0.000217,0.41911
Postural Low Back Pain,SMHB00655,0,0,0.000187
 Migratory Pain,SMHB00655,0.01177,0.038225,1
Ache,SMHB00655,0.00134,0.007669,1
"Ejaculation
",SMHB00655,0.029574,0.057571,1
Necrosis,SMHB00655,0.009952,0.034881,1
Left Flank Pain,SMHB00655,0.002936,0.014672,1
Pain Radiating,SMHB00655,0.01177,0.038225,1
Crushing Pain,SMHB00655,0.01177,0.038225,1
Posterior Compartment Low Back Pain,SMHB00655,0,0,0.000187
"Melena
",SMHB00656,0.000198,0.001664,1
Smarting Of Skin,SMHB00656,0.01428,0.041556,1
Hematoma,SMHB00656,0.028361,0.05602,1
Vulvovaginal Swelling,SMHB00656,0.01428,0.041556,1
Idiopathic Inflammatory Myositis,SMHB00656,0.01428,0.041556,1
Skin Pain,SMHB00656,0.01428,0.041556,1
Myopathy,SMHB00656,0.01428,0.041556,1
Perineum Abscess,SMHB00656,0.01428,0.041556,1
Knee(S) Pain,SMHB00656,0.042248,0.07105,1
Skin Swelling,SMHB00656,0.028361,0.05602,1
Infective Myositis,SMHB00656,0.01428,0.041556,1
Urethra Hemorrhage,SMHB00656,0.01428,0.041556,1
Emaciation,SMHB00656,0,0,0
Myositis,SMHB00656,0.01428,0.041556,1
Uterine Bleeding,SMHB00656,1.00E-06,2.10E-05,0.029056
Hemorrhage Postpartum,SMHB00656,0.000689,0.0045,1
Ache,SMHB00656,0.041501,0.070343,1
Focal Myositis,SMHB00656,0.01428,0.041556,1
"Ejaculation
",SMHB00656,0.042248,0.07105,1
Hemorrhoid Bleeding,SMHB00656,0.042248,0.07105,1
Metrorrhagia,SMHB00656,0.000142,0.001263,1
Proliferative Myositis,SMHB00656,0.01428,0.041556,1
"Sports Injury, Nos",SMHB00656,0.01428,0.041556,1
Vulvar Abscess,SMHB00656,0.01428,0.041556,1
 Vulvar Abscess,SMHB00656,0.01428,0.041556,1
Menorrhagia,SMHB00656,8.90E-05,0.000861,1
Menometrorrhagia,SMHB00656,8.90E-05,0.000861,1
Vaginal Discharge White,SMHB00657,0.001456,0.008252,1
Vagina,SMHB00657,0.02575,0.053532,1
Yang Deficiency,SMHB00657,0.042565,0.07148,1
Nocturia,SMHB00657,0.008654,0.032544,1
Polyuria,SMHB00657,0.017237,0.045046,1
Bed-Wetting,SMHB00657,0.008654,0.032544,1
Urination Frequency,SMHB00657,1.90E-05,0.000241,0.470895
Uterine Bleeding,SMHB00657,0,3.00E-06,0.003487
Hemorrhage Postpartum,SMHB00657,0.00015,0.001328,1
Enuresis,SMHB00657,0.000212,0.001766,1
 Nocturia Aggravated,SMHB00657,0.008654,0.032544,1
Metrorrhagia,SMHB00657,0,6.00E-06,0.006936
Acne Aggravated,SMHB00657,0.008654,0.032544,1
Menorrhagia,SMHB00657,1.90E-05,0.000241,0.470895
Menometrorrhagia,SMHB00657,1.90E-05,0.000241,0.470895
Numbness,SMHB00258,None,None,None
 Physical Suffering,SMHB00258,None,None,None
Anasarca,SMHB00258,None,None,None
Amenorrhea,SMHB00258,0.0283,0.05602,1
Extremity Numbness,SMHB00258,0.04674,0.076544,1
Extremity Contracture,SMHB00258,0.018953,0.04715,1
Edema,SMHB00258,None,None,None
Hyperalgia,SMHB00258,None,None,None
Polyarthralgia,SMHB00258,None,None,None
"Amenorrhea, Postpartum",SMHB00258,0.0283,0.05602,1
Quadriplegic Spinal Paralysis,SMHB00258,0.037562,0.066353,1
Pain,SMHB00258,None,None,None
 Cerebromedullospinal Disconnection,SMHB00258,0.037562,0.066353,1
Arthralgia,SMHB00258,None,None,None
Flaccid Tetraplegia,SMHB00258,0.037562,0.066353,1
Disorder Of Lactation,SMHB00258,None,None,None
Arthritic Pains,SMHB00258,None,None,None
Burning Pain,SMHB00258,None,None,None
 Splitting Pain,SMHB00258,None,None,None
Quadriparesis,SMHB00258,0.04674,0.076544,1
Hand Swelling,SMHB00258,0.00952,0.03422,1
Flatulence,SMHB00258,None,None,None
Cramp In Limb,SMHB00258,0.037562,0.066353,1
 Migratory Pain,SMHB00258,None,None,None
Spastic Quadriplegia,SMHB00258,0.04674,0.076544,1
Catalepsy,SMHB00258,0.0283,0.05602,1
Swelling,SMHB00258,None,None,None
Ache,SMHB00258,None,None,None
Lactation Decreased,SMHB00258,None,None,None
Quadriplegia,SMHB00258,0.037562,0.066353,1
Sprain Of Joint,SMHB00258,0.00952,0.03422,1
Bloating Feeling,SMHB00258,None,None,None
Pain Radiating,SMHB00258,None,None,None
Crushing Pain,SMHB00258,None,None,None
Menopause,SMHB00258,None,None,None
Dyssomnia,SMHB00259,0.017237,0.045046,1
Insomnia,SMHB00259,None,None,None
Angina Symptoms,SMHB00259,0.008654,0.032544,1
Intermittant Vertigo,SMHB00259,None,None,None
Vertigo,SMHB00259,None,None,None
Vertigo Postural,SMHB00259,None,None,None
Subwakefullness Syndromes,SMHB00259,0.017237,0.045046,1
Vertigo Central Origin,SMHB00259,None,None,None
Edema,SMHB00259,None,None,None
Brain Stem Vertigo,SMHB00259,None,None,None
Palpitation(S),SMHB00259,None,None,None
Micturition Disorder,SMHB00259,None,None,None
 Long Sleeper Syndrome,SMHB00259,0.017237,0.045046,1
Motion Sickness,SMHB00259,7.10E-05,0.000721,1
 Essential Vertigo,SMHB00259,None,None,None
Air Sickness,SMHB00259,7.10E-05,0.000721,1
 Sleep-Related Neurogenic Tachypnoea,SMHB00259,0.017237,0.045046,1
Short-Sleeper,SMHB00259,0.017237,0.045046,1
Vision Halo,SMHB00259,0.008654,0.032544,1
Sleep Disorder,SMHB00259,0.000423,0.003062,1
 Vertigo Paroxysmal,SMHB00259,None,None,None
Sea Sickness,SMHB00259,7.10E-05,0.000721,1
Poor Quality Sleep,SMHB00259,0.008654,0.032544,1
Constant Vertigo,SMHB00259,None,None,None
Peripheral Vertigo,SMHB00259,None,None,None
Aphonia Paralytica,SMHB00260,None,None,None
Pneumonia,SMHB00260,None,None,None
Constipation,SMHB00260,None,None,None
 Physical Suffering,SMHB00260,None,None,None
Cough Productive,SMHB00260,None,None,None
Hyperalgia,SMHB00260,None,None,None
Functional Aphonia,SMHB00260,None,None,None
Pain,SMHB00260,None,None,None
Burning Pain,SMHB00260,None,None,None
 Splitting Pain,SMHB00260,None,None,None
Skin Swelling,SMHB00260,None,None,None
Pneumonia Lobar,SMHB00260,None,None,None
 Migratory Pain,SMHB00260,None,None,None
Ache,SMHB00260,None,None,None
Spastic Aphonia,SMHB00260,None,None,None
Defecation Pain,SMHB00260,None,None,None
Colonic Inertia,SMHB00260,None,None,None
Throat Tightness,SMHB00260,None,None,None
Pain Radiating,SMHB00260,None,None,None
Crushing Pain,SMHB00260,None,None,None
Experimental Lung Inflammation,SMHB00260,None,None,None
Aphonia,SMHB00260,None,None,None
Haemorrhage Ant Chamber Eye,SMHB00686,0.021916,0.049709,1
Bright Red Blood Per Rectum,SMHB00686,0.02912,0.057221,1
Respiratory Tract Congestion,SMHB00686,0.007356,0.029106,1
Contusion,SMHB00686,0.036274,0.064882,1
Bronchiectasis,SMHB00686,5.10E-05,0.000542,1
Wound Infection,SMHB00686,0.007356,0.029106,1
Gi Bleeding,SMHB00686,0.014661,0.042343,1
Bleeding Ulcer,SMHB00686,0.007356,0.029106,1
Lips Bleeding,SMHB00686,0.007356,0.029106,1
Inflammation,SMHB00686,0.014661,0.042343,1
Vaginal Bleeding,SMHB00686,0.007356,0.029106,1
Gastric Ulcer Bleeding,SMHB00686,0.007356,0.029106,1
Acute Hepatitis,SMHB00686,0.014661,0.042343,1
Bacterial Infections,SMHB00686,5.10E-05,0.000542,1
Internal Haemorrhage,SMHB00686,0.007356,0.029106,1
Larynx,SMHB00261,None,None,None
Right Flank Pain,SMHB00261,None,None,None
 Physical Suffering,SMHB00261,None,None,None
Mechanical Low Back Pain,SMHB00261,0,0,0
Flank Pain,SMHB00261,None,None,None
Soft Tissue Injury,SMHB00261,0.000142,0.001263,1
 Recurrent Low Back Pain,SMHB00261,0,0,0
Extremity Contracture,SMHB00261,None,None,None
Hyperalgia,SMHB00261,None,None,None
Quadriplegic Spinal Paralysis,SMHB00261,0.047621,0.077266,1
Pain,SMHB00261,None,None,None
 Cerebromedullospinal Disconnection,SMHB00261,0.047621,0.077266,1
Flaccid Tetraplegia,SMHB00261,0.047621,0.077266,1
Knee(S) Pain,SMHB00261,None,None,None
Boredom,SMHB00261,None,None,None
Burning Pain,SMHB00261,None,None,None
 Splitting Pain,SMHB00261,None,None,None
Loin Pain,SMHB00261,0,6.00E-06,0.006316
Postural Low Back Pain,SMHB00261,0,0,0
Cramp In Limb,SMHB00261,0.047621,0.077266,1
 Migratory Pain,SMHB00261,None,None,None
Carbuncle,SMHB00261,None,None,None
Ache,SMHB00261,None,None,None
Quadriplegia,SMHB00261,0.047621,0.077266,1
Left Flank Pain,SMHB00261,None,None,None
Pain Radiating,SMHB00261,None,None,None
Crushing Pain,SMHB00261,None,None,None
Posterior Compartment Low Back Pain,SMHB00261,0,0,0
Right Flank Pain,SMHB00257,None,None,None
 Physical Suffering,SMHB00257,None,None,None
Cough Productive,SMHB00257,None,None,None
Mechanical Low Back Pain,SMHB00257,None,None,None
Rheumatism,SMHB00257,None,None,None
Flank Pain,SMHB00257,None,None,None
Oral Dyskinesia,SMHB00257,0.0283,0.05602,1
 Recurrent Low Back Pain,SMHB00257,None,None,None
Muscle Weakness,SMHB00257,0.037562,0.066353,1
Hyperalgia,SMHB00257,None,None,None
Pain,SMHB00257,None,None,None
Arthritic Pains,SMHB00257,None,None,None
Cough,SMHB00257,None,None,None
Burning Pain,SMHB00257,None,None,None
 Splitting Pain,SMHB00257,None,None,None
Loin Pain,SMHB00257,None,None,None
Postural Low Back Pain,SMHB00257,None,None,None
 Migratory Pain,SMHB00257,None,None,None
Musculoskeletal Pain,SMHB00257,0.018953,0.04715,1
Status Marmoratus,SMHB00257,0.0283,0.05602,1
Ache,SMHB00257,None,None,None
Asthenia,SMHB00257,None,None,None
Left Flank Pain,SMHB00257,None,None,None
Movement Disorder,SMHB00257,0.0283,0.05602,1
Pain Radiating,SMHB00257,None,None,None
Crushing Pain,SMHB00257,None,None,None
Posterior Compartment Low Back Pain,SMHB00257,None,None,None
Menorrhagia,SMHB00257,None,None,None
Menometrorrhagia,SMHB00257,None,None,None
Cough Persistent,SMHB00257,None,None,None
Orofacial Dyskinesia,SMHB00257,0.0283,0.05602,1
Sharp Headache,SMHB00262,0,0,4.10E-05
Blanching Of Skin,SMHB00262,0.020338,0.047791,1
Right Flank Pain,SMHB00262,None,None,None
Numbness,SMHB00262,None,None,None
 Physical Suffering,SMHB00262,None,None,None
Heaviness Of Head,SMHB00262,0.04027,0.068883,1
Catarrh,SMHB00262,0.013309,0.040487,1
Mechanical Low Back Pain,SMHB00262,None,None,None
"Headache, Periorbital",SMHB00262,0,0,4.10E-05
Bilateral Headache,SMHB00262,0,0,4.10E-05
Other Conjunctivitis Nos,SMHB00262,0.020338,0.047791,1
Flank Pain,SMHB00262,None,None,None
Ocular Headache,SMHB00262,0,0,4.10E-05
Anasarca,SMHB00262,None,None,None
 Recurrent Low Back Pain,SMHB00262,None,None,None
Trachoma,SMHB00262,None,None,None
Headache Throbbing,SMHB00262,0,0,4.10E-05
Erysipelas,SMHB00262,0.04027,0.068883,1
Edema,SMHB00262,None,None,None
Hyperalgia,SMHB00262,None,None,None
Radiculopathy,SMHB00262,0.020338,0.047791,1
German Measles,SMHB00262,0.003894,0.018222,1
Orthostatic Headache,SMHB00262,0,0,4.10E-05
Nerve Root Disorder,SMHB00262,0.020338,0.047791,1
Pain,SMHB00262,None,None,None
Boredom,SMHB00262,None,None,None
Arthritic Pains,SMHB00262,None,None,None
Micturition Disorder,SMHB00262,None,None,None
Burning Pain,SMHB00262,None,None,None
 Orthostasis,SMHB00262,None,None,None
 Splitting Pain,SMHB00262,None,None,None
Lightheadedness,SMHB00262,None,None,None
"Neuralgia, Sluder",SMHB00262,0.020338,0.047791,1
Bronchial Asthma,SMHB00262,0.035925,0.064462,1
Cervical Radiculopathy,SMHB00262,0.020338,0.047791,1
Loin Pain,SMHB00262,None,None,None
Trigeminal Autonomic Cephalgia,SMHB00262,0.020338,0.047791,1
Postural Low Back Pain,SMHB00262,None,None,None
Thirst,SMHB00262,None,None,None
 Migratory Pain,SMHB00262,None,None,None
Food Poisoning,SMHB00262,None,None,None
Dizziness,SMHB00262,None,None,None
Nerve Root Pain,SMHB00262,0.020338,0.047791,1
Neuralgia Facial,SMHB00262,0.020338,0.047791,1
Coryza,SMHB00262,0.016422,0.044013,1
Ache,SMHB00262,None,None,None
Polydipsia,SMHB00262,None,None,None
 Generalised Headache,SMHB00262,0,0,4.10E-05
Asthenia,SMHB00262,None,None,None
Left Flank Pain,SMHB00262,None,None,None
"Avulsion, Nerve Root",SMHB00262,0.020338,0.047791,1
Pain Radiating,SMHB00262,None,None,None
Crushing Pain,SMHB00262,None,None,None
Posterior Compartment Low Back Pain,SMHB00262,None,None,None
Vertex Headache,SMHB00262,0,0,4.10E-05
"Headache, Retro-Ocular",SMHB00262,0,0,4.10E-05
Common Cold,SMHB00262,0.016422,0.044013,1
Compression Nerve Root,SMHB00262,0.020338,0.047791,1
Hyperhidrosis,SMHB00262,None,None,None
Aphthous Ulcer,SMHB00262,0.001199,0.006998,1
Chills And Fever,SMHB00262,0.002453,0.012636,1
Chills And Fever,SMHB00262,0.002453,0.012636,1
"Headache, Dull",SMHB00262,1.80E-05,0.000225,0.435987
Headache Unilateral,SMHB00262,0,0,4.10E-05
Oral Ulcer,SMHB00262,3.10E-05,0.000364,0.771431
Radiculitis,SMHB00262,0.020338,0.047791,1
Tenderness,SMHB00262,0.04027,0.068883,1
Myofacial Pain Syndrome,SMHB00262,0.020338,0.047791,1
Headache,SMHB00262,0,0,0.000101
Sutton'S Disease,SMHB00262,0.020338,0.047791,1
Poisoning By,SMHB00262,0.000151,0.001335,1
Fever,SMHB00262,0.000229,0.001878,1
Cholera,SMHB00262,0.000405,0.002958,1
Hemorrhage,SMHB00263,None,None,None
Bright Red Blood Per Rectum,SMHB00263,None,None,None
Dysuria,SMHB00263,3.80E-05,0.000429,0.951906
Erysipelas,SMHB00263,None,None,None
Cough,SMHB00263,0.029061,0.057187,1
Motion Sickness,SMHB00263,None,None,None
Air Sickness,SMHB00263,None,None,None
Carbuncle,SMHB00263,None,None,None
Eczema,SMHB00263,None,None,None
Scalp Pruritus,SMHB00263,0.008222,0.031456,1
Prostatism,SMHB00263,0.008222,0.031456,1
Hemorrhoid Bleeding,SMHB00263,None,None,None
Dysentery,SMHB00263,None,None,None
Snake Venom Causing Toxic Effect,SMHB00263,None,None,None
Sea Sickness,SMHB00263,None,None,None
Metrorrhagia,SMHB00263,None,None,None
Dyspepsia,SMHB00263,None,None,None
 Dyspepsia-Aggravated,SMHB00263,None,None,None
Cough Persistent,SMHB00263,0.000942,0.00579,1
(excessive Thirst) Or (polydipsia),SMHB00263,0.008222,0.031456,1
Sharp Headache,SMHB00266,None,None,None
Larynx,SMHB00266,None,None,None
Neoplastic Growth,SMHB00266,0.035878,0.064462,1
 Physical Suffering,SMHB00266,None,None,None
"Sputums, Induced",SMHB00266,None,None,None
"Headache, Periorbital",SMHB00266,None,None,None
Bilateral Headache,SMHB00266,None,None,None
Menstrual Cramp,SMHB00266,None,None,None
Ocular Headache,SMHB00266,None,None,None
Cyst,SMHB00266,0.044655,0.074068,1
Anasarca,SMHB00266,None,None,None
Amenorrhea,SMHB00266,0.027026,0.054805,1
Headache Throbbing,SMHB00266,None,None,None
Edema,SMHB00266,None,None,None
Hyperalgia,SMHB00266,None,None,None
"Amenorrhea, Postpartum",SMHB00266,0.027026,0.054805,1
Orthostatic Headache,SMHB00266,None,None,None
Jaundice,SMHB00266,None,None,None
Pain,SMHB00266,None,None,None
Burning Pain,SMHB00266,None,None,None
 Splitting Pain,SMHB00266,None,None,None
Sputum,SMHB00266,None,None,None
Thirst,SMHB00266,None,None,None
 Migratory Pain,SMHB00266,None,None,None
Carbuncle,SMHB00266,None,None,None
Ache,SMHB00266,None,None,None
Neoplasm Benign Nos,SMHB00266,0.009087,0.033209,1
Anus,SMHB00266,None,None,None
 Generalised Headache,SMHB00266,None,None,None
Foreign Body,SMHB00266,0.000467,0.003305,1
Abdomen Tumor,SMHB00266,0.018095,0.046235,1
Pain Radiating,SMHB00266,None,None,None
Crushing Pain,SMHB00266,None,None,None
Vertex Headache,SMHB00266,None,None,None
"Headache, Retro-Ocular",SMHB00266,None,None,None
Menopause,SMHB00266,None,None,None
"Headache, Dull",SMHB00266,None,None,None
Headache Unilateral,SMHB00266,None,None,None
Headache,SMHB00266,None,None,None
Malaria,SMHB00266,0.018095,0.046235,1
Haemorrhage Ant Chamber Eye,SMHB00267,None,None,None
Hemorrhage,SMHB00267,None,None,None
 Physical Suffering,SMHB00267,None,None,None
Cough Productive,SMHB00267,None,None,None
Hoarseness,SMHB00267,None,None,None
Epistaxis,SMHB00267,None,None,None
Hyperalgia,SMHB00267,None,None,None
Colic,SMHB00267,None,None,None
Hemorrhage Within 24 Hours Following Delivery Of Placenta,SMHB00267,None,None,None
Libido Decreased,SMHB00267,None,None,None
Pain,SMHB00267,None,None,None
Cough,SMHB00267,None,None,None
Bronchiectasis,SMHB00267,7.90E-05,0.000783,1
Burning Pain,SMHB00267,None,None,None
 Splitting Pain,SMHB00267,None,None,None
Abdominal Cramp,SMHB00267,None,None,None
Infantile Colic,SMHB00267,None,None,None
 Migratory Pain,SMHB00267,None,None,None
Thermal Energy,SMHB00267,None,None,None
Hemorrhage Postpartum,SMHB00267,None,None,None
Ache,SMHB00267,None,None,None
 Lack Of Libido,SMHB00267,None,None,None
"Hoarseness, Neurogenic",SMHB00267,None,None,None
Hemorrhage After First 24 Hours Following Delivery Of Placenta,SMHB00267,None,None,None
Throat Tightness,SMHB00267,None,None,None
Lips Bleeding,SMHB00267,0.009087,0.033209,1
Pain Radiating,SMHB00267,None,None,None
Crushing Pain,SMHB00267,None,None,None
Vaginal Bleeding,SMHB00267,0.009087,0.033209,1
" Disease Of Vocal Cords, Nos",SMHB00267,3.00E-06,4.30E-05,0.063817
Lung Disorder,SMHB00267,0.027026,0.054805,1
Cough Persistent,SMHB00267,0.001154,0.006804,1
Lower Extremity Paresthesia,SMHB00267,None,None,None
Gastric Ulcer Bleeding,SMHB00267,0.009087,0.033209,1
Hot Temperature,SMHB00267,None,None,None
Hemorrhage,SMHB00268,None,None,None
Bright Red Blood Per Rectum,SMHB00268,None,None,None
"Melena
",SMHB00268,8.70E-05,0.000842,1
Erysipelas,SMHB00268,None,None,None
Bite Wound Insect,SMHB00268,0.00952,0.03422,1
Dermatosis Of Scalp,SMHB00268,0.018953,0.04715,1
Skin Breakdown,SMHB00268,0.00952,0.03422,1
Carbuncle,SMHB00268,None,None,None
Eczema,SMHB00268,None,None,None
Uterine Bleeding,SMHB00268,0,5.00E-06,0.005254
Hemorrhage Postpartum,SMHB00268,0.000202,0.001691,1
Hemorrhoid Bleeding,SMHB00268,None,None,None
Dysentery,SMHB00268,None,None,None
Snake Venom Causing Toxic Effect,SMHB00268,None,None,None
Metrorrhagia,SMHB00268,None,None,None
Menorrhagia,SMHB00268,2.60E-05,0.000307,0.634462
Menometrorrhagia,SMHB00268,2.60E-05,0.000307,0.634462
Bloody Diarrhea,SMHB00268,0.018953,0.04715,1
Cough Productive,SMHB00264,None,None,None
Catarrh,SMHB00264,None,None,None
Night Sweat,SMHB00264,None,None,None
Anasarca,SMHB00264,0.048823,0.078326,1
Abdominal Pain,SMHB00264,None,None,None
Edema,SMHB00264,None,None,None
Hyperalgia,SMHB00264,0.009952,0.034881,1
Aplasia,SMHB00264,0.009952,0.034881,1
Respiratory Abnormality,SMHB00264,0.039244,0.067979,1
Cough,SMHB00264,None,None,None
Bronchial Asthma,SMHB00264,None,None,None
Thirst,SMHB00264,None,None,None
Sweating,SMHB00264,None,None,None
 Cough Increased,SMHB00264,0.009952,0.034881,1
Sweat,SMHB00264,None,None,None
Coryza,SMHB00264,None,None,None
 Nocturia Aggravated,SMHB00264,None,None,None
Common Cold,SMHB00264,None,None,None
" Disease Of Vocal Cords, Nos",SMHB00264,0.039244,0.067979,1
Chest Symptom Heaviness,SMHB00264,None,None,None
Chest Symptom Heaviness,SMHB00264,None,None,None
Tenderness,SMHB00264,0.01981,0.04715,1
Dysesthesia,SMHB00264,0.009952,0.034881,1
Cold Sweat,SMHB00265,0.002164,0.011453,1
Night Sweat,SMHB00265,None,None,None
Polymenorrhea,SMHB00265,None,None,None
Arteriosclerotic Heart Disease,SMHB00265,None,None,None
Menses Abnormal,SMHB00265,None,None,None
Arthritic Pains,SMHB00265,None,None,None
Arteriosclerosis,SMHB00265,None,None,None
Arteriosclerosis,SMHB00265,None,None,None
Sweating,SMHB00265,None,None,None
Sweat,SMHB00265,None,None,None
 Hypomenorrhea,SMHB00265,None,None,None
Sweating Sickness,SMHB00265,0.006479,0.026685,1
Retrograde Menstruation,SMHB00265,None,None,None
Abdomen Distention,SMHB00272,None,None,None
Right Flank Pain,SMHB00272,None,None,None
Abdominal Tenderness,SMHB00272,0.023367,0.051423,1
 Physical Suffering,SMHB00272,None,None,None
Breast Disease,SMHB00272,None,None,None
Flank Pain,SMHB00272,None,None,None
Renal Agenesis,SMHB00272,0.023367,0.051423,1
Abdominal Pain,SMHB00272,0.046948,0.076863,1
Hyperalgia,SMHB00272,None,None,None
 Liver Pain,SMHB00272,0.023367,0.051423,1
Liver Tender,SMHB00272,0.000536,0.003704,1
Pain,SMHB00272,None,None,None
Eating Disorder,SMHB00272,0.001584,0.008871,1
Burning Pain,SMHB00272,None,None,None
 Splitting Pain,SMHB00272,None,None,None
Abdominal Cramp,SMHB00272,0.046197,0.075809,1
Anorexia,SMHB00272,0.000117,0.001073,1
Infantile Colic,SMHB00272,0.023367,0.051423,1
"Breast Disease, Endocrine",SMHB00272,None,None,None
 Migratory Pain,SMHB00272,None,None,None
Breast Pain,SMHB00272,0.000395,0.002894,1
Ache,SMHB00272,None,None,None
Breast Tenderness,SMHB00272,None,None,None
 name Dilation,SMHB00272,None,None,None
Aphagia,SMHB00272,0.023367,0.051423,1
Asthenia,SMHB00272,None,None,None
 Stomach Discomfort,SMHB00272,0.000301,0.002332,1
Left Flank Pain,SMHB00272,None,None,None
Dyspepsia,SMHB00272,None,None,None
Loss Of Appetite,SMHB00272,0.023367,0.051423,1
Bloating Feeling,SMHB00272,None,None,None
Pain Radiating,SMHB00272,None,None,None
Crushing Pain,SMHB00272,None,None,None
 Dyspepsia-Aggravated,SMHB00272,None,None,None
General Abdominal Pain-Symptom,SMHB00272,0.023367,0.051423,1
Decreased Appetite,SMHB00272,None,None,None
Have Pain,SMHB00272,0.023367,0.051423,1
Larynx,SMHB00580,0.010267,0.03576,1
Insomnia,SMHB00580,3.70E-05,0.000417,0.917215
Diabetes Mellitus,SMHB00580,0.033319,0.061682,1
Pulse Weakness,SMHB00580,0.001131,0.006705,1
Hyperphagia,SMHB00580,0.033319,0.061682,1
Renal Agenesis,SMHB00580,0.033319,0.061682,1
Facial Paresthesia,SMHB00580,0.033319,0.061682,1
Developmental Delay,SMHB00580,0.033319,0.061682,1
Pupil Dilated,SMHB00580,0.033319,0.061682,1
Tongue Discoloration,SMHB00580,0.033895,0.062332,1
Lip Paresthesia,SMHB00580,0.033319,0.061682,1
Thirst,SMHB00580,0,2.00E-06,0.002167
Chest Symptom Discomfort,SMHB00580,0.026959,0.054805,1
Speech Disorder,SMHB00580,0.033319,0.061682,1
Dental Discomfort,SMHB00580,0.033319,0.061682,1
 Parotid Disease,SMHB00580,0.033319,0.061682,1
Eyelid Irritation,SMHB00580,0.033319,0.061682,1
Sleep Disorder,SMHB00580,0.006296,0.026265,1
Nose Dryness,SMHB00580,0.003217,0.01572,1
" Disease Of Vocal Cords, Nos",SMHB00580,1.00E-06,2.10E-05,0.0283
Poor Quality Sleep,SMHB00580,0.033319,0.061682,1
Cough Persistent,SMHB00580,0.015069,0.043192,1
Abdomen Distention,SMHB00558,6.00E-06,8.70E-05,0.144977
Constipation,SMHB00558,0.000455,0.003247,1
 Physical Suffering,SMHB00558,0.030657,0.058607,1
Hemorrhoids,SMHB00558,2.00E-06,3.50E-05,0.052139
Smarting Of Skin,SMHB00558,0.016443,0.044013,1
Hematoma,SMHB00558,0.032623,0.06074,1
Skin Pain,SMHB00558,0.016443,0.044013,1
Pain,SMHB00558,0.041529,0.070362,1
Breast Cyst,SMHB00558,0.016443,0.044013,1
Burning Pain,SMHB00558,0.030657,0.058607,1
 Splitting Pain,SMHB00558,0.030657,0.058607,1
Abdomen Discomfort,SMHB00558,0.003789,0.017862,1
Skin Swelling,SMHB00558,0.032623,0.06074,1
Abdomen Bloating,SMHB00558,0.003789,0.017862,1
 Migratory Pain,SMHB00558,0.030657,0.058607,1
Ache,SMHB00558,0.005791,0.024652,1
Change In Bowel Habits,SMHB00558,0.032623,0.06074,1
Defecation Pain,SMHB00558,7.50E-05,0.000749,1
 name Dilation,SMHB00558,0.003789,0.017862,1
Colonic Inertia,SMHB00558,0.000217,0.001796,1
Dyspepsia,SMHB00558,0.015666,0.043726,1
Bloating Feeling,SMHB00558,0.048543,0.078022,1
Pain Radiating,SMHB00558,0.030657,0.058607,1
Crushing Pain,SMHB00558,0.030657,0.058607,1
 Dyspepsia-Aggravated,SMHB00558,0.048543,0.078022,1
Abnormal Stools,SMHB00558,0.000618,0.004144,1
Appendicitis,SMHB00558,0.000782,0.004971,1
Sharp Headache,SMHB00274,0,0,2.30E-05
Laryngopharyngeal Dysaesthesia,SMHB00274,None,None,None
Lacrimation,SMHB00274,0.037724,0.066384,1
 Physical Suffering,SMHB00274,0.040203,0.068883,1
Heaviness Of Head,SMHB00274,0.037724,0.066384,1
Catarrh,SMHB00274,0.011718,0.038166,1
"Headache, Periorbital",SMHB00274,0,0,2.30E-05
Bilateral Headache,SMHB00274,0,0,2.30E-05
Menstrual Cramp,SMHB00274,None,None,None
Other Conjunctivitis Nos,SMHB00274,0.019039,0.04715,1
Ocular Headache,SMHB00274,0,0,2.30E-05
Petechia,SMHB00274,None,None,None
Hemorrhoids,SMHB00274,None,None,None
Abdominal Pain,SMHB00274,None,None,None
Headache Throbbing,SMHB00274,0,0,2.30E-05
Smarting Of Skin,SMHB00274,0.019039,0.04715,1
Hematoma,SMHB00274,0.037724,0.066384,1
Radiculopathy,SMHB00274,0.019039,0.04715,1
Polyarthralgia,SMHB00274,None,None,None
Skin Pain,SMHB00274,0.019039,0.04715,1
Orthostatic Headache,SMHB00274,0,0,2.30E-05
Sexual Dysfunction,SMHB00274,None,None,None
Nerve Root Disorder,SMHB00274,0.019039,0.04715,1
Arthralgia,SMHB00274,None,None,None
Hepatomegaly,SMHB00274,None,None,None
Arthritic Pains,SMHB00274,None,None,None
Micturition Disorder,SMHB00274,None,None,None
Cough,SMHB00274,None,None,None
Burning Pain,SMHB00274,0.040203,0.068883,1
"Diarrhea, Chronic",SMHB00274,None,None,None
 Orthostasis,SMHB00274,0,0,0.000291
 Splitting Pain,SMHB00274,0.040203,0.068883,1
Retching,SMHB00274,None,None,None
Retching,SMHB00274,None,None,None
Skin Swelling,SMHB00274,0.037724,0.066384,1
Lightheadedness,SMHB00274,0,0,2.30E-05
"Neuralgia, Sluder",SMHB00274,0.019039,0.04715,1
Cervical Radiculopathy,SMHB00274,0.019039,0.04715,1
Trigeminal Autonomic Cephalgia,SMHB00274,0.019039,0.04715,1
 Migratory Pain,SMHB00274,0.040203,0.068883,1
Dizziness,SMHB00274,0,1.00E-06,0.001005
Nerve Root Pain,SMHB00274,0.019039,0.04715,1
Hepatosplenomegaly,SMHB00274,None,None,None
Neuralgia Facial,SMHB00274,0.019039,0.04715,1
Diarrhea Watery,SMHB00274,None,None,None
Coryza,SMHB00274,0.014472,0.041992,1
Ache,SMHB00274,0.008744,0.032816,1
Scald,SMHB00274,None,None,None
 Generalised Headache,SMHB00274,0,0,2.30E-05
Second Degree Burn,SMHB00274,None,None,None
"Avulsion, Nerve Root",SMHB00274,0.019039,0.04715,1
Pain Radiating,SMHB00274,0.040203,0.068883,1
Crushing Pain,SMHB00274,0.040203,0.068883,1
Vertex Headache,SMHB00274,0,0,2.30E-05
"Headache, Retro-Ocular",SMHB00274,0,0,2.30E-05
Common Cold,SMHB00274,0.000704,0.00459,1
Compression Nerve Root,SMHB00274,0.019039,0.04715,1
General Discomfort,SMHB00274,None,None,None
" Disease Of Vocal Cords, Nos",SMHB00274,None,None,None
"Headache, Dull",SMHB00274,1.30E-05,0.000181,0.333576
Purpura,SMHB00274,None,None,None
Headache Unilateral,SMHB00274,0,0,2.30E-05
Decreased Appetite,SMHB00274,None,None,None
Radiculitis,SMHB00274,0.019039,0.04715,1
Tenderness,SMHB00274,0.037724,0.066384,1
Myofacial Pain Syndrome,SMHB00274,0.019039,0.04715,1
Headache,SMHB00274,0,0,1.00E-06
Right Flank Pain,SMHB00273,None,None,None
Cough Productive,SMHB00273,None,None,None
"Sputums, Induced",SMHB00273,None,None,None
Mechanical Low Back Pain,SMHB00273,None,None,None
Flank Pain,SMHB00273,None,None,None
 Recurrent Low Back Pain,SMHB00273,None,None,None
Dyspnea,SMHB00273,0.021523,0.049159,1
Asthma Exacerbation Acute,SMHB00273,0.010818,0.036554,1
Cough,SMHB00273,None,None,None
Gasping,SMHB00273,0.032117,0.060278,1
Bronchial Asthma,SMHB00273,None,None,None
Loin Pain,SMHB00273,None,None,None
Postural Low Back Pain,SMHB00273,None,None,None
Sputum,SMHB00273,None,None,None
Wheezing,SMHB00273,None,None,None
Left Flank Pain,SMHB00273,None,None,None
Stridor,SMHB00273,0.021523,0.049159,1
Posterior Compartment Low Back Pain,SMHB00273,None,None,None
Asthma Attack,SMHB00273,0.010818,0.036554,1
Cough Persistent,SMHB00273,0.001642,0.009132,1
Sputum Purulent,SMHB00273,None,None,None
Respiratory Distress,SMHB00273,0.021523,0.049159,1
Underweight,SMHB00531,0.003029,0.014919,1
Eczema,SMHB00531,0.021038,0.04873,1
Asthenia,SMHB00531,7.40E-05,0.000742,1
Skinny Build,SMHB00531,0.003029,0.014919,1
Fever Symptoms,SMHB00531,0.012069,0.038774,1
Hepatobiliary Disease,SMHB00531,0.003029,0.014919,1
Sharp Headache,SMHB00276,None,None,None
"Headache, Periorbital",SMHB00276,None,None,None
Bilateral Headache,SMHB00276,None,None,None
 Zoophaginae,SMHB00276,None,None,None
Polymenorrhea,SMHB00276,None,None,None
Ocular Headache,SMHB00276,None,None,None
Headache Throbbing,SMHB00276,None,None,None
Virus,SMHB00276,None,None,None
Animal Virus,SMHB00276,None,None,None
Orthostatic Headache,SMHB00276,None,None,None
Bite Wound Insect,SMHB00276,0.003029,0.014919,1
Menses Abnormal,SMHB00276,None,None,None
Skin Ulcer(S),SMHB00276,None,None,None
Swelling,SMHB00276,None,None,None
 Hypomenorrhea,SMHB00276,None,None,None
 Appetite Disorder,SMHB00276,None,None,None
 Generalised Headache,SMHB00276,None,None,None
Snake Venom Causing Toxic Effect,SMHB00276,None,None,None
Metrorrhagia,SMHB00276,None,None,None
Vertex Headache,SMHB00276,None,None,None
"Headache, Retro-Ocular",SMHB00276,None,None,None
Retrograde Menstruation,SMHB00276,None,None,None
Lower Extremity Paresthesia,SMHB00276,None,None,None
Headache Unilateral,SMHB00276,None,None,None
Headache,SMHB00276,None,None,None
King Evil,SMHB00276,None,None,None
Scrofula,SMHB00276,0.026979,0.054805,1
Localized; Swelling,SMHB00275,0.010351,0.03576,1
Soft Tissue Injury,SMHB00275,None,None,None
Hyperalgia,SMHB00275,0.001731,0.00953,1
Eating Disorder,SMHB00275,None,None,None
Tongue Discoloration,SMHB00275,None,None,None
Bronchial Asthma,SMHB00275,0.025728,0.053532,1
 Cough Increased,SMHB00275,0.001731,0.00953,1
Asthenia,SMHB00275,None,None,None
Night Blindness,SMHB00275,None,None,None
Abasia,SMHB00270,None,None,None
Vitreous Detachment Posterior,SMHB00270,None,None,None
Pharyngolaryngitis,SMHB00270,None,None,None
Larynx,SMHB00270,0.003115,0.015259,1
Right Flank Pain,SMHB00270,None,None,None
Bone Fracture,SMHB00270,None,None,None
Laryngopharyngeal Dysaesthesia,SMHB00270,0.000108,0.001002,1
Numbness,SMHB00270,None,None,None
Localized; Swelling,SMHB00270,0.004619,0.021053,1
 Physical Suffering,SMHB00270,None,None,None
"Sputums, Induced",SMHB00270,None,None,None
Laryngeal Pain,SMHB00270,0.018174,0.046235,1
Mechanical Low Back Pain,SMHB00270,None,None,None
Auditory Dysesthesia,SMHB00270,0.018174,0.046235,1
Flank Pain,SMHB00270,None,None,None
Cyst,SMHB00270,None,None,None
Soft Tissue Injury,SMHB00270,0.000323,0.002474,1
 Recurrent Low Back Pain,SMHB00270,None,None,None
Laryngeal Edema,SMHB00270,None,None,None
Paralysis Spastic,SMHB00270,None,None,None
Caustic Injury,SMHB00270,None,None,None
Smarting Of Skin,SMHB00270,0.018174,0.046235,1
Hematoma,SMHB00270,0.036025,0.064516,1
Hyperalgia,SMHB00270,None,None,None
Skin Pain,SMHB00270,0.018174,0.046235,1
Distorted Hearing,SMHB00270,0.018174,0.046235,1
Tongue Disorder,SMHB00270,None,None,None
Pain,SMHB00270,None,None,None
Arthritic Pains,SMHB00270,None,None,None
Burning Pain,SMHB00270,None,None,None
 Splitting Pain,SMHB00270,None,None,None
Skin Swelling,SMHB00270,0.036025,0.064516,1
Loin Pain,SMHB00270,None,None,None
Muscle Wasting,SMHB00270,None,None,None
Postural Low Back Pain,SMHB00270,None,None,None
Sputum,SMHB00270,None,None,None
 Migratory Pain,SMHB00270,None,None,None
Carbuncle,SMHB00270,None,None,None
Vitreous Detachment,SMHB00270,None,None,None
Skin Ulcer(S),SMHB00270,None,None,None
Swelling,SMHB00270,None,None,None
Ache,SMHB00270,None,None,None
Pharynx Disease,SMHB00270,0.036025,0.064516,1
Tonsillitis,SMHB00270,0.036025,0.064516,1
 Bone Disorder,SMHB00270,None,None,None
Paracusia,SMHB00270,0.018174,0.046235,1
Throat Tightness,SMHB00270,3.00E-06,5.10E-05,0.078729
Left Flank Pain,SMHB00270,None,None,None
Hearing Disorder,SMHB00270,0.018174,0.046235,1
Pain Radiating,SMHB00270,None,None,None
Crushing Pain,SMHB00270,None,None,None
Posterior Compartment Low Back Pain,SMHB00270,None,None,None
Pharyngolaryngeal Pain,SMHB00270,None,None,None
Edema Pharynx,SMHB00270,0.000957,0.005866,1
Upper Extremity Pain Musculoskeletal,SMHB00270,None,None,None
Abasia,SMHB00525,0.01428,0.041556,1
Pharyngolaryngitis,SMHB00525,0.028361,0.05602,1
Larynx,SMHB00525,0.001926,0.010383,1
Laryngopharyngeal Dysaesthesia,SMHB00525,5.20E-05,0.000548,1
Sprain,SMHB00525,0.042248,0.07105,1
Localized; Swelling,SMHB00525,0.002862,0.014349,1
Laryngeal Pain,SMHB00525,0.01428,0.041556,1
Soft Tissue Injury,SMHB00525,0.000198,0.001664,1
Laryngeal Edema,SMHB00525,0.01428,0.041556,1
Paralysis Spastic,SMHB00525,0.01428,0.041556,1
Caustic Injury,SMHB00525,0.042248,0.07105,1
Smarting Of Skin,SMHB00525,0.01428,0.041556,1
Hematoma,SMHB00525,0.028361,0.05602,1
Skin Pain,SMHB00525,0.01428,0.041556,1
Skin Swelling,SMHB00525,0.028361,0.05602,1
Ache,SMHB00525,0.041501,0.070343,1
Pharynx Disease,SMHB00525,0.028361,0.05602,1
Tonsillitis,SMHB00525,0.028361,0.05602,1
Throat Tightness,SMHB00525,1.00E-06,2.10E-05,0.029056
Pharyngolaryngeal Pain,SMHB00525,1.00E-06,2.10E-05,0.029056
Edema Pharynx,SMHB00525,0.000588,0.003981,1
Obesity,SMHB00271,None,None,None
Cataract,SMHB00271,None,None,None
Heat Stroke,SMHB00271,0.000306,0.002369,1
 Lens Opacity,SMHB00271,None,None,None
Dysuria,SMHB00271,7.00E-06,9.70E-05,0.164646
"Melena
",SMHB00271,2.10E-05,0.000259,0.510787
Muscle Weakness,SMHB00271,None,None,None
Skin Abscess,SMHB00271,None,None,None
Colic,SMHB00271,None,None,None
Hyperpyrexia,SMHB00271,None,None,None
Vaginal Discharge,SMHB00271,None,None,None
Cold Sensation,SMHB00271,None,None,None
Tongue Discoloration,SMHB00271,None,None,None
Abdomen Discomfort,SMHB00271,None,None,None
Abdominal Cramp,SMHB00271,None,None,None
Postpartum Disorder,SMHB00271,None,None,None
Swelling,SMHB00271,None,None,None
Change In Bowel Habits,SMHB00271,None,None,None
Prostatism,SMHB00271,0.00476,0.021453,1
Asthenia,SMHB00271,None,None,None
Hemorrhoid Bleeding,SMHB00271,0.014218,0.041556,1
Pseudoaphakia,SMHB00271,None,None,None
Obnubilation,SMHB00271,None,None,None
Hyperhidrosis,SMHB00271,None,None,None
Tongue Paralysis,SMHB00271,None,None,None
Chest Symptom Heaviness,SMHB00271,None,None,None
Chest Symptom Heaviness,SMHB00271,None,None,None
Tongue Paralysis,SMHB00271,None,None,None
Extremity Paresthesia,SMHB00271,None,None,None
Disorder Of Skin And Subcutaneous Tissue,SMHB00271,None,None,None
Bites Insect Stings,SMHB00271,0.014218,0.041556,1
Pharyngolaryngitis,SMHB00278,None,None,None
Pulse Weakness,SMHB00278,None,None,None
 Physical Suffering,SMHB00278,None,None,None
Catarrh,SMHB00278,None,None,None
Polymenorrhea,SMHB00278,4.30E-05,0.000467,1
Cyst,SMHB00278,None,None,None
Laryngeal Edema,SMHB00278,None,None,None
Abdominal Pain,SMHB00278,None,None,None
Caustic Injury,SMHB00278,0.039722,0.068318,1
Hyperalgia,SMHB00278,None,None,None
Diarrhea,SMHB00278,None,None,None
Colic,SMHB00278,0.039722,0.068318,1
 Liver Pain,SMHB00278,0.013414,0.040487,1
Liver Tender,SMHB00278,0.000174,0.001485,1
Pain,SMHB00278,None,None,None
Menses Abnormal,SMHB00278,4.30E-05,0.000467,1
Eating Disorder,SMHB00278,0.000518,0.003606,1
Burning Pain,SMHB00278,None,None,None
Abnormal Menstrual Cycle,SMHB00278,0.013414,0.040487,1
 Splitting Pain,SMHB00278,None,None,None
Abdominal Cramp,SMHB00278,0.026654,0.054547,1
Anorexia,SMHB00278,0.001699,0.0094,1
Infantile Colic,SMHB00278,0.013414,0.040487,1
 Migratory Pain,SMHB00278,None,None,None
Thermal Energy,SMHB00278,None,None,None
Eczema,SMHB00278,None,None,None
Oligomenorrhea,SMHB00278,0.001028,0.006237,1
Swelling,SMHB00278,None,None,None
Coryza,SMHB00278,None,None,None
Ache,SMHB00278,None,None,None
Scalp Pruritus,SMHB00278,None,None,None
 Hypomenorrhea,SMHB00278,4.30E-05,0.000467,1
 Stomach Discomfort,SMHB00278,0.000892,0.005536,1
Snake Venom Causing Toxic Effect,SMHB00278,None,None,None
Loss Of Appetite,SMHB00278,0.013414,0.040487,1
Pain Radiating,SMHB00278,None,None,None
Crushing Pain,SMHB00278,None,None,None
Common Cold,SMHB00278,None,None,None
Pharyngolaryngeal Pain,SMHB00278,None,None,None
Retrograde Menstruation,SMHB00278,4.30E-05,0.000467,1
Decreased Appetite,SMHB00278,0.000174,0.001485,1
Hot Temperature,SMHB00278,None,None,None
Have Pain,SMHB00278,0.013414,0.040487,1
Rash,SMHB00279,None,None,None
Tongue Ulcer,SMHB00279,None,None,None
 Physical Suffering,SMHB00279,None,None,None
Abscess Gum,SMHB00279,None,None,None
Gingivitis,SMHB00279,None,None,None
Hyperalgia,SMHB00279,None,None,None
Colic,SMHB00279,0.029574,0.057571,1
 Liver Pain,SMHB00279,0.009952,0.034881,1
Nocturia,SMHB00279,None,None,None
Liver Tender,SMHB00279,9.50E-05,0.000901,1
Emesis,SMHB00279,None,None,None
Gingival Swelling,SMHB00279,None,None,None
Pain,SMHB00279,None,None,None
 Emotional Depression,SMHB00279,None,None,None
Boredom,SMHB00279,None,None,None
Burning Pain,SMHB00279,None,None,None
 Gingival Edema,SMHB00279,None,None,None
 Splitting Pain,SMHB00279,None,None,None
Furuncle,SMHB00279,None,None,None
Abdominal Cramp,SMHB00279,0.01981,0.04715,1
Infantile Colic,SMHB00279,0.009952,0.034881,1
 Migratory Pain,SMHB00279,None,None,None
Carbuncle,SMHB00279,None,None,None
Depressed Mood,SMHB00279,0.009952,0.034881,1
Skin Ulcer(S),SMHB00279,None,None,None
Swelling,SMHB00279,None,None,None
Ache,SMHB00279,None,None,None
Enuresis,SMHB00279,None,None,None
 Stomach Discomfort,SMHB00279,0.000363,0.002713,1
Pain Radiating,SMHB00279,None,None,None
Crushing Pain,SMHB00279,None,None,None
Dental Abscess,SMHB00279,None,None,None
Gingival Pain,SMHB00279,None,None,None
Oral Ulcer,SMHB00279,None,None,None
Depression,SMHB00279,None,None,None
King Evil,SMHB00279,None,None,None
Have Pain,SMHB00279,0.009952,0.034881,1
Somatization Disorder,SMHB00279,0.01981,0.04715,1
Cataract,SMHB00281,None,None,None
Lacrimation,SMHB00281,None,None,None
 Physical Suffering,SMHB00281,None,None,None
Eye Pain,SMHB00281,0.00163,0.009094,1
 Lens Opacity,SMHB00281,None,None,None
Conjunctivitis,SMHB00281,0.049799,0.079178,1
Other Conjunctivitis Nos,SMHB00281,0.016876,0.044684,1
Keratitis,SMHB00281,0.016876,0.044684,1
Asthenopia,SMHB00281,0.016876,0.044684,1
Photophobia,SMHB00281,None,None,None
Smarting Of Skin,SMHB00281,0.016876,0.044684,1
Hematoma,SMHB00281,0.033474,0.061708,1
Hyperalgia,SMHB00281,None,None,None
Diarrhea,SMHB00281,None,None,None
Eye Disorder,SMHB00281,0.003989,0.018619,1
Skin Pain,SMHB00281,0.016876,0.044684,1
Pain,SMHB00281,None,None,None
Blurred Vision,SMHB00281,None,None,None
Burning Pain,SMHB00281,None,None,None
 Splitting Pain,SMHB00281,None,None,None
Skin Swelling,SMHB00281,0.033474,0.061708,1
Ocular Discomfort,SMHB00281,None,None,None
 Migratory Pain,SMHB00281,None,None,None
Swelling,SMHB00281,None,None,None
Ache,SMHB00281,None,None,None
Impaired Visual Acuity,SMHB00281,0.033474,0.061708,1
Sore Eye,SMHB00281,0.033474,0.061708,1
Pseudoaphakia,SMHB00281,None,None,None
Eye Blood Shot,SMHB00281,None,None,None
Pain Radiating,SMHB00281,None,None,None
Crushing Pain,SMHB00281,None,None,None
Vision Dim,SMHB00281,0,1.00E-06,0.000535
Swelling Round Eyes: [periorbital Edema],SMHB00281,0.016876,0.044684,1
Right Flank Pain,SMHB00282,0.000144,0.001275,1
Joint Range Of Motion Decreased,SMHB00282,8.70E-05,0.000842,1
Vaginal Discharge White,SMHB00282,0.001766,0.009674,1
Mechanical Low Back Pain,SMHB00282,0,0,0.000147
Rheumatism,SMHB00282,0.037562,0.066353,1
Flank Pain,SMHB00282,0.000144,0.001275,1
 Recurrent Low Back Pain,SMHB00282,0,0,0.000147
Vagina,SMHB00282,0.0283,0.05602,1
Muscle Weakness,SMHB00282,0.037562,0.066353,1
Loin Pain,SMHB00282,0.001268,0.007351,1
Postural Low Back Pain,SMHB00282,0,0,0.000147
Musculoskeletal Pain,SMHB00282,0.018953,0.04715,1
Left Flank Pain,SMHB00282,0.000144,0.001275,1
Throat Dry,SMHB00282,None,None,None
Gonorrhea,SMHB00282,0.002992,0.014917,1
Arthropathy,SMHB00282,0.04674,0.076544,1
Posterior Compartment Low Back Pain,SMHB00282,0,0,0.000147
Abdomen Distention,SMHB00150,0.006874,0.027968,1
Hemorrhage,SMHB00150,None,None,None
Abdominal Tenderness,SMHB00150,0.004327,0.019882,1
 Physical Suffering,SMHB00150,None,None,None
Catarrh,SMHB00150,None,None,None
 Zoophaginae,SMHB00150,None,None,None
Bright Red Blood Per Rectum,SMHB00150,None,None,None
Abdominal Pain,SMHB00150,None,None,None
Hematemesis,SMHB00150,None,None,None
Hyperalgia,SMHB00150,None,None,None
Diarrhea,SMHB00150,None,None,None
Virus,SMHB00150,None,None,None
Animal Virus,SMHB00150,None,None,None
Pain,SMHB00150,None,None,None
Tongue Discoloration,SMHB00150,0.038342,0.067282,1
Burning Pain,SMHB00150,None,None,None
 Splitting Pain,SMHB00150,None,None,None
Abdomen Discomfort,SMHB00150,0.025711,0.053532,1
 Migratory Pain,SMHB00150,None,None,None
Skin Ulcer(S),SMHB00150,None,None,None
Swelling,SMHB00150,None,None,None
Coryza,SMHB00150,None,None,None
Ache,SMHB00150,None,None,None
Dysentery,SMHB00150,None,None,None
Metrorrhagia,SMHB00150,None,None,None
Pain Radiating,SMHB00150,None,None,None
Crushing Pain,SMHB00150,None,None,None
Common Cold,SMHB00150,None,None,None
General Abdominal Pain-Symptom,SMHB00150,0.004327,0.019882,1
Uterine Bleeding,SMHB00661,0,0,1.00E-06
Hemorrhage Postpartum,SMHB00661,1.00E-06,1.10E-05,0.013759
Metrorrhagia,SMHB00661,0,3.00E-06,0.002698
Menorrhagia,SMHB00661,0,2.00E-06,0.001687
Menometrorrhagia,SMHB00661,0,2.00E-06,0.001687
Yin Deficiency,SMHB00280,None,None,None
Hemorrhage,SMHB00280,None,None,None
 Physical Suffering,SMHB00280,None,None,None
Menstrual Cramp,SMHB00280,None,None,None
Soft Tissue Injury,SMHB00280,3.40E-05,0.000393,0.84512
Malnutrition,SMHB00280,0.03584,0.064462,1
Hematemesis,SMHB00280,None,None,None
Vagina,SMHB00280,0.018072,0.046235,1
Muscle Weakness,SMHB00280,0.024028,0.052098,1
Hyperalgia,SMHB00280,None,None,None
Communicable Disease,SMHB00280,None,None,None
Pain,SMHB00280,None,None,None
Burning Pain,SMHB00280,None,None,None
Tuberculosis,SMHB00280,0.041696,0.070592,1
 Splitting Pain,SMHB00280,None,None,None
Injuries Wounds,SMHB00280,None,None,None
Macula,SMHB00280,None,None,None
 Migratory Pain,SMHB00280,None,None,None
Carbuncle,SMHB00280,None,None,None
Musculoskeletal Pain,SMHB00280,0.012082,0.038774,1
Skin Ulcer(S),SMHB00280,None,None,None
Ache,SMHB00280,None,None,None
Pain Radiating,SMHB00280,None,None,None
Crushing Pain,SMHB00280,None,None,None
Menopause,SMHB00280,None,None,None
Anhidrosis,SMHB00280,None,None,None
Anhidrosis,SMHB00280,None,None,None
Gastrointestinal Carcinoma,SMHB00280,0.012082,0.038774,1
Hepatitis,SMHB00280,0.012082,0.038774,1
Mammary Neoplasms,SMHB00280,0.006058,0.025431,1
Gastric Disorder,SMHB00605,0.028361,0.05602,1
Vomiting Neonatal,SMHB00605,0.01428,0.041556,1
Other Conjunctivitis Nos,SMHB00605,0.01428,0.041556,1
Xerostomia,SMHB00605,2.60E-05,0.000312,0.645566
Emesis,SMHB00605,2.30E-05,0.000278,0.558657
Eating Disorder,SMHB00605,0.000588,0.003981,1
Nausea,SMHB00605,0.042248,0.07105,1
Motion Sickness,SMHB00605,0.000198,0.001664,1
Anorexia,SMHB00605,0.001926,0.010383,1
Air Sickness,SMHB00605,0.000198,0.001664,1
Vision Halo,SMHB00605,0.01428,0.041556,1
Sea Sickness,SMHB00605,0.000198,0.001664,1
Eye Blood Shot,SMHB00605,0.042248,0.07105,1
Loss Of Appetite,SMHB00605,0.01428,0.041556,1
Dry Tongue,SMHB00605,0.01428,0.041556,1
Cough Persistent,SMHB00605,0.002862,0.014349,1
Decreased Appetite,SMHB00605,0.00021,0.00175,1
Haemorrhage Ant Chamber Eye,SMHB00283,None,None,None
Right Flank Pain,SMHB00283,None,None,None
Hemorrhage,SMHB00283,None,None,None
Pulse Weakness,SMHB00283,0.007318,0.029106,1
Intermittant Vertigo,SMHB00283,None,None,None
Vertigo,SMHB00283,None,None,None
Flank Pain,SMHB00283,None,None,None
Vertigo Postural,SMHB00283,None,None,None
Vertigo Central Origin,SMHB00283,None,None,None
 Crackling Sound In Ear,SMHB00283,None,None,None
Hematemesis,SMHB00283,None,None,None
Hair Discoloration,SMHB00283,0.019472,0.04715,1
Hair Color Change,SMHB00283,0.019472,0.04715,1
Tinnitus,SMHB00283,None,None,None
Tooth Disorder,SMHB00283,None,None,None
Brain Stem Vertigo,SMHB00283,None,None,None
Tensor Palatini Induced Tinnitus,SMHB00283,None,None,None
Subjective Tinnitus,SMHB00283,None,None,None
Blood Disorder,SMHB00283,None,None,None
Noise-Induced Tinnitus,SMHB00283,None,None,None
Spontaneous Oto Acoustic Emission Tinnitus,SMHB00283,None,None,None
Bronchiectasis,SMHB00283,0.000371,0.002762,1
Objective Tinnitus,SMHB00283,None,None,None
Motion Sickness,SMHB00283,0.000371,0.002762,1
Lip Paresthesia,SMHB00283,0.019472,0.04715,1
 Essential Vertigo,SMHB00283,None,None,None
Tinnitus Of Vascular Origin,SMHB00283,None,None,None
Urethra Hemorrhage,SMHB00283,None,None,None
Air Sickness,SMHB00283,0.000371,0.002762,1
Uterine Bleeding,SMHB00283,0,1.00E-06,0.001129
Hemorrhage Postpartum,SMHB00283,0.001722,0.009493,1
Vision Halo,SMHB00283,0.019472,0.04715,1
 Ear Clicking Sound,SMHB00283,None,None,None
 Vertigo Paroxysmal,SMHB00283,None,None,None
Left Flank Pain,SMHB00283,None,None,None
Sea Sickness,SMHB00283,0.000371,0.002762,1
Lips Bleeding,SMHB00283,0.019472,0.04715,1
Metrorrhagia,SMHB00283,None,None,None
Pulsatile Tinnitus,SMHB00283,None,None,None
Vaginal Bleeding,SMHB00283,0.019472,0.04715,1
Hair Abnormality,SMHB00283,None,None,None
Hair Abnormality,SMHB00283,None,None,None
Menorrhagia,SMHB00283,0.000229,0.001878,1
Menometrorrhagia,SMHB00283,0.000229,0.001878,1
Lower Extremity Paresthesia,SMHB00283,3.00E-06,4.30E-05,0.063432
Gastric Ulcer Bleeding,SMHB00283,0.019472,0.04715,1
Constant Vertigo,SMHB00283,None,None,None
Peripheral Vertigo,SMHB00283,None,None,None
Hyperostosis,SMHB00283,None,None,None
Bloody Diarrhea,SMHB00283,0.038573,0.067295,1
 Knee Joint Laxity,SMHB00283,0.019472,0.04715,1
Right Flank Pain,SMHB00277,None,None,None
Erythrosis,SMHB00277,0.02553,0.053474,1
Neoplastic Growth,SMHB00277,None,None,None
Abdominal Tenderness,SMHB00277,0.02553,0.053474,1
Anosmia,SMHB00277,None,None,None
 Physical Suffering,SMHB00277,None,None,None
Rheumatism,SMHB00277,None,None,None
Menstrual Cramp,SMHB00277,None,None,None
Flank Pain,SMHB00277,None,None,None
Epigastric Pain,SMHB00277,None,None,None
Soft Tissue Injury,SMHB00277,0.000641,0.004252,1
Abdominal Pain,SMHB00277,None,None,None
Chest Pain,SMHB00277,None,None,None
Caustic Injury,SMHB00277,None,None,None
Hyperalgia,SMHB00277,None,None,None
Disorder Of Smell,SMHB00277,None,None,None
Crescendo Angina,SMHB00277,None,None,None
Pain,SMHB00277,None,None,None
Arthritic Pains,SMHB00277,None,None,None
Burning Pain,SMHB00277,None,None,None
 Splitting Pain,SMHB00277,None,None,None
Skin Thickening,SMHB00277,0.02553,0.053474,1
Bronchial Asthma,SMHB00277,None,None,None
Angina Pectoris,SMHB00277,None,None,None
Infantile Colic,SMHB00277,0.02553,0.053474,1
 Migratory Pain,SMHB00277,None,None,None
Carbuncle,SMHB00277,None,None,None
Skin Ulcer(S),SMHB00277,None,None,None
Ache,SMHB00277,None,None,None
Gastrointestinal Pain,SMHB00277,None,None,None
Neoplasm Benign Nos,SMHB00277,0.02553,0.053474,1
 Stomach Discomfort,SMHB00277,1.00E-06,1.70E-05,0.022233
Left Flank Pain,SMHB00277,None,None,None
Pain Precordial,SMHB00277,1.60E-05,0.000206,0.392264
Pain Radiating,SMHB00277,None,None,None
Crushing Pain,SMHB00277,None,None,None
Parosmia,SMHB00277,None,None,None
Menopause,SMHB00277,None,None,None
Chills And Fever,SMHB00277,None,None,None
Chills And Fever,SMHB00277,None,None,None
Skin Benign Neoplasm,SMHB00277,0.02553,0.053474,1
General Abdominal Pain-Symptom,SMHB00277,0.02553,0.053474,1
Disorder Of Skin And Subcutaneous Tissue,SMHB00277,0.02553,0.053474,1
Hyperostosis,SMHB00277,0.000641,0.004252,1
Fever,SMHB00277,None,None,None
Alopecia,SMHB00287,0.038768,0.067563,1
Erythrosis,SMHB00287,0.005625,0.024125,1
 Physical Suffering,SMHB00287,None,None,None
 Zoophaginae,SMHB00287,None,None,None
Hemorrhoids,SMHB00287,0.038768,0.067563,1
Virus,SMHB00287,None,None,None
Animal Virus,SMHB00287,None,None,None
Pain,SMHB00287,None,None,None
Breast Cyst,SMHB00287,0.005625,0.024125,1
Contusion,SMHB00287,0.027836,0.055459,1
Burning Pain,SMHB00287,None,None,None
 Splitting Pain,SMHB00287,None,None,None
Motion Sickness,SMHB00287,None,None,None
Ocular Discomfort,SMHB00287,None,None,None
 Venomous Bite,SMHB00287,None,None,None
Air Sickness,SMHB00287,None,None,None
 Migratory Pain,SMHB00287,None,None,None
Carbuncle,SMHB00287,None,None,None
Skin Ulcer(S),SMHB00287,None,None,None
Swelling,SMHB00287,None,None,None
Ache,SMHB00287,None,None,None
Sea Sickness,SMHB00287,None,None,None
Pain Radiating,SMHB00287,None,None,None
Crushing Pain,SMHB00287,None,None,None
Skin Benign Neoplasm,SMHB00287,0.005625,0.024125,1
King Evil,SMHB00287,None,None,None
Disorder Of Skin And Subcutaneous Tissue,SMHB00287,0.005625,0.024125,1
Multiple Sores On Skin,SMHB00287,0.038768,0.067563,1
Tinea Manus,SMHB00287,0.011221,0.037373,1
Rash,SMHB00284,0.000106,0.000989,1
Yin Deficiency,SMHB00284,None,None,None
Hemorrhage,SMHB00284,None,None,None
Localized; Swelling,SMHB00284,None,None,None
 Physical Suffering,SMHB00284,None,None,None
Hyperphagia,SMHB00284,0.012981,0.039733,1
Menstrual Cramp,SMHB00284,None,None,None
Amenorrhea,SMHB00284,0.038457,0.067282,1
Hematemesis,SMHB00284,None,None,None
Caustic Injury,SMHB00284,0.038457,0.067282,1
Edema,SMHB00284,None,None,None
Hyperalgia,SMHB00284,None,None,None
"Amenorrhea, Postpartum",SMHB00284,0.038457,0.067282,1
Communicable Disease,SMHB00284,None,None,None
Annular Erythema,SMHB00284,0.012981,0.039733,1
Pain,SMHB00284,None,None,None
 Skin Scaly,SMHB00284,0.0258,0.053532,1
Dryness Vaginal,SMHB00284,0.012981,0.039733,1
Burning Pain,SMHB00284,None,None,None
 Splitting Pain,SMHB00284,None,None,None
Injuries Wounds,SMHB00284,None,None,None
Macula,SMHB00284,None,None,None
 Migratory Pain,SMHB00284,None,None,None
Carbuncle,SMHB00284,None,None,None
Skin Ulcer(S),SMHB00284,None,None,None
Ache,SMHB00284,None,None,None
Enuresis,SMHB00284,None,None,None
Pain Radiating,SMHB00284,None,None,None
Crushing Pain,SMHB00284,None,None,None
Menopause,SMHB00284,None,None,None
Blotchy Rash,SMHB00284,0.012981,0.039733,1
Anhidrosis,SMHB00284,None,None,None
Anhidrosis,SMHB00284,None,None,None
Localized; Swelling,SMHB00529,0.001046,0.006315,1
Eye Pain,SMHB00529,0.000423,0.003062,1
Other Conjunctivitis Nos,SMHB00529,0.008654,0.032544,1
Soft Tissue Injury,SMHB00529,7.10E-05,0.000721,1
Caustic Injury,SMHB00529,0.02575,0.053532,1
Smarting Of Skin,SMHB00529,0.008654,0.032544,1
Hematoma,SMHB00529,0.017237,0.045046,1
Skin Pain,SMHB00529,0.008654,0.032544,1
Skin Swelling,SMHB00529,0.017237,0.045046,1
Ache,SMHB00529,0.016148,0.044013,1
Sore Eye,SMHB00529,0.017237,0.045046,1
Scald,SMHB00529,7.10E-05,0.000721,1
Eye Blood Shot,SMHB00529,0.02575,0.053532,1
Burn Injury,SMHB00529,0.042565,0.07148,1
Herpesviridae Infections,SMHB00529,0.008654,0.032544,1
Swelling Round Eyes: [periorbital Edema],SMHB00529,0.008654,0.032544,1
Larynx,SMHB00289,None,None,None
Pneumonia,SMHB00289,None,None,None
 Physical Suffering,SMHB00289,None,None,None
Cough Productive,SMHB00289,None,None,None
Hoarseness,SMHB00289,None,None,None
Hyperalgia,SMHB00289,None,None,None
Colic,SMHB00289,0.0283,0.05602,1
 Liver Pain,SMHB00289,0.00952,0.03422,1
Liver Tender,SMHB00289,8.70E-05,0.000842,1
Pain,SMHB00289,None,None,None
Cough,SMHB00289,None,None,None
Burning Pain,SMHB00289,None,None,None
 Splitting Pain,SMHB00289,None,None,None
Abdominal Cramp,SMHB00289,0.018953,0.04715,1
Pneumonia Lobar,SMHB00289,None,None,None
Infantile Colic,SMHB00289,0.00952,0.03422,1
 Migratory Pain,SMHB00289,None,None,None
Functional Bowel Disorder,SMHB00289,None,None,None
Ache,SMHB00289,None,None,None
"Hoarseness, Neurogenic",SMHB00289,None,None,None
 Stomach Discomfort,SMHB00289,0.000317,0.002442,1
Pain Radiating,SMHB00289,None,None,None
Crushing Pain,SMHB00289,None,None,None
" Disease Of Vocal Cords, Nos",SMHB00289,3.00E-06,4.90E-05,0.07387
Experimental Lung Inflammation,SMHB00289,None,None,None
Cough Persistent,SMHB00289,0.001268,0.007351,1
Have Pain,SMHB00289,0.00952,0.03422,1
Laryngopharyngeal Dysaesthesia,SMHB00286,None,None,None
Dyspnea,SMHB00286,0.01981,0.04715,1
Hyperalgia,SMHB00286,0.009952,0.034881,1
Colic,SMHB00286,0.029574,0.057571,1
Cough,SMHB00286,None,None,None
"Diarrhea, Chronic",SMHB00286,0.029574,0.057571,1
Gasping,SMHB00286,0.029574,0.057571,1
Abdominal Cramp,SMHB00286,0.01981,0.04715,1
Enterocele,SMHB00286,0.029574,0.057571,1
Diarrhea Acute,SMHB00286,0.009952,0.034881,1
Postpartum Disorder,SMHB00286,None,None,None
Infantile Colic,SMHB00286,0.009952,0.034881,1
 Cough Increased,SMHB00286,0.009952,0.034881,1
Diarrhea Watery,SMHB00286,0.009952,0.034881,1
 Stomach Discomfort,SMHB00286,0.000363,0.002713,1
Throat Tightness,SMHB00286,None,None,None
Blepharitis,SMHB00286,None,None,None
Asthma Attack,SMHB00286,0.009952,0.034881,1
Cough Persistent,SMHB00286,0.001388,0.007903,1
Respiratory Distress,SMHB00286,0.01981,0.04715,1
Per Vaginal Discharge,SMHB00286,0.009952,0.034881,1
Tinea Pedis,SMHB00286,0.039244,0.067979,1
Dyssomnia,SMHB00587,0.033474,0.061708,1
Cold Sweat,SMHB00587,0.016876,0.044684,1
Insomnia,SMHB00587,2.00E-06,3.90E-05,0.058036
Neoplastic Growth,SMHB00587,0.00163,0.009094,1
Pulse Weakness,SMHB00587,0.005526,0.023982,1
Night Sweat,SMHB00587,0.016876,0.044684,1
Epistaxis,SMHB00587,0.033474,0.061708,1
Developmental Delay,SMHB00587,0.016876,0.044684,1
Subwakefullness Syndromes,SMHB00587,0.033474,0.061708,1
 Crackling Sound In Ear,SMHB00587,0.016876,0.044684,1
Tinnitus,SMHB00587,0.033474,0.061708,1
Tensor Palatini Induced Tinnitus,SMHB00587,0.016876,0.044684,1
Sexual Dysfunction,SMHB00587,0.049799,0.079178,1
Subjective Tinnitus,SMHB00587,0.016876,0.044684,1
Chest Mass,SMHB00587,0.033474,0.061708,1
Noise-Induced Tinnitus,SMHB00587,0.016876,0.044684,1
Spontaneous Oto Acoustic Emission Tinnitus,SMHB00587,0.016876,0.044684,1
Objective Tinnitus,SMHB00587,0.016876,0.044684,1
 Long Sleeper Syndrome,SMHB00587,0.033474,0.061708,1
Motion Sickness,SMHB00587,0.000278,0.002185,1
Tinnitus Of Vascular Origin,SMHB00587,0.016876,0.044684,1
Sweating,SMHB00587,0.049799,0.079178,1
Air Sickness,SMHB00587,0.000278,0.002185,1
 Sleep-Related Neurogenic Tachypnoea,SMHB00587,0.033474,0.061708,1
Pelvis Tumor,SMHB00587,0.016876,0.044684,1
Short-Sleeper,SMHB00587,0.033474,0.061708,1
Sweat,SMHB00587,0.000824,0.005196,1
Vision Halo,SMHB00587,0.016876,0.044684,1
 Ear Clicking Sound,SMHB00587,0.016876,0.044684,1
Neoplasm Benign Nos,SMHB00587,0.016876,0.044684,1
Sweating Sickness,SMHB00587,0.049799,0.079178,1
Sleep Disorder,SMHB00587,0.00163,0.009094,1
Sea Sickness,SMHB00587,0.000278,0.002185,1
Abdomen Tumor,SMHB00587,0.033474,0.061708,1
Pulsatile Tinnitus,SMHB00587,0.016876,0.044684,1
Poor Quality Sleep,SMHB00587,0.016876,0.044684,1
Erythematous Condition,SMHB00587,0.033474,0.061708,1
Scrofula,SMHB00587,0.009272,0.033837,1
Abdominal Tenderness,SMHB00555,0.01428,0.041556,1
 Physical Suffering,SMHB00555,0.001575,0.008827,1
Gastric Disorder,SMHB00555,0.028361,0.05602,1
Vomiting Neonatal,SMHB00555,0.01428,0.041556,1
Emesis,SMHB00555,1.00E-06,1.10E-05,0.012762
Pain,SMHB00555,0.002564,0.013095,1
Eating Disorder,SMHB00555,0.000588,0.003981,1
Burning Pain,SMHB00555,0.001575,0.008827,1
 Splitting Pain,SMHB00555,0.001575,0.008827,1
Anorexia,SMHB00555,0.001926,0.010383,1
 Migratory Pain,SMHB00555,0.001575,0.008827,1
Ache,SMHB00555,0.003869,0.018212,1
Pain Precordial,SMHB00555,3.00E-06,4.40E-05,0.065834
Loss Of Appetite,SMHB00555,0.01428,0.041556,1
Pain Radiating,SMHB00555,0.001575,0.008827,1
Crushing Pain,SMHB00555,0.001575,0.008827,1
General Abdominal Pain-Symptom,SMHB00555,0.01428,0.041556,1
Decreased Appetite,SMHB00555,0.00021,0.00175,1
Sharp Headache,SMHB00288,None,None,None
Right Flank Pain,SMHB00288,None,None,None
Numbness,SMHB00288,None,None,None
 Physical Suffering,SMHB00288,None,None,None
Vein Disorder,SMHB00288,None,None,None
Vomiting Neonatal,SMHB00288,0.032886,0.061056,1
Joint Range Of Motion Decreased,SMHB00288,None,None,None
Myofascial Pain Syndrome,SMHB00288,None,None,None
Mechanical Low Back Pain,SMHB00288,0,0,2.70E-05
"Headache, Periorbital",SMHB00288,None,None,None
Bilateral Headache,SMHB00288,None,None,None
Rheumatism,SMHB00288,None,None,None
Menstrual Cramp,SMHB00288,None,None,None
Flank Pain,SMHB00288,None,None,None
Ocular Headache,SMHB00288,None,None,None
Toothache,SMHB00288,None,None,None
Renal Agenesis,SMHB00288,0.032886,0.061056,1
Anasarca,SMHB00288,None,None,None
 Recurrent Low Back Pain,SMHB00288,0,0,2.70E-05
Myofascial Trigger Point Pain,SMHB00288,None,None,None
Extremity Numbness,SMHB00288,None,None,None
Extremity Contracture,SMHB00288,0.001068,0.006417,1
Malnutrition,SMHB00288,None,None,None
Headache Throbbing,SMHB00288,None,None,None
Edema,SMHB00288,None,None,None
Hyperalgia,SMHB00288,None,None,None
Febrile Illness Acute,SMHB00288,None,None,None
Polyarthralgia,SMHB00288,5.00E-06,7.70E-05,0.125526
Diarrhea,SMHB00288,None,None,None
Vidian Neuralgia,SMHB00288,None,None,None
Orthostatic Headache,SMHB00288,None,None,None
Emesis,SMHB00288,0.000617,0.004134,1
Pain,SMHB00288,None,None,None
Perineal Neuralgia,SMHB00288,None,None,None
Arthralgia,SMHB00288,0,4.00E-06,0.004074
Iliohypogastric Nerve Neuralgia,SMHB00288,None,None,None
Stump Neuralgia,SMHB00288,None,None,None
Cold Sensation,SMHB00288,None,None,None
Arthritic Pains,SMHB00288,None,None,None
Burning Pain,SMHB00288,None,None,None
"Diarrhea, Chronic",SMHB00288,0.003135,0.015345,1
 Splitting Pain,SMHB00288,None,None,None
Spasm,SMHB00288,0.010009,0.03501,1
Hair Dryness,SMHB00288,0.032886,0.061056,1
Paroxysmal Nerve Pain,SMHB00288,None,None,None
Loin Pain,SMHB00288,1.50E-05,0.000202,0.382608
Postural Low Back Pain,SMHB00288,0,0,2.70E-05
 Migratory Pain,SMHB00288,None,None,None
Swelling,SMHB00288,None,None,None
Diarrhea Watery,SMHB00288,0.032886,0.061056,1
Ache,SMHB00288,None,None,None
Cold Hands Feet,SMHB00288,0.001068,0.006417,1
Neuralgia,SMHB00288,None,None,None
 Generalised Headache,SMHB00288,None,None,None
Left Flank Pain,SMHB00288,None,None,None
Supraorbital Neuralgia,SMHB00288,None,None,None
Sprain Of Joint,SMHB00288,0.032886,0.061056,1
Pain Radiating,SMHB00288,None,None,None
Crushing Pain,SMHB00288,None,None,None
Posterior Compartment Low Back Pain,SMHB00288,0,0,2.70E-05
Vertex Headache,SMHB00288,None,None,None
"Headache, Retro-Ocular",SMHB00288,None,None,None
Atypical Neuralgia,SMHB00288,None,None,None
Typhoid Fever,SMHB00288,None,None,None
"Headache, Dull",SMHB00288,None,None,None
Ilioinguinal Neuralgia,SMHB00288,None,None,None
Lower Extremity Paresthesia,SMHB00288,None,None,None
Joint Contracture,SMHB00288,None,None,None
Headache Unilateral,SMHB00288,None,None,None
Difficulty Walking,SMHB00288,None,None,None
Headache,SMHB00288,None,None,None
Hyperostosis,SMHB00288,None,None,None
Beriberi,SMHB00288,None,None,None
Nerve Pain,SMHB00288,None,None,None
Acute Vomiting,SMHB00288,0.032886,0.061056,1
Back Stiffness,SMHB00288,0.032886,0.061056,1
Bilateral Knee Joint Pain,SMHB00288,0.000326,0.002499,1
 Bilateral Stiffness Of Knee Joints,SMHB00288,0.032886,0.061056,1
Cough Productive,SMHB00285,None,None,None
"Sputums, Induced",SMHB00285,None,None,None
Injury Of Muscle,SMHB00285,None,None,None
Cough,SMHB00285,None,None,None
Bronchial Asthma,SMHB00285,None,None,None
Sputum,SMHB00285,None,None,None
Cough Persistent,SMHB00285,0.000433,0.003125,1
Sputum Purulent,SMHB00285,None,None,None
Haemorrhage Ant Chamber Eye,SMHB00290,None,None,None
Hemorrhage,SMHB00290,None,None,None
Hemorrhoids,SMHB00290,0.038768,0.067563,1
Diarrhea,SMHB00290,None,None,None
Bronchiectasis,SMHB00290,2.90E-05,0.000344,0.724389
"Diarrhea, Chronic",SMHB00290,0.016788,0.044684,1
Diarrhea Acute,SMHB00290,0.005625,0.024125,1
Uterine Bleeding,SMHB00290,0.038768,0.067563,1
Diarrhea Watery,SMHB00290,0.005625,0.024125,1
Hemorrhoid Bleeding,SMHB00290,None,None,None
Dysentery,SMHB00290,None,None,None
Lips Bleeding,SMHB00290,0.005625,0.024125,1
Vaginal Bleeding,SMHB00290,0.005625,0.024125,1
Gastric Ulcer Bleeding,SMHB00290,0.005625,0.024125,1
Tongue Ulcer,SMHB00291,None,None,None
 Physical Suffering,SMHB00291,None,None,None
Urologic Disease,SMHB00291,0.022379,0.050405,1
Anasarca,SMHB00291,None,None,None
Amenorrhea,SMHB00291,0.033388,0.061682,1
Edema,SMHB00291,None,None,None
Hyperalgia,SMHB00291,None,None,None
Pterygium,SMHB00291,None,None,None
"Amenorrhea, Postpartum",SMHB00291,0.033388,0.061682,1
Pain,SMHB00291,None,None,None
Boredom,SMHB00291,None,None,None
Disorder Of Lactation,SMHB00291,None,None,None
Arthritic Pains,SMHB00291,None,None,None
Burning Pain,SMHB00291,None,None,None
 Splitting Pain,SMHB00291,None,None,None
Discoloration Urine,SMHB00291,4.30E-05,0.000471,1
Discoloration Urine,SMHB00291,4.30E-05,0.000471,1
Urination Frequency,SMHB00291,None,None,None
 Migratory Pain,SMHB00291,None,None,None
Ache,SMHB00291,None,None,None
Lactation Decreased,SMHB00291,None,None,None
Nose Dryness,SMHB00291,0.033388,0.061682,1
Pain Radiating,SMHB00291,None,None,None
Crushing Pain,SMHB00291,None,None,None
Urine Abnormality,SMHB00291,None,None,None
Menopause,SMHB00291,None,None,None
Aphthous Ulcer,SMHB00291,1.00E-06,2.30E-05,0.031372
Chills And Fever,SMHB00291,None,None,None
Chills And Fever,SMHB00291,None,None,None
Urine Rbc,SMHB00291,0.044277,0.073628,1
Oral Ulcer,SMHB00291,None,None,None
Sutton'S Disease,SMHB00291,0.011251,0.037373,1
Fever,SMHB00291,None,None,None
Laryngopharyngeal Dysaesthesia,SMHB00294,None,None,None
Localized; Swelling,SMHB00294,None,None,None
Foot Pain,SMHB00294,None,None,None
 Zoophaginae,SMHB00294,0.006923,0.027968,1
Petechia,SMHB00294,None,None,None
Soft Tissue Injury,SMHB00294,4.50E-05,0.000489,1
Lower Extremity Pain,SMHB00294,None,None,None
Abdominal Pain,SMHB00294,None,None,None
Irritability,SMHB00294,None,None,None
Vagina,SMHB00294,0.020636,0.048222,1
Virus,SMHB00294,0.006923,0.027968,1
Animal Virus,SMHB00294,0.006923,0.027968,1
Jaundice,SMHB00294,None,None,None
Unresponsive To Stimuli,SMHB00294,None,None,None
Vaginal Discharge,SMHB00294,0.020636,0.048222,1
"Diarrhea, Chronic",SMHB00294,0.020636,0.048222,1
Abdomen Discomfort,SMHB00294,None,None,None
Diarrhea Acute,SMHB00294,0.006923,0.027968,1
Musculoskeletal Pain,SMHB00294,None,None,None
Uterine Bleeding,SMHB00294,0.047529,0.077266,1
Diarrhea Watery,SMHB00294,0.006923,0.027968,1
Throat Tightness,SMHB00294,None,None,None
Throat Dry,SMHB00294,None,None,None
Obnubilation,SMHB00294,None,None,None
Hair Abnormality,SMHB00294,None,None,None
Hair Abnormality,SMHB00294,None,None,None
Typhoid Fever,SMHB00294,None,None,None
"Headache, Dull",SMHB00294,None,None,None
Cough Persistent,SMHB00294,None,None,None
Purpura,SMHB00294,None,None,None
Oral Ulcer,SMHB00294,None,None,None
Myalgia,SMHB00294,None,None,None
Appendicitis,SMHB00294,0.020636,0.048222,1
Cervical Cancer,SMHB00294,0.006923,0.027968,1
Gastrointestinal Carcinoma,SMHB00294,0.013802,0.040951,1
Malaria,SMHB00294,0.013802,0.040951,1
Multiple Sores On Skin,SMHB00294,0.047529,0.077266,1
Abdomen Distention,SMHB00292,None,None,None
Sharp Headache,SMHB00292,None,None,None
Pharyngolaryngitis,SMHB00292,None,None,None
Right Flank Pain,SMHB00292,None,None,None
Abdominal Tenderness,SMHB00292,0.038079,0.066931,1
Constipation,SMHB00292,None,None,None
 Physical Suffering,SMHB00292,None,None,None
Cough Productive,SMHB00292,None,None,None
Gastric Disorder,SMHB00292,None,None,None
"Headache, Periorbital",SMHB00292,None,None,None
Bilateral Headache,SMHB00292,None,None,None
Anterior Cervical Pains,SMHB00292,0.038079,0.066931,1
Flank Pain,SMHB00292,None,None,None
Ocular Headache,SMHB00292,None,None,None
Cyst,SMHB00292,None,None,None
Developmental Delay,SMHB00292,None,None,None
Laryngeal Edema,SMHB00292,None,None,None
Abdominal Pain,SMHB00292,None,None,None
No Vomiting,SMHB00292,None,None,None
Headache Throbbing,SMHB00292,None,None,None
Chest Pain,SMHB00292,0.007053,0.028383,1
Hyperalgia,SMHB00292,None,None,None
Diarrhea,SMHB00292,None,None,None
Orthostatic Headache,SMHB00292,None,None,None
Emesis,SMHB00292,None,None,None
Pain,SMHB00292,None,None,None
Pneumatosis,SMHB00292,0.038079,0.066931,1
"Cervical Pain, Posterior",SMHB00292,0.038079,0.066931,1
Dexol,SMHB00292,None,None,None
Hepatomegaly,SMHB00292,0.038079,0.066931,1
Gastric Acid,SMHB00292,None,None,None
Contusion,SMHB00292,None,None,None
Cough,SMHB00292,None,None,None
Burning Pain,SMHB00292,None,None,None
Nausea,SMHB00292,None,None,None
Gastrointestinal Hypermotility,SMHB00292,None,None,None
 Hypalgesia,SMHB00292,0.038079,0.066931,1
 Splitting Pain,SMHB00292,None,None,None
Hiccups,SMHB00292,None,None,None
Flatulence,SMHB00292,None,None,None
Diarrhea Acute,SMHB00292,0.038079,0.066931,1
 Migratory Pain,SMHB00292,None,None,None
Neck Injury,SMHB00292,None,None,None
Functional Bowel Disorder,SMHB00292,None,None,None
Swelling,SMHB00292,None,None,None
Diarrhea Watery,SMHB00292,0.038079,0.066931,1
Ache,SMHB00292,None,None,None
Gastrointestinal Pain,SMHB00292,None,None,None
Neck Stiffness,SMHB00292,None,None,None
"Pantothenate, Zinc",SMHB00292,None,None,None
 Generalised Headache,SMHB00292,None,None,None
Defecation Pain,SMHB00292,None,None,None
 name Dilation,SMHB00292,None,None,None
Aphagia,SMHB00292,0.038079,0.066931,1
Colonic Inertia,SMHB00292,None,None,None
Pantothenic Acid,SMHB00292,None,None,None
 Stomach Discomfort,SMHB00292,None,None,None
Dysentery,SMHB00292,None,None,None
Left Flank Pain,SMHB00292,None,None,None
Belching,SMHB00292,None,None,None
Dyspepsia,SMHB00292,None,None,None
Loss Of Appetite,SMHB00292,0.038079,0.066931,1
Bloating Feeling,SMHB00292,None,None,None
Pregnancy Disorder,SMHB00292,None,None,None
Acute Chest Pain,SMHB00292,None,None,None
Gagging,SMHB00292,None,None,None
Pain Radiating,SMHB00292,None,None,None
Crushing Pain,SMHB00292,None,None,None
Vertex Headache,SMHB00292,None,None,None
"Headache, Retro-Ocular",SMHB00292,None,None,None
Vaginal Bleeding,SMHB00292,None,None,None
 Dyspepsia-Aggravated,SMHB00292,None,None,None
Pharyngolaryngeal Pain,SMHB00292,None,None,None
Calcium Pantothenate,SMHB00292,None,None,None
Chills And Fever,SMHB00292,None,None,None
Chest Symptom Heaviness,SMHB00292,None,None,None
Calcium Pantothenate,SMHB00292,None,None,None
Chest Symptom Heaviness,SMHB00292,None,None,None
Chills And Fever,SMHB00292,None,None,None
Neck Pain,SMHB00292,0.038079,0.066931,1
Tenesmus,SMHB00292,None,None,None
General Abdominal Pain-Symptom,SMHB00292,0.038079,0.066931,1
"Headache, Dull",SMHB00292,None,None,None
Headache Unilateral,SMHB00292,None,None,None
Heartburn,SMHB00292,0.001434,0.008137,1
Decreased Appetite,SMHB00292,None,None,None
Headache,SMHB00292,None,None,None
Fever,SMHB00292,None,None,None
Cataract,SMHB00293,None,None,None
Lacrimation,SMHB00293,None,None,None
 Lens Opacity,SMHB00293,None,None,None
Conjunctivitis,SMHB00293,0.009063,0.033209,1
Other Conjunctivitis Nos,SMHB00293,0.003029,0.014919,1
Photophobia,SMHB00293,0.021038,0.04873,1
Thermal Energy,SMHB00293,None,None,None
Abnormal Labor,SMHB00293,None,None,None
 Stomach Discomfort,SMHB00293,None,None,None
Pseudoaphakia,SMHB00293,None,None,None
Eye Blood Shot,SMHB00293,None,None,None
Watery Eyes,SMHB00293,None,None,None
Hot Temperature,SMHB00293,None,None,None
Rash,SMHB00620,0.047519,0.077266,1
Blanching Of Skin,SMHB00620,0.006058,0.025431,1
Erysipelas,SMHB00620,0.012082,0.038774,1
Annular Erythema,SMHB00620,0.006058,0.025431,1
 Skin Scaly,SMHB00620,0.012082,0.038774,1
Macula,SMHB00620,0.006058,0.025431,1
Throat Tightness,SMHB00620,0.041696,0.070592,1
Chills And Fever,SMHB00620,6.20E-05,0.000641,1
Chills And Fever,SMHB00620,6.20E-05,0.000641,1
Fever,SMHB00620,1.00E-06,2.60E-05,0.036541
Plague,SMHB00620,0.018072,0.046235,1
Anosmia,SMHB00295,None,None,None
"Sputums, Induced",SMHB00295,None,None,None
Polymenorrhea,SMHB00295,None,None,None
Epistaxis,SMHB00295,None,None,None
Hemorrhoids,SMHB00295,0.029938,0.057943,1
"Melena
",SMHB00295,None,None,None
Muscle Weakness,SMHB00295,None,None,None
Joint Dislocation,SMHB00295,None,None,None
Disorder Of Smell,SMHB00295,None,None,None
Menses Abnormal,SMHB00295,None,None,None
Digestion Impaired,SMHB00295,None,None,None
Arbovirus,SMHB00295,0.004327,0.019882,1
Arbovirus,SMHB00295,0.004327,0.019882,1
Sputum,SMHB00295,None,None,None
Emaciation,SMHB00295,None,None,None
 Hypomenorrhea,SMHB00295,None,None,None
Urine Abnormality,SMHB00295,None,None,None
Parosmia,SMHB00295,None,None,None
Retrograde Menstruation,SMHB00295,None,None,None
Ascariasis,SMHB00295,0.008637,0.032544,1
Enterobiasis,SMHB00295,0.004327,0.019882,1
Hookworm Infections,SMHB00295,0.004327,0.019882,1
Parasitemia,SMHB00295,0.008637,0.032544,1
Pertussis,SMHB00295,0.004327,0.019882,1
Schistosomiasis,SMHB00295,0.004327,0.019882,1
Dyssomnia,SMHB00299,0.039422,0.067979,1
Cold Sweat,SMHB00299,0.019905,0.04715,1
Haemorrhage Ant Chamber Eye,SMHB00299,None,None,None
Insomnia,SMHB00299,None,None,None
Diabetes Mellitus,SMHB00299,None,None,None
Pulse Weakness,SMHB00299,0.00764,0.03009,1
Cough Productive,SMHB00299,None,None,None
Hyperphagia,SMHB00299,0.019905,0.04715,1
Angina Symptoms,SMHB00299,0.019905,0.04715,1
Night Sweat,SMHB00299,None,None,None
Auditory Dysesthesia,SMHB00299,None,None,None
Developmental Delay,SMHB00299,0.019905,0.04715,1
Subwakefullness Syndromes,SMHB00299,0.039422,0.067979,1
Behavior Drinking,SMHB00299,0.039422,0.067979,1
Diarrhea,SMHB00299,None,None,None
Palpitation(S),SMHB00299,None,None,None
Distorted Hearing,SMHB00299,None,None,None
Nocturia,SMHB00299,0.019905,0.04715,1
Respiratory Abnormality,SMHB00299,None,None,None
Polyuria,SMHB00299,0.039422,0.067979,1
Cough,SMHB00299,None,None,None
 Orthostasis,SMHB00299,None,None,None
 Long Sleeper Syndrome,SMHB00299,0.039422,0.067979,1
Bed-Wetting,SMHB00299,0.019905,0.04715,1
Lightheadedness,SMHB00299,None,None,None
Bronchial Asthma,SMHB00299,None,None,None
Urination Frequency,SMHB00299,None,None,None
Thirst,SMHB00299,None,None,None
Sweating,SMHB00299,None,None,None
Dizziness,SMHB00299,None,None,None
 Sleep-Related Neurogenic Tachypnoea,SMHB00299,0.039422,0.067979,1
Short-Sleeper,SMHB00299,0.039422,0.067979,1
Speech Disorder,SMHB00299,0.019905,0.04715,1
Sweat,SMHB00299,None,None,None
Enuresis,SMHB00299,None,None,None
 Neurasthenia,SMHB00299,None,None,None
Bad Dream,SMHB00299,None,None,None
Sleep Disorder,SMHB00299,0.002268,0.011863,1
 Nocturia Aggravated,SMHB00299,0.019905,0.04715,1
Defecation Pain,SMHB00299,None,None,None
Asthenia,SMHB00299,None,None,None
"Ejaculation
",SMHB00299,None,None,None
Paracusia,SMHB00299,None,None,None
Nightmares,SMHB00299,None,None,None
Hearing Disorder,SMHB00299,None,None,None
Forgetfulness,SMHB00299,None,None,None
Abnormal Ejaculation,SMHB00299,None,None,None
Poor Quality Sleep,SMHB00299,0.019905,0.04715,1
Acne,SMHB00299,None,None,None
Abdomen Distention,SMHB00296,0.015405,0.043506,1
Abdominal Tenderness,SMHB00296,0.006491,0.026685,1
 Physical Suffering,SMHB00296,None,None,None
Abdominal Pain,SMHB00296,None,None,None
Malnutrition,SMHB00296,0.000581,0.003945,1
Hyperalgia,SMHB00296,None,None,None
"Overnutrition, Child",SMHB00296,None,None,None
Pain,SMHB00296,None,None,None
Burning Pain,SMHB00296,None,None,None
 Splitting Pain,SMHB00296,None,None,None
Arbovirus,SMHB00296,None,None,None
Abdomen Discomfort,SMHB00296,0.038359,0.067282,1
Arbovirus,SMHB00296,None,None,None
 Nutrition Disorders In Children,SMHB00296,None,None,None
Children Malnutrition,SMHB00296,None,None,None
 Migratory Pain,SMHB00296,None,None,None
Ache,SMHB00296,None,None,None
Pain Radiating,SMHB00296,None,None,None
Crushing Pain,SMHB00296,None,None,None
General Abdominal Pain-Symptom,SMHB00296,0.006491,0.026685,1
Lower Extremity Paresthesia,SMHB00296,None,None,None
Ascariasis,SMHB00296,0.012942,0.039733,1
Enterobiasis,SMHB00296,0.006491,0.026685,1
Parasitemia,SMHB00296,0.012942,0.039733,1
Yin Deficiency,SMHB00297,None,None,None
Pneumonia,SMHB00297,None,None,None
Pulse Weakness,SMHB00297,None,None,None
Cough Productive,SMHB00297,None,None,None
Gastric Disorder,SMHB00297,0.030067,0.058016,1
Vomiting Neonatal,SMHB00297,0.015145,0.043192,1
"Sputums, Induced",SMHB00297,None,None,None
Eye Pain,SMHB00297,None,None,None
Hoarseness,SMHB00297,0.044769,0.074169,1
Xerostomia,SMHB00297,None,None,None
Emesis,SMHB00297,None,None,None
Eating Disorder,SMHB00297,0.000662,0.00437,1
Tongue Discoloration,SMHB00297,None,None,None
Cough,SMHB00297,None,None,None
Pneumonia Lobar,SMHB00297,None,None,None
Sputum,SMHB00297,None,None,None
Anorexia,SMHB00297,0.002166,0.011459,1
Thermal Energy,SMHB00297,0.015145,0.043192,1
Emaciation,SMHB00297,None,None,None
Sore Eye,SMHB00297,None,None,None
Asthenia,SMHB00297,None,None,None
Cough Nonproductive,SMHB00297,None,None,None
Loss Of Appetite,SMHB00297,0.015145,0.043192,1
Gagging,SMHB00297,None,None,None
"Sports Injury, Nos",SMHB00297,0.015145,0.043192,1
Dry Tongue,SMHB00297,0.015145,0.043192,1
Experimental Lung Inflammation,SMHB00297,None,None,None
Decreased Appetite,SMHB00297,None,None,None
Sputum Purulent,SMHB00297,None,None,None
Hot Temperature,SMHB00297,0.030067,0.058016,1
Sharp Headache,SMHB00300,None,None,None
 Physical Suffering,SMHB00300,None,None,None
Heaviness Of Head,SMHB00300,0.028361,0.05602,1
"Headache, Periorbital",SMHB00300,None,None,None
Bilateral Headache,SMHB00300,None,None,None
Rheumatism,SMHB00300,None,None,None
Ocular Headache,SMHB00300,None,None,None
Headache Throbbing,SMHB00300,None,None,None
Smarting Of Skin,SMHB00300,0.01428,0.041556,1
Hematoma,SMHB00300,0.028361,0.05602,1
Hyperalgia,SMHB00300,None,None,None
Radiculopathy,SMHB00300,0.01428,0.041556,1
Vidian Neuralgia,SMHB00300,0.042248,0.07105,1
Skin Pain,SMHB00300,0.01428,0.041556,1
Orthostatic Headache,SMHB00300,None,None,None
Dermatosis Of Scalp,SMHB00300,0.028361,0.05602,1
Nerve Root Disorder,SMHB00300,0.01428,0.041556,1
Pain,SMHB00300,None,None,None
Perineal Neuralgia,SMHB00300,0.042248,0.07105,1
Iliohypogastric Nerve Neuralgia,SMHB00300,0.042248,0.07105,1
Stump Neuralgia,SMHB00300,0.042248,0.07105,1
Arthritic Pains,SMHB00300,None,None,None
Burning Pain,SMHB00300,None,None,None
 Splitting Pain,SMHB00300,None,None,None
Skin Swelling,SMHB00300,0.028361,0.05602,1
"Neuralgia, Sluder",SMHB00300,0.01428,0.041556,1
Paroxysmal Nerve Pain,SMHB00300,0.042248,0.07105,1
Cervical Radiculopathy,SMHB00300,0.01428,0.041556,1
Trigeminal Autonomic Cephalgia,SMHB00300,0.01428,0.041556,1
 Migratory Pain,SMHB00300,None,None,None
Musculoskeletal Pain,SMHB00300,0.028361,0.05602,1
Nerve Root Pain,SMHB00300,0.01428,0.041556,1
Neuralgia Facial,SMHB00300,0.01428,0.041556,1
Swelling,SMHB00300,None,None,None
Rebound Hypertension,SMHB00300,0.01428,0.041556,1
Ache,SMHB00300,None,None,None
Neuralgia,SMHB00300,0.042248,0.07105,1
Migraine,SMHB00300,0.000198,0.001664,1
 Generalised Headache,SMHB00300,None,None,None
"Avulsion, Nerve Root",SMHB00300,0.01428,0.041556,1
Supraorbital Neuralgia,SMHB00300,0.042248,0.07105,1
Pain Radiating,SMHB00300,None,None,None
Crushing Pain,SMHB00300,None,None,None
Vertex Headache,SMHB00300,None,None,None
"Headache, Retro-Ocular",SMHB00300,None,None,None
Compression Nerve Root,SMHB00300,0.01428,0.041556,1
Atypical Neuralgia,SMHB00300,0.042248,0.07105,1
"Headache, Dull",SMHB00300,None,None,None
Ilioinguinal Neuralgia,SMHB00300,0.042248,0.07105,1
Headache Unilateral,SMHB00300,None,None,None
Radiculitis,SMHB00300,0.01428,0.041556,1
Tenderness,SMHB00300,0.028361,0.05602,1
Myofacial Pain Syndrome,SMHB00300,0.01428,0.041556,1
Headache,SMHB00300,None,None,None
Nerve Pain,SMHB00300,0.042248,0.07105,1
Pharyngolaryngitis,SMHB00301,None,None,None
Larynx,SMHB00301,0.005124,0.022689,1
Laryngopharyngeal Dysaesthesia,SMHB00301,0.00023,0.001884,1
Localized; Swelling,SMHB00301,0.007571,0.029874,1
 Physical Suffering,SMHB00301,None,None,None
Cough Productive,SMHB00301,None,None,None
"Sputums, Induced",SMHB00301,None,None,None
Laryngeal Pain,SMHB00301,0.023367,0.051423,1
Catarrh,SMHB00301,None,None,None
Parotid Enlargement,SMHB00301,0.000536,0.003704,1
Cyst,SMHB00301,None,None,None
Laryngeal Edema,SMHB00301,None,None,None
 Red,SMHB00301,0.023367,0.051423,1
Erysipelas,SMHB00301,None,None,None
Smarting Of Skin,SMHB00301,0.023367,0.051423,1
Hematoma,SMHB00301,0.046197,0.075809,1
Hyperalgia,SMHB00301,None,None,None
Skin Pain,SMHB00301,0.023367,0.051423,1
Pain,SMHB00301,None,None,None
Seizures,SMHB00301,None,None,None
Cough,SMHB00301,None,None,None
Burning Pain,SMHB00301,None,None,None
 Splitting Pain,SMHB00301,None,None,None
Skin Swelling,SMHB00301,0.046197,0.075809,1
Mumps,SMHB00301,None,None,None
Measles,SMHB00301,0.046197,0.075809,1
Hand Swelling,SMHB00301,None,None,None
Sputum,SMHB00301,None,None,None
 Migratory Pain,SMHB00301,None,None,None
Carbuncle,SMHB00301,None,None,None
Thermal Energy,SMHB00301,None,None,None
Skin Ulcer(S),SMHB00301,None,None,None
Swelling,SMHB00301,None,None,None
Coryza,SMHB00301,None,None,None
Ache,SMHB00301,None,None,None
 Parotid Disease,SMHB00301,0.023367,0.051423,1
Pharynx Disease,SMHB00301,0.046197,0.075809,1
 Face Injury,SMHB00301,0.023367,0.051423,1
Tonsillitis,SMHB00301,0.046197,0.075809,1
Throat Tightness,SMHB00301,9.00E-06,0.000126,0.219644
Pain Radiating,SMHB00301,None,None,None
Crushing Pain,SMHB00301,None,None,None
Common Cold,SMHB00301,None,None,None
Pharyngolaryngeal Pain,SMHB00301,None,None,None
Blotchy Rash,SMHB00301,0.023367,0.051423,1
Earache,SMHB00301,0.023367,0.051423,1
Edema Pharynx,SMHB00301,0.001584,0.008871,1
Cough Persistent,SMHB00301,0.007571,0.029874,1
Sputum Purulent,SMHB00301,None,None,None
Hot Temperature,SMHB00301,None,None,None
Abdomen Distention,SMHB00302,None,None,None
Deglutitional Syncope,SMHB00302,None,None,None
Right Flank Pain,SMHB00302,0.002936,0.014672,1
Sprain,SMHB00302,None,None,None
Mouth Disease,SMHB00302,None,None,None
Presyncope,SMHB00302,None,None,None
Hemoptysis,SMHB00302,0.002559,0.013077,1
Mechanical Low Back Pain,SMHB00302,0,0,0.000187
Flank Pain,SMHB00302,0.002936,0.014672,1
Petechia,SMHB00302,None,None,None
"Diplopia, Unilateral",SMHB00302,None,None,None
Stokes-Adams Syncope,SMHB00302,None,None,None
Soft Tissue Injury,SMHB00302,9.50E-05,0.000901,1
 Recurrent Low Back Pain,SMHB00302,0,0,0.000187
Lower Extremity Pain,SMHB00302,0.048823,0.078326,1
Dysuria,SMHB00302,None,None,None
Rheumatic Disorder,SMHB00302,None,None,None
Narcosis,SMHB00302,None,None,None
Asthenopia,SMHB00302,None,None,None
Syncope Cough,SMHB00302,None,None,None
Hyperventilation Syncope,SMHB00302,None,None,None
Muscle Weakness,SMHB00302,0.039244,0.067979,1
Palpitation(S),SMHB00302,None,None,None
Syncope Exertional,SMHB00302,None,None,None
"Diplopias, Intermittent",SMHB00302,None,None,None
Stupor,SMHB00302,None,None,None
Syncope Cardiac,SMHB00302,None,None,None
Knee(S) Pain,SMHB00302,0.029574,0.057571,1
Refractive Diplopia,SMHB00302,None,None,None
Cough,SMHB00302,0.041501,0.070343,1
 Polyopsias,SMHB00302,None,None,None
 Orthostasis,SMHB00302,None,None,None
 Stool Loose,SMHB00302,None,None,None
Salivation,SMHB00302,None,None,None
Syncope Postural,SMHB00302,None,None,None
Lightheadedness,SMHB00302,None,None,None
Syncopal Vertigo,SMHB00302,None,None,None
Loin Pain,SMHB00302,0.001388,0.007903,1
 Diplopia Vertical,SMHB00302,None,None,None
Postural Low Back Pain,SMHB00302,0,0,0.000187
Diplopia,SMHB00302,None,None,None
Musculoskeletal Pain,SMHB00302,0.01981,0.04715,1
Dizziness,SMHB00302,None,None,None
Convulsive Syncope,SMHB00302,None,None,None
Speech Disorder,SMHB00302,None,None,None
Carotid Sinus Syncope,SMHB00302,None,None,None
Cortical Diplopia,SMHB00302,None,None,None
Syncope Micturition,SMHB00302,None,None,None
"Diplopias, Horizontal",SMHB00302,None,None,None
 Stomach Discomfort,SMHB00302,None,None,None
Left Flank Pain,SMHB00302,0.002936,0.014672,1
Syncopal Episode,SMHB00302,None,None,None
Cardiac Arrhythmia,SMHB00302,None,None,None
Syncope,SMHB00302,None,None,None
Situational Syncope,SMHB00302,None,None,None
Posterior Compartment Low Back Pain,SMHB00302,0,0,0.000187
Cough Persistent,SMHB00302,0.001388,0.007903,1
Purpura,SMHB00302,None,None,None
Back Sore,SMHB00302,0.009952,0.034881,1
Per Vaginal Discharge,SMHB00302,0.009952,0.034881,1
Deglutitional Syncope,SMHB00303,None,None,None
Sharp Headache,SMHB00303,None,None,None
Pharyngolaryngitis,SMHB00303,None,None,None
Larynx,SMHB00303,0.027261,0.055084,1
Haemorrhage Ant Chamber Eye,SMHB00303,None,None,None
Insomnia,SMHB00303,None,None,None
Laryngopharyngeal Dysaesthesia,SMHB00303,0.002936,0.014672,1
Mania,SMHB00303,None,None,None
Hemorrhage,SMHB00303,None,None,None
Tongue Ulcer,SMHB00303,None,None,None
Stroke,SMHB00303,None,None,None
Constipation,SMHB00303,None,None,None
Localized; Swelling,SMHB00303,0.039423,0.067979,1
 Physical Suffering,SMHB00303,None,None,None
Cough Productive,SMHB00303,None,None,None
Presyncope,SMHB00303,None,None,None
Abscess Gum,SMHB00303,None,None,None
"Sputums, Induced",SMHB00303,None,None,None
Intermittant Vertigo,SMHB00303,None,None,None
Catarrh,SMHB00303,None,None,None
"Headache, Periorbital",SMHB00303,None,None,None
Bilateral Headache,SMHB00303,None,None,None
 Cryptogenic Epilepsies,SMHB00303,None,None,None
Vertigo,SMHB00303,None,None,None
Ocular Headache,SMHB00303,None,None,None
Vertigo Postural,SMHB00303,None,None,None
Cyst,SMHB00303,None,None,None
Xerostomia,SMHB00303,None,None,None
Stokes-Adams Syncope,SMHB00303,None,None,None
Vertigo Central Origin,SMHB00303,None,None,None
Laryngeal Edema,SMHB00303,None,None,None
Narcosis,SMHB00303,None,None,None
 Crackling Sound In Ear,SMHB00303,None,None,None
Gingivitis,SMHB00303,None,None,None
Masseter Muscle Spasm,SMHB00303,None,None,None
Behavior Disorder,SMHB00303,None,None,None
Lip Dryness,SMHB00303,None,None,None
Headache Throbbing,SMHB00303,None,None,None
Syncope Cough,SMHB00303,None,None,None
Dyspnea,SMHB00303,None,None,None
Hyperventilation Syncope,SMHB00303,None,None,None
Hyperalgia,SMHB00303,None,None,None
Tinnitus,SMHB00303,None,None,None
Gastrointestinal Discomfort,SMHB00303,None,None,None
Diarrhea,SMHB00303,None,None,None
Trismus,SMHB00303,None,None,None
Brain Stem Vertigo,SMHB00303,None,None,None
Aura,SMHB00303,None,None,None
Tensor Palatini Induced Tinnitus,SMHB00303,None,None,None
Single Seizure,SMHB00303,None,None,None
Palpitation(S),SMHB00303,None,None,None
Syncope Exertional,SMHB00303,None,None,None
Orthostatic Headache,SMHB00303,None,None,None
Hyperpyrexia,SMHB00303,None,None,None
Tongue Disorder,SMHB00303,None,None,None
Stupor,SMHB00303,None,None,None
Syncope Cardiac,SMHB00303,None,None,None
Gingival Swelling,SMHB00303,None,None,None
Pain,SMHB00303,None,None,None
Respiratory Abnormality,SMHB00303,None,None,None
Subjective Tinnitus,SMHB00303,None,None,None
Hepatomegaly,SMHB00303,None,None,None
Seizures,SMHB00303,None,None,None
Noise-Induced Tinnitus,SMHB00303,None,None,None
Spontaneous Oto Acoustic Emission Tinnitus,SMHB00303,None,None,None
Micturition Disorder,SMHB00303,None,None,None
Cough,SMHB00303,None,None,None
Objective Tinnitus,SMHB00303,None,None,None
Burning Pain,SMHB00303,None,None,None
 Orthostasis,SMHB00303,None,None,None
"Epilepsy, Awakening",SMHB00303,None,None,None
 Gingival Edema,SMHB00303,None,None,None
 Splitting Pain,SMHB00303,None,None,None
Pseudocomas,SMHB00303,None,None,None
 Cva Nos Acute,SMHB00303,None,None,None
Pseudocomas,SMHB00303,None,None,None
Syncope Postural,SMHB00303,None,None,None
Lightheadedness,SMHB00303,None,None,None
Ocular Discomfort,SMHB00303,None,None,None
Convulsions Neonatal,SMHB00303,None,None,None
Syncopal Vertigo,SMHB00303,None,None,None
Mental Disorder,SMHB00303,None,None,None
 Essential Vertigo,SMHB00303,None,None,None
Tinnitus Of Vascular Origin,SMHB00303,None,None,None
Sputum,SMHB00303,None,None,None
Thirst,SMHB00303,None,None,None
 Migratory Pain,SMHB00303,None,None,None
Carbuncle,SMHB00303,None,None,None
Thermal Energy,SMHB00303,None,None,None
Chest Symptom Discomfort,SMHB00303,None,None,None
Dizziness,SMHB00303,None,None,None
Convulsive Syncope,SMHB00303,None,None,None
Epilepsy,SMHB00303,None,None,None
Hepatosplenomegaly,SMHB00303,None,None,None
Carotid Sinus Syncope,SMHB00303,None,None,None
Skin Ulcer(S),SMHB00303,None,None,None
Swelling,SMHB00303,None,None,None
Coryza,SMHB00303,None,None,None
Ache,SMHB00303,None,None,None
Syncope Micturition,SMHB00303,None,None,None
 Ear Clicking Sound,SMHB00303,None,None,None
 Generalised Headache,SMHB00303,None,None,None
Defecation Pain,SMHB00303,None,None,None
Habit Disorder,SMHB00303,None,None,None
Colonic Inertia,SMHB00303,None,None,None
Throat Tightness,SMHB00303,None,None,None
 Vertigo Paroxysmal,SMHB00303,None,None,None
Cough Nonproductive,SMHB00303,None,None,None
Vocal Tic,SMHB00303,None,None,None
Throat Dry,SMHB00303,None,None,None
Motor Tics,SMHB00303,None,None,None
Pulsatile Tinnitus,SMHB00303,None,None,None
Eye Blood Shot,SMHB00303,None,None,None
Fever Convulsions,SMHB00303,None,None,None
Syncopal Episode,SMHB00303,None,None,None
Obnubilation,SMHB00303,None,None,None
Syncope,SMHB00303,None,None,None
Lockjaw,SMHB00303,None,None,None
Pain Radiating,SMHB00303,None,None,None
Situational Syncope,SMHB00303,None,None,None
Crushing Pain,SMHB00303,None,None,None
Diagnosis Psychiatric,SMHB00303,None,None,None
Vertex Headache,SMHB00303,None,None,None
"Headache, Retro-Ocular",SMHB00303,None,None,None
Common Cold,SMHB00303,None,None,None
Dental Abscess,SMHB00303,None,None,None
Pharyngolaryngeal Pain,SMHB00303,None,None,None
 Manic Reaction,SMHB00303,None,None,None
Aphthous Ulcer,SMHB00303,0.000166,0.001433,1
Chills And Fever,SMHB00303,None,None,None
Chills And Fever,SMHB00303,None,None,None
Edema Pharynx,SMHB00303,0.008803,0.033018,1
"Headache, Dull",SMHB00303,None,None,None
Gingival Pain,SMHB00303,None,None,None
Headache Unilateral,SMHB00303,None,None,None
Oral Ulcer,SMHB00303,None,None,None
Heartburn,SMHB00303,None,None,None
Constant Vertigo,SMHB00303,None,None,None
Peripheral Vertigo,SMHB00303,None,None,None
Headache,SMHB00303,None,None,None
Sputum Purulent,SMHB00303,None,None,None
Abnormal Stools,SMHB00303,None,None,None
Hot Temperature,SMHB00303,None,None,None
Slurred Speech,SMHB00303,None,None,None
Fever,SMHB00303,None,None,None
Sharp Headache,SMHB00304,None,None,None
Right Flank Pain,SMHB00304,None,None,None
Stomatitis,SMHB00304,None,None,None
Neoplastic Growth,SMHB00304,None,None,None
Hemorrhage,SMHB00304,None,None,None
 Physical Suffering,SMHB00304,None,None,None
"Mental Retardations, Psychosocial",SMHB00304,0.035482,0.064039,1
Graphomotor Aphasia,SMHB00304,None,None,None
Oral Mucositis,SMHB00304,None,None,None
Intermittant Vertigo,SMHB00304,None,None,None
Scabies,SMHB00304,None,None,None
Mechanical Low Back Pain,SMHB00304,0,0,4.60E-05
"Headache, Periorbital",SMHB00304,None,None,None
Sleep Difficult,SMHB00304,0.035482,0.064039,1
Bilateral Headache,SMHB00304,None,None,None
Rheumatism,SMHB00304,None,None,None
Vertigo,SMHB00304,None,None,None
Menstrual Cramp,SMHB00304,None,None,None
Global Aphasia,SMHB00304,None,None,None
Flank Pain,SMHB00304,None,None,None
Ocular Headache,SMHB00304,None,None,None
Toothache,SMHB00304,None,None,None
Vertigo Postural,SMHB00304,None,None,None
Hematuria,SMHB00304,None,None,None
Anasarca,SMHB00304,None,None,None
 Recurrent Low Back Pain,SMHB00304,0,0,4.60E-05
Vertigo Central Origin,SMHB00304,None,None,None
Hematemesis,SMHB00304,None,None,None
Headache Throbbing,SMHB00304,None,None,None
Edema,SMHB00304,None,None,None
Hyperalgia,SMHB00304,None,None,None
Radiculopathy,SMHB00304,0.035482,0.064039,1
Dysphasia,SMHB00304,None,None,None
Increased Diastolic Blood Pressure,SMHB00304,0.035482,0.064039,1
Brain Stem Vertigo,SMHB00304,None,None,None
Profound Mental Retardation,SMHB00304,0.035482,0.064039,1
Dejerine Lichtheim Phenomenon,SMHB00304,None,None,None
Orthostatic Headache,SMHB00304,None,None,None
"Aphasia, Post Ictal",SMHB00304,None,None,None
Intellectual Aphasia,SMHB00304,None,None,None
Nerve Root Disorder,SMHB00304,0.035482,0.064039,1
Pain,SMHB00304,None,None,None
Knee(S) Pain,SMHB00304,None,None,None
Functional Aphasia,SMHB00304,None,None,None
Tongue Discoloration,SMHB00304,6.00E-06,8.40E-05,0.139197
Arthritic Pains,SMHB00304,None,None,None
 Acquired Aphasias,SMHB00304,None,None,None
Burning Pain,SMHB00304,None,None,None
 Splitting Pain,SMHB00304,None,None,None
Motion Sickness,SMHB00304,0.001244,0.007235,1
Sarcoptic Red Mange,SMHB00304,None,None,None
"Neuralgia, Sluder",SMHB00304,0.035482,0.064039,1
Cervical Radiculopathy,SMHB00304,0.035482,0.064039,1
Loin Pain,SMHB00304,2.10E-05,0.000262,0.519382
 Essential Vertigo,SMHB00304,None,None,None
Postpartum Disorder,SMHB00304,None,None,None
Urethra Hemorrhage,SMHB00304,None,None,None
Trigeminal Autonomic Cephalgia,SMHB00304,0.035482,0.064039,1
Postural Low Back Pain,SMHB00304,0,0,4.60E-05
Urination Frequency,SMHB00304,None,None,None
"Aphasia, Post Traumatic",SMHB00304,None,None,None
Air Sickness,SMHB00304,0.001244,0.007235,1
 Migratory Pain,SMHB00304,None,None,None
Blood Urine Present,SMHB00304,None,None,None
Nerve Root Pain,SMHB00304,0.035482,0.064039,1
Speech Disorder,SMHB00304,0.035482,0.064039,1
Neuralgia Facial,SMHB00304,0.035482,0.064039,1
Mixed Aphasia,SMHB00304,None,None,None
Skin Ulcer(S),SMHB00304,None,None,None
Ache,SMHB00304,None,None,None
Vision Halo,SMHB00304,0.035482,0.064039,1
 Parotid Disease,SMHB00304,0.035482,0.064039,1
Auditory Discriminatory Aphasia,SMHB00304,None,None,None
Commisural Aphasia,SMHB00304,None,None,None
 Generalised Headache,SMHB00304,None,None,None
High Systolic Arterial Pulse Pressure,SMHB00304,0.035482,0.064039,1
Asthenia,SMHB00304,None,None,None
 Ageusic Aphasia,SMHB00304,None,None,None
 Vertigo Paroxysmal,SMHB00304,None,None,None
Progressive Aphasia,SMHB00304,None,None,None
Left Flank Pain,SMHB00304,None,None,None
"Avulsion, Nerve Root",SMHB00304,0.035482,0.064039,1
Sea Sickness,SMHB00304,0.001244,0.007235,1
Pain Radiating,SMHB00304,None,None,None
Crushing Pain,SMHB00304,None,None,None
Posterior Compartment Low Back Pain,SMHB00304,0,0,4.60E-05
Vertex Headache,SMHB00304,None,None,None
"Headache, Retro-Ocular",SMHB00304,None,None,None
Compression Nerve Root,SMHB00304,0.035482,0.064039,1
Blood Pressure Elevation,SMHB00304,0.035482,0.064039,1
Menopause,SMHB00304,None,None,None
Mental Deficiency,SMHB00304,0.035482,0.064039,1
Aphasia,SMHB00304,None,None,None
Urine Rbc,SMHB00304,None,None,None
"Headache, Dull",SMHB00304,None,None,None
Syntactical Aphasia,SMHB00304,None,None,None
Lower Extremity Paresthesia,SMHB00304,None,None,None
Headache Unilateral,SMHB00304,None,None,None
Oral Ulcer,SMHB00304,0.007125,0.028653,1
Radiculitis,SMHB00304,0.035482,0.064039,1
Constant Vertigo,SMHB00304,None,None,None
Myofacial Pain Syndrome,SMHB00304,0.035482,0.064039,1
Peripheral Vertigo,SMHB00304,None,None,None
Headache,SMHB00304,None,None,None
emantic Aphasia,SMHB00304,None,None,None
Sutton'S Disease,SMHB00304,0.035482,0.064039,1
Dyssomnia,SMHB00298,0.01981,0.04715,1
Pharyngolaryngitis,SMHB00298,None,None,None
"Memory Disorders, Spatial",SMHB00298,0.009952,0.034881,1
Insomnia,SMHB00298,0,6.00E-06,0.006354
 Physical Suffering,SMHB00298,None,None,None
Cough Productive,SMHB00298,None,None,None
"Sputums, Induced",SMHB00298,None,None,None
Angina Symptoms,SMHB00298,0.009952,0.034881,1
Catarrh,SMHB00298,None,None,None
"Memory Disorders, Semantic",SMHB00298,0.009952,0.034881,1
Cyst,SMHB00298,None,None,None
Subwakefullness Syndromes,SMHB00298,0.01981,0.04715,1
Lower Extremity Pain,SMHB00298,0.048823,0.078326,1
Laryngeal Edema,SMHB00298,None,None,None
Dreams,SMHB00298,0.01981,0.04715,1
Caustic Injury,SMHB00298,0.029574,0.057571,1
Erysipelas,SMHB00298,None,None,None
Hyperalgia,SMHB00298,None,None,None
Palpitation(S),SMHB00298,9.90E-05,0.000935,1
Pain,SMHB00298,None,None,None
Contusion,SMHB00298,0.048823,0.078326,1
Cough,SMHB00298,None,None,None
Burning Pain,SMHB00298,None,None,None
 Long Sleeper Syndrome,SMHB00298,0.01981,0.04715,1
 Splitting Pain,SMHB00298,None,None,None
Mumps,SMHB00298,None,None,None
Inability To Maintain Attention,SMHB00298,0.009952,0.034881,1
Memory Loss Or Impairment,SMHB00298,0.009952,0.034881,1
Sputum,SMHB00298,None,None,None
 Migratory Pain,SMHB00298,None,None,None
Carbuncle,SMHB00298,None,None,None
Memory Disorder,SMHB00298,0.009952,0.034881,1
Thermal Energy,SMHB00298,None,None,None
 Sleep-Related Neurogenic Tachypnoea,SMHB00298,0.01981,0.04715,1
Short-Sleeper,SMHB00298,0.01981,0.04715,1
Age Related Memory Disorders,SMHB00298,0.009952,0.034881,1
Skin Ulcer(S),SMHB00298,None,None,None
Swelling,SMHB00298,None,None,None
Coryza,SMHB00298,None,None,None
Ache,SMHB00298,None,None,None
Mental Retardation,SMHB00298,0.01981,0.04715,1
Bad Dream,SMHB00298,0.01981,0.04715,1
Sleep Disorder,SMHB00298,0.000562,0.003845,1
Nightmares,SMHB00298,0.000283,0.002216,1
Forgetfulness,SMHB00298,0.01981,0.04715,1
Memory Impairment,SMHB00298,9.50E-05,0.000901,1
Rib Pain,SMHB00298,9.50E-05,0.000901,1
Pain Radiating,SMHB00298,None,None,None
Crushing Pain,SMHB00298,None,None,None
Common Cold,SMHB00298,None,None,None
Pharyngolaryngeal Pain,SMHB00298,None,None,None
Poor Quality Sleep,SMHB00298,0.009952,0.034881,1
Sputum Purulent,SMHB00298,None,None,None
Hot Temperature,SMHB00298,None,None,None
Numbness From Waist Down To Knee,SMHB00298,0.009952,0.034881,1
Cold Sweat,SMHB00305,0.009087,0.033209,1
Blanching Of Skin,SMHB00305,0.009087,0.033209,1
Vertebrogenic Pain Syndrome,SMHB00305,None,None,None
Behavior Drinking,SMHB00305,0.018095,0.046235,1
Back Pain Without Radiation Nos,SMHB00305,None,None,None
Back Pain With Radiation,SMHB00305,None,None,None
Hypertrophic Osteoarthropathy,SMHB00305,None,None,None
Postpartum Disorder,SMHB00305,None,None,None
Thirst,SMHB00305,0,0,0.000114
Chest Symptom Discomfort,SMHB00305,None,None,None
Sweat,SMHB00305,None,None,None
Oligomenorrhea,SMHB00305,None,None,None
Backache,SMHB00305,None,None,None
Sweating Sickness,SMHB00305,0.027026,0.054805,1
Throat Dry,SMHB00305,0,4.00E-06,0.004304
Abdomen Tumor,SMHB00305,None,None,None
Aphthous Ulcer,SMHB00305,None,None,None
Chills And Fever,SMHB00305,0.000221,0.001826,1
Chills And Fever,SMHB00305,0.000221,0.001826,1
Hyperostosis,SMHB00305,None,None,None
Fever,SMHB00305,9.00E-06,0.000122,0.212179
Filariasis,SMHB00305,0.009087,0.033209,1
Hepatitis,SMHB00305,0.018095,0.046235,1
Right Flank Pain,SMHB00306,None,None,None
Diabetes Mellitus,SMHB00306,None,None,None
Pulse Weakness,SMHB00306,0.006695,0.027435,1
Intermittant Vertigo,SMHB00306,None,None,None
Vertigo,SMHB00306,None,None,None
Flank Pain,SMHB00306,None,None,None
Vertigo Postural,SMHB00306,None,None,None
Renal Agenesis,SMHB00306,0.018607,0.046865,1
Epistaxis,SMHB00306,0.036875,0.065606,1
Vertigo Central Origin,SMHB00306,None,None,None
Hot Flash,SMHB00306,None,None,None
 Crackling Sound In Ear,SMHB00306,None,None,None
Hair Discoloration,SMHB00306,0.018607,0.046865,1
Hair Color Change,SMHB00306,0.018607,0.046865,1
Tinnitus,SMHB00306,None,None,None
Brain Stem Vertigo,SMHB00306,None,None,None
Tensor Palatini Induced Tinnitus,SMHB00306,None,None,None
Subjective Tinnitus,SMHB00306,None,None,None
Blurred Vision,SMHB00306,None,None,None
Tongue Discoloration,SMHB00306,0.011208,0.037373,1
Noise-Induced Tinnitus,SMHB00306,None,None,None
Spontaneous Oto Acoustic Emission Tinnitus,SMHB00306,None,None,None
Objective Tinnitus,SMHB00306,None,None,None
Motion Sickness,SMHB00306,0.000338,0.00257,1
Lip Paresthesia,SMHB00306,0.018607,0.046865,1
 Essential Vertigo,SMHB00306,None,None,None
Tinnitus Of Vascular Origin,SMHB00306,None,None,None
Thirst,SMHB00306,None,None,None
Air Sickness,SMHB00306,0.000338,0.00257,1
Vision Halo,SMHB00306,0.018607,0.046865,1
 Ear Clicking Sound,SMHB00306,None,None,None
 Vertigo Paroxysmal,SMHB00306,None,None,None
Left Flank Pain,SMHB00306,None,None,None
Sea Sickness,SMHB00306,0.000338,0.00257,1
Pulsatile Tinnitus,SMHB00306,None,None,None
Hair Abnormality,SMHB00306,None,None,None
Hair Abnormality,SMHB00306,None,None,None
Lower Extremity Paresthesia,SMHB00306,2.00E-06,3.40E-05,0.05027
Constant Vertigo,SMHB00306,None,None,None
Peripheral Vertigo,SMHB00306,None,None,None
Erythematous Condition,SMHB00306,0.036875,0.065606,1
Hyperostosis,SMHB00306,0.036875,0.065606,1
 Knee Joint Laxity,SMHB00306,0.018607,0.046865,1
Liver Function Abnormal,SMHB00306,0.018607,0.046865,1
Renal Failure Adverse Event,SMHB00306,0.036875,0.065606,1
Right Flank Pain,SMHB00307,None,None,None
Hemorrhage,SMHB00307,None,None,None
Hemoptysis,SMHB00307,None,None,None
Flank Pain,SMHB00307,None,None,None
Abdominal Pain,SMHB00307,None,None,None
Hematemesis,SMHB00307,None,None,None
Osteoarticular Pain,SMHB00307,None,None,None
Urethra Hemorrhage,SMHB00307,None,None,None
Uterine Bleeding,SMHB00307,2.00E-06,3.40E-05,0.050219
Hemorrhage Postpartum,SMHB00307,0.001282,0.007416,1
Nervousness,SMHB00307,None,None,None
Left Flank Pain,SMHB00307,None,None,None
Metrorrhagia,SMHB00307,None,None,None
Nuchal Rigidity,SMHB00307,None,None,None
Hypervigilance,SMHB00307,None,None,None
Anxiety,SMHB00307,None,None,None
Menorrhagia,SMHB00307,0.00035,0.002643,1
Menometrorrhagia,SMHB00307,0.00035,0.002643,1
Sharp Headache,SMHB00308,None,None,None
Pneumonia,SMHB00308,None,None,None
Laryngopharyngeal Dysaesthesia,SMHB00308,0.0001,0.000944,1
Constipation,SMHB00308,None,None,None
 Physical Suffering,SMHB00308,None,None,None
Laryngeal Pain,SMHB00308,0.017741,0.045849,1
Heaviness Of Head,SMHB00308,0.035175,0.063716,1
"Headache, Periorbital",SMHB00308,None,None,None
Bilateral Headache,SMHB00308,None,None,None
Other Conjunctivitis Nos,SMHB00308,0.017741,0.045849,1
Polymenorrhea,SMHB00308,None,None,None
Ocular Headache,SMHB00308,None,None,None
Sore Throat,SMHB00308,0.006097,0.025549,1
Headache Throbbing,SMHB00308,None,None,None
Hyperalgia,SMHB00308,None,None,None
Radiculopathy,SMHB00308,0.017741,0.045849,1
Orthostatic Headache,SMHB00308,None,None,None
Nerve Root Disorder,SMHB00308,0.017741,0.045849,1
Pain,SMHB00308,None,None,None
Menses Abnormal,SMHB00308,None,None,None
Burning Pain,SMHB00308,None,None,None
 Splitting Pain,SMHB00308,None,None,None
"Neuralgia, Sluder",SMHB00308,0.017741,0.045849,1
Cervical Radiculopathy,SMHB00308,0.017741,0.045849,1
Pneumonia Lobar,SMHB00308,None,None,None
Trigeminal Autonomic Cephalgia,SMHB00308,0.017741,0.045849,1
 Migratory Pain,SMHB00308,None,None,None
Nerve Root Pain,SMHB00308,0.017741,0.045849,1
Neuralgia Facial,SMHB00308,0.017741,0.045849,1
Ache,SMHB00308,None,None,None
 Hypomenorrhea,SMHB00308,None,None,None
"Hoarseness, Neurogenic",SMHB00308,0.035175,0.063716,1
Pharynx Disease,SMHB00308,0.035175,0.063716,1
 Generalised Headache,SMHB00308,None,None,None
Defecation Pain,SMHB00308,None,None,None
Colonic Inertia,SMHB00308,None,None,None
Cough Nonproductive,SMHB00308,None,None,None
"Avulsion, Nerve Root",SMHB00308,0.017741,0.045849,1
Throat Dry,SMHB00308,None,None,None
Eye Blood Shot,SMHB00308,None,None,None
Pain Radiating,SMHB00308,None,None,None
Crushing Pain,SMHB00308,None,None,None
Vertex Headache,SMHB00308,None,None,None
"Headache, Retro-Ocular",SMHB00308,None,None,None
Compression Nerve Root,SMHB00308,0.017741,0.045849,1
" Disease Of Vocal Cords, Nos",SMHB00308,0.001802,0.009861,1
Pharyngolaryngeal Pain,SMHB00308,None,None,None
Aphasia,SMHB00308,0.035175,0.063716,1
Retrograde Menstruation,SMHB00308,None,None,None
Experimental Lung Inflammation,SMHB00308,None,None,None
"Headache, Dull",SMHB00308,None,None,None
Headache Unilateral,SMHB00308,None,None,None
Radiculitis,SMHB00308,0.017741,0.045849,1
Tenderness,SMHB00308,0.035175,0.063716,1
Myofacial Pain Syndrome,SMHB00308,0.017741,0.045849,1
Headache,SMHB00308,None,None,None
Abdomen Distention,SMHB00504,0.037674,0.066384,1
Hemorrhage,SMHB00504,0.012785,0.039733,1
Abdominal Tenderness,SMHB00504,0.010385,0.03576,1
 Physical Suffering,SMHB00504,0.012785,0.039733,1
Abdominal Pain,SMHB00504,0.021858,0.049651,1
Hematemesis,SMHB00504,0.004422,0.020218,1
Pain,SMHB00504,0.017526,0.045491,1
Pneumatosis,SMHB00504,0.010385,0.03576,1
Cold Sensation,SMHB00504,0.040924,0.069693,1
Burning Pain,SMHB00504,0.012785,0.039733,1
 Splitting Pain,SMHB00504,0.012785,0.039733,1
 Migratory Pain,SMHB00504,0.012785,0.039733,1
Uterine Bleeding,SMHB00504,3.40E-05,0.000389,0.831687
Hemorrhage Postpartum,SMHB00504,0.007521,0.029729,1
Ache,SMHB00504,0.022899,0.051277,1
Metrorrhagia,SMHB00504,5.30E-05,0.000564,1
Pain Radiating,SMHB00504,0.012785,0.039733,1
Crushing Pain,SMHB00504,0.012785,0.039733,1
Menorrhagia,SMHB00504,0.002103,0.01118,1
Menometrorrhagia,SMHB00504,0.002103,0.01118,1
General Abdominal Pain-Symptom,SMHB00504,0.010385,0.03576,1
Abdomen Distention,SMHB00309,None,None,None
Blanching Of Skin,SMHB00309,0.01428,0.041556,1
Gastric Disorder,SMHB00309,0.028361,0.05602,1
Vomiting Neonatal,SMHB00309,0.01428,0.041556,1
Bulimia Nervosa,SMHB00309,0.042248,0.07105,1
Taste Perversion,SMHB00309,None,None,None
No Vomiting,SMHB00309,0.028361,0.05602,1
Febrile Illness Acute,SMHB00309,None,None,None
Emesis,SMHB00309,None,None,None
Malaise And Fatigue,SMHB00309,None,None,None
Nausea,SMHB00309,0.042248,0.07105,1
Retching,SMHB00309,0.028361,0.05602,1
Salivation,SMHB00309,None,None,None
Retching,SMHB00309,0.028361,0.05602,1
Cervical Radiculopathy,SMHB00309,None,None,None
Altered Tastes,SMHB00309,None,None,None
Halitosis,SMHB00309,None,None,None
Skin Ulcer(S),SMHB00309,None,None,None
Sweating Sickness,SMHB00309,0.042248,0.07105,1
Sialorrhea,SMHB00309,None,None,None
 Stomach Discomfort,SMHB00309,0.01849,0.046841,1
Gagging,SMHB00309,None,None,None
Drooling,SMHB00309,None,None,None
Chills And Fever,SMHB00309,None,None,None
Chest Symptom Heaviness,SMHB00309,None,None,None
Chest Symptom Heaviness,SMHB00309,None,None,None
Chills And Fever,SMHB00309,None,None,None
Fever,SMHB00309,None,None,None
Right Flank Pain,SMHB00532,2.40E-05,0.000288,0.588825
Shoulder Pain,SMHB00532,1.00E-06,1.60E-05,0.020035
 Physical Suffering,SMHB00532,1.00E-06,1.20E-05,0.015062
Menstrual Cramp,SMHB00532,0.008302,0.03173,1
Pain Shoulder Neck,SMHB00532,0.02077,0.04839,1
Flank Pain,SMHB00532,2.40E-05,0.000288,0.588825
Chest Pain,SMHB00532,1.00E-06,2.40E-05,0.032639
Smarting Of Skin,SMHB00532,0.02077,0.04839,1
Hematoma,SMHB00532,0.041118,0.069718,1
Skin Pain,SMHB00532,0.02077,0.04839,1
Crescendo Angina,SMHB00532,0.00406,0.018915,1
Pain,SMHB00532,2.00E-06,3.10E-05,0.044994
Burning Pain,SMHB00532,1.00E-06,1.20E-05,0.015062
 Splitting Pain,SMHB00532,1.00E-06,1.20E-05,0.015062
Skin Swelling,SMHB00532,0.041118,0.069718,1
Angina Pectoris,SMHB00532,0.010924,0.036872,1
 Migratory Pain,SMHB00532,1.00E-06,1.20E-05,0.015062
Ache,SMHB00532,0,5.00E-06,0.005028
Neoplasm Benign Nos,SMHB00532,0.02077,0.04839,1
Left Flank Pain,SMHB00532,2.40E-05,0.000288,0.588825
Pain Precordial,SMHB00532,8.00E-06,0.00012,0.208699
Abdomen Tumor,SMHB00532,0.041118,0.069718,1
Pain Radiating,SMHB00532,1.00E-06,1.20E-05,0.015062
Crushing Pain,SMHB00532,1.00E-06,1.20E-05,0.015062
Menopause,SMHB00532,0.002469,0.012704,1
Smarting,SMHB00532,4.90E-05,0.00052,1
Upper Extremity Pain Musculoskeletal,SMHB00532,0.000423,0.003062,1
Pneumonia,SMHB00311,None,None,None
Right Flank Pain,SMHB00311,None,None,None
Anosmia,SMHB00311,None,None,None
Cough Productive,SMHB00311,None,None,None
"Sputums, Induced",SMHB00311,None,None,None
Hemoptysis,SMHB00311,None,None,None
Mechanical Low Back Pain,SMHB00311,None,None,None
Hoarseness,SMHB00311,0.02575,0.053532,1
Flank Pain,SMHB00311,None,None,None
 Recurrent Low Back Pain,SMHB00311,None,None,None
Disorder Of Smell,SMHB00311,None,None,None
Abortion,SMHB00311,0.008654,0.032544,1
Cough,SMHB00311,None,None,None
Pneumonia Lobar,SMHB00311,None,None,None
Loin Pain,SMHB00311,None,None,None
Postural Low Back Pain,SMHB00311,None,None,None
Sputum,SMHB00311,None,None,None
Asthenia,SMHB00311,None,None,None
Cough Nonproductive,SMHB00311,None,None,None
Left Flank Pain,SMHB00311,None,None,None
Lips Bleeding,SMHB00311,None,None,None
Parosmia,SMHB00311,None,None,None
Posterior Compartment Low Back Pain,SMHB00311,None,None,None
"Sports Injury, Nos",SMHB00311,0.008654,0.032544,1
Experimental Lung Inflammation,SMHB00311,None,None,None
Sputum Purulent,SMHB00311,0.006086,0.025534,1
Pneumonia,SMHB00310,None,None,None
Cough Productive,SMHB00310,None,None,None
"Sputums, Induced",SMHB00310,None,None,None
Behavior Drinking,SMHB00310,0.020667,0.048222,1
Abdominal Pain,SMHB00310,None,None,None
Emesis,SMHB00310,None,None,None
Cough,SMHB00310,None,None,None
Hiccups,SMHB00310,None,None,None
Gasping,SMHB00310,None,None,None
Bronchial Asthma,SMHB00310,None,None,None
Pneumonia Lobar,SMHB00310,None,None,None
Sputum,SMHB00310,None,None,None
Thirst,SMHB00310,None,None,None
Thermal Energy,SMHB00310,0.010385,0.03576,1
Throat Dry,SMHB00310,None,None,None
Tachypnea,SMHB00310,None,None,None
Gagging,SMHB00310,None,None,None
Experimental Lung Inflammation,SMHB00310,None,None,None
Cough Persistent,SMHB00310,0.001512,0.008524,1
Heartburn,SMHB00310,None,None,None
Sputum Purulent,SMHB00310,None,None,None
Hot Temperature,SMHB00310,0.020667,0.048222,1
 Physical Suffering,SMHB00679,0.027711,0.055251,1
Other Conjunctivitis Nos,SMHB00679,0.015578,0.043506,1
Facial Paresthesia,SMHB00679,0.015578,0.043506,1
Comedome,SMHB00679,0.046028,0.075628,1
Jaundice,SMHB00679,3.00E-06,5.30E-05,0.082465
Pain,SMHB00679,0.037602,0.066384,1
Breast Cyst,SMHB00679,0.015578,0.043506,1
Burning Pain,SMHB00679,0.027711,0.055251,1
 Splitting Pain,SMHB00679,0.027711,0.055251,1
Furunculosis,SMHB00679,0.046028,0.075628,1
 Migratory Pain,SMHB00679,0.027711,0.055251,1
Carbuncle,SMHB00679,0.016145,0.044013,1
Dental Discomfort,SMHB00679,0.015578,0.043506,1
Ache,SMHB00679,0.048636,0.078131,1
 Urinary Tract Pain,SMHB00679,3.40E-05,0.000393,0.843159
Eye Blood Shot,SMHB00679,0.046028,0.075628,1
Ocular Icterus,SMHB00679,0.015578,0.043506,1
Pain Radiating,SMHB00679,0.027711,0.055251,1
Crushing Pain,SMHB00679,0.027711,0.055251,1
Inflammation,SMHB00679,0.030919,0.058607,1
" Disease Of Vocal Cords, Nos",SMHB00679,1.40E-05,0.000183,0.340918
Heartburn,SMHB00679,0.000236,0.001923,1
Acne,SMHB00679,0.046028,0.075628,1
Appendicitis,SMHB00679,0.046028,0.075628,1
Haemorrhage Ant Chamber Eye,SMHB00312,None,None,None
Right Flank Pain,SMHB00312,None,None,None
Hemorrhage,SMHB00312,None,None,None
Abdominal Tenderness,SMHB00312,0.022934,0.051277,1
 Physical Suffering,SMHB00312,None,None,None
Hemoptysis,SMHB00312,None,None,None
Menstrual Cramp,SMHB00312,None,None,None
Flank Pain,SMHB00312,None,None,None
Hematuria,SMHB00312,None,None,None
Hematemesis,SMHB00312,None,None,None
Smarting Of Skin,SMHB00312,0.022934,0.051277,1
Hematoma,SMHB00312,0.045351,0.075018,1
Hyperalgia,SMHB00312,None,None,None
Diarrhea,SMHB00312,None,None,None
Skin Pain,SMHB00312,0.022934,0.051277,1
Pain,SMHB00312,None,None,None
Bronchiectasis,SMHB00312,0.000516,0.003603,1
Burning Pain,SMHB00312,None,None,None
 Splitting Pain,SMHB00312,None,None,None
Skin Swelling,SMHB00312,0.045351,0.075018,1
 Migratory Pain,SMHB00312,None,None,None
Blood Urine Present,SMHB00312,None,None,None
Uterine Bleeding,SMHB00312,8.00E-06,0.000117,0.203589
Hemorrhage Postpartum,SMHB00312,0.03425,0.062763,1
Swelling,SMHB00312,None,None,None
Ache,SMHB00312,None,None,None
 Urinary Tract Pain,SMHB00312,0.004938,0.022121,1
Dysentery,SMHB00312,None,None,None
Left Flank Pain,SMHB00312,None,None,None
Lips Bleeding,SMHB00312,0.022934,0.051277,1
Metrorrhagia,SMHB00312,None,None,None
Pain Radiating,SMHB00312,None,None,None
Crushing Pain,SMHB00312,None,None,None
Vaginal Bleeding,SMHB00312,0.022934,0.051277,1
Menopause,SMHB00312,None,None,None
Smarting,SMHB00312,None,None,None
Menorrhagia,SMHB00312,0.010069,0.035134,1
Urine Rbc,SMHB00312,None,None,None
Menometrorrhagia,SMHB00312,0.010069,0.035134,1
Tenesmus,SMHB00312,None,None,None
General Abdominal Pain-Symptom,SMHB00312,0.022934,0.051277,1
Gastric Ulcer Bleeding,SMHB00312,0.022934,0.051277,1
Abnormal Stools,SMHB00312,None,None,None
Panic State,SMHB00693,0.030067,0.058016,1
Facial Nerve Motor Disorder,SMHB00693,0.015145,0.043192,1
Stroke,SMHB00693,0,1.00E-06,0.000797
Numbness,SMHB00693,0.000355,0.002669,1
Trichophytosis,SMHB00693,0.044769,0.074169,1
Tinea,SMHB00693,0.004463,0.020392,1
Extremity Contracture,SMHB00693,0.030067,0.058016,1
Facial Nerve Sensory Disorder,SMHB00693,0.015145,0.043192,1
Facial Neuritides,SMHB00693,0.015145,0.043192,1
Facial Myokymia,SMHB00693,0.015145,0.043192,1
Tinea Corporis,SMHB00693,0.044769,0.074169,1
Seizures,SMHB00693,1.00E-06,2.70E-05,0.037101
Infantile Hemiplegia,SMHB00693,0.030067,0.058016,1
 Cva Nos Acute,SMHB00693,0,0,0.000302
Facial Paralysis,SMHB00693,0.044769,0.074169,1
Hemiplegia,SMHB00693,0.030067,0.058016,1
Spastic Hemiplegia,SMHB00693,0.030067,0.058016,1
Catalepsy,SMHB00693,0.044769,0.074169,1
" Hemiplegia, Post Ictal",SMHB00693,0.030067,0.058016,1
Flaccid Hemiplegia,SMHB00693,0.030067,0.058016,1
Transient Hemiplegia,SMHB00693,0.030067,0.058016,1
"Disorder Of Seventh Cranial Nerve, Nos",SMHB00693,0.015145,0.043192,1
Acquired Facial Neuropathies,SMHB00693,0.015145,0.043192,1
Ciliary Spasm,SMHB00693,0.044769,0.074169,1
"Facial Neuropathies, Familial",SMHB00693,0.015145,0.043192,1
Habit Disorder,SMHB00693,1.30E-05,0.00017,0.312611
Epidermophytosis,SMHB00693,0.044769,0.074169,1
Geniculate Ganglionitis,SMHB00693,0.015145,0.043192,1
Vocal Tic,SMHB00693,1.30E-05,0.00017,0.312611
Motor Tics,SMHB00693,1.30E-05,0.00017,0.312611
General Discomfort,SMHB00693,0.030067,0.058016,1
Hemiparesis,SMHB00693,0.001312,0.007525,1
Difficulty Walking,SMHB00693,0.044769,0.074169,1
Alternate Hemiplegia,SMHB00693,0.030067,0.058016,1
Leprosy,SMHB00693,0.030067,0.058016,1
Tetanus,SMHB00693,0.015145,0.043192,1
Pharyngolaryngitis,SMHB00314,0.0258,0.053532,1
Larynx,SMHB00314,0.001591,0.008898,1
Shoulder Pain,SMHB00314,None,None,None
Laryngopharyngeal Dysaesthesia,SMHB00314,3.80E-05,0.000429,0.954227
Localized; Swelling,SMHB00314,0.002367,0.012274,1
 Physical Suffering,SMHB00314,None,None,None
Laryngeal Pain,SMHB00314,0.012981,0.039733,1
Mechanical Low Back Pain,SMHB00314,None,None,None
Toothache,SMHB00314,None,None,None
Soft Tissue Injury,SMHB00314,0.000163,0.001407,1
 Recurrent Low Back Pain,SMHB00314,None,None,None
Hot Flash,SMHB00314,None,None,None
Laryngeal Edema,SMHB00314,0.012981,0.039733,1
Smarting Of Skin,SMHB00314,0.012981,0.039733,1
Hematoma,SMHB00314,0.0258,0.053532,1
Skin Pain,SMHB00314,0.012981,0.039733,1
Pain,SMHB00314,None,None,None
Tongue Discoloration,SMHB00314,None,None,None
Burning Pain,SMHB00314,None,None,None
 Splitting Pain,SMHB00314,None,None,None
Skin Swelling,SMHB00314,0.0258,0.053532,1
Loin Pain,SMHB00314,None,None,None
Postpartum Disorder,SMHB00314,None,None,None
Postural Low Back Pain,SMHB00314,None,None,None
Urination Frequency,SMHB00314,None,None,None
Thirst,SMHB00314,None,None,None
 Migratory Pain,SMHB00314,None,None,None
Musculoskeletal Pain,SMHB00314,0.0258,0.053532,1
 Subfertility,SMHB00314,None,None,None
Infertility,SMHB00314,None,None,None
Ache,SMHB00314,None,None,None
Eyelid Irritation,SMHB00314,None,None,None
Pharynx Disease,SMHB00314,0.0258,0.053532,1
Tonsillitis,SMHB00314,0.0258,0.053532,1
Throat Tightness,SMHB00314,1.00E-06,1.50E-05,0.019521
Nose Dryness,SMHB00314,None,None,None
Ocular Icterus,SMHB00314,None,None,None
Pain Radiating,SMHB00314,None,None,None
Crushing Pain,SMHB00314,None,None,None
Posterior Compartment Low Back Pain,SMHB00314,None,None,None
Pharyngolaryngeal Pain,SMHB00314,6.70E-05,0.000685,1
Edema Pharynx,SMHB00314,0.000485,0.003417,1
Typhoid Fever,SMHB00314,None,None,None
Lower Extremity Paresthesia,SMHB00314,None,None,None
 Weakness In Limb Causing Difficulty Lifting,SMHB00314,0.012981,0.039733,1
"Sputums, Induced",SMHB00315,None,None,None
Anasarca,SMHB00315,None,None,None
Amenorrhea,SMHB00315,0.014218,0.041556,1
Tinea,SMHB00315,0.032889,0.061056,1
Edema,SMHB00315,None,None,None
Hematoma,SMHB00315,None,None,None
Polyarthralgia,SMHB00315,None,None,None
Rhinorrhea,SMHB00315,None,None,None
"Amenorrhea, Postpartum",SMHB00315,0.014218,0.041556,1
Jaundice,SMHB00315,None,None,None
Arthralgia,SMHB00315,None,None,None
Buerger Disease,SMHB00315,0.00476,0.021453,1
Cough,SMHB00315,None,None,None
Flatulence,SMHB00315,None,None,None
Sputum,SMHB00315,None,None,None
 Appetite Disorder,SMHB00315,None,None,None
Dyspepsia,SMHB00315,None,None,None
Bloating Feeling,SMHB00315,None,None,None
Menopause,SMHB00315,None,None,None
Warts,SMHB00315,0.009499,0.03422,1
Anasarca,SMHB00517,0.019338,0.04715,1
Amenorrhea,SMHB00517,0.011643,0.038067,1
Tinea,SMHB00517,0.026979,0.054805,1
Edema,SMHB00517,0.049587,0.078983,1
"Amenorrhea, Postpartum",SMHB00517,0.011643,0.038067,1
Buerger Disease,SMHB00517,0.003894,0.018222,1
Menopause,SMHB00517,8.10E-05,0.000798,1
Warts,SMHB00517,0.007775,0.030277,1
Blanching Of Skin,SMHB00516,0.012549,0.039351,1
Catarrh,SMHB00516,0.005184,0.022802,1
Eye Pain,SMHB00516,0.000898,0.005558,1
Other Conjunctivitis Nos,SMHB00516,0.012549,0.039351,1
Smarting Of Skin,SMHB00516,0.012549,0.039351,1
Hematoma,SMHB00516,0.024945,0.053056,1
Skin Pain,SMHB00516,0.012549,0.039351,1
"Skin Diseases, Eczematous",SMHB00516,0.012549,0.039351,1
Skin Laceration,SMHB00516,0.012549,0.039351,1
"Diarrhea, Chronic",SMHB00516,0.037192,0.065886,1
Skin Swelling,SMHB00516,0.024945,0.053056,1
Skin Breakdown,SMHB00516,0.012549,0.039351,1
Diarrhea Acute,SMHB00516,0.012549,0.039351,1
Diarrhea Watery,SMHB00516,0.012549,0.039351,1
Coryza,SMHB00516,0.00643,0.026685,1
Ache,SMHB00516,0.032687,0.060831,1
Sore Eye,SMHB00516,0.024945,0.053056,1
Eye Blood Shot,SMHB00516,0.037192,0.065886,1
Common Cold,SMHB00516,0.00643,0.026685,1
Chills And Fever,SMHB00516,0.00059,0.003986,1
Chills And Fever,SMHB00516,0.00059,0.003986,1
Dysesthesia,SMHB00516,0.012549,0.039351,1
Fever,SMHB00516,3.30E-05,0.000382,0.814285
Swelling Round Eyes: [periorbital Edema],SMHB00516,0.012549,0.039351,1
Right Flank Pain,SMHB00316,0.003326,0.01614,1
Numbness,SMHB00316,None,None,None
 Physical Suffering,SMHB00316,None,None,None
Mechanical Low Back Pain,SMHB00316,None,None,None
Flank Pain,SMHB00316,0.003326,0.01614,1
 Recurrent Low Back Pain,SMHB00316,None,None,None
Extremity Contracture,SMHB00316,0.020667,0.048222,1
Hyperalgia,SMHB00316,None,None,None
Pterygium,SMHB00316,None,None,None
Quadriplegic Spinal Paralysis,SMHB00316,0.040924,0.069693,1
Pain,SMHB00316,None,None,None
 Cerebromedullospinal Disconnection,SMHB00316,0.040924,0.069693,1
Flaccid Tetraplegia,SMHB00316,0.040924,0.069693,1
Burning Pain,SMHB00316,None,None,None
 Splitting Pain,SMHB00316,None,None,None
Loin Pain,SMHB00316,0.001512,0.008524,1
Postural Low Back Pain,SMHB00316,None,None,None
Cramp In Limb,SMHB00316,0.040924,0.069693,1
 Migratory Pain,SMHB00316,None,None,None
Catalepsy,SMHB00316,0.030846,0.058607,1
Skin Ulcer(S),SMHB00316,None,None,None
Ache,SMHB00316,None,None,None
Quadriplegia,SMHB00316,0.040924,0.069693,1
Left Flank Pain,SMHB00316,0.003326,0.01614,1
Pain Radiating,SMHB00316,None,None,None
Crushing Pain,SMHB00316,None,None,None
Posterior Compartment Low Back Pain,SMHB00316,None,None,None
Atrophy,SMHB00316,None,None,None
Joint Contracture,SMHB00316,0.010385,0.03576,1
Chronic Lumbago,SMHB00316,0.010385,0.03576,1
Abdomen Distention,SMHB00317,None,None,None
Deglutitional Syncope,SMHB00317,None,None,None
Sharp Headache,SMHB00317,0,0,0.0003
Right Flank Pain,SMHB00317,None,None,None
Pulse Weakness,SMHB00317,None,None,None
Numbness,SMHB00317,None,None,None
Presyncope,SMHB00317,None,None,None
Bulimia Nervosa,SMHB00317,None,None,None
Heaviness Of Head,SMHB00317,0.032623,0.06074,1
Eye Pain,SMHB00317,None,None,None
Mechanical Low Back Pain,SMHB00317,None,None,None
"Headache, Periorbital",SMHB00317,0,0,0.0003
Bilateral Headache,SMHB00317,0,0,0.0003
Rheumatism,SMHB00317,None,None,None
Panic Attack,SMHB00317,None,None,None
Other Conjunctivitis Nos,SMHB00317,0.016443,0.044013,1
Polymenorrhea,SMHB00317,None,None,None
Bright Red Blood Per Rectum,SMHB00317,None,None,None
Flank Pain,SMHB00317,None,None,None
Ocular Headache,SMHB00317,0,0,0.0003
Stokes-Adams Syncope,SMHB00317,None,None,None
 Recurrent Low Back Pain,SMHB00317,None,None,None
Photophobia,SMHB00317,None,None,None
Headache Throbbing,SMHB00317,0,0,0.0003
Syncope Cough,SMHB00317,None,None,None
Hair Discoloration,SMHB00317,None,None,None
Hyperventilation Syncope,SMHB00317,None,None,None
Smarting Of Skin,SMHB00317,0.016443,0.044013,1
Hematoma,SMHB00317,0.032623,0.06074,1
Hyperalgia,SMHB00317,0.016443,0.044013,1
Radiculopathy,SMHB00317,0.016443,0.044013,1
Gastrointestinal Discomfort,SMHB00317,None,None,None
Vidian Neuralgia,SMHB00317,0.048543,0.078022,1
Skin Pain,SMHB00317,0.016443,0.044013,1
Syncope Exertional,SMHB00317,None,None,None
Orthostatic Headache,SMHB00317,0,0,0.0003
Syncope Cardiac,SMHB00317,None,None,None
Jaundice,SMHB00317,None,None,None
Nerve Root Disorder,SMHB00317,0.016443,0.044013,1
Perineal Neuralgia,SMHB00317,0.048543,0.078022,1
Menses Abnormal,SMHB00317,None,None,None
Iliohypogastric Nerve Neuralgia,SMHB00317,0.048543,0.078022,1
Stump Neuralgia,SMHB00317,0.048543,0.078022,1
Sleep Disturbances,SMHB00317,0.000782,0.004971,1
Generalized Spasm,SMHB00317,None,None,None
 Orthostasis,SMHB00317,0.003789,0.017862,1
Spasm,SMHB00317,None,None,None
Syncope Postural,SMHB00317,None,None,None
Skin Swelling,SMHB00317,0.032623,0.06074,1
Injuries Wounds,SMHB00317,None,None,None
Lightheadedness,SMHB00317,0.006927,0.027968,1
"Neuralgia, Sluder",SMHB00317,0.016443,0.044013,1
Paroxysmal Nerve Pain,SMHB00317,0.048543,0.078022,1
Cervical Radiculopathy,SMHB00317,0.016443,0.044013,1
Syncopal Vertigo,SMHB00317,None,None,None
Loin Pain,SMHB00317,None,None,None
Panic Disorder,SMHB00317,None,None,None
Trigeminal Autonomic Cephalgia,SMHB00317,0.016443,0.044013,1
Postural Low Back Pain,SMHB00317,None,None,None
Gangrene,SMHB00317,None,None,None
Dizziness,SMHB00317,0.000137,0.001235,1
Convulsive Syncope,SMHB00317,None,None,None
Nerve Root Pain,SMHB00317,0.016443,0.044013,1
 Cough Increased,SMHB00317,0.016443,0.044013,1
Neuralgia Facial,SMHB00317,0.016443,0.044013,1
Carotid Sinus Syncope,SMHB00317,None,None,None
Skin Ulcer(S),SMHB00317,None,None,None
Mental Retardation,SMHB00317,None,None,None
 Hypomenorrhea,SMHB00317,None,None,None
Syncope Micturition,SMHB00317,None,None,None
Gi Bleeding,SMHB00317,None,None,None
Neuralgia,SMHB00317,0.048543,0.078022,1
Sore Eye,SMHB00317,0.032623,0.06074,1
Ciliary Spasm,SMHB00317,None,None,None
 Generalised Headache,SMHB00317,0,0,0.0003
Left Flank Pain,SMHB00317,None,None,None
"Avulsion, Nerve Root",SMHB00317,0.016443,0.044013,1
Supraorbital Neuralgia,SMHB00317,0.048543,0.078022,1
Dyspepsia,SMHB00317,None,None,None
Skin Disorder,SMHB00317,None,None,None
Syncopal Episode,SMHB00317,None,None,None
Syncope,SMHB00317,None,None,None
Situational Syncope,SMHB00317,None,None,None
Posterior Compartment Low Back Pain,SMHB00317,None,None,None
Vertex Headache,SMHB00317,0,0,0.0003
"Headache, Retro-Ocular",SMHB00317,0,0,0.0003
Compression Nerve Root,SMHB00317,0.016443,0.044013,1
Atypical Neuralgia,SMHB00317,0.048543,0.078022,1
Retrograde Menstruation,SMHB00317,None,None,None
Chest Symptom Heaviness,SMHB00317,None,None,None
Chest Symptom Heaviness,SMHB00317,None,None,None
"Headache, Dull",SMHB00317,0.000322,0.002474,1
Ilioinguinal Neuralgia,SMHB00317,0.048543,0.078022,1
Cough Persistent,SMHB00317,0.003789,0.017862,1
Headache Unilateral,SMHB00317,0,0,0.0003
Radiculitis,SMHB00317,0.016443,0.044013,1
Tenderness,SMHB00317,0.032623,0.06074,1
Myofacial Pain Syndrome,SMHB00317,0.016443,0.044013,1
Headache,SMHB00317,0,1.00E-06,0.000645
Nerve Pain,SMHB00317,0.048543,0.078022,1
Pertussis,SMHB00317,0.016443,0.044013,1
Swelling Round Eyes: [periorbital Edema],SMHB00317,0.016443,0.044013,1
Haemorrhage Ant Chamber Eye,SMHB00321,None,None,None
Hemorrhage,SMHB00321,None,None,None
Anosmia,SMHB00321,0.023235,0.051423,1
 Physical Suffering,SMHB00321,None,None,None
Amenorrhea,SMHB00321,0.034657,0.062952,1
Hematemesis,SMHB00321,None,None,None
Smarting Of Skin,SMHB00321,0.011683,0.038067,1
Hematoma,SMHB00321,0.023235,0.051423,1
Hyperalgia,SMHB00321,None,None,None
Polyarthralgia,SMHB00321,None,None,None
"Amenorrhea, Postpartum",SMHB00321,0.034657,0.062952,1
Skin Pain,SMHB00321,0.011683,0.038067,1
Disorder Of Smell,SMHB00321,0.023235,0.051423,1
Pain,SMHB00321,None,None,None
Arthralgia,SMHB00321,None,None,None
Arthritic Pains,SMHB00321,None,None,None
Bronchiectasis,SMHB00321,0.000131,0.001189,1
Burning Pain,SMHB00321,None,None,None
 Splitting Pain,SMHB00321,None,None,None
Skin Swelling,SMHB00321,0.023235,0.051423,1
 Migratory Pain,SMHB00321,None,None,None
Uterine Bleeding,SMHB00321,1.00E-06,1.00E-05,0.01254
Hemorrhage Postpartum,SMHB00321,0.009474,0.03422,1
Swelling,SMHB00321,None,None,None
Ache,SMHB00321,None,None,None
Lips Bleeding,SMHB00321,0.011683,0.038067,1
Metrorrhagia,SMHB00321,None,None,None
Sprain Of Joint,SMHB00321,0.011683,0.038067,1
Pain Radiating,SMHB00321,None,None,None
Crushing Pain,SMHB00321,None,None,None
Parosmia,SMHB00321,0.023235,0.051423,1
Vaginal Bleeding,SMHB00321,0.011683,0.038067,1
Menopause,SMHB00321,None,None,None
Menorrhagia,SMHB00321,0.002663,0.013479,1
Menometrorrhagia,SMHB00321,0.002663,0.013479,1
Gastric Ulcer Bleeding,SMHB00321,0.011683,0.038067,1
Sharp Headache,SMHB00322,None,None,None
Shoulder Pain,SMHB00322,None,None,None
 Physical Suffering,SMHB00322,None,None,None
Heaviness Of Head,SMHB00322,None,None,None
Catarrh,SMHB00322,None,None,None
"Headache, Periorbital",SMHB00322,None,None,None
Vertebrogenic Pain Syndrome,SMHB00322,None,None,None
Bilateral Headache,SMHB00322,None,None,None
Rheumatism,SMHB00322,None,None,None
Ocular Headache,SMHB00322,None,None,None
Renal Agenesis,SMHB00322,0.023799,0.051924,1
Headache Throbbing,SMHB00322,None,None,None
Hyperalgia,SMHB00322,None,None,None
Radiculopathy,SMHB00322,0.023799,0.051924,1
Orthostatic Headache,SMHB00322,None,None,None
Induration Of Breast,SMHB00322,None,None,None
Nerve Root Disorder,SMHB00322,0.023799,0.051924,1
Pain,SMHB00322,None,None,None
Abortion,SMHB00322,0.023799,0.051924,1
Waxy Flexibility,SMHB00322,0.000556,0.003814,1
Back Pain Without Radiation Nos,SMHB00322,None,None,None
Back Pain With Radiation,SMHB00322,None,None,None
Arthritic Pains,SMHB00322,None,None,None
Burning Pain,SMHB00322,None,None,None
 Splitting Pain,SMHB00322,None,None,None
Hair Dryness,SMHB00322,0.023799,0.051924,1
"Neuralgia, Sluder",SMHB00322,0.023799,0.051924,1
Cervical Radiculopathy,SMHB00322,0.023799,0.051924,1
Trigeminal Autonomic Cephalgia,SMHB00322,0.023799,0.051924,1
 Migratory Pain,SMHB00322,None,None,None
Musculoskeletal Pain,SMHB00322,None,None,None
Nerve Root Pain,SMHB00322,0.023799,0.051924,1
Catalepsy,SMHB00322,0.001643,0.009137,1
Neuralgia Facial,SMHB00322,0.023799,0.051924,1
Coryza,SMHB00322,None,None,None
Ache,SMHB00322,None,None,None
Backache,SMHB00322,None,None,None
Neck Stiffness,SMHB00322,None,None,None
 Generalised Headache,SMHB00322,None,None,None
"Avulsion, Nerve Root",SMHB00322,0.023799,0.051924,1
Nuchal Rigidity,SMHB00322,0.000123,0.001127,1
Pain Radiating,SMHB00322,None,None,None
Crushing Pain,SMHB00322,None,None,None
Vertex Headache,SMHB00322,None,None,None
"Headache, Retro-Ocular",SMHB00322,None,None,None
Common Cold,SMHB00322,None,None,None
Compression Nerve Root,SMHB00322,0.023799,0.051924,1
Anhidrosis,SMHB00322,None,None,None
Chills And Fever,SMHB00322,None,None,None
Hair Abnormality,SMHB00322,0.047042,0.076921,1
Anhidrosis,SMHB00322,None,None,None
Hair Abnormality,SMHB00322,0.047042,0.076921,1
Chills And Fever,SMHB00322,None,None,None
Typhoid Fever,SMHB00322,None,None,None
"Headache, Dull",SMHB00322,None,None,None
Headache Unilateral,SMHB00322,None,None,None
Radiculitis,SMHB00322,0.023799,0.051924,1
Tenderness,SMHB00322,0.047042,0.076921,1
Dysesthesia,SMHB00322,0.023799,0.051924,1
Myofacial Pain Syndrome,SMHB00322,0.023799,0.051924,1
Headache,SMHB00322,None,None,None
Fever,SMHB00322,None,None,None
Sharp Headache,SMHB00319,None,None,None
Cough Productive,SMHB00319,None,None,None
"Sputums, Induced",SMHB00319,None,None,None
"Headache, Periorbital",SMHB00319,None,None,None
Bilateral Headache,SMHB00319,None,None,None
Ocular Headache,SMHB00319,None,None,None
Headache Throbbing,SMHB00319,None,None,None
Orthostatic Headache,SMHB00319,None,None,None
Aplasia,SMHB00319,0.019039,0.04715,1
Cough,SMHB00319,None,None,None
Sputum Discoloured,SMHB00319,0.00105,0.006332,1
Gasping,SMHB00319,None,None,None
Ocular Discomfort,SMHB00319,None,None,None
Bronchial Asthma,SMHB00319,None,None,None
Sputum,SMHB00319,None,None,None
Thirst,SMHB00319,None,None,None
Thermal Energy,SMHB00319,None,None,None
 Generalised Headache,SMHB00319,None,None,None
Vertex Headache,SMHB00319,None,None,None
"Headache, Retro-Ocular",SMHB00319,None,None,None
Blotchy Rash,SMHB00319,None,None,None
"Headache, Dull",SMHB00319,None,None,None
Cough Persistent,SMHB00319,0.005063,0.02245,1
Headache Unilateral,SMHB00319,None,None,None
Headache,SMHB00319,None,None,None
Sputum Purulent,SMHB00319,None,None,None
Hot Temperature,SMHB00319,None,None,None
Abdomen Distention,SMHB00318,0.029361,0.057438,1
Abdominal Tenderness,SMHB00318,0.009087,0.033209,1
 Physical Suffering,SMHB00318,None,None,None
Cough Productive,SMHB00318,None,None,None
"Sputums, Induced",SMHB00318,None,None,None
Anasarca,SMHB00318,None,None,None
Abdominal Pain,SMHB00318,None,None,None
Edema,SMHB00318,None,None,None
Hyperalgia,SMHB00318,None,None,None
Pain,SMHB00318,None,None,None
Cough,SMHB00318,None,None,None
Burning Pain,SMHB00318,None,None,None
 Splitting Pain,SMHB00318,None,None,None
Hiccups,SMHB00318,None,None,None
Bronchial Asthma,SMHB00318,None,None,None
Hand Swelling,SMHB00318,0.009087,0.033209,1
Flatulence,SMHB00318,None,None,None
Sputum,SMHB00318,None,None,None
 Migratory Pain,SMHB00318,None,None,None
 Cough Increased,SMHB00318,0.009087,0.033209,1
Swelling,SMHB00318,None,None,None
Ache,SMHB00318,None,None,None
Foreign Body,SMHB00318,0.035878,0.064462,1
Bloating Feeling,SMHB00318,None,None,None
Pain Radiating,SMHB00318,None,None,None
Crushing Pain,SMHB00318,None,None,None
" Disease Of Vocal Cords, Nos",SMHB00318,None,None,None
General Abdominal Pain-Symptom,SMHB00318,0.009087,0.033209,1
Vaginal Discharge White,SMHB00320,None,None,None
Abdominal Pain,SMHB00320,None,None,None
Vagina,SMHB00320,0.021916,0.049709,1
Diarrhea,SMHB00320,None,None,None
Nocturia,SMHB00320,0.007356,0.029106,1
Polyuria,SMHB00320,0.014661,0.042343,1
Vaginal Discharge,SMHB00320,0.021916,0.049709,1
Bed-Wetting,SMHB00320,0.007356,0.029106,1
Gasping,SMHB00320,None,None,None
Urination Frequency,SMHB00320,None,None,None
Enuresis,SMHB00320,None,None,None
 Nocturia Aggravated,SMHB00320,0.007356,0.029106,1
Asthenia,SMHB00320,None,None,None
"Ejaculation
",SMHB00320,None,None,None
Gonorrhea,SMHB00320,None,None,None
Urine Abnormality,SMHB00320,0.043379,0.072603,1
Sharp Headache,SMHB00323,None,None,None
Shoulder Pain,SMHB00323,None,None,None
 Physical Suffering,SMHB00323,None,None,None
Heaviness Of Head,SMHB00323,None,None,None
Catarrh,SMHB00323,None,None,None
"Headache, Periorbital",SMHB00323,None,None,None
Vertebrogenic Pain Syndrome,SMHB00323,None,None,None
Bilateral Headache,SMHB00323,None,None,None
Rheumatism,SMHB00323,None,None,None
Ocular Headache,SMHB00323,None,None,None
Genital Pruritus,SMHB00323,0.007356,0.029106,1
Headache Throbbing,SMHB00323,None,None,None
Cardiac Discomfort,SMHB00323,None,None,None
"Melena
",SMHB00323,5.10E-05,0.000542,1
Muscle Weakness,SMHB00323,0.02912,0.057221,1
Hyperalgia,SMHB00323,None,None,None
Orthostatic Headache,SMHB00323,None,None,None
Pain,SMHB00323,None,None,None
Back Pain Without Radiation Nos,SMHB00323,None,None,None
Back Pain With Radiation,SMHB00323,None,None,None
Contusion,SMHB00323,0.036274,0.064882,1
Arthritic Pains,SMHB00323,None,None,None
Generalized Spasm,SMHB00323,None,None,None
Burning Pain,SMHB00323,None,None,None
 Splitting Pain,SMHB00323,None,None,None
 Migratory Pain,SMHB00323,None,None,None
Musculoskeletal Pain,SMHB00323,0.014661,0.042343,1
Coryza,SMHB00323,None,None,None
Ache,SMHB00323,None,None,None
Scalp Pruritus,SMHB00323,0.007356,0.029106,1
Backache,SMHB00323,None,None,None
Neck Stiffness,SMHB00323,None,None,None
 Generalised Headache,SMHB00323,None,None,None
Hemorrhoid Bleeding,SMHB00323,0.021916,0.049709,1
Pain Radiating,SMHB00323,None,None,None
Crushing Pain,SMHB00323,None,None,None
Vertex Headache,SMHB00323,None,None,None
"Headache, Retro-Ocular",SMHB00323,None,None,None
Common Cold,SMHB00323,None,None,None
Anhidrosis,SMHB00323,None,None,None
Chills And Fever,SMHB00323,None,None,None
Anhidrosis,SMHB00323,None,None,None
Chills And Fever,SMHB00323,None,None,None
Typhoid Fever,SMHB00323,None,None,None
"Headache, Dull",SMHB00323,None,None,None
Headache Unilateral,SMHB00323,None,None,None
Headache,SMHB00323,None,None,None
Fever,SMHB00323,None,None,None
Vulvar Pruritus,SMHB00323,0.007356,0.029106,1
Blanching Of Skin,SMHB00324,0.016443,0.044013,1
Stroke,SMHB00324,None,None,None
 Physical Suffering,SMHB00324,None,None,None
" Febrile Seizure, Simple",SMHB00324,None,None,None
Rheumatism,SMHB00324,None,None,None
Hot Flash,SMHB00324,None,None,None
Extremity Contracture,SMHB00324,None,None,None
Malnutrition,SMHB00324,0.003789,0.017862,1
Hyperalgia,SMHB00324,None,None,None
Osteoarticular Pain,SMHB00324,None,None,None
"Overnutrition, Child",SMHB00324,None,None,None
Jaundice,SMHB00324,None,None,None
Pain,SMHB00324,None,None,None
Arthritic Pains,SMHB00324,None,None,None
Infantile Hemiplegia,SMHB00324,None,None,None
Burning Pain,SMHB00324,None,None,None
 Splitting Pain,SMHB00324,None,None,None
 Cva Nos Acute,SMHB00324,None,None,None
Complex Febrile Convulsion,SMHB00324,None,None,None
 Nutrition Disorders In Children,SMHB00324,None,None,None
Children Malnutrition,SMHB00324,None,None,None
Hemiplegia,SMHB00324,None,None,None
Spastic Hemiplegia,SMHB00324,None,None,None
 Migratory Pain,SMHB00324,None,None,None
Thermal Energy,SMHB00324,None,None,None
Musculoskeletal Pain,SMHB00324,0.032623,0.06074,1
" Hemiplegia, Post Ictal",SMHB00324,None,None,None
Flaccid Hemiplegia,SMHB00324,None,None,None
Ache,SMHB00324,None,None,None
Transient Hemiplegia,SMHB00324,None,None,None
Fever Convulsions,SMHB00324,None,None,None
Pain Radiating,SMHB00324,None,None,None
Crushing Pain,SMHB00324,None,None,None
General Discomfort,SMHB00324,0.032623,0.06074,1
Chills And Fever,SMHB00324,None,None,None
Chills And Fever,SMHB00324,None,None,None
Hemiparesis,SMHB00324,None,None,None
Difficulty Walking,SMHB00324,0.048543,0.078022,1
Alternate Hemiplegia,SMHB00324,None,None,None
Hot Temperature,SMHB00324,None,None,None
Fever,SMHB00324,None,None,None
Liver Function Abnormal,SMHB00324,0.016443,0.044013,1
Renal Failure Adverse Event,SMHB00324,0.032623,0.06074,1
Cataract,SMHB00325,None,None,None
 Physical Suffering,SMHB00325,None,None,None
Vaginal Discharge White,SMHB00325,None,None,None
Eye Pain,SMHB00325,0.000513,0.003585,1
 Lens Opacity,SMHB00325,None,None,None
Other Conjunctivitis Nos,SMHB00325,0.00952,0.03422,1
Vagina,SMHB00325,0.0283,0.05602,1
Smarting Of Skin,SMHB00325,0.00952,0.03422,1
Hematoma,SMHB00325,0.018953,0.04715,1
Hyperalgia,SMHB00325,None,None,None
Diarrhea,SMHB00325,None,None,None
Skin Pain,SMHB00325,0.00952,0.03422,1
Pain,SMHB00325,None,None,None
Vaginal Discharge,SMHB00325,0.0283,0.05602,1
Burning Pain,SMHB00325,None,None,None
 Splitting Pain,SMHB00325,None,None,None
Skin Swelling,SMHB00325,0.018953,0.04715,1
Ocular Discomfort,SMHB00325,None,None,None
Thirst,SMHB00325,None,None,None
 Migratory Pain,SMHB00325,None,None,None
Swelling,SMHB00325,None,None,None
Ache,SMHB00325,None,None,None
Sore Eye,SMHB00325,0.018953,0.04715,1
Pseudoaphakia,SMHB00325,None,None,None
Eye Blood Shot,SMHB00325,None,None,None
Pain Radiating,SMHB00325,None,None,None
Crushing Pain,SMHB00325,None,None,None
(leukorrhea Unspecified) Or (vaginal Discharge Nos),SMHB00325,8.70E-05,0.000842,1
Swelling Round Eyes: [periorbital Edema],SMHB00325,0.00952,0.03422,1
Cough Productive,SMHB00554,0.005754,0.024538,1
"Sputums, Induced",SMHB00554,0.018594,0.046865,1
Sleep Difficult,SMHB00554,0.006923,0.027968,1
Gastrointestinal Discomfort,SMHB00554,0.040872,0.069693,1
Cough,SMHB00554,0.020944,0.048654,1
Sputum,SMHB00554,0.018594,0.046865,1
 Stomach Discomfort,SMHB00554,0.004479,0.020461,1
Nose Dryness,SMHB00554,0.020636,0.048222,1
Cough Persistent,SMHB00554,0.000664,0.00437,1
Heartburn,SMHB00554,4.50E-05,0.000489,1
Congestion Of Throat,SMHB00554,0.006923,0.027968,1
Rash,SMHB00326,None,None,None
Larynx,SMHB00326,None,None,None
Haemorrhage Ant Chamber Eye,SMHB00326,None,None,None
Chest Wall Pain,SMHB00326,0.047286,0.07697,1
Stomatitis,SMHB00326,None,None,None
Hemorrhage,SMHB00326,None,None,None
"Seizure, Convulsion",SMHB00326,0.01601,0.043953,1
 Physical Suffering,SMHB00326,None,None,None
"Sputums, Induced",SMHB00326,None,None,None
Oral Mucositis,SMHB00326,None,None,None
Hemoptysis,SMHB00326,None,None,None
Scabies,SMHB00326,None,None,None
 Cryptogenic Epilepsies,SMHB00326,None,None,None
Parotid Enlargement,SMHB00326,0.031771,0.059919,1
Sensory Seizure,SMHB00326,0.01601,0.043953,1
Hematemesis,SMHB00326,None,None,None
Seizure Focal,SMHB00326,0.01601,0.043953,1
Chest Pain,SMHB00326,None,None,None
Hyperalgia,SMHB00326,None,None,None
Seizure(S) Jacksonian,SMHB00326,0.01601,0.043953,1
Odynophagia,SMHB00326,0.01601,0.043953,1
Aura,SMHB00326,None,None,None
Single Seizure,SMHB00326,None,None,None
Communicable Disease,SMHB00326,None,None,None
Annular Erythema,SMHB00326,None,None,None
Pain,SMHB00326,None,None,None
Blood Disorder,SMHB00326,None,None,None
 Skin Scaly,SMHB00326,None,None,None
Seizure Generalized,SMHB00326,0.01601,0.043953,1
Burning Pain,SMHB00326,None,None,None
Visual Epilepsy,SMHB00326,0.01601,0.043953,1
"Epilepsy, Awakening",SMHB00326,None,None,None
 Splitting Pain,SMHB00326,None,None,None
Olfactory Uncinate Fit,SMHB00326,0.01601,0.043953,1
Sarcoptic Red Mange,SMHB00326,None,None,None
Mumps,SMHB00326,None,None,None
Tonic Seizure,SMHB00326,0.01601,0.043953,1
Sputum,SMHB00326,None,None,None
Clonic Seizure,SMHB00326,0.031771,0.059919,1
Macula,SMHB00326,None,None,None
 Migratory Pain,SMHB00326,None,None,None
Epilepsy,SMHB00326,None,None,None
 Seizure(S) Somatosensory,SMHB00326,0.01601,0.043953,1
Skin Ulcer(S),SMHB00326,None,None,None
Ache,SMHB00326,None,None,None
Cyanosis,SMHB00326,None,None,None
Seizure(S) Grand Mal,SMHB00326,0.01601,0.043953,1
Pain Radiating,SMHB00326,None,None,None
Crushing Pain,SMHB00326,None,None,None
 [D]Fit (In Non-Epileptic) Nos,SMHB00326,0.01601,0.043953,1
Earache,SMHB00326,0.01601,0.043953,1
Aphthous Ulcer,SMHB00326,0.047286,0.07697,1
Oral Ulcer,SMHB00326,0.001467,0.008301,1
Dysesthesia,SMHB00326,None,None,None
Sutton'S Disease,SMHB00326,0.01601,0.043953,1
Eclampsia,SMHB00326,0.047286,0.07697,1
Erythrosis,SMHB00623,0.005193,0.022802,1
Anasarca,SMHB00623,0.025717,0.053532,1
Tinea,SMHB00623,0.035832,0.064462,1
Feces Incontinence,SMHB00623,0.01036,0.03576,1
Functional Encopresis,SMHB00623,0.01036,0.03576,1
Skin Breakdown,SMHB00623,0.005193,0.022802,1
Impetigo,SMHB00623,0.020622,0.048222,1
Eczema,SMHB00623,0.035832,0.064462,1
Scabies,SMHB00623,0.020622,0.048222,1
Syphilis,SMHB00623,0.01036,0.03576,1
Abdomen Distention,SMHB00327,None,None,None
 Physical Suffering,SMHB00327,None,None,None
Rheumatism,SMHB00327,None,None,None
Monoparesis,SMHB00327,None,None,None
Dysuria,SMHB00327,None,None,None
Muscle Weakness,SMHB00327,0.035878,0.064462,1
Hyperalgia,SMHB00327,None,None,None
Lower Extremity Muscle Weakness,SMHB00327,None,None,None
Pain,SMHB00327,None,None,None
Central Facial Paralyses,SMHB00327,0.009087,0.033209,1
Facial Droop,SMHB00327,0.009087,0.033209,1
Paralysis,SMHB00327,None,None,None
Arthritic Pains,SMHB00327,None,None,None
Burning Pain,SMHB00327,None,None,None
Hypertrophic Osteoarthropathy,SMHB00327,0.009087,0.033209,1
"Paralyses, Hemifacial",SMHB00327,0.009087,0.033209,1
 Splitting Pain,SMHB00327,None,None,None
Paresis,SMHB00327,None,None,None
Hand Swelling,SMHB00327,0.009087,0.033209,1
Facial Paralysis,SMHB00327,0.027026,0.054805,1
 Migratory Pain,SMHB00327,None,None,None
Musculoskeletal Pain,SMHB00327,0.018095,0.046235,1
Swelling,SMHB00327,None,None,None
Ache,SMHB00327,None,None,None
Scalp Pruritus,SMHB00327,0.009087,0.033209,1
Postictal Paralysis,SMHB00327,None,None,None
Joint Swollen,SMHB00327,0.018095,0.046235,1
 Upper Extremity Weakness,SMHB00327,None,None,None
 name Dilation,SMHB00327,None,None,None
 Bone Disorder,SMHB00327,0.044655,0.074068,1
Pain Radiating,SMHB00327,None,None,None
Crushing Pain,SMHB00327,None,None,None
"Facial Paralyses, Peripheral",SMHB00327,0.009087,0.033209,1
Hemiparesis,SMHB00327,None,None,None
Abnormal Stools,SMHB00327,None,None,None
Painful Swollen Joints,SMHB00327,0.009087,0.033209,1
Postoperative Pain,SMHB00328,None,None,None
Aphonia Paralytica,SMHB00328,None,None,None
Abdomen Distention,SMHB00328,None,None,None
Pharyngolaryngitis,SMHB00328,None,None,None
Larynx,SMHB00328,0.005504,0.023938,1
Laryngopharyngeal Dysaesthesia,SMHB00328,None,None,None
Localized; Swelling,SMHB00328,None,None,None
 Physical Suffering,SMHB00328,None,None,None
Cough Productive,SMHB00328,None,None,None
"Sputums, Induced",SMHB00328,None,None,None
Laryngeal Pain,SMHB00328,0.024232,0.052098,1
Cyst,SMHB00328,None,None,None
Xerostomia,SMHB00328,None,None,None
Laryngeal Edema,SMHB00328,None,None,None
Behavior Drinking,SMHB00328,0.047887,0.077434,1
Sore Throat,SMHB00328,0.011203,0.037373,1
Smarting Of Skin,SMHB00328,0.024232,0.052098,1
Hematoma,SMHB00328,0.047887,0.077434,1
Hyperalgia,SMHB00328,None,None,None
Skin Pain,SMHB00328,0.024232,0.052098,1
Functional Aphonia,SMHB00328,None,None,None
Pain,SMHB00328,None,None,None
Pharyngeal Mucositis,SMHB00328,0.024232,0.052098,1
Pharyngeal Erythema,SMHB00328,0.024232,0.052098,1
Limb Discomfort,SMHB00328,None,None,None
Cough,SMHB00328,None,None,None
Burning Pain,SMHB00328,None,None,None
 Splitting Pain,SMHB00328,None,None,None
Salivation,SMHB00328,None,None,None
Skin Swelling,SMHB00328,0.047887,0.077434,1
Sputum,SMHB00328,None,None,None
Thirst,SMHB00328,None,None,None
 Migratory Pain,SMHB00328,None,None,None
Food Poisoning,SMHB00328,None,None,None
Thermal Energy,SMHB00328,0.024232,0.052098,1
Swelling,SMHB00328,None,None,None
Ache,SMHB00328,None,None,None
Nasopharyngitis,SMHB00328,0.024232,0.052098,1
Pharynx Disease,SMHB00328,None,None,None
Spastic Aphonia,SMHB00328,None,None,None
Tonsillitis,SMHB00328,0.047887,0.077434,1
Throat Tightness,SMHB00328,None,None,None
Cough Nonproductive,SMHB00328,None,None,None
Oropharyngeal Discomfort,SMHB00328,0.024232,0.052098,1
Throat Dry,SMHB00328,None,None,None
Pain Radiating,SMHB00328,None,None,None
Crushing Pain,SMHB00328,None,None,None
Pharyngolaryngeal Pain,SMHB00328,None,None,None
Edema Pharynx,SMHB00328,None,None,None
Cough Persistent,SMHB00328,0.008128,0.031317,1
Atrophy,SMHB00328,None,None,None
Aphonia,SMHB00328,None,None,None
Sputum Purulent,SMHB00328,None,None,None
Hot Temperature,SMHB00328,0.047887,0.077434,1
Poisoning By,SMHB00328,0.000256,0.002052,1
Yin Deficiency,SMHB00329,None,None,None
Blanching Of Skin,SMHB00329,0.009087,0.033209,1
Jaundice,SMHB00329,3.50E-05,0.000402,0.872723
Thermal Energy,SMHB00329,None,None,None
Chills And Fever,SMHB00329,None,None,None
Chills And Fever,SMHB00329,None,None,None
Tenderness,SMHB00329,None,None,None
Abnormal Stools,SMHB00329,0.004118,0.019151,1
Hot Temperature,SMHB00329,None,None,None
Fever,SMHB00329,None,None,None
Fever Symptoms,SMHB00329,0.035878,0.064462,1
Malaria,SMHB00329,0.018095,0.046235,1
Cataract,SMHB00333,0.000925,0.005699,1
 Physical Suffering,SMHB00333,0.005754,0.024538,1
 Lens Opacity,SMHB00333,0.000664,0.00437,1
Urologic Disease,SMHB00333,4.50E-05,0.000489,1
Gastrointestinal Discomfort,SMHB00333,None,None,None
Polyarthralgia,SMHB00333,None,None,None
Yang Deficiency,SMHB00333,None,None,None
Pain,SMHB00333,0.007942,0.030744,1
Arthralgia,SMHB00333,None,None,None
Arthritic Pains,SMHB00333,None,None,None
Burning Pain,SMHB00333,0.005754,0.024538,1
 Splitting Pain,SMHB00333,0.005754,0.024538,1
Urination Frequency,SMHB00333,0.047529,0.077266,1
 Migratory Pain,SMHB00333,0.005754,0.024538,1
Chest Symptom Discomfort,SMHB00333,None,None,None
Ache,SMHB00333,0.010448,0.035933,1
 Urinary Tract Pain,SMHB00333,0.000444,0.003178,1
Dysentery,SMHB00333,7.00E-06,0.000102,0.172484
Pseudoaphakia,SMHB00333,0.000664,0.00437,1
Pain Radiating,SMHB00333,0.005754,0.024538,1
Crushing Pain,SMHB00333,0.005754,0.024538,1
Heat Intolerance,SMHB00333,None,None,None
Chest Symptom Heaviness,SMHB00333,None,None,None
Chest Symptom Heaviness,SMHB00333,None,None,None
Bloody Diarrhea,SMHB00333,0.013802,0.040951,1
Mania,SMHB00600,0.040924,0.069693,1
Irritability,SMHB00600,0.000308,0.00238,1
Behavior Disorder,SMHB00600,0.020667,0.048222,1
Seizures,SMHB00600,0,0,4.00E-05
Boredom,SMHB00600,0.030846,0.058607,1
Gasping,SMHB00600,0.030846,0.058607,1
Convulsions Neonatal,SMHB00600,0.030846,0.058607,1
Mental Disorder,SMHB00600,0.020667,0.048222,1
Habit Disorder,SMHB00600,4.00E-06,6.10E-05,0.097022
Vocal Tic,SMHB00600,4.00E-06,6.10E-05,0.097022
Motor Tics,SMHB00600,4.00E-06,6.10E-05,0.097022
Diagnosis Psychiatric,SMHB00600,0.010385,0.03576,1
Chest Symptom Heaviness,SMHB00600,3.90E-05,0.000433,0.963115
Chest Symptom Heaviness,SMHB00600,3.90E-05,0.000433,0.963115
Abdomen Distention,SMHB00330,None,None,None
Right Flank Pain,SMHB00330,2.00E-06,3.40E-05,0.049842
Erythrosis,SMHB00330,None,None,None
Anorectal Disorder,SMHB00330,None,None,None
Abdominal Tenderness,SMHB00330,0.021636,0.049159,1
 Physical Suffering,SMHB00330,None,None,None
Breast Disease,SMHB00330,None,None,None
Hyperplasia Thymus,SMHB00330,0.021636,0.049159,1
Flank Pain,SMHB00330,2.00E-06,3.40E-05,0.049842
Abdominal Pain,SMHB00330,None,None,None
Chest Pain,SMHB00330,0.001392,0.007919,1
Hyperalgia,SMHB00330,None,None,None
Sarcoidosis,SMHB00330,0.021636,0.049159,1
Induration Of Breast,SMHB00330,0.021636,0.049159,1
Pain,SMHB00330,None,None,None
Breast Mass,SMHB00330,0.000459,0.003265,1
Breast Cyst,SMHB00330,0.021636,0.049159,1
Burning Pain,SMHB00330,None,None,None
 Splitting Pain,SMHB00330,None,None,None
Enterocele,SMHB00330,None,None,None
 Migratory Pain,SMHB00330,None,None,None
Carbuncle,SMHB00330,None,None,None
Chest Symptom Discomfort,SMHB00330,None,None,None
Hernia,SMHB00330,None,None,None
Ache,SMHB00330,None,None,None
 name Dilation,SMHB00330,None,None,None
Left Flank Pain,SMHB00330,2.00E-06,3.40E-05,0.049842
Dyspepsia,SMHB00330,None,None,None
Bloating Feeling,SMHB00330,None,None,None
Pain Radiating,SMHB00330,None,None,None
Crushing Pain,SMHB00330,None,None,None
 Dyspepsia-Aggravated,SMHB00330,None,None,None
Breast Engorgement,SMHB00330,0.042812,0.071732,1
General Abdominal Pain-Symptom,SMHB00330,0.021636,0.049159,1
Cataract,SMHB00331,None,None,None
Intermittant Vertigo,SMHB00331,None,None,None
 Lens Opacity,SMHB00331,None,None,None
Vertigo,SMHB00331,None,None,None
Other Conjunctivitis Nos,SMHB00331,0.00952,0.03422,1
Vertigo Postural,SMHB00331,None,None,None
Vertigo Central Origin,SMHB00331,None,None,None
Asthenopia,SMHB00331,0.00952,0.03422,1
Pupil Dilated,SMHB00331,0.00952,0.03422,1
Brain Stem Vertigo,SMHB00331,None,None,None
Waxy Flexibility,SMHB00331,None,None,None
Blurred Vision,SMHB00331,None,None,None
Motion Sickness,SMHB00331,8.70E-05,0.000842,1
Ocular Discomfort,SMHB00331,None,None,None
 Essential Vertigo,SMHB00331,None,None,None
Air Sickness,SMHB00331,8.70E-05,0.000842,1
Catalepsy,SMHB00331,None,None,None
Vision Halo,SMHB00331,0.00952,0.03422,1
Impaired Visual Acuity,SMHB00331,0.018953,0.04715,1
 Vertigo Paroxysmal,SMHB00331,None,None,None
Pseudoaphakia,SMHB00331,None,None,None
Sea Sickness,SMHB00331,8.70E-05,0.000842,1
Eye Blood Shot,SMHB00331,None,None,None
Vision Dim,SMHB00331,2.60E-05,0.000307,0.634462
Constant Vertigo,SMHB00331,None,None,None
Peripheral Vertigo,SMHB00331,None,None,None
Right Flank Pain,SMHB00332,None,None,None
 Physical Suffering,SMHB00332,None,None,None
Flank Pain,SMHB00332,None,None,None
Hyperalgia,SMHB00332,None,None,None
Labor Preterm,SMHB00332,None,None,None
Eye Disorder,SMHB00332,None,None,None
Jaundice,SMHB00332,None,None,None
Pain,SMHB00332,None,None,None
Burning Pain,SMHB00332,None,None,None
 Splitting Pain,SMHB00332,None,None,None
 Stool Loose,SMHB00332,None,None,None
Discoloration Urine,SMHB00332,3.80E-05,0.000426,0.943863
Discoloration Urine,SMHB00332,3.80E-05,0.000426,0.943863
Premature Birth,SMHB00332,None,None,None
 Migratory Pain,SMHB00332,None,None,None
Swelling,SMHB00332,None,None,None
Ache,SMHB00332,None,None,None
 Urinary Tract Pain,SMHB00332,None,None,None
Left Flank Pain,SMHB00332,None,None,None
Pain Radiating,SMHB00332,None,None,None
Crushing Pain,SMHB00332,None,None,None
Urine Abnormality,SMHB00332,None,None,None
Urine Rbc,SMHB00332,0.042601,0.07148,1
Sharp Headache,SMHB00334,None,None,None
 Physical Suffering,SMHB00334,None,None,None
Tongue Swelling,SMHB00334,None,None,None
"Sputums, Induced",SMHB00334,None,None,None
"Headache, Periorbital",SMHB00334,None,None,None
Bilateral Headache,SMHB00334,None,None,None
Ocular Headache,SMHB00334,None,None,None
Hematuria,SMHB00334,None,None,None
Tongue Edema,SMHB00334,None,None,None
Dysuria,SMHB00334,None,None,None
Amenorrhea,SMHB00334,0.0283,0.05602,1
Headache Throbbing,SMHB00334,None,None,None
Hyperalgia,SMHB00334,None,None,None
"Amenorrhea, Postpartum",SMHB00334,0.0283,0.05602,1
Orthostatic Headache,SMHB00334,None,None,None
Urinary Tract Stone,SMHB00334,None,None,None
Urolithiasis,SMHB00334,0.00952,0.03422,1
Pain,SMHB00334,None,None,None
Polyuria,SMHB00334,0.018953,0.04715,1
Micturition Disorder,SMHB00334,0,0,0.000221
Burning Pain,SMHB00334,None,None,None
 Splitting Pain,SMHB00334,None,None,None
 Feeling Of Residual Urine,SMHB00334,0.00952,0.03422,1
Urination Frequency,SMHB00334,0.001766,0.009674,1
Sputum,SMHB00334,None,None,None
 Migratory Pain,SMHB00334,None,None,None
Blood Urine Present,SMHB00334,None,None,None
Ache,SMHB00334,None,None,None
 Generalised Headache,SMHB00334,None,None,None
 Urinary Tract Pain,SMHB00334,0.000851,0.005346,1
Pain Radiating,SMHB00334,None,None,None
Crushing Pain,SMHB00334,None,None,None
Vertex Headache,SMHB00334,None,None,None
"Headache, Retro-Ocular",SMHB00334,None,None,None
Menopause,SMHB00334,None,None,None
Urine Rbc,SMHB00334,None,None,None
Urethral Pain,SMHB00334,0.000851,0.005346,1
Headache Unilateral,SMHB00334,None,None,None
Tenderness,SMHB00334,None,None,None
Headache,SMHB00334,None,None,None
Urination Urgency,SMHB00334,0.00952,0.03422,1
Panic State,SMHB00570,0.039422,0.067979,1
Sharp Headache,SMHB00570,0,0,3.40E-05
Stroke,SMHB00570,0.000386,0.002844,1
Pulse Weakness,SMHB00570,0.000244,0.00198,1
Heaviness Of Head,SMHB00570,0.039422,0.067979,1
"Headache, Periorbital",SMHB00570,0,0,3.40E-05
Bilateral Headache,SMHB00570,0,0,3.40E-05
Ocular Headache,SMHB00570,0,0,3.40E-05
Headache Throbbing,SMHB00570,0,0,3.40E-05
Radiculopathy,SMHB00570,0.019905,0.04715,1
Lethargy,SMHB00570,0.019905,0.04715,1
Orthostatic Headache,SMHB00570,0,0,3.40E-05
Nerve Root Disorder,SMHB00570,0.019905,0.04715,1
Seizures,SMHB00570,5.00E-06,7.00E-05,0.114297
Infantile Hemiplegia,SMHB00570,0.039422,0.067979,1
 Cva Nos Acute,SMHB00570,0.000244,0.00198,1
"Neuralgia, Sluder",SMHB00570,0.019905,0.04715,1
Cervical Radiculopathy,SMHB00570,0.019905,0.04715,1
Trigeminal Autonomic Cephalgia,SMHB00570,0.019905,0.04715,1
Hemiplegia,SMHB00570,0.039422,0.067979,1
Spastic Hemiplegia,SMHB00570,0.039422,0.067979,1
Nerve Root Pain,SMHB00570,0.019905,0.04715,1
" Hemiplegia, Post Ictal",SMHB00570,0.039422,0.067979,1
Neuralgia Facial,SMHB00570,0.019905,0.04715,1
Rebound Hypertension,SMHB00570,0.019905,0.04715,1
Flaccid Hemiplegia,SMHB00570,0.039422,0.067979,1
Transient Hemiplegia,SMHB00570,0.039422,0.067979,1
Migraine,SMHB00570,0.000388,0.002844,1
 Generalised Headache,SMHB00570,0,0,3.40E-05
Habit Disorder,SMHB00570,2.90E-05,0.000344,0.722429
"Avulsion, Nerve Root",SMHB00570,0.019905,0.04715,1
Vocal Tic,SMHB00570,2.90E-05,0.000344,0.722429
Motor Tics,SMHB00570,2.90E-05,0.000344,0.722429
Vertex Headache,SMHB00570,0,0,3.40E-05
"Headache, Retro-Ocular",SMHB00570,0,0,3.40E-05
Compression Nerve Root,SMHB00570,0.019905,0.04715,1
General Discomfort,SMHB00570,0.039422,0.067979,1
"Headache, Dull",SMHB00570,1.60E-05,0.000209,0.399583
Hemiparesis,SMHB00570,0.002268,0.011863,1
Headache Unilateral,SMHB00570,0,0,3.40E-05
Radiculitis,SMHB00570,0.019905,0.04715,1
Tenderness,SMHB00570,0.039422,0.067979,1
Myofacial Pain Syndrome,SMHB00570,0.019905,0.04715,1
Headache,SMHB00570,0,0,8.40E-05
Alternate Hemiplegia,SMHB00570,0.039422,0.067979,1
Tetanus,SMHB00570,0.019905,0.04715,1
Skin Decubitus Ulcer(S),SMHB00335,None,None,None
Blanching Of Skin,SMHB00335,None,None,None
Haemorrhage Ant Chamber Eye,SMHB00335,None,None,None
Pneumonia,SMHB00335,None,None,None
Hemorrhage,SMHB00335,None,None,None
Tongue Ulcer,SMHB00335,None,None,None
Cough Productive,SMHB00335,None,None,None
Hemorrhoids,SMHB00335,0.004718,0.021426,1
Hematemesis,SMHB00335,1.00E-05,0.000136,0.241936
Diarrhea,SMHB00335,None,None,None
Bite Wound Insect,SMHB00335,0.015578,0.043506,1
Blood Disorder,SMHB00335,None,None,None
Cough,SMHB00335,None,None,None
Bronchiectasis,SMHB00335,0.000236,0.001923,1
Pneumonia Lobar,SMHB00335,None,None,None
Carbuncle,SMHB00335,None,None,None
Hemorrhoid Bleeding,SMHB00335,None,None,None
Dysentery,SMHB00335,None,None,None
Snake Venom Causing Toxic Effect,SMHB00335,None,None,None
Lips Bleeding,SMHB00335,0.015578,0.043506,1
Vaginal Bleeding,SMHB00335,0.015578,0.043506,1
 Pre-Menstrual Tension Syndrome,SMHB00335,None,None,None
Aphthous Ulcer,SMHB00335,3.00E-06,5.50E-05,0.086153
Experimental Lung Inflammation,SMHB00335,None,None,None
Cough Persistent,SMHB00335,0.003404,0.016389,1
Gastric Ulcer Bleeding,SMHB00335,0.015578,0.043506,1
Oral Ulcer,SMHB00335,None,None,None
King Evil,SMHB00335,None,None,None
Sutton'S Disease,SMHB00335,0.015578,0.043506,1
Blanching Of Skin,SMHB00598,0.012549,0.039351,1
Localized; Swelling,SMHB00598,0.002211,0.011636,1
Smarting Of Skin,SMHB00598,0.012549,0.039351,1
Hematoma,SMHB00598,0.024945,0.053056,1
Polyarthralgia,SMHB00598,0.002659,0.013475,1
Skin Pain,SMHB00598,0.012549,0.039351,1
Arthralgia,SMHB00598,0.014432,0.041892,1
Arthritic Pains,SMHB00598,0.027554,0.055251,1
Skin Swelling,SMHB00598,0.024945,0.053056,1
Injuries Wounds,SMHB00598,0.049289,0.078752,1
Skin Ulcer(S),SMHB00598,0.027554,0.055251,1
Ache,SMHB00598,0.032687,0.060831,1
Joint Swollen,SMHB00598,0.024945,0.053056,1
Dysentery,SMHB00598,0.001756,0.00965,1
Sprain Of Joint,SMHB00598,0.012549,0.039351,1
Vulvar Abscess,SMHB00598,0.012549,0.039351,1
Chills And Fever,SMHB00598,0.00059,0.003986,1
Chills And Fever,SMHB00598,0.00059,0.003986,1
 Vulvar Abscess,SMHB00598,0.012549,0.039351,1
Fever,SMHB00598,1.00E-06,1.60E-05,0.021361
Bloody Diarrhea,SMHB00598,0.024945,0.053056,1
Fever Symptoms,SMHB00598,0.049289,0.078752,1
Insomnia,SMHB00336,None,None,None
Diabetes Mellitus,SMHB00336,None,None,None
Stroke,SMHB00336,None,None,None
Pulse Weakness,SMHB00336,0.024346,0.052315,1
Numbness,SMHB00336,None,None,None
 Physical Suffering,SMHB00336,None,None,None
 Overinclusion,SMHB00336,0.036348,0.064916,1
Cough Productive,SMHB00336,None,None,None
Gastric Disorder,SMHB00336,None,None,None
Hyperphagia,SMHB00336,0.036348,0.064916,1
"Sputums, Induced",SMHB00336,None,None,None
Renal Agenesis,SMHB00336,0.036348,0.064916,1
Monoparesis,SMHB00336,None,None,None
Abdominal Pain,SMHB00336,None,None,None
No Vomiting,SMHB00336,None,None,None
Hematoma,SMHB00336,None,None,None
Hyperalgia,SMHB00336,None,None,None
Labor Preterm,SMHB00336,0.036348,0.064916,1
" Disease, Endometrial",SMHB00336,0.036348,0.064916,1
Palpitation(S),SMHB00336,None,None,None
Yang Deficiency,SMHB00336,None,None,None
Chill,SMHB00336,None,None,None
Underweight,SMHB00336,None,None,None
Emesis,SMHB00336,None,None,None
Pain,SMHB00336,None,None,None
Eating Disorder,SMHB00336,0.003825,0.018024,1
Attention Disorders,SMHB00336,0.036348,0.064916,1
Malaise And Fatigue,SMHB00336,None,None,None
Anemia,SMHB00336,0.036348,0.064916,1
Dryness Vaginal,SMHB00336,0.036348,0.064916,1
Cough,SMHB00336,None,None,None
Infantile Hemiplegia,SMHB00336,None,None,None
Burning Pain,SMHB00336,None,None,None
Fatigue,SMHB00336,None,None,None
Nausea,SMHB00336,None,None,None
 Splitting Pain,SMHB00336,None,None,None
Digestion Impaired,SMHB00336,None,None,None
 Stool Loose,SMHB00336,None,None,None
 Cva Nos Acute,SMHB00336,None,None,None
Ligament Injury,SMHB00336,None,None,None
Uterine Disorder,SMHB00336,0.036348,0.064916,1
Bronchial Asthma,SMHB00336,None,None,None
Cervical Radiculopathy,SMHB00336,None,None,None
Hemiplegia,SMHB00336,None,None,None
Premature Birth,SMHB00336,0.036348,0.064916,1
Sputum,SMHB00336,None,None,None
Anorexia,SMHB00336,0.012157,0.038899,1
Thirst,SMHB00336,None,None,None
Spastic Hemiplegia,SMHB00336,None,None,None
 Migratory Pain,SMHB00336,None,None,None
Chest Symptom Discomfort,SMHB00336,0.033786,0.062168,1
Emaciation,SMHB00336,None,None,None
Lassitude,SMHB00336,None,None,None
Speech Disorder,SMHB00336,0.036348,0.064916,1
 Cough Increased,SMHB00336,0.036348,0.064916,1
" Hemiplegia, Post Ictal",SMHB00336,None,None,None
Flaccid Hemiplegia,SMHB00336,None,None,None
Ache,SMHB00336,None,None,None
Transient Hemiplegia,SMHB00336,None,None,None
 Neurasthenia,SMHB00336,None,None,None
Sleep Disorder,SMHB00336,0.00747,0.029538,1
Asthenia,SMHB00336,None,None,None
Forgetfulness,SMHB00336,None,None,None
Loss Of Appetite,SMHB00336,0.036348,0.064916,1
Fuzzy,SMHB00336,None,None,None
Fatigability,SMHB00336,None,None,None
Gagging,SMHB00336,None,None,None
Pain Radiating,SMHB00336,None,None,None
Crushing Pain,SMHB00336,None,None,None
Skinny Build,SMHB00336,None,None,None
Chest Symptom Heaviness,SMHB00336,None,None,None
Hair Abnormality,SMHB00336,None,None,None
Hair Abnormality,SMHB00336,None,None,None
Chest Symptom Heaviness,SMHB00336,None,None,None
Poor Quality Sleep,SMHB00336,0.036348,0.064916,1
Hemiparesis,SMHB00336,None,None,None
Ligament Sprain,SMHB00336,None,None,None
Decreased Appetite,SMHB00336,None,None,None
Alternate Hemiplegia,SMHB00336,None,None,None
Slurred Speech,SMHB00336,None,None,None
Pulse Rate Decrease,SMHB00336,0.036348,0.064916,1
Larynx,SMHB00500,0.006099,0.025549,1
Laryngopharyngeal Dysaesthesia,SMHB00500,0.0003,0.002325,1
Tongue Ulcer,SMHB00500,0.000641,0.004252,1
Localized; Swelling,SMHB00500,0.008999,0.033209,1
Graphomotor Aphasia,SMHB00500,0.02553,0.053474,1
Laryngeal Pain,SMHB00500,0.02553,0.053474,1
Global Aphasia,SMHB00500,0.02553,0.053474,1
Dermatitis Eyelid,SMHB00500,0.02553,0.053474,1
Laryngeal Edema,SMHB00500,0.02553,0.053474,1
Trachoma,SMHB00500,0.02553,0.053474,1
Narcosis,SMHB00500,0.006099,0.025549,1
Smarting Of Skin,SMHB00500,0.02553,0.053474,1
Skin Pain,SMHB00500,0.02553,0.053474,1
Dejerine Lichtheim Phenomenon,SMHB00500,0.02553,0.053474,1
"Aphasia, Post Ictal",SMHB00500,0.02553,0.053474,1
Intellectual Aphasia,SMHB00500,0.02553,0.053474,1
Stupor,SMHB00500,0.008999,0.033209,1
Functional Aphasia,SMHB00500,0.02553,0.053474,1
 Acquired Aphasias,SMHB00500,0.02553,0.053474,1
Convulsions Neonatal,SMHB00500,0.001891,0.010236,1
"Aphasia, Post Traumatic",SMHB00500,0.02553,0.053474,1
Mixed Aphasia,SMHB00500,0.02553,0.053474,1
Ache,SMHB00500,0.019474,0.04715,1
 Parotid Disease,SMHB00500,0.02553,0.053474,1
Auditory Discriminatory Aphasia,SMHB00500,0.02553,0.053474,1
Commisural Aphasia,SMHB00500,0.02553,0.053474,1
Throat Tightness,SMHB00500,1.30E-05,0.000171,0.314428
 Ageusic Aphasia,SMHB00500,0.02553,0.053474,1
Progressive Aphasia,SMHB00500,0.02553,0.053474,1
Obnubilation,SMHB00500,6.00E-06,8.30E-05,0.137372
Pharyngolaryngeal Pain,SMHB00500,1.30E-05,0.000171,0.314428
Aphthous Ulcer,SMHB00500,1.60E-05,0.000206,0.392264
Edema Pharynx,SMHB00500,0.001891,0.010236,1
Syntactical Aphasia,SMHB00500,0.02553,0.053474,1
Oral Ulcer,SMHB00500,0,8.00E-06,0.009518
emantic Aphasia,SMHB00500,0.02553,0.053474,1
Sutton'S Disease,SMHB00500,0.02553,0.053474,1
Cough Productive,SMHB00337,None,None,None
Behavior Drinking,SMHB00337,0.018095,0.046235,1
Irritability,SMHB00337,0.000235,0.001918,1
Polyarthralgia,SMHB00337,None,None,None
Arthralgia,SMHB00337,None,None,None
Malaise And Fatigue,SMHB00337,None,None,None
Boredom,SMHB00337,0.027026,0.054805,1
Cough,SMHB00337,None,None,None
Thirst,SMHB00337,None,None,None
Fuzzy,SMHB00337,None,None,None
Cough Persistent,SMHB00337,0.001154,0.006804,1
Right Flank Pain,SMHB00338,0.003746,0.017739,1
 Overinclusion,SMHB00338,0.010818,0.036554,1
Flank Pain,SMHB00338,0.003746,0.017739,1
Oral Dyskinesia,SMHB00338,0.032117,0.060278,1
 Anemic,SMHB00338,0.021523,0.049159,1
Pupil Dilated,SMHB00338,0.010818,0.036554,1
Skin Infection,SMHB00338,None,None,None
Yang Deficiency,SMHB00338,0.001102,0.006538,1
Libido Decreased,SMHB00338,0.021523,0.049159,1
Aplasia,SMHB00338,0.010818,0.036554,1
Quadriplegic Spinal Paralysis,SMHB00338,None,None,None
 Cerebromedullospinal Disconnection,SMHB00338,None,None,None
Flaccid Tetraplegia,SMHB00338,None,None,None
Attention Disorders,SMHB00338,0.010818,0.036554,1
Anemia,SMHB00338,0.010818,0.036554,1
Micturition Disorder,SMHB00338,None,None,None
Quadriparesis,SMHB00338,None,None,None
Spastic Quadriplegia,SMHB00338,None,None,None
 Subfertility,SMHB00338,1.00E-06,2.00E-05,0.027753
Infertility,SMHB00338,1.00E-06,2.00E-05,0.027753
Status Marmoratus,SMHB00338,0.032117,0.060278,1
Quadriplegia,SMHB00338,None,None,None
Asthenia,SMHB00338,0.004118,0.019151,1
Left Flank Pain,SMHB00338,0.003746,0.017739,1
Movement Disorder,SMHB00338,0.032117,0.060278,1
Abnormal Ejaculation,SMHB00338,0.021523,0.049159,1
Lower Extremity Paresthesia,SMHB00338,0,3.00E-06,0.002924
Orofacial Dyskinesia,SMHB00338,0.032117,0.060278,1
 Knee Joint Laxity,SMHB00338,0.010818,0.036554,1
Abdomen Distention,SMHB00340,None,None,None
Right Flank Pain,SMHB00340,0.042838,0.071751,1
Abdominal Tenderness,SMHB00340,0.026395,0.054197,1
 Physical Suffering,SMHB00340,None,None,None
Intermittant Vertigo,SMHB00340,None,None,None
Mechanical Low Back Pain,SMHB00340,None,None,None
Vertebrogenic Pain Syndrome,SMHB00340,0.009603,0.034494,1
Vertigo,SMHB00340,None,None,None
Menstrual Cramp,SMHB00340,None,None,None
Other Conjunctivitis Nos,SMHB00340,0.026395,0.054197,1
Anterior Cervical Pains,SMHB00340,0.026395,0.054197,1
Flank Pain,SMHB00340,0.042838,0.071751,1
Vertigo Postural,SMHB00340,None,None,None
 Recurrent Low Back Pain,SMHB00340,None,None,None
Vertigo Central Origin,SMHB00340,None,None,None
Abdominal Pain,SMHB00340,None,None,None
Hyperalgia,SMHB00340,None,None,None
Diarrhea,SMHB00340,None,None,None
Brain Stem Vertigo,SMHB00340,None,None,None
" Disease, Endometrial",SMHB00340,0.026395,0.054197,1
Yang Deficiency,SMHB00340,None,None,None
Sexual Dysfunction,SMHB00340,0.002022,0.01082,1
Pain,SMHB00340,None,None,None
Pneumatosis,SMHB00340,0.026395,0.054197,1
"Cervical Pain, Posterior",SMHB00340,0.026395,0.054197,1
Back Pain Without Radiation Nos,SMHB00340,0.009603,0.034494,1
Back Pain With Radiation,SMHB00340,0.009603,0.034494,1
Hepatomegaly,SMHB00340,None,None,None
Burning Pain,SMHB00340,None,None,None
 Splitting Pain,SMHB00340,None,None,None
Arbovirus,SMHB00340,None,None,None
Motion Sickness,SMHB00340,0.000686,0.004484,1
Arbovirus,SMHB00340,None,None,None
Uterine Disorder,SMHB00340,0.026395,0.054197,1
Bronchial Asthma,SMHB00340,None,None,None
Loin Pain,SMHB00340,0.009603,0.034494,1
 Essential Vertigo,SMHB00340,None,None,None
Postural Low Back Pain,SMHB00340,None,None,None
Air Sickness,SMHB00340,0.000686,0.004484,1
 Migratory Pain,SMHB00340,None,None,None
Joint Stiffness,SMHB00340,0.026395,0.054197,1
Hepatosplenomegaly,SMHB00340,None,None,None
Ache,SMHB00340,None,None,None
Vision Halo,SMHB00340,0.026395,0.054197,1
Backache,SMHB00340,0.013217,0.040393,1
 name Dilation,SMHB00340,None,None,None
Asthenia,SMHB00340,None,None,None
 Vertigo Paroxysmal,SMHB00340,None,None,None
Left Flank Pain,SMHB00340,0.042838,0.071751,1
Pain Precordial,SMHB00340,1.80E-05,0.000224,0.434266
Sea Sickness,SMHB00340,0.000686,0.004484,1
Eye Blood Shot,SMHB00340,None,None,None
Pain Radiating,SMHB00340,None,None,None
Crushing Pain,SMHB00340,None,None,None
Posterior Compartment Low Back Pain,SMHB00340,None,None,None
Menopause,SMHB00340,None,None,None
Hyperexcitation,SMHB00340,0.026395,0.054197,1
 Hyperexcitation,SMHB00340,0.026395,0.054197,1
Neck Pain,SMHB00340,0.026395,0.054197,1
Typhoid Fever,SMHB00340,None,None,None
General Abdominal Pain-Symptom,SMHB00340,0.026395,0.054197,1
Constant Vertigo,SMHB00340,None,None,None
Peripheral Vertigo,SMHB00340,None,None,None
Chronic Lumbago,SMHB00340,0.026395,0.054197,1
Abdomen Distention,SMHB00339,None,None,None
Abdominal Tenderness,SMHB00339,0.016876,0.044684,1
 Physical Suffering,SMHB00339,None,None,None
Gastric Disorder,SMHB00339,0.033474,0.061708,1
Vomiting Neonatal,SMHB00339,0.016876,0.044684,1
Hyperalgia,SMHB00339,None,None,None
Diarrhea,SMHB00339,None,None,None
Emesis,SMHB00339,1.00E-06,2.20E-05,0.030422
Pain,SMHB00339,None,None,None
Eating Disorder,SMHB00339,0.000824,0.005196,1
Burning Pain,SMHB00339,None,None,None
 Splitting Pain,SMHB00339,None,None,None
Anorexia,SMHB00339,0.002688,0.013583,1
 Migratory Pain,SMHB00339,None,None,None
Ache,SMHB00339,None,None,None
 name Dilation,SMHB00339,None,None,None
Asthenia,SMHB00339,None,None,None
 Stomach Discomfort,SMHB00339,0.025373,0.053474,1
Loss Of Appetite,SMHB00339,0.016876,0.044684,1
Bloating Feeling,SMHB00339,None,None,None
Pain Radiating,SMHB00339,None,None,None
Crushing Pain,SMHB00339,None,None,None
Typhoid Fever,SMHB00339,None,None,None
General Abdominal Pain-Symptom,SMHB00339,0.016876,0.044684,1
Decreased Appetite,SMHB00339,None,None,None
Lacrimation,SMHB00342,0.023235,0.051423,1
 Physical Suffering,SMHB00342,None,None,None
Eye Pain,SMHB00342,0.000778,0.004954,1
Conjunctivitis,SMHB00342,0.034657,0.062952,1
Other Conjunctivitis Nos,SMHB00342,0.011683,0.038067,1
Keratitis,SMHB00342,0.011683,0.038067,1
Photophobia,SMHB00342,None,None,None
Smarting Of Skin,SMHB00342,0.011683,0.038067,1
Hematoma,SMHB00342,0.023235,0.051423,1
Hyperalgia,SMHB00342,None,None,None
Skin Pain,SMHB00342,0.011683,0.038067,1
Pain,SMHB00342,None,None,None
Blurred Vision,SMHB00342,None,None,None
Burning Pain,SMHB00342,None,None,None
 Splitting Pain,SMHB00342,None,None,None
 Anal Discomforts,SMHB00342,None,None,None
Skin Swelling,SMHB00342,0.023235,0.051423,1
Ocular Discomfort,SMHB00342,None,None,None
Eye Hemorrhage,SMHB00342,None,None,None
 Migratory Pain,SMHB00342,None,None,None
Swelling,SMHB00342,None,None,None
Ache,SMHB00342,None,None,None
Sore Eye,SMHB00342,0.023235,0.051423,1
Eye Blood Shot,SMHB00342,None,None,None
Blepharitis,SMHB00342,0.011683,0.038067,1
Pain Radiating,SMHB00342,None,None,None
Crushing Pain,SMHB00342,None,None,None
Vision Dim,SMHB00342,0.002663,0.013479,1
Swelling Round Eyes: [periorbital Edema],SMHB00342,0.011683,0.038067,1
Alopecia,SMHB00341,None,None,None
Alopecia Cicatrisata,SMHB00341,None,None,None
Erythrosis,SMHB00341,0.027261,0.055084,1
Neoplastic Growth,SMHB00341,None,None,None
Abdominal Tenderness,SMHB00341,0.027261,0.055084,1
Pulse Weakness,SMHB00341,0.014064,0.041528,1
 Physical Suffering,SMHB00341,None,None,None
Rheumatism,SMHB00341,None,None,None
Menstrual Cramp,SMHB00341,None,None,None
Epigastric Pain,SMHB00341,None,None,None
Soft Tissue Injury,SMHB00341,0.000732,0.004741,1
Extremity Contracture,SMHB00341,None,None,None
Abdominal Pain,SMHB00341,None,None,None
Chest Pain,SMHB00341,None,None,None
Caustic Injury,SMHB00341,None,None,None
Hyperalgia,SMHB00341,None,None,None
Crescendo Angina,SMHB00341,None,None,None
Pain,SMHB00341,None,None,None
Arthritic Pains,SMHB00341,None,None,None
Burning Pain,SMHB00341,None,None,None
 Splitting Pain,SMHB00341,None,None,None
Abdomen Discomfort,SMHB00341,0.010224,0.035667,1
Skin Thickening,SMHB00341,0.027261,0.055084,1
Angina Pectoris,SMHB00341,None,None,None
Infantile Colic,SMHB00341,0.027261,0.055084,1
 Migratory Pain,SMHB00341,None,None,None
Carbuncle,SMHB00341,None,None,None
Skin Ulcer(S),SMHB00341,None,None,None
Ache,SMHB00341,None,None,None
Gastrointestinal Pain,SMHB00341,None,None,None
Neoplasm Benign Nos,SMHB00341,0.027261,0.055084,1
 Stomach Discomfort,SMHB00341,1.00E-06,2.40E-05,0.033072
 Alopecia Hereditaria,SMHB00341,None,None,None
Pain Precordial,SMHB00341,1.90E-05,0.000244,0.479165
Pain Radiating,SMHB00341,None,None,None
Crushing Pain,SMHB00341,None,None,None
Menopause,SMHB00341,None,None,None
Skin Benign Neoplasm,SMHB00341,0.027261,0.055084,1
General Abdominal Pain-Symptom,SMHB00341,0.027261,0.055084,1
Disorder Of Skin And Subcutaneous Tissue,SMHB00341,0.027261,0.055084,1
Hyperostosis,SMHB00341,0.000732,0.004741,1
 Physical Suffering,SMHB00343,None,None,None
Vaginal Discharge White,SMHB00343,None,None,None
 Zoophaginae,SMHB00343,None,None,None
Hoarseness,SMHB00343,None,None,None
Anasarca,SMHB00343,None,None,None
Dysuria,SMHB00343,1.00E-06,2.00E-05,0.027041
Vagina,SMHB00343,0.030846,0.058607,1
Edema,SMHB00343,None,None,None
Hyperalgia,SMHB00343,None,None,None
Virus,SMHB00343,None,None,None
Animal Virus,SMHB00343,None,None,None
Pain,SMHB00343,None,None,None
Polyuria,SMHB00343,0.020667,0.048222,1
Micturition Disorder,SMHB00343,None,None,None
Burning Pain,SMHB00343,None,None,None
 Splitting Pain,SMHB00343,None,None,None
Discoloration Urine,SMHB00343,None,None,None
 Feeling Of Residual Urine,SMHB00343,0.010385,0.03576,1
Discoloration Urine,SMHB00343,None,None,None
Skin Breakdown,SMHB00343,0.010385,0.03576,1
 Migratory Pain,SMHB00343,None,None,None
Eczema,SMHB00343,None,None,None
Skin Ulcer(S),SMHB00343,None,None,None
Swelling,SMHB00343,None,None,None
Ache,SMHB00343,None,None,None
"Hoarseness, Neurogenic",SMHB00343,None,None,None
Prostatism,SMHB00343,0.010385,0.03576,1
 Urinary Tract Pain,SMHB00343,0.001014,0.006182,1
Pain Radiating,SMHB00343,None,None,None
Crushing Pain,SMHB00343,None,None,None
Urethral Pain,SMHB00343,0.001014,0.006182,1
Urination Urgency,SMHB00343,0.010385,0.03576,1
Obesity,SMHB00344,None,None,None
Rheumatism,SMHB00344,0.024028,0.052098,1
Oral Dyskinesia,SMHB00344,None,None,None
Soft Tissue Injury,SMHB00344,3.40E-05,0.000393,0.84512
Lower Extremity Pain,SMHB00344,0.000337,0.002568,1
Chest Pain,SMHB00344,None,None,None
Colic,SMHB00344,0.018072,0.046235,1
Numbness Localized,SMHB00344,None,None,None
Ascites,SMHB00344,None,None,None
Salivation,SMHB00344,None,None,None
Abdominal Cramp,SMHB00344,0.012082,0.038774,1
Loin Pain,SMHB00344,0.03584,0.064462,1
Infantile Colic,SMHB00344,0.006058,0.025431,1
Breast Pain,SMHB00344,None,None,None
Joint Stiffness,SMHB00344,None,None,None
Skin Ulcer(S),SMHB00344,None,None,None
Status Marmoratus,SMHB00344,None,None,None
Ache,SMHB00344,None,None,None
Nodule Subcutaneous,SMHB00344,None,None,None
Sialorrhea,SMHB00344,None,None,None
Asthenia,SMHB00344,None,None,None
 Stomach Discomfort,SMHB00344,7.70E-05,0.000773,1
Dysentery,SMHB00344,None,None,None
Dyspepsia,SMHB00344,None,None,None
Movement Disorder,SMHB00344,None,None,None
Menometrorrhagia,SMHB00344,None,None,None
Orofacial Dyskinesia,SMHB00344,None,None,None
Colic Biliary,SMHB00344,3.40E-05,0.000393,0.84512
Renal Colic Of Both Kidneys,SMHB00344,0.006058,0.025431,1
Rash,SMHB00347,None,None,None
Deglutitional Syncope,SMHB00347,0.049587,0.078983,1
Vertebrogenic Pain Syndrome,SMHB00347,None,None,None
Hoarseness,SMHB00347,8.70E-05,0.000844,1
Stokes-Adams Syncope,SMHB00347,0.049587,0.078983,1
Behavior Drinking,SMHB00347,0.011221,0.037373,1
Abdominal Pain,SMHB00347,None,None,None
Syncope Cough,SMHB00347,0.049587,0.078983,1
Caustic Injury,SMHB00347,None,None,None
Hyperventilation Syncope,SMHB00347,0.049587,0.078983,1
Edema,SMHB00347,None,None,None
Syncope Exertional,SMHB00347,0.049587,0.078983,1
Syncope Cardiac,SMHB00347,0.049587,0.078983,1
Back Pain Without Radiation Nos,SMHB00347,None,None,None
Back Pain With Radiation,SMHB00347,None,None,None
Blurred Vision,SMHB00347,None,None,None
Arthritic Pains,SMHB00347,None,None,None
Motion Sickness,SMHB00347,2.90E-05,0.000344,0.724389
Syncope Postural,SMHB00347,0.049587,0.078983,1
Syncopal Vertigo,SMHB00347,0.049587,0.078983,1
Thirst,SMHB00347,0,0,0
Air Sickness,SMHB00347,2.90E-05,0.000344,0.724389
Gangrene,SMHB00347,None,None,None
Chest Symptom Discomfort,SMHB00347,None,None,None
Convulsive Syncope,SMHB00347,0.049587,0.078983,1
Lassitude,SMHB00347,None,None,None
Carotid Sinus Syncope,SMHB00347,0.049587,0.078983,1
Syncope Micturition,SMHB00347,0.049587,0.078983,1
"Hoarseness, Neurogenic",SMHB00347,2.90E-05,0.000344,0.724389
Vision Halo,SMHB00347,0.005625,0.024125,1
Backache,SMHB00347,None,None,None
Acrodynia,SMHB00347,None,None,None
Ulcer,SMHB00347,None,None,None
Sea Sickness,SMHB00347,2.90E-05,0.000344,0.724389
Dyspepsia,SMHB00347,None,None,None
Skin Disorder,SMHB00347,None,None,None
Syncopal Episode,SMHB00347,0.049587,0.078983,1
Hemorrhage Of Pregnancy,SMHB00347,None,None,None
Hair Disorder,SMHB00347,None,None,None
Situational Syncope,SMHB00347,0.049587,0.078983,1
Vision Dim,SMHB00347,None,None,None
Extremity Paresthesia,SMHB00347,None,None,None
Panic State,SMHB00349,0.032623,0.06074,1
Alopecia,SMHB00349,None,None,None
Alopecia Cicatrisata,SMHB00349,None,None,None
Right Flank Pain,SMHB00349,None,None,None
 Physical Suffering,SMHB00349,None,None,None
"Mental Retardations, Psychosocial",SMHB00349,0.016443,0.044013,1
Rheumatism,SMHB00349,None,None,None
Flank Pain,SMHB00349,None,None,None
Cardiac Discomfort,SMHB00349,None,None,None
Hyperalgia,SMHB00349,None,None,None
Labor Preterm,SMHB00349,0.016443,0.044013,1
Profound Mental Retardation,SMHB00349,0.016443,0.044013,1
Pain,SMHB00349,None,None,None
Arthritic Pains,SMHB00349,None,None,None
Burning Pain,SMHB00349,None,None,None
 Orthostasis,SMHB00349,None,None,None
 Splitting Pain,SMHB00349,None,None,None
Salivation,SMHB00349,None,None,None
Lightheadedness,SMHB00349,None,None,None
Premature Birth,SMHB00349,0.016443,0.044013,1
 Migratory Pain,SMHB00349,None,None,None
Musculoskeletal Pain,SMHB00349,0.032623,0.06074,1
Chest Symptom Discomfort,SMHB00349,0.041529,0.070362,1
Dizziness,SMHB00349,None,None,None
Speech Disorder,SMHB00349,0.016443,0.044013,1
Uterine Bleeding,SMHB00349,0.000137,0.001235,1
Hemorrhage Postpartum,SMHB00349,0.018323,0.046563,1
Ache,SMHB00349,None,None,None
Mental Retardation,SMHB00349,0.032623,0.06074,1
Asthenia,SMHB00349,None,None,None
Left Flank Pain,SMHB00349,None,None,None
 Alopecia Hereditaria,SMHB00349,None,None,None
Metrorrhagia,SMHB00349,None,None,None
Hemorrhage Of Pregnancy,SMHB00349,None,None,None
Pregnancy Disorder,SMHB00349,None,None,None
Pain Radiating,SMHB00349,None,None,None
Crushing Pain,SMHB00349,None,None,None
Mental Deficiency,SMHB00349,0.016443,0.044013,1
Menorrhagia,SMHB00349,0,1.00E-06,0.000466
Menometrorrhagia,SMHB00349,2.00E-06,3.50E-05,0.052139
Lower Extremity Paresthesia,SMHB00349,1.00E-06,2.00E-05,0.026599
Hyperostosis,SMHB00349,None,None,None
 Knee Joint Laxity,SMHB00349,0.016443,0.044013,1
Sharp Headache,SMHB00351,None,None,None
Pneumonia,SMHB00351,None,None,None
 Physical Suffering,SMHB00351,None,None,None
Tongue Swelling,SMHB00351,0.033474,0.061708,1
Cough Productive,SMHB00351,None,None,None
Heaviness Of Head,SMHB00351,0.033474,0.061708,1
Catarrh,SMHB00351,None,None,None
"Headache, Periorbital",SMHB00351,None,None,None
Bilateral Headache,SMHB00351,None,None,None
Other Conjunctivitis Nos,SMHB00351,0.016876,0.044684,1
Ocular Headache,SMHB00351,None,None,None
Headache Throbbing,SMHB00351,None,None,None
Hyperalgia,SMHB00351,None,None,None
Radiculopathy,SMHB00351,0.016876,0.044684,1
Eye Disorder,SMHB00351,None,None,None
Vidian Neuralgia,SMHB00351,0.049799,0.079178,1
Orthostatic Headache,SMHB00351,None,None,None
Nerve Root Disorder,SMHB00351,0.016876,0.044684,1
Pain,SMHB00351,None,None,None
Perineal Neuralgia,SMHB00351,0.049799,0.079178,1
Iliohypogastric Nerve Neuralgia,SMHB00351,0.049799,0.079178,1
Stump Neuralgia,SMHB00351,0.049799,0.079178,1
Blurred Vision,SMHB00351,0.003989,0.018619,1
Burning Pain,SMHB00351,None,None,None
 Orthostasis,SMHB00351,None,None,None
 Splitting Pain,SMHB00351,None,None,None
Lightheadedness,SMHB00351,None,None,None
"Neuralgia, Sluder",SMHB00351,0.016876,0.044684,1
Paroxysmal Nerve Pain,SMHB00351,0.049799,0.079178,1
Cervical Radiculopathy,SMHB00351,0.016876,0.044684,1
Pneumonia Lobar,SMHB00351,None,None,None
Trigeminal Autonomic Cephalgia,SMHB00351,0.016876,0.044684,1
 Migratory Pain,SMHB00351,None,None,None
Thermal Energy,SMHB00351,None,None,None
Dizziness,SMHB00351,None,None,None
Nerve Root Pain,SMHB00351,0.016876,0.044684,1
Speech Disorder,SMHB00351,0.016876,0.044684,1
Neuralgia Facial,SMHB00351,0.016876,0.044684,1
Coryza,SMHB00351,None,None,None
Ache,SMHB00351,None,None,None
Impaired Visual Acuity,SMHB00351,0.033474,0.061708,1
Neuralgia,SMHB00351,0.049799,0.079178,1
 Generalised Headache,SMHB00351,None,None,None
"Avulsion, Nerve Root",SMHB00351,0.016876,0.044684,1
Supraorbital Neuralgia,SMHB00351,0.049799,0.079178,1
Eye Blood Shot,SMHB00351,None,None,None
Pain Radiating,SMHB00351,None,None,None
Crushing Pain,SMHB00351,None,None,None
Vertex Headache,SMHB00351,None,None,None
"Headache, Retro-Ocular",SMHB00351,None,None,None
Common Cold,SMHB00351,None,None,None
Compression Nerve Root,SMHB00351,0.016876,0.044684,1
Atypical Neuralgia,SMHB00351,0.049799,0.079178,1
Vision Dim,SMHB00351,0.005526,0.023982,1
Experimental Lung Inflammation,SMHB00351,None,None,None
"Headache, Dull",SMHB00351,None,None,None
Ilioinguinal Neuralgia,SMHB00351,0.049799,0.079178,1
Headache Unilateral,SMHB00351,None,None,None
Radiculitis,SMHB00351,0.016876,0.044684,1
Tenderness,SMHB00351,0.033474,0.061708,1
Myofacial Pain Syndrome,SMHB00351,0.016876,0.044684,1
Headache,SMHB00351,None,None,None
Hot Temperature,SMHB00351,None,None,None
Nerve Pain,SMHB00351,0.049799,0.079178,1
 Dizziness Vertigo,SMHB00351,0.016876,0.044684,1
Numbness,SMHB00352,None,None,None
 Physical Suffering,SMHB00352,None,None,None
Hyperalgia,SMHB00352,None,None,None
Osteoarticular Pain,SMHB00352,0.024473,0.052525,1
Polyarthralgia,SMHB00352,None,None,None
Pain,SMHB00352,None,None,None
Arthralgia,SMHB00352,None,None,None
Arthritic Pains,SMHB00352,None,None,None
Burning Pain,SMHB00352,None,None,None
 Splitting Pain,SMHB00352,None,None,None
 Migratory Pain,SMHB00352,None,None,None
Ache,SMHB00352,None,None,None
 Urinary Tract Pain,SMHB00352,None,None,None
Sprain Of Joint,SMHB00352,0.008222,0.031456,1
Pain Radiating,SMHB00352,None,None,None
Crushing Pain,SMHB00352,None,None,None
Mental Status Altered,SMHB00352,None,None,None
Mental Status Altered,SMHB00352,None,None,None
Upper Extremity Pain Musculoskeletal,SMHB00352,0.016379,0.044013,1
Hand Soreness,SMHB00352,0.008222,0.031456,1
 Numbness In Shoulder,SMHB00352,0.008222,0.031456,1
Shoulder Pain Joint,SMHB00352,6.40E-05,0.000658,1
Pneumonia,SMHB00348,None,None,None
Decreased Urine Flow,SMHB00348,0.021916,0.049709,1
Anasarca,SMHB00348,None,None,None
Edema,SMHB00348,None,None,None
Hyperalgia,SMHB00348,0.007356,0.029106,1
Pterygium,SMHB00348,None,None,None
Aplasia,SMHB00348,0.007356,0.029106,1
Breast Cyst,SMHB00348,None,None,None
Asthma Exacerbation Acute,SMHB00348,None,None,None
Micturition Disorder,SMHB00348,None,None,None
Cough,SMHB00348,None,None,None
Bronchial Asthma,SMHB00348,None,None,None
Face Edema,SMHB00348,0.007356,0.029106,1
Pneumonia Lobar,SMHB00348,None,None,None
Hand Swelling,SMHB00348,0.007356,0.029106,1
Flatulence,SMHB00348,None,None,None
 Cough Increased,SMHB00348,0.007356,0.029106,1
Swelling,SMHB00348,None,None,None
Asthenia,SMHB00348,None,None,None
Bloating Feeling,SMHB00348,None,None,None
Experimental Lung Inflammation,SMHB00348,None,None,None
Nocturia,SMHB00644,0.005625,0.024125,1
Polyuria,SMHB00644,0.011221,0.037373,1
Bed-Wetting,SMHB00644,0.005625,0.024125,1
Urination Frequency,SMHB00644,5.00E-06,7.30E-05,0.119221
Enuresis,SMHB00644,8.70E-05,0.000844,1
 Nocturia Aggravated,SMHB00644,0.005625,0.024125,1
"Ejaculation
",SMHB00644,8.70E-05,0.000844,1
Urine Abnormality,SMHB00644,0.033316,0.061682,1
Dyssomnia,SMHB00350,0.0258,0.053532,1
Insomnia,SMHB00350,None,None,None
Diabetes Mellitus,SMHB00350,None,None,None
Constipation,SMHB00350,None,None,None
Angina Symptoms,SMHB00350,0.012981,0.039733,1
Intermittant Vertigo,SMHB00350,None,None,None
Vertigo,SMHB00350,None,None,None
Auditory Dysesthesia,SMHB00350,0.012981,0.039733,1
Vertigo Postural,SMHB00350,None,None,None
Subwakefullness Syndromes,SMHB00350,0.0258,0.053532,1
Vertigo Central Origin,SMHB00350,None,None,None
Behavior Drinking,SMHB00350,0.0258,0.053532,1
 Crackling Sound In Ear,SMHB00350,None,None,None
Hair Discoloration,SMHB00350,0.012981,0.039733,1
Hair Color Change,SMHB00350,0.012981,0.039733,1
Tinnitus,SMHB00350,None,None,None
Brain Stem Vertigo,SMHB00350,None,None,None
Tensor Palatini Induced Tinnitus,SMHB00350,None,None,None
Palpitation(S),SMHB00350,None,None,None
Distorted Hearing,SMHB00350,0.012981,0.039733,1
Urinary Tract Stone,SMHB00350,None,None,None
Subjective Tinnitus,SMHB00350,None,None,None
Noise-Induced Tinnitus,SMHB00350,None,None,None
Spontaneous Oto Acoustic Emission Tinnitus,SMHB00350,None,None,None
Objective Tinnitus,SMHB00350,None,None,None
 Long Sleeper Syndrome,SMHB00350,0.0258,0.053532,1
Motion Sickness,SMHB00350,0.000163,0.001407,1
 Essential Vertigo,SMHB00350,None,None,None
Tinnitus Of Vascular Origin,SMHB00350,None,None,None
Thirst,SMHB00350,None,None,None
Air Sickness,SMHB00350,0.000163,0.001407,1
 Sleep-Related Neurogenic Tachypnoea,SMHB00350,0.0258,0.053532,1
Stomach Cramps,SMHB00350,None,None,None
Short-Sleeper,SMHB00350,0.0258,0.053532,1
Vision Halo,SMHB00350,0.012981,0.039733,1
 Ear Clicking Sound,SMHB00350,None,None,None
Sleep Disorder,SMHB00350,0.000962,0.00589,1
Defecation Pain,SMHB00350,None,None,None
Colonic Inertia,SMHB00350,None,None,None
Paracusia,SMHB00350,0.012981,0.039733,1
 Vertigo Paroxysmal,SMHB00350,None,None,None
Hearing Disorder,SMHB00350,0.012981,0.039733,1
Sea Sickness,SMHB00350,0.000163,0.001407,1
Pulsatile Tinnitus,SMHB00350,None,None,None
Hair Abnormality,SMHB00350,None,None,None
Hair Abnormality,SMHB00350,None,None,None
Poor Quality Sleep,SMHB00350,0.012981,0.039733,1
Constant Vertigo,SMHB00350,None,None,None
Peripheral Vertigo,SMHB00350,None,None,None
Other Conjunctivitis Nos,SMHB00503,0.006491,0.026685,1
Jaundice,SMHB00503,1.20E-05,0.000165,0.301501
Otitis,SMHB00503,0.006491,0.026685,1
Skin Breakdown,SMHB00503,0.006491,0.026685,1
Eczema,SMHB00503,0.044616,0.074068,1
Ear Drainage,SMHB00503,3.90E-05,0.000436,0.975139
Throat Tightness,SMHB00503,0.044616,0.074068,1
Eye Blood Shot,SMHB00503,0.019354,0.04715,1
Neoplastic Growth,SMHB00345,None,None,None
 Physical Suffering,SMHB00345,None,None,None
Menstrual Cramp,SMHB00345,None,None,None
Epigastric Pain,SMHB00345,None,None,None
Amenorrhea,SMHB00345,0.037192,0.065886,1
Chest Pain,SMHB00345,None,None,None
Hyperalgia,SMHB00345,None,None,None
"Amenorrhea, Postpartum",SMHB00345,0.037192,0.065886,1
Yang Deficiency,SMHB00345,None,None,None
Crescendo Angina,SMHB00345,None,None,None
Pain,SMHB00345,None,None,None
Buerger Disease,SMHB00345,0.012549,0.039351,1
Chest Mass,SMHB00345,0.024945,0.053056,1
Burning Pain,SMHB00345,None,None,None
 Splitting Pain,SMHB00345,None,None,None
Angina Pectoris,SMHB00345,None,None,None
 Migratory Pain,SMHB00345,None,None,None
Pelvis Tumor,SMHB00345,0.012549,0.039351,1
Ache,SMHB00345,None,None,None
Neoplasm Benign Nos,SMHB00345,0.012549,0.039351,1
Pain Precordial,SMHB00345,2.00E-06,3.10E-05,0.04409
Abdomen Tumor,SMHB00345,0.024945,0.053056,1
Dyspepsia,SMHB00345,None,None,None
Bloating Feeling,SMHB00345,None,None,None
Pain Radiating,SMHB00345,None,None,None
Crushing Pain,SMHB00345,None,None,None
Urine Abnormality,SMHB00345,None,None,None
Menopause,SMHB00345,None,None,None
 Dyspepsia-Aggravated,SMHB00345,None,None,None
" Disease Of Vocal Cords, Nos",SMHB00345,7.00E-06,0.000103,0.174871
Smarting,SMHB00345,None,None,None
Haemorrhage Ant Chamber Eye,SMHB00346,None,None,None
Hemorrhage,SMHB00346,None,None,None
Abdominal Tenderness,SMHB00346,0.032886,0.061056,1
Stroke,SMHB00346,None,None,None
Numbness,SMHB00346,None,None,None
 Physical Suffering,SMHB00346,None,None,None
Hemoptysis,SMHB00346,None,None,None
Menstrual Cramp,SMHB00346,None,None,None
Anterior Cervical Pains,SMHB00346,0.032886,0.061056,1
Bright Red Blood Per Rectum,SMHB00346,None,None,None
Amenorrhea,SMHB00346,None,None,None
Hematemesis,SMHB00346,None,None,None
"Melena
",SMHB00346,0.001068,0.006417,1
Chest Pain,SMHB00346,None,None,None
Caustic Injury,SMHB00346,None,None,None
Smarting Of Skin,SMHB00346,0.032886,0.061056,1
Hematoma,SMHB00346,None,None,None
Hyperalgia,SMHB00346,None,None,None
Polyarthralgia,SMHB00346,None,None,None
Hemorrhage Within 24 Hours Following Delivery Of Placenta,SMHB00346,0.006136,0.025689,1
"Amenorrhea, Postpartum",SMHB00346,None,None,None
Vidian Neuralgia,SMHB00346,None,None,None
Skin Pain,SMHB00346,0.032886,0.061056,1
Palpitation(S),SMHB00346,None,None,None
Yang Deficiency,SMHB00346,None,None,None
Numbness Localized,SMHB00346,None,None,None
Crescendo Angina,SMHB00346,None,None,None
Pain,SMHB00346,None,None,None
"Cervical Pain, Posterior",SMHB00346,0.032886,0.061056,1
Perineal Neuralgia,SMHB00346,None,None,None
Respiratory Abnormality,SMHB00346,None,None,None
Arthralgia,SMHB00346,None,None,None
Iliohypogastric Nerve Neuralgia,SMHB00346,None,None,None
Stump Neuralgia,SMHB00346,None,None,None
Arthritic Pains,SMHB00346,None,None,None
Bronchiectasis,SMHB00346,None,None,None
Infantile Hemiplegia,SMHB00346,None,None,None
Burning Pain,SMHB00346,None,None,None
 Splitting Pain,SMHB00346,None,None,None
 Anal Discomforts,SMHB00346,None,None,None
 Cva Nos Acute,SMHB00346,None,None,None
Paroxysmal Nerve Pain,SMHB00346,None,None,None
Dysphonia,SMHB00346,None,None,None
Angina Pectoris,SMHB00346,None,None,None
Hemiplegia,SMHB00346,None,None,None
Spastic Hemiplegia,SMHB00346,None,None,None
 Migratory Pain,SMHB00346,None,None,None
" Hemiplegia, Post Ictal",SMHB00346,None,None,None
Uterine Bleeding,SMHB00346,None,None,None
Hemorrhage Postpartum,SMHB00346,0.000617,0.004134,1
Swelling,SMHB00346,None,None,None
Flaccid Hemiplegia,SMHB00346,None,None,None
Ache,SMHB00346,None,None,None
Transient Hemiplegia,SMHB00346,None,None,None
Neuralgia,SMHB00346,None,None,None
Hemorrhage After First 24 Hours Following Delivery Of Placenta,SMHB00346,0.006136,0.025689,1
Asthenia,SMHB00346,None,None,None
Hemorrhoid Bleeding,SMHB00346,None,None,None
Throat Tightness,SMHB00346,None,None,None
Lips Bleeding,SMHB00346,0.032886,0.061056,1
Supraorbital Neuralgia,SMHB00346,None,None,None
Metrorrhagia,SMHB00346,None,None,None
Pain Radiating,SMHB00346,None,None,None
Crushing Pain,SMHB00346,None,None,None
Vaginal Bleeding,SMHB00346,0.032886,0.061056,1
Atypical Neuralgia,SMHB00346,None,None,None
Chest Symptom Heaviness,SMHB00346,None,None,None
Chest Symptom Heaviness,SMHB00346,None,None,None
Neck Pain,SMHB00346,0.032886,0.061056,1
Smarting,SMHB00346,None,None,None
Menorrhagia,SMHB00346,None,None,None
Menometrorrhagia,SMHB00346,None,None,None
General Abdominal Pain-Symptom,SMHB00346,0.032886,0.061056,1
Ilioinguinal Neuralgia,SMHB00346,None,None,None
Hemiparesis,SMHB00346,None,None,None
Gastric Ulcer Bleeding,SMHB00346,0.032886,0.061056,1
Alternate Hemiplegia,SMHB00346,None,None,None
Nerve Pain,SMHB00346,None,None,None
Right Flank Pain,SMHB00354,None,None,None
"Seizure, Convulsion",SMHB00354,None,None,None
 Physical Suffering,SMHB00354,None,None,None
Hyperphagia,SMHB00354,0.018174,0.046235,1
Vaginal Discharge White,SMHB00354,None,None,None
Intermittant Vertigo,SMHB00354,None,None,None
Mechanical Low Back Pain,SMHB00354,None,None,None
Vertigo,SMHB00354,None,None,None
Flank Pain,SMHB00354,None,None,None
Vertigo Postural,SMHB00354,None,None,None
Sensory Seizure,SMHB00354,None,None,None
 Recurrent Low Back Pain,SMHB00354,None,None,None
Vertigo Central Origin,SMHB00354,None,None,None
Premature Ejaculation,SMHB00354,None,None,None
Seizure Focal,SMHB00354,None,None,None
Hyperalgia,SMHB00354,None,None,None
Seizure(S) Jacksonian,SMHB00354,None,None,None
Pupil Dilated,SMHB00354,0.018174,0.046235,1
Brain Stem Vertigo,SMHB00354,None,None,None
Nocturia,SMHB00354,0.018174,0.046235,1
Pain,SMHB00354,None,None,None
Polyuria,SMHB00354,0.036025,0.064516,1
Seizures,SMHB00354,None,None,None
Seizure Generalized,SMHB00354,None,None,None
Blurred Vision,SMHB00354,0.004619,0.021053,1
Burning Pain,SMHB00354,None,None,None
Visual Epilepsy,SMHB00354,None,None,None
 Splitting Pain,SMHB00354,None,None,None
Olfactory Uncinate Fit,SMHB00354,None,None,None
Bed-Wetting,SMHB00354,0.018174,0.046235,1
Motion Sickness,SMHB00354,0.000323,0.002474,1
Loin Pain,SMHB00354,None,None,None
 Essential Vertigo,SMHB00354,None,None,None
Tonic Seizure,SMHB00354,None,None,None
Postural Low Back Pain,SMHB00354,None,None,None
Urination Frequency,SMHB00354,None,None,None
Air Sickness,SMHB00354,0.000323,0.002474,1
Clonic Seizure,SMHB00354,None,None,None
 Migratory Pain,SMHB00354,None,None,None
 Seizure(S) Somatosensory,SMHB00354,None,None,None
Ache,SMHB00354,None,None,None
Vision Halo,SMHB00354,0.018174,0.046235,1
Enuresis,SMHB00354,None,None,None
Impaired Visual Acuity,SMHB00354,0.036025,0.064516,1
Seizure(S) Grand Mal,SMHB00354,None,None,None
 Nocturia Aggravated,SMHB00354,0.018174,0.046235,1
"Ejaculation
",SMHB00354,None,None,None
 Vertigo Paroxysmal,SMHB00354,None,None,None
Left Flank Pain,SMHB00354,None,None,None
Sea Sickness,SMHB00354,0.000323,0.002474,1
Gonorrhea,SMHB00354,None,None,None
Pain Radiating,SMHB00354,None,None,None
Crushing Pain,SMHB00354,None,None,None
Posterior Compartment Low Back Pain,SMHB00354,None,None,None
 [D]Fit (In Non-Epileptic) Nos,SMHB00354,None,None,None
Vision Dim,SMHB00354,None,None,None
Constant Vertigo,SMHB00354,None,None,None
Peripheral Vertigo,SMHB00354,None,None,None
 Dizziness Vertigo,SMHB00354,0.018174,0.046235,1
Pneumonia,SMHB00353,None,None,None
Right Flank Pain,SMHB00353,None,None,None
Abdominal Tenderness,SMHB00353,0.021636,0.049159,1
 Physical Suffering,SMHB00353,None,None,None
Cough Productive,SMHB00353,None,None,None
"Sputums, Induced",SMHB00353,None,None,None
Flank Pain,SMHB00353,None,None,None
Polycythemia,SMHB00353,0.021636,0.049159,1
Epigastric Pain,SMHB00353,None,None,None
Abdominal Pain,SMHB00353,None,None,None
Chest Pain,SMHB00353,None,None,None
Hyperalgia,SMHB00353,None,None,None
Crescendo Angina,SMHB00353,None,None,None
Pain,SMHB00353,None,None,None
Eating Disorder,SMHB00353,0.001358,0.007762,1
Buerger Disease,SMHB00353,0.021636,0.049159,1
Cough,SMHB00353,None,None,None
Burning Pain,SMHB00353,None,None,None
 Splitting Pain,SMHB00353,None,None,None
Injuries Wounds,SMHB00353,None,None,None
Bronchial Asthma,SMHB00353,None,None,None
Pneumonia Lobar,SMHB00353,None,None,None
Angina Pectoris,SMHB00353,None,None,None
Sputum,SMHB00353,None,None,None
Anorexia,SMHB00353,0.004401,0.020142,1
 Migratory Pain,SMHB00353,None,None,None
Skin Ulcer(S),SMHB00353,None,None,None
Ache,SMHB00353,None,None,None
Erythrocytosis,SMHB00353,0.021636,0.049159,1
Asthenia,SMHB00353,None,None,None
Left Flank Pain,SMHB00353,None,None,None
Pain Precordial,SMHB00353,1.00E-05,0.000134,0.2365
Dyspepsia,SMHB00353,None,None,None
Loss Of Appetite,SMHB00353,0.021636,0.049159,1
Pain Radiating,SMHB00353,None,None,None
Crushing Pain,SMHB00353,None,None,None
Menopause,SMHB00353,None,None,None
 Dyspepsia-Aggravated,SMHB00353,None,None,None
Chest Symptom Heaviness,SMHB00353,None,None,None
Chest Symptom Heaviness,SMHB00353,None,None,None
Experimental Lung Inflammation,SMHB00353,None,None,None
General Abdominal Pain-Symptom,SMHB00353,0.021636,0.049159,1
Cough Persistent,SMHB00353,0.006511,0.026736,1
Decreased Appetite,SMHB00353,None,None,None
Sputum Purulent,SMHB00353,None,None,None
Panic State,SMHB00515,0.049575,0.078983,1
Abdomen Distention,SMHB00515,0.000737,0.004775,1
"Memory Disorders, Spatial",SMHB00360,0.01428,0.041556,1
Abdominal Tenderness,SMHB00515,0.025097,0.053152,1
Pulse Weakness,SMHB00515,0.000489,0.003444,1
 Physical Suffering,SMHB00360,None,None,None
 Physical Suffering,SMHB00515,0.007946,0.030744,1
Tongue Swelling,SMHB00515,0.049575,0.078983,1
Angina Symptoms,SMHB00360,0.01428,0.041556,1
Intermittant Vertigo,SMHB00360,None,None,None
"Memory Disorders, Semantic",SMHB00360,0.01428,0.041556,1
Vertigo,SMHB00360,None,None,None
Anterior Cervical Pains,SMHB00515,0.025097,0.053152,1
Auditory Dysesthesia,SMHB00515,0.025097,0.053152,1
Vertigo Postural,SMHB00360,None,None,None
Parotid Enlargement,SMHB00515,0.049575,0.078983,1
Epigastric Pain,SMHB00360,None,None,None
Epigastric Pain,SMHB00515,0.003597,0.017132,1
Tongue Edema,SMHB00515,0.025097,0.053152,1
Vertigo Central Origin,SMHB00360,None,None,None
 Crackling Sound In Ear,SMHB00360,None,None,None
Chest Pain,SMHB00360,None,None,None
Chest Pain,SMHB00515,0.029444,0.057454,1
Hematoma,SMHB00360,None,None,None
Hyperalgia,SMHB00360,None,None,None
Tinnitus,SMHB00360,None,None,None
Brain Stem Vertigo,SMHB00360,None,None,None
Tensor Palatini Induced Tinnitus,SMHB00360,None,None,None
Palpitation(S),SMHB00360,None,None,None
Distorted Hearing,SMHB00515,0.025097,0.053152,1
Crescendo Angina,SMHB00360,None,None,None
Crescendo Angina,SMHB00515,0.000145,0.001285,1
Pain,SMHB00360,None,None,None
Pain,SMHB00515,0.012629,0.039594,1
Pneumatosis,SMHB00515,0.025097,0.053152,1
"Cervical Pain, Posterior",SMHB00515,0.025097,0.053152,1
Subjective Tinnitus,SMHB00360,None,None,None
Buerger Disease,SMHB00360,0.01428,0.041556,1
Buerger Disease,SMHB00515,0.025097,0.053152,1
Noise-Induced Tinnitus,SMHB00360,None,None,None
Spontaneous Oto Acoustic Emission Tinnitus,SMHB00360,None,None,None
Objective Tinnitus,SMHB00360,None,None,None
Burning Pain,SMHB00360,None,None,None
Burning Pain,SMHB00515,0.007946,0.030744,1
 Splitting Pain,SMHB00360,None,None,None
 Splitting Pain,SMHB00515,0.007946,0.030744,1
Motion Sickness,SMHB00360,0.000198,0.001664,1
Flatulence,SMHB00515,0.049575,0.078983,1
 Essential Vertigo,SMHB00360,None,None,None
Angina Pectoris,SMHB00360,None,None,None
Angina Pectoris,SMHB00515,0.000769,0.004954,1
Inability To Maintain Attention,SMHB00360,0.01428,0.041556,1
Tinnitus Of Vascular Origin,SMHB00360,None,None,None
Memory Loss Or Impairment,SMHB00360,0.01428,0.041556,1
Air Sickness,SMHB00360,0.000198,0.001664,1
 Migratory Pain,SMHB00360,None,None,None
 Migratory Pain,SMHB00515,0.007946,0.030744,1
Memory Disorder,SMHB00360,0.01428,0.041556,1
Hernia,SMHB00515,0.008704,0.032713,1
Age Related Memory Disorders,SMHB00360,0.01428,0.041556,1
Ache,SMHB00360,None,None,None
Ache,SMHB00515,0.018604,0.046865,1
Mental Retardation,SMHB00360,0.028361,0.05602,1
Vision Halo,SMHB00360,0.01428,0.041556,1
 Parotid Disease,SMHB00515,0.025097,0.053152,1
 Ear Clicking Sound,SMHB00360,None,None,None
Dyslipidemia,SMHB00360,0.01428,0.041556,1
Dyslipidemia,SMHB00515,0.025097,0.053152,1
 name Dilation,SMHB00515,0.008704,0.032713,1
 Stomach Discomfort,SMHB00515,0.00551,0.023958,1
Paracusia,SMHB00515,0.025097,0.053152,1
 Vertigo Paroxysmal,SMHB00360,None,None,None
Hearing Disorder,SMHB00515,0.025097,0.053152,1
Pain Precordial,SMHB00360,3.00E-06,4.40E-05,0.065834
Pain Precordial,SMHB00515,1.50E-05,0.000197,0.372318
Sea Sickness,SMHB00360,0.000198,0.001664,1
Forgetfulness,SMHB00360,None,None,None
Pulsatile Tinnitus,SMHB00360,None,None,None
Dyspepsia,SMHB00515,0.03477,0.063153,1
Memory Impairment,SMHB00360,0.000198,0.001664,1
Pain Radiating,SMHB00360,None,None,None
Pain Radiating,SMHB00515,0.007946,0.030744,1
Crushing Pain,SMHB00360,None,None,None
Crushing Pain,SMHB00515,0.007946,0.030744,1
Menopause,SMHB00515,0.003597,0.017132,1
Mental Aberration,SMHB00515,0.049575,0.078983,1
Chest Symptom Heaviness,SMHB00360,None,None,None
Mental Aberration,SMHB00515,0.049575,0.078983,1
Chest Symptom Heaviness,SMHB00360,None,None,None
Neck Pain,SMHB00515,0.025097,0.053152,1
Smarting,SMHB00515,0.029444,0.057454,1
Breath Holding,SMHB00360,None,None,None
Dyslipoproteinemia,SMHB00360,0.01428,0.041556,1
Dyslipoproteinemia,SMHB00515,0.025097,0.053152,1
General Abdominal Pain-Symptom,SMHB00515,0.025097,0.053152,1
Heartburn,SMHB00515,0.000619,0.004146,1
Constant Vertigo,SMHB00360,None,None,None
Peripheral Vertigo,SMHB00360,None,None,None
Hyperlipidemia,SMHB00360,0.01428,0.041556,1
Hyperlipidemia,SMHB00515,0.025097,0.053152,1
Neoplastic Growth,SMHB00356,None,None,None
Cyst,SMHB00356,0.03417,0.062682,1
Bite Wound Insect,SMHB00356,0.006923,0.027968,1
Chest Mass,SMHB00356,0.013802,0.040951,1
Bloody Stool,SMHB00356,None,None,None
Furuncle,SMHB00356,None,None,None
Abdomen Bloating,SMHB00356,0.040872,0.069693,1
Carbuncle,SMHB00356,None,None,None
Pelvis Tumor,SMHB00356,0.006923,0.027968,1
Neoplasm Benign Nos,SMHB00356,0.006923,0.027968,1
Foreign Body,SMHB00356,0.027425,0.055251,1
Snake Venom Causing Toxic Effect,SMHB00356,None,None,None
Abdomen Tumor,SMHB00356,0.013802,0.040951,1
 Pre-Menstrual Tension Syndrome,SMHB00356,None,None,None
King Evil,SMHB00356,None,None,None
Pharyngolaryngitis,SMHB00357,None,None,None
Larynx,SMHB00357,None,None,None
Laryngopharyngeal Dysaesthesia,SMHB00357,9.30E-05,0.000886,1
Tongue Ulcer,SMHB00357,None,None,None
Localized; Swelling,SMHB00357,9.30E-05,0.000886,1
 Physical Suffering,SMHB00357,None,None,None
Laryngeal Pain,SMHB00357,0.017309,0.045046,1
Parotid Enlargement,SMHB00357,0.034325,0.062763,1
Cyst,SMHB00357,None,None,None
Laryngeal Edema,SMHB00357,None,None,None
Smarting Of Skin,SMHB00357,0.017309,0.045046,1
Hematoma,SMHB00357,0.034325,0.062763,1
Hyperalgia,SMHB00357,None,None,None
Skin Pain,SMHB00357,0.017309,0.045046,1
Bite Wound Insect,SMHB00357,None,None,None
Pain,SMHB00357,None,None,None
Boredom,SMHB00357,None,None,None
Burning Pain,SMHB00357,None,None,None
 Splitting Pain,SMHB00357,None,None,None
Skin Swelling,SMHB00357,0.034325,0.062763,1
 Migratory Pain,SMHB00357,None,None,None
Swelling,SMHB00357,None,None,None
Ache,SMHB00357,None,None,None
 Parotid Disease,SMHB00357,0.017309,0.045046,1
Pharynx Disease,SMHB00357,0.034325,0.062763,1
Tonsillitis,SMHB00357,0.034325,0.062763,1
Throat Tightness,SMHB00357,3.00E-06,4.30E-05,0.064417
Pain Radiating,SMHB00357,None,None,None
Crushing Pain,SMHB00357,None,None,None
Pharyngolaryngeal Pain,SMHB00357,None,None,None
Aphthous Ulcer,SMHB00357,5.00E-06,7.30E-05,0.119215
Edema Pharynx,SMHB00357,0.000867,0.005402,1
Gingival Pain,SMHB00357,None,None,None
Oral Ulcer,SMHB00357,None,None,None
Sutton'S Disease,SMHB00357,0.017309,0.045046,1
Anasarca,SMHB00362,None,None,None
Abdominal Pain,SMHB00362,None,None,None
Edema,SMHB00362,None,None,None
Libido Decreased,SMHB00362,None,None,None
Hand Swelling,SMHB00362,0.00476,0.021453,1
Flatulence,SMHB00362,None,None,None
Carbuncle,SMHB00362,None,None,None
Skin Ulcer(S),SMHB00362,None,None,None
Swelling,SMHB00362,None,None,None
 Appetite Disorder,SMHB00362,None,None,None
Bloating Feeling,SMHB00362,None,None,None
Dyssomnia,SMHB00512,0.031771,0.059919,1
Larynx,SMHB00512,0.00242,0.012486,1
Insomnia,SMHB00512,2.00E-06,3.20E-05,0.0467
Diabetes Mellitus,SMHB00512,0.01601,0.043953,1
Pulse Weakness,SMHB00512,0.004981,0.022251,1
Cough Productive,SMHB00512,0.029169,0.057221,1
Developmental Delay,SMHB00512,0.01601,0.043953,1
Subwakefullness Syndromes,SMHB00512,0.031771,0.059919,1
Behavior Drinking,SMHB00512,0.031771,0.059919,1
Boredom,SMHB00512,0.047286,0.07697,1
Cough,SMHB00512,0.014817,0.042611,1
 Long Sleeper Syndrome,SMHB00512,0.031771,0.059919,1
Thirst,SMHB00512,0,0,2.20E-05
 Sleep-Related Neurogenic Tachypnoea,SMHB00512,0.031771,0.059919,1
Short-Sleeper,SMHB00512,0.031771,0.059919,1
Sleep Disorder,SMHB00512,0.001467,0.008301,1
Cough Nonproductive,SMHB00512,0.031771,0.059919,1
Poor Quality Sleep,SMHB00512,0.01601,0.043953,1
Cough Persistent,SMHB00512,0.003594,0.017132,1
Abdomen Distention,SMHB00358,None,None,None
Abdominal Tenderness,SMHB00358,0.012549,0.039351,1
 Physical Suffering,SMHB00358,None,None,None
Anterior Cervical Pains,SMHB00358,0.012549,0.039351,1
Abdominal Pain,SMHB00358,None,None,None
Hyperalgia,SMHB00358,None,None,None
Pain,SMHB00358,None,None,None
"Cervical Pain, Posterior",SMHB00358,0.012549,0.039351,1
 Emotional Depression,SMHB00358,0.037192,0.065886,1
Burning Pain,SMHB00358,None,None,None
 Splitting Pain,SMHB00358,None,None,None
Abdomen Discomfort,SMHB00358,None,None,None
Flatulence,SMHB00358,None,None,None
 Migratory Pain,SMHB00358,None,None,None
Chest Symptom Discomfort,SMHB00358,None,None,None
Joint Stiffness,SMHB00358,0.012549,0.039351,1
Ache,SMHB00358,None,None,None
Aphagia,SMHB00358,0.012549,0.039351,1
Dyspepsia,SMHB00358,0.009285,0.033879,1
Bloating Feeling,SMHB00358,None,None,None
Pain Radiating,SMHB00358,None,None,None
Crushing Pain,SMHB00358,None,None,None
Chest Symptom Heaviness,SMHB00358,8.40E-05,0.000832,1
Chest Symptom Heaviness,SMHB00358,8.40E-05,0.000832,1
Neck Pain,SMHB00358,0.012549,0.039351,1
Typhoid Fever,SMHB00358,None,None,None
General Abdominal Pain-Symptom,SMHB00358,0.012549,0.039351,1
Pharyngolaryngitis,SMHB00513,0.024945,0.053056,1
Larynx,SMHB00513,0,2.00E-06,0.002462
Laryngopharyngeal Dysaesthesia,SMHB00513,3.50E-05,0.000398,0.859648
Localized; Swelling,SMHB00513,3.50E-05,0.000398,0.859648
Laryngeal Pain,SMHB00513,0.012549,0.039351,1
Laryngeal Edema,SMHB00513,0.012549,0.039351,1
Caustic Injury,SMHB00513,0.037192,0.065886,1
Smarting Of Skin,SMHB00513,0.012549,0.039351,1
Hematoma,SMHB00513,0.024945,0.053056,1
Skin Pain,SMHB00513,0.012549,0.039351,1
Skin Swelling,SMHB00513,0.024945,0.053056,1
Injuries Wounds,SMHB00513,0.049289,0.078752,1
Ache,SMHB00513,0.032687,0.060831,1
Pharynx Disease,SMHB00513,0.024945,0.053056,1
Tonsillitis,SMHB00513,0.024945,0.053056,1
Throat Tightness,SMHB00513,1.00E-06,1.40E-05,0.016936
Pharyngolaryngeal Pain,SMHB00513,1.00E-06,1.40E-05,0.016936
Edema Pharynx,SMHB00513,0.000453,0.003233,1
Diabetes Mellitus,SMHB00359,None,None,None
Pulse Weakness,SMHB00359,0.005808,0.024695,1
 Physical Suffering,SMHB00359,None,None,None
 Overinclusion,SMHB00359,0.017309,0.045046,1
Hyperphagia,SMHB00359,0.017309,0.045046,1
Vaginal Discharge White,SMHB00359,None,None,None
 Zoophaginae,SMHB00359,None,None,None
Auditory Dysesthesia,SMHB00359,0.017309,0.045046,1
Renal Agenesis,SMHB00359,0.017309,0.045046,1
Developmental Delay,SMHB00359,0.017309,0.045046,1
Abdominal Pain,SMHB00359,None,None,None
Caustic Injury,SMHB00359,None,None,None
Hyperalgia,SMHB00359,None,None,None
Diarrhea,SMHB00359,None,None,None
Pupil Dilated,SMHB00359,0.017309,0.045046,1
Virus,SMHB00359,None,None,None
Animal Virus,SMHB00359,None,None,None
Distorted Hearing,SMHB00359,0.017309,0.045046,1
Nocturia,SMHB00359,0.017309,0.045046,1
Aplasia,SMHB00359,0.017309,0.045046,1
Tongue Disorder,SMHB00359,0.009741,0.034881,1
Pain,SMHB00359,None,None,None
Pneumatosis,SMHB00359,0.017309,0.045046,1
Eating Disorder,SMHB00359,0.000867,0.005402,1
Polyuria,SMHB00359,0.034325,0.062763,1
Attention Disorders,SMHB00359,0.017309,0.045046,1
Cough,SMHB00359,None,None,None
Burning Pain,SMHB00359,None,None,None
 Splitting Pain,SMHB00359,None,None,None
 Stool Loose,SMHB00359,None,None,None
Bronchial Asthma,SMHB00359,None,None,None
Urination Frequency,SMHB00359,None,None,None
Anorexia,SMHB00359,4.70E-05,0.000505,1
Thirst,SMHB00359,None,None,None
 Migratory Pain,SMHB00359,None,None,None
Carbuncle,SMHB00359,None,None,None
Thermal Energy,SMHB00359,None,None,None
 Cough Increased,SMHB00359,0.017309,0.045046,1
Swelling,SMHB00359,None,None,None
Ache,SMHB00359,None,None,None
 Nocturia Aggravated,SMHB00359,0.017309,0.045046,1
Asthenia,SMHB00359,None,None,None
"Ejaculation
",SMHB00359,None,None,None
Paracusia,SMHB00359,0.017309,0.045046,1
Hearing Disorder,SMHB00359,0.017309,0.045046,1
Loss Of Appetite,SMHB00359,0.017309,0.045046,1
Pain Radiating,SMHB00359,None,None,None
Crushing Pain,SMHB00359,None,None,None
Decreased Appetite,SMHB00359,None,None,None
King Evil,SMHB00359,None,None,None
Hot Temperature,SMHB00359,None,None,None
Blanching Of Skin,SMHB00514,0.009087,0.033209,1
Larynx,SMHB00514,0.000774,0.004954,1
Catarrh,SMHB00514,0.002725,0.013737,1
Erysipelas,SMHB00514,0.018095,0.046235,1
Dermatosis Of Scalp,SMHB00514,0.018095,0.046235,1
Carbuncle,SMHB00514,0.039084,0.067979,1
Coryza,SMHB00514,0.003388,0.016389,1
Anus,SMHB00514,0.018095,0.046235,1
Dysentery,SMHB00514,0.013543,0.040823,1
Common Cold,SMHB00514,0.003388,0.016389,1
Chills And Fever,SMHB00514,0.000221,0.001826,1
Chills And Fever,SMHB00514,0.000221,0.001826,1
Fever,SMHB00514,0,4.00E-06,0.003779
Bloody Diarrhea,SMHB00514,0.018095,0.046235,1
Fever Symptoms,SMHB00514,0.035878,0.064462,1
Right Flank Pain,SMHB00361,None,None,None
Diabetes Mellitus,SMHB00361,None,None,None
 Physical Suffering,SMHB00361,None,None,None
Hyperphagia,SMHB00361,0.019905,0.04715,1
Vaginal Discharge White,SMHB00361,None,None,None
Intermittant Vertigo,SMHB00361,None,None,None
Mechanical Low Back Pain,SMHB00361,0,0,1.00E-06
Vertigo,SMHB00361,None,None,None
Flank Pain,SMHB00361,None,None,None
Vertigo Postural,SMHB00361,None,None,None
 Recurrent Low Back Pain,SMHB00361,0,0,1.00E-06
Vertigo Central Origin,SMHB00361,None,None,None
 Crackling Sound In Ear,SMHB00361,None,None,None
Hyperalgia,SMHB00361,None,None,None
Tinnitus,SMHB00361,None,None,None
Brain Stem Vertigo,SMHB00361,None,None,None
Tensor Palatini Induced Tinnitus,SMHB00361,None,None,None
Yang Deficiency,SMHB00361,None,None,None
Nocturia,SMHB00361,0.019905,0.04715,1
Pain,SMHB00361,None,None,None
Subjective Tinnitus,SMHB00361,None,None,None
Knee(S) Pain,SMHB00361,None,None,None
Polyuria,SMHB00361,0.039422,0.067979,1
Dryness Vaginal,SMHB00361,0.019905,0.04715,1
Noise-Induced Tinnitus,SMHB00361,None,None,None
Spontaneous Oto Acoustic Emission Tinnitus,SMHB00361,None,None,None
Objective Tinnitus,SMHB00361,None,None,None
Burning Pain,SMHB00361,None,None,None
 Splitting Pain,SMHB00361,None,None,None
Bed-Wetting,SMHB00361,0.019905,0.04715,1
Motion Sickness,SMHB00361,0.000388,0.002844,1
Loin Pain,SMHB00361,2.00E-06,3.40E-05,0.049708
 Essential Vertigo,SMHB00361,None,None,None
Tinnitus Of Vascular Origin,SMHB00361,None,None,None
Postural Low Back Pain,SMHB00361,0,0,1.00E-06
Urination Frequency,SMHB00361,None,None,None
Thirst,SMHB00361,None,None,None
Air Sickness,SMHB00361,0.000388,0.002844,1
 Migratory Pain,SMHB00361,None,None,None
Speech Disorder,SMHB00361,0.019905,0.04715,1
Uterine Bleeding,SMHB00361,0.000244,0.00198,1
Hemorrhage Postpartum,SMHB00361,0.026301,0.054197,1
Functional Bowel Disorder,SMHB00361,None,None,None
Ache,SMHB00361,None,None,None
Vision Halo,SMHB00361,0.019905,0.04715,1
Enuresis,SMHB00361,None,None,None
 Ear Clicking Sound,SMHB00361,None,None,None
 Nocturia Aggravated,SMHB00361,0.019905,0.04715,1
Asthenia,SMHB00361,None,None,None
"Ejaculation
",SMHB00361,None,None,None
 Vertigo Paroxysmal,SMHB00361,None,None,None
Left Flank Pain,SMHB00361,None,None,None
Sea Sickness,SMHB00361,0.000388,0.002844,1
Metrorrhagia,SMHB00361,None,None,None
Pulsatile Tinnitus,SMHB00361,None,None,None
Pain Radiating,SMHB00361,None,None,None
Crushing Pain,SMHB00361,None,None,None
Posterior Compartment Low Back Pain,SMHB00361,0,0,1.00E-06
Menorrhagia,SMHB00361,0.00764,0.03009,1
Menometrorrhagia,SMHB00361,0.00764,0.03009,1
Constant Vertigo,SMHB00361,None,None,None
Peripheral Vertigo,SMHB00361,None,None,None
Abdomen Distention,SMHB00355,None,None,None
Gastric Disorder,SMHB00355,0.024945,0.053056,1
Vomiting Neonatal,SMHB00355,0.012549,0.039351,1
"Sputums, Induced",SMHB00355,None,None,None
Auditory Dysesthesia,SMHB00355,0.012549,0.039351,1
Hunger Abnormal,SMHB00355,None,None,None
Diarrhea,SMHB00355,None,None,None
Labor Preterm,SMHB00355,0.012549,0.039351,1
Distorted Hearing,SMHB00355,0.012549,0.039351,1
Emesis,SMHB00355,None,None,None
Sexual Dysfunction,SMHB00355,0.037192,0.065886,1
Pneumatosis,SMHB00355,0.012549,0.039351,1
Abortion,SMHB00355,0.012549,0.039351,1
Cold Sensation,SMHB00355,0.049289,0.078752,1
"Diarrhea, Chronic",SMHB00355,0.037192,0.065886,1
Diarrhea Acute,SMHB00355,0.012549,0.039351,1
Premature Birth,SMHB00355,0.012549,0.039351,1
Sputum,SMHB00355,None,None,None
Functional Bowel Disorder,SMHB00355,0.012549,0.039351,1
Diarrhea Watery,SMHB00355,0.012549,0.039351,1
Hyperemesis Gravidarum,SMHB00355,None,None,None
 Appetite Disorder,SMHB00355,None,None,None
Asthenia,SMHB00355,None,None,None
 Stomach Discomfort,SMHB00355,0.014432,0.041892,1
Paracusia,SMHB00355,0.012549,0.039351,1
Hearing Disorder,SMHB00355,0.012549,0.039351,1
Pregnancy Disorder,SMHB00355,None,None,None
Gagging,SMHB00355,None,None,None
Abnormal Ejaculation,SMHB00355,0.024945,0.053056,1
Typhoid Fever,SMHB00355,None,None,None
Abdomen Distention,SMHB00363,None,None,None
Right Flank Pain,SMHB00363,None,None,None
"Seizure, Convulsion",SMHB00363,None,None,None
 Physical Suffering,SMHB00363,None,None,None
Vaginal Discharge White,SMHB00363,None,None,None
Mechanical Low Back Pain,SMHB00363,None,None,None
Flank Pain,SMHB00363,None,None,None
Sensory Seizure,SMHB00363,None,None,None
Genital Pruritus,SMHB00363,None,None,None
 Recurrent Low Back Pain,SMHB00363,None,None,None
Seizure Focal,SMHB00363,None,None,None
Vagina,SMHB00363,0.037192,0.065886,1
Hyperalgia,SMHB00363,None,None,None
Seizure(S) Jacksonian,SMHB00363,None,None,None
" Disease, Endometrial",SMHB00363,0.012549,0.039351,1
Yang Deficiency,SMHB00363,None,None,None
Libido Decreased,SMHB00363,0.024945,0.053056,1
Aplasia,SMHB00363,0.012549,0.039351,1
Pain,SMHB00363,None,None,None
Seizures,SMHB00363,None,None,None
 Skin Scaly,SMHB00363,0.024945,0.053056,1
Seizure Generalized,SMHB00363,None,None,None
Dryness Vaginal,SMHB00363,0.012549,0.039351,1
Burning Pain,SMHB00363,None,None,None
Visual Epilepsy,SMHB00363,None,None,None
 Splitting Pain,SMHB00363,None,None,None
Olfactory Uncinate Fit,SMHB00363,None,None,None
Uterine Disorder,SMHB00363,0.012549,0.039351,1
Skin Breakdown,SMHB00363,0.012549,0.039351,1
Loin Pain,SMHB00363,None,None,None
Tonic Seizure,SMHB00363,None,None,None
Postural Low Back Pain,SMHB00363,None,None,None
Clonic Seizure,SMHB00363,None,None,None
 Migratory Pain,SMHB00363,None,None,None
Eczema,SMHB00363,None,None,None
 Subfertility,SMHB00363,None,None,None
Infertility,SMHB00363,None,None,None
 Seizure(S) Somatosensory,SMHB00363,None,None,None
Ache,SMHB00363,None,None,None
Scalp Pruritus,SMHB00363,0.012549,0.039351,1
Seizure(S) Grand Mal,SMHB00363,None,None,None
Defecation Pain,SMHB00363,None,None,None
 name Dilation,SMHB00363,None,None,None
Left Flank Pain,SMHB00363,None,None,None
Pain Radiating,SMHB00363,None,None,None
Crushing Pain,SMHB00363,None,None,None
Posterior Compartment Low Back Pain,SMHB00363,None,None,None
 [D]Fit (In Non-Epileptic) Nos,SMHB00363,None,None,None
Female Infertility,SMHB00363,0.012549,0.039351,1
Pharyngolaryngitis,SMHB00364,None,None,None
Larynx,SMHB00364,0.003115,0.015259,1
Laryngopharyngeal Dysaesthesia,SMHB00364,0.000108,0.001002,1
Tongue Ulcer,SMHB00364,0.036025,0.064516,1
Localized; Swelling,SMHB00364,0.004619,0.021053,1
 Physical Suffering,SMHB00364,None,None,None
Cough Productive,SMHB00364,None,None,None
Laryngeal Pain,SMHB00364,0.018174,0.046235,1
Cyst,SMHB00364,None,None,None
Developmental Delay,SMHB00364,None,None,None
Laryngeal Edema,SMHB00364,None,None,None
 Red,SMHB00364,0.018174,0.046235,1
Dyspnea,SMHB00364,0.036025,0.064516,1
Smarting Of Skin,SMHB00364,0.018174,0.046235,1
Hematoma,SMHB00364,0.036025,0.064516,1
Hyperalgia,SMHB00364,None,None,None
Skin Pain,SMHB00364,0.018174,0.046235,1
Aplasia,SMHB00364,0.018174,0.046235,1
Liver Tender,SMHB00364,None,None,None
Pain,SMHB00364,None,None,None
Petechiae Oral Mucosa,SMHB00364,None,None,None
Cough,SMHB00364,None,None,None
Burning Pain,SMHB00364,None,None,None
 Splitting Pain,SMHB00364,None,None,None
Skin Swelling,SMHB00364,0.036025,0.064516,1
Bronchial Asthma,SMHB00364,None,None,None
 Migratory Pain,SMHB00364,None,None,None
Swelling,SMHB00364,None,None,None
Ache,SMHB00364,None,None,None
Pharynx Disease,SMHB00364,0.036025,0.064516,1
 Face Injury,SMHB00364,0.018174,0.046235,1
Tonsillitis,SMHB00364,0.036025,0.064516,1
Throat Tightness,SMHB00364,3.00E-06,5.10E-05,0.078729
Pain Radiating,SMHB00364,None,None,None
Crushing Pain,SMHB00364,None,None,None
Pharyngolaryngeal Pain,SMHB00364,None,None,None
Ecchymoses,SMHB00364,None,None,None
Edema Pharynx,SMHB00364,0.000957,0.005866,1
Asthma Attack,SMHB00364,0.018174,0.046235,1
Cough Persistent,SMHB00364,0.004619,0.021053,1
Respiratory Distress,SMHB00364,0.036025,0.064516,1
Cough Productive,SMHB00367,None,None,None
Gastric Disorder,SMHB00367,0.023235,0.051423,1
Vomiting Neonatal,SMHB00367,0.011683,0.038067,1
"Sputums, Induced",SMHB00367,None,None,None
Catarrh,SMHB00367,None,None,None
Dermatosis Of Scalp,SMHB00367,0.023235,0.051423,1
Emesis,SMHB00367,None,None,None
Cough,SMHB00367,None,None,None
Sputum,SMHB00367,None,None,None
Sweating,SMHB00367,0.034657,0.062952,1
Food Poisoning,SMHB00367,None,None,None
Sweat,SMHB00367,0.034657,0.062952,1
Coryza,SMHB00367,None,None,None
Gagging,SMHB00367,None,None,None
Stridor,SMHB00367,0.023235,0.051423,1
Common Cold,SMHB00367,None,None,None
" Disease Of Vocal Cords, Nos",SMHB00367,0.04595,0.075628,1
Cough Persistent,SMHB00367,0.001916,0.010349,1
Anal Sphincter Atony,SMHB00367,0.011683,0.038067,1
Poisoning By,SMHB00367,2.80E-05,0.000332,0.689495
Sharp Headache,SMHB00366,None,None,None
Pharyngolaryngitis,SMHB00366,None,None,None
Larynx,SMHB00366,0.005504,0.023938,1
Stomatitis,SMHB00366,None,None,None
Laryngopharyngeal Dysaesthesia,SMHB00366,0.000256,0.002052,1
Localized; Swelling,SMHB00366,0.008128,0.031317,1
 Physical Suffering,SMHB00366,None,None,None
Oral Mucositis,SMHB00366,None,None,None
Laryngeal Pain,SMHB00366,0.024232,0.052098,1
Heaviness Of Head,SMHB00366,0.047887,0.077434,1
Scabies,SMHB00366,None,None,None
"Headache, Periorbital",SMHB00366,None,None,None
Bilateral Headache,SMHB00366,None,None,None
Ocular Headache,SMHB00366,None,None,None
Toothache,SMHB00366,None,None,None
Cyst,SMHB00366,None,None,None
Facial Paresthesia,SMHB00366,0.024232,0.052098,1
Laryngeal Edema,SMHB00366,None,None,None
Headache Throbbing,SMHB00366,None,None,None
Smarting Of Skin,SMHB00366,0.024232,0.052098,1
Hematoma,SMHB00366,0.047887,0.077434,1
Hyperalgia,SMHB00366,None,None,None
Radiculopathy,SMHB00366,0.024232,0.052098,1
Rectal Prolapse,SMHB00366,None,None,None
Skin Pain,SMHB00366,0.024232,0.052098,1
Orthostatic Headache,SMHB00366,None,None,None
Nerve Root Disorder,SMHB00366,0.024232,0.052098,1
Pain,SMHB00366,None,None,None
Burning Pain,SMHB00366,None,None,None
 Splitting Pain,SMHB00366,None,None,None
Skin Swelling,SMHB00366,0.047887,0.077434,1
Sarcoptic Red Mange,SMHB00366,None,None,None
"Neuralgia, Sluder",SMHB00366,0.024232,0.052098,1
Measles,SMHB00366,None,None,None
Cervical Radiculopathy,SMHB00366,0.024232,0.052098,1
Uterine Prolapse,SMHB00366,None,None,None
Trigeminal Autonomic Cephalgia,SMHB00366,0.024232,0.052098,1
Macula,SMHB00366,None,None,None
 Migratory Pain,SMHB00366,None,None,None
Thermal Energy,SMHB00366,None,None,None
Nerve Root Pain,SMHB00366,0.024232,0.052098,1
Dental Discomfort,SMHB00366,0.024232,0.052098,1
Neuralgia Facial,SMHB00366,0.024232,0.052098,1
Skin Ulcer(S),SMHB00366,None,None,None
Swelling,SMHB00366,None,None,None
Ache,SMHB00366,None,None,None
Pharynx Disease,SMHB00366,0.047887,0.077434,1
 Generalised Headache,SMHB00366,None,None,None
Tonsillitis,SMHB00366,0.047887,0.077434,1
Throat Tightness,SMHB00366,1.00E-05,0.000143,0.254553
"Avulsion, Nerve Root",SMHB00366,0.024232,0.052098,1
Vaginal Prolapse,SMHB00366,None,None,None
Pain Radiating,SMHB00366,None,None,None
Crushing Pain,SMHB00366,None,None,None
Anal Canal Prolapse,SMHB00366,None,None,None
Vertex Headache,SMHB00366,None,None,None
"Headache, Retro-Ocular",SMHB00366,None,None,None
Compression Nerve Root,SMHB00366,0.024232,0.052098,1
Pharyngolaryngeal Pain,SMHB00366,None,None,None
Edema Pharynx,SMHB00366,0.001704,0.009417,1
"Headache, Dull",SMHB00366,None,None,None
Headache Unilateral,SMHB00366,None,None,None
Oral Ulcer,SMHB00366,0.003355,0.016271,1
Radiculitis,SMHB00366,0.024232,0.052098,1
Tenderness,SMHB00366,0.047887,0.077434,1
Myofacial Pain Syndrome,SMHB00366,0.024232,0.052098,1
Headache,SMHB00366,None,None,None
Anal Sphincter Atony,SMHB00366,0.024232,0.052098,1
Hot Temperature,SMHB00366,None,None,None
Sutton'S Disease,SMHB00366,0.024232,0.052098,1
Uterovaginal Prolapse,SMHB00366,None,None,None
Fever,SMHB00366,None,None,None
Sharp Headache,SMHB00365,None,None,None
 Physical Suffering,SMHB00365,None,None,None
Limb Anomaly Congenital,SMHB00365,0.003029,0.014919,1
Joint Range Of Motion Decreased,SMHB00365,None,None,None
"Headache, Periorbital",SMHB00365,None,None,None
Bilateral Headache,SMHB00365,None,None,None
Ocular Headache,SMHB00365,None,None,None
Parotid Enlargement,SMHB00365,None,None,None
Headache Throbbing,SMHB00365,None,None,None
Hyperalgia,SMHB00365,None,None,None
Osteoarticular Pain,SMHB00365,0.009063,0.033209,1
Polyarthralgia,SMHB00365,None,None,None
Orthostatic Headache,SMHB00365,None,None,None
Pain,SMHB00365,None,None,None
Arthralgia,SMHB00365,None,None,None
Arthritic Pains,SMHB00365,None,None,None
Burning Pain,SMHB00365,None,None,None
 Splitting Pain,SMHB00365,None,None,None
Ocular Discomfort,SMHB00365,None,None,None
 Migratory Pain,SMHB00365,None,None,None
Ache,SMHB00365,None,None,None
 Generalised Headache,SMHB00365,None,None,None
Sprain Of Joint,SMHB00365,0.003029,0.014919,1
Pain Radiating,SMHB00365,None,None,None
Crushing Pain,SMHB00365,None,None,None
Vertex Headache,SMHB00365,None,None,None
"Headache, Retro-Ocular",SMHB00365,None,None,None
"Headache, Dull",SMHB00365,None,None,None
Headache Unilateral,SMHB00365,None,None,None
Headache,SMHB00365,None,None,None
Larynx,SMHB00653,0.000444,0.003178,1
Localized; Swelling,SMHB00653,0.040872,0.069693,1
Cataract,SMHB00653,0.047529,0.077266,1
Seizures,SMHB00653,0,1.00E-06,0.001316
Generalized Spasm,SMHB00653,0.027425,0.055251,1
Spasm,SMHB00653,0.03417,0.062682,1
Convulsions Neonatal,SMHB00653,0.020636,0.048222,1
Scalp Pruritus,SMHB00653,0.006923,0.027968,1
Ciliary Spasm,SMHB00653,0.020636,0.048222,1
Habit Disorder,SMHB00653,1.00E-06,2.00E-05,0.026914
Vocal Tic,SMHB00653,1.00E-06,2.00E-05,0.026914
Motor Tics,SMHB00653,1.00E-06,2.00E-05,0.026914
Convulsions,SMHB00653,0.03417,0.062682,1
Deglutitional Syncope,SMHB00702,6.00E-06,8.40E-05,0.139197
Larynx,SMHB00702,0.011602,0.038067,1
Laryngopharyngeal Dysaesthesia,SMHB00702,0.000798,0.005064,1
Abdominal Tenderness,SMHB00702,0.035482,0.064039,1
Stroke,SMHB00702,0.030308,0.058223,1
Localized; Swelling,SMHB00702,0.017004,0.044994,1
 Physical Suffering,SMHB00702,0.020439,0.047989,1
Presyncope,SMHB00702,1.10E-05,0.000151,0.270662
Muscle Fatigue,SMHB00702,0.035482,0.064039,1
Laryngeal Pain,SMHB00702,0.035482,0.064039,1
Stillbirth,SMHB00702,0.035482,0.064039,1
Cyst,SMHB00702,0.011602,0.038067,1
Dermatitis Eyelid,SMHB00702,0.035482,0.064039,1
Epigastric Pain,SMHB00702,0.000168,0.001447,1
Stokes-Adams Syncope,SMHB00702,6.00E-06,8.40E-05,0.139197
Laryngeal Edema,SMHB00702,0.035482,0.064039,1
Trachoma,SMHB00702,0.035482,0.064039,1
Syncope Cough,SMHB00702,6.00E-06,8.40E-05,0.139197
Hyperventilation Syncope,SMHB00702,6.00E-06,8.40E-05,0.139197
Smarting Of Skin,SMHB00702,0.035482,0.064039,1
Skin Pain,SMHB00702,0.035482,0.064039,1
Lethargy,SMHB00702,0.035482,0.064039,1
Syncope Exertional,SMHB00702,6.00E-06,8.40E-05,0.139197
Syncope Cardiac,SMHB00702,6.00E-06,8.40E-05,0.139197
Crescendo Angina,SMHB00702,7.00E-06,0.000104,0.177936
Pain,SMHB00702,0.03175,0.059919,1
Burning Pain,SMHB00702,0.020439,0.047989,1
 Splitting Pain,SMHB00702,0.020439,0.047989,1
 Cva Nos Acute,SMHB00702,0.023261,0.051423,1
Syncope Postural,SMHB00702,6.00E-06,8.40E-05,0.139197
Syncopal Vertigo,SMHB00702,6.00E-06,8.40E-05,0.139197
Angina Pectoris,SMHB00702,3.00E-06,4.30E-05,0.063634
 Migratory Pain,SMHB00702,0.020439,0.047989,1
Convulsive Syncope,SMHB00702,6.00E-06,8.40E-05,0.139197
Carotid Sinus Syncope,SMHB00702,6.00E-06,8.40E-05,0.139197
Ache,SMHB00702,0.007792,0.030283,1
Syncope Micturition,SMHB00702,6.00E-06,8.40E-05,0.139197
Neoplasm Benign Nos,SMHB00702,0.035482,0.064039,1
Abnormal Labor,SMHB00702,0.035482,0.064039,1
Throat Tightness,SMHB00702,4.80E-05,0.00051,1
Pain Precordial,SMHB00702,4.30E-05,0.000473,1
Fetal Mummification,SMHB00702,0.035482,0.064039,1
Syncopal Episode,SMHB00702,6.00E-06,8.40E-05,0.139197
Obnubilation,SMHB00702,2.10E-05,0.000262,0.519382
Syncope,SMHB00702,1.10E-05,0.000151,0.270662
Pain Radiating,SMHB00702,0.020439,0.047989,1
Situational Syncope,SMHB00702,6.00E-06,8.40E-05,0.139197
Crushing Pain,SMHB00702,0.020439,0.047989,1
Menopause,SMHB00702,0.007125,0.028653,1
Pharyngolaryngeal Pain,SMHB00702,4.80E-05,0.00051,1
Myocardial Ischemia,SMHB00702,0.035482,0.064039,1
Edema Pharynx,SMHB00702,0.003646,0.017339,1
Skin Benign Neoplasm,SMHB00702,0.035482,0.064039,1
Intrauterine Fetal Demise,SMHB00702,0.035482,0.064039,1
General Abdominal Pain-Symptom,SMHB00702,0.035482,0.064039,1
Disorder Of Skin And Subcutaneous Tissue,SMHB00702,0.035482,0.064039,1
Abdomen Distention,SMHB00375,0.013459,0.040613,1
Sharp Headache,SMHB00375,None,None,None
Abdominal Tenderness,SMHB00375,0.006058,0.025431,1
 Physical Suffering,SMHB00375,None,None,None
"Headache, Periorbital",SMHB00375,None,None,None
Bilateral Headache,SMHB00375,None,None,None
Ocular Headache,SMHB00375,None,None,None
Hemorrhoids,SMHB00375,None,None,None
Abdominal Pain,SMHB00375,None,None,None
Malnutrition,SMHB00375,0.000504,0.003532,1
Headache Throbbing,SMHB00375,None,None,None
Hyperalgia,SMHB00375,None,None,None
Orthostatic Headache,SMHB00375,None,None,None
"Overnutrition, Child",SMHB00375,None,None,None
Pain,SMHB00375,None,None,None
Burning Pain,SMHB00375,None,None,None
 Splitting Pain,SMHB00375,None,None,None
Arbovirus,SMHB00375,0.006058,0.025431,1
Abdomen Discomfort,SMHB00375,0.03584,0.064462,1
Arbovirus,SMHB00375,0.006058,0.025431,1
 Nutrition Disorders In Children,SMHB00375,None,None,None
Children Malnutrition,SMHB00375,None,None,None
 Migratory Pain,SMHB00375,None,None,None
Ache,SMHB00375,None,None,None
 Generalised Headache,SMHB00375,None,None,None
Purpuric Rash,SMHB00375,None,None,None
Pain Radiating,SMHB00375,None,None,None
Crushing Pain,SMHB00375,None,None,None
Vertex Headache,SMHB00375,None,None,None
"Headache, Retro-Ocular",SMHB00375,None,None,None
General Abdominal Pain-Symptom,SMHB00375,0.006058,0.025431,1
Headache Unilateral,SMHB00375,None,None,None
Headache,SMHB00375,None,None,None
Ascariasis,SMHB00375,0.012082,0.038774,1
Enterobiasis,SMHB00375,0.006058,0.025431,1
Pharyngolaryngitis,SMHB00373,0.031771,0.059919,1
Larynx,SMHB00373,0.00242,0.012486,1
Chest Wall Pain,SMHB00373,None,None,None
Laryngopharyngeal Dysaesthesia,SMHB00373,7.30E-05,0.000737,1
Localized; Swelling,SMHB00373,0.003594,0.017132,1
 Physical Suffering,SMHB00373,0.029169,0.057221,1
"Sputums, Induced",SMHB00373,None,None,None
Laryngeal Pain,SMHB00373,0.01601,0.043953,1
Eye Pain,SMHB00373,0.001467,0.008301,1
Other Conjunctivitis Nos,SMHB00373,0.01601,0.043953,1
Toothache,SMHB00373,None,None,None
Laryngeal Edema,SMHB00373,0.01601,0.043953,1
Smarting Of Skin,SMHB00373,0.01601,0.043953,1
Hematoma,SMHB00373,0.031771,0.059919,1
Skin Pain,SMHB00373,0.01601,0.043953,1
Jaundice,SMHB00373,0.0002,0.001684,1
Pain,SMHB00373,0.039547,0.068177,1
Burning Pain,SMHB00373,0.029169,0.057221,1
Abnormal Menstrual Cycle,SMHB00373,None,None,None
 Splitting Pain,SMHB00373,0.029169,0.057221,1
 Stool Loose,SMHB00373,None,None,None
Skin Swelling,SMHB00373,0.031771,0.059919,1
Ligament Injury,SMHB00373,None,None,None
"Neuralgia, Sluder",SMHB00373,None,None,None
Postpartum Disorder,SMHB00373,None,None,None
Sputum,SMHB00373,None,None,None
Anorexia,SMHB00373,None,None,None
 Migratory Pain,SMHB00373,0.029169,0.057221,1
Musculoskeletal Pain,SMHB00373,0.031771,0.059919,1
Chest Symptom Discomfort,SMHB00373,None,None,None
Neuralgia Facial,SMHB00373,None,None,None
Ache,SMHB00373,0.005368,0.023404,1
Sore Eye,SMHB00373,0.031771,0.059919,1
Acrodynia,SMHB00373,None,None,None
Pharynx Disease,SMHB00373,0.031771,0.059919,1
Tonsillitis,SMHB00373,0.031771,0.059919,1
Asthenia,SMHB00373,None,None,None
Throat Tightness,SMHB00373,2.00E-06,3.20E-05,0.0467
Nose Dryness,SMHB00373,None,None,None
Pain Radiating,SMHB00373,0.029169,0.057221,1
Crushing Pain,SMHB00373,0.029169,0.057221,1
Pharyngolaryngeal Pain,SMHB00373,0.000127,0.001153,1
Night Blindness,SMHB00373,None,None,None
Hair Abnormality,SMHB00373,None,None,None
Hair Abnormality,SMHB00373,None,None,None
Smarting,SMHB00373,None,None,None
Edema Pharynx,SMHB00373,0.000741,0.004791,1
Cough Persistent,SMHB00373,0.003594,0.017132,1
Ligament Sprain,SMHB00373,None,None,None
Myofacial Pain Syndrome,SMHB00373,None,None,None
Myalgia,SMHB00373,None,None,None
Swelling Round Eyes: [periorbital Edema],SMHB00373,0.01601,0.043953,1
Pneumonia,SMHB00374,None,None,None
Hemorrhage,SMHB00374,None,None,None
 Physical Suffering,SMHB00374,None,None,None
Hematuria,SMHB00374,None,None,None
Dysuria,SMHB00374,None,None,None
Hematemesis,SMHB00374,None,None,None
Edema,SMHB00374,None,None,None
Hyperalgia,SMHB00374,None,None,None
Urinary Tract Stone,SMHB00374,None,None,None
Urolithiasis,SMHB00374,0.016443,0.044013,1
Pain,SMHB00374,None,None,None
Polyuria,SMHB00374,0.032623,0.06074,1
Micturition Disorder,SMHB00374,None,None,None
Cough,SMHB00374,None,None,None
Burning Pain,SMHB00374,None,None,None
 Splitting Pain,SMHB00374,None,None,None
 Feeling Of Residual Urine,SMHB00374,0.016443,0.044013,1
Bronchial Asthma,SMHB00374,None,None,None
Pneumonia Lobar,SMHB00374,None,None,None
Urethra Hemorrhage,SMHB00374,None,None,None
Urination Frequency,SMHB00374,None,None,None
 Migratory Pain,SMHB00374,None,None,None
Blood Urine Present,SMHB00374,None,None,None
 Cough Increased,SMHB00374,0.016443,0.044013,1
Uterine Bleeding,SMHB00374,0.000137,0.001235,1
Hemorrhage Postpartum,SMHB00374,0.018323,0.046563,1
Ache,SMHB00374,None,None,None
 Urinary Tract Pain,SMHB00374,0.002553,0.013057,1
Metrorrhagia,SMHB00374,None,None,None
Edema Legs,SMHB00374,None,None,None
Lower Extremity Edema,SMHB00374,None,None,None
Pain Radiating,SMHB00374,None,None,None
Crushing Pain,SMHB00374,None,None,None
Experimental Lung Inflammation,SMHB00374,None,None,None
Menorrhagia,SMHB00374,0.00525,0.02296,1
Urine Rbc,SMHB00374,None,None,None
Menometrorrhagia,SMHB00374,0.00525,0.02296,1
Urethral Pain,SMHB00374,None,None,None
Urination Urgency,SMHB00374,0.016443,0.044013,1
Abdomen Distention,SMHB00677,0.046778,0.076591,1
Abdominal Tenderness,SMHB00677,0.011683,0.038067,1
 Physical Suffering,SMHB00677,3.20E-05,0.00037,0.787112
Vagina,SMHB00677,0.034657,0.062952,1
Bite Wound Insect,SMHB00677,0.011683,0.038067,1
Pain,SMHB00677,6.30E-05,0.000652,1
Burning Pain,SMHB00677,3.20E-05,0.00037,0.787112
"Diarrhea, Chronic",SMHB00677,0.034657,0.062952,1
 Splitting Pain,SMHB00677,3.20E-05,0.00037,0.787112
Diarrhea Acute,SMHB00677,0.011683,0.038067,1
 Migratory Pain,SMHB00677,3.20E-05,0.00037,0.787112
Diarrhea Watery,SMHB00677,0.011683,0.038067,1
Ache,SMHB00677,0.000113,0.001043,1
 Urinary Tract Pain,SMHB00677,1.40E-05,0.000186,0.347456
Dysentery,SMHB00677,0.021945,0.049744,1
Snake Venom Causing Toxic Effect,SMHB00677,0.011683,0.038067,1
Pain Radiating,SMHB00677,3.20E-05,0.00037,0.787112
Crushing Pain,SMHB00677,3.20E-05,0.00037,0.787112
General Abdominal Pain-Symptom,SMHB00677,0.011683,0.038067,1
Appendicitis,SMHB00677,0.034657,0.062952,1
Dyssomnia,SMHB00370,0.032623,0.06074,1
Abdomen Distention,SMHB00370,None,None,None
Deglutitional Syncope,SMHB00370,None,None,None
"Memory Disorders, Spatial",SMHB00370,0.016443,0.044013,1
Insomnia,SMHB00370,None,None,None
Presyncope,SMHB00370,None,None,None
"Memory Disorders, Semantic",SMHB00370,0.016443,0.044013,1
 Cryptogenic Epilepsies,SMHB00370,None,None,None
Complete Deafness,SMHB00370,None,None,None
Renal Agenesis,SMHB00370,0.016443,0.044013,1
Stokes-Adams Syncope,SMHB00370,None,None,None
Subwakefullness Syndromes,SMHB00370,0.032623,0.06074,1
 Acquired Deafness,SMHB00370,None,None,None
Transitory Deafness,SMHB00370,None,None,None
 Crackling Sound In Ear,SMHB00370,None,None,None
Syncope Cough,SMHB00370,None,None,None
Hyperventilation Syncope,SMHB00370,None,None,None
Hunger Abnormal,SMHB00370,None,None,None
Tinnitus,SMHB00370,None,None,None
Aura,SMHB00370,None,None,None
Tensor Palatini Induced Tinnitus,SMHB00370,None,None,None
Single Seizure,SMHB00370,None,None,None
Syncope Exertional,SMHB00370,None,None,None
Syncope Cardiac,SMHB00370,None,None,None
Subjective Tinnitus,SMHB00370,None,None,None
Dryness Vaginal,SMHB00370,0.016443,0.044013,1
Noise-Induced Tinnitus,SMHB00370,None,None,None
Spontaneous Oto Acoustic Emission Tinnitus,SMHB00370,None,None,None
Objective Tinnitus,SMHB00370,None,None,None
"Epilepsy, Awakening",SMHB00370,None,None,None
 Long Sleeper Syndrome,SMHB00370,0.032623,0.06074,1
Syncope Postural,SMHB00370,None,None,None
Syncopal Vertigo,SMHB00370,None,None,None
Inability To Maintain Attention,SMHB00370,0.016443,0.044013,1
Tinnitus Of Vascular Origin,SMHB00370,None,None,None
Memory Loss Or Impairment,SMHB00370,0.016443,0.044013,1
Memory Disorder,SMHB00370,0.016443,0.044013,1
 Sleep-Related Neurogenic Tachypnoea,SMHB00370,0.032623,0.06074,1
Convulsive Syncope,SMHB00370,None,None,None
Short-Sleeper,SMHB00370,0.032623,0.06074,1
Age Related Memory Disorders,SMHB00370,0.016443,0.044013,1
Epilepsy,SMHB00370,None,None,None
Carotid Sinus Syncope,SMHB00370,None,None,None
Mental Retardation,SMHB00370,0.032623,0.06074,1
Syncope Micturition,SMHB00370,None,None,None
Prelingual Deafness,SMHB00370,None,None,None
Influenza,SMHB00370,0.032623,0.06074,1
 Ear Clicking Sound,SMHB00370,None,None,None
 Appetite Disorder,SMHB00370,None,None,None
Sleep Disorder,SMHB00370,0.001548,0.008699,1
Deafness,SMHB00370,None,None,None
Extreme Hearing Loss,SMHB00370,None,None,None
Dysentery,SMHB00370,0.00025,0.002011,1
Forgetfulness,SMHB00370,None,None,None
Pulsatile Tinnitus,SMHB00370,None,None,None
Dyspepsia,SMHB00370,0.015666,0.043726,1
Memory Impairment,SMHB00370,0.000263,0.002095,1
Syncopal Episode,SMHB00370,None,None,None
Obnubilation,SMHB00370,1.00E-06,1.70E-05,0.022612
Syncope,SMHB00370,None,None,None
Situational Syncope,SMHB00370,None,None,None
Poor Quality Sleep,SMHB00370,0.016443,0.044013,1
Anorexia Symptom,SMHB00370,0.016443,0.044013,1
Right Flank Pain,SMHB00368,None,None,None
Heavy Feeling,SMHB00368,None,None,None
Constipation,SMHB00368,None,None,None
Laryngeal Pain,SMHB00368,0.012549,0.039351,1
Hemoptysis,SMHB00368,0.004064,0.018915,1
Eye Pain,SMHB00368,0.000898,0.005558,1
Other Conjunctivitis Nos,SMHB00368,0.012549,0.039351,1
Flank Pain,SMHB00368,None,None,None
Soft Tissue Injury,SMHB00368,0.000152,0.001338,1
Comedome,SMHB00368,None,None,None
Smarting Of Skin,SMHB00368,0.012549,0.039351,1
Hematoma,SMHB00368,0.024945,0.053056,1
Diarrhea,SMHB00368,0.041029,0.069718,1
Skin Pain,SMHB00368,0.012549,0.039351,1
Jaundice,SMHB00368,0.004064,0.018915,1
"Diarrhea, Chronic",SMHB00368,None,None,None
Skin Swelling,SMHB00368,0.024945,0.053056,1
Skin Breakdown,SMHB00368,0.012549,0.039351,1
Inability To Maintain Attention,SMHB00368,None,None,None
Diarrhea Watery,SMHB00368,0.012549,0.039351,1
Ache,SMHB00368,0.032687,0.060831,1
Change In Bowel Habits,SMHB00368,None,None,None
Sore Eye,SMHB00368,0.024945,0.053056,1
Scald,SMHB00368,0.000152,0.001338,1
Defecation Pain,SMHB00368,None,None,None
Colonic Inertia,SMHB00368,None,None,None
Asthenia,SMHB00368,None,None,None
Dysentery,SMHB00368,0.025123,0.053183,1
Left Flank Pain,SMHB00368,None,None,None
Pharyngolaryngeal Pain,SMHB00368,0.003072,0.015061,1
Lower Extremity Paresthesia,SMHB00368,None,None,None
Extremity Paresthesia,SMHB00368,None,None,None
Swelling Round Eyes: [periorbital Edema],SMHB00368,0.012549,0.039351,1
Alopecia,SMHB00369,None,None,None
Alopecia Cicatrisata,SMHB00369,None,None,None
Right Flank Pain,SMHB00369,0.007599,0.029971,1
Shoulder Pain,SMHB00369,None,None,None
Abdominal Tenderness,SMHB00369,None,None,None
Sprain,SMHB00369,None,None,None
Shock,SMHB00369,None,None,None
Catarrh,SMHB00369,0.006295,0.026265,1
Hemoptysis,SMHB00369,0.004939,0.022121,1
Eye Pain,SMHB00369,0.001096,0.006521,1
Mechanical Low Back Pain,SMHB00369,0,1.00E-06,0.001106
Other Conjunctivitis Nos,SMHB00369,0.013847,0.040951,1
Flank Pain,SMHB00369,0.007599,0.029971,1
 Recurrent Low Back Pain,SMHB00369,0,1.00E-06,0.001106
Hot Flash,SMHB00369,0.001096,0.006521,1
Photophobia,SMHB00369,None,None,None
Vagina,SMHB00369,0.040985,0.069693,1
Smarting Of Skin,SMHB00369,0.013847,0.040951,1
Hematoma,SMHB00369,0.027508,0.055251,1
Hyperalgia,SMHB00369,None,None,None
Polyarthralgia,SMHB00369,None,None,None
Skin Pain,SMHB00369,0.013847,0.040951,1
Quadriplegic Spinal Paralysis,SMHB00369,None,None,None
Emesis,SMHB00369,None,None,None
Jaundice,SMHB00369,0.000129,0.001172,1
 Cerebromedullospinal Disconnection,SMHB00369,None,None,None
Arthralgia,SMHB00369,None,None,None
Flaccid Tetraplegia,SMHB00369,None,None,None
Knee(S) Pain,SMHB00369,0.040985,0.069693,1
Dexol,SMHB00369,None,None,None
Gastric Acid,SMHB00369,None,None,None
Hypovolemic Shock,SMHB00369,None,None,None
Arthritic Pains,SMHB00369,None,None,None
Tuberculosis,SMHB00369,0.003736,0.017717,1
Skin Swelling,SMHB00369,0.027508,0.055251,1
Loin Pain,SMHB00369,0.002692,0.013583,1
Quadriparesis,SMHB00369,None,None,None
Postural Low Back Pain,SMHB00369,0,1.00E-06,0.001106
Spastic Quadriplegia,SMHB00369,None,None,None
Coryza,SMHB00369,0.007801,0.030297,1
Ache,SMHB00369,0.03922,0.067979,1
Sore Eye,SMHB00369,0.027508,0.055251,1
"Pantothenate, Zinc",SMHB00369,None,None,None
Ulcer,SMHB00369,None,None,None
Defecation Pain,SMHB00369,None,None,None
Quadriplegia,SMHB00369,None,None,None
Pantothenic Acid,SMHB00369,None,None,None
Dysentery,SMHB00369,None,None,None
Left Flank Pain,SMHB00369,0.007599,0.029971,1
 Alopecia Hereditaria,SMHB00369,None,None,None
Lips Bleeding,SMHB00369,None,None,None
Tachypnea,SMHB00369,None,None,None
Hair Disorder,SMHB00369,None,None,None
Posterior Compartment Low Back Pain,SMHB00369,0,1.00E-06,0.001106
Common Cold,SMHB00369,0.007801,0.030297,1
Calcium Pantothenate,SMHB00369,None,None,None
Calcium Pantothenate,SMHB00369,None,None,None
Typhoid Fever,SMHB00369,None,None,None
General Abdominal Pain-Symptom,SMHB00369,None,None,None
Lower Extremity Paresthesia,SMHB00369,None,None,None
Extremity Paresthesia,SMHB00369,None,None,None
Abnormal Stools,SMHB00369,None,None,None
Liver Function Abnormal,SMHB00369,0.013847,0.040951,1
Renal Failure Adverse Event,SMHB00369,0.027508,0.055251,1
Swelling Round Eyes: [periorbital Edema],SMHB00369,0.013847,0.040951,1
Hiccups,SMHB00376,None,None,None
"Sputums, Induced",SMHB00539,0.014337,0.041705,1
Cough,SMHB00539,3.10E-05,0.000366,0.774259
Sputum,SMHB00539,0.014337,0.041705,1
Cough Persistent,SMHB00539,0.000504,0.003532,1
King Evil,SMHB00539,0.024028,0.052098,1
Sharp Headache,SMHB00542,0,0,5.00E-06
Hyperphagia,SMHB00542,0.01601,0.043953,1
Heaviness Of Head,SMHB00542,0.031771,0.059919,1
"Headache, Periorbital",SMHB00542,0,0,5.00E-06
Bilateral Headache,SMHB00542,0,0,5.00E-06
Ocular Headache,SMHB00542,0,0,5.00E-06
Toothache,SMHB00542,0.003594,0.017132,1
Facial Paresthesia,SMHB00542,0.01601,0.043953,1
Comedome,SMHB00542,0.047286,0.07697,1
Headache Throbbing,SMHB00542,0,0,5.00E-06
Hyperalgia,SMHB00542,0.01601,0.043953,1
Radiculopathy,SMHB00542,0.01601,0.043953,1
Vidian Neuralgia,SMHB00542,0.047286,0.07697,1
Orthostatic Headache,SMHB00542,0,0,5.00E-06
Hyperpyrexia,SMHB00542,7.00E-06,9.70E-05,0.164294
Nerve Root Disorder,SMHB00542,0.01601,0.043953,1
Perineal Neuralgia,SMHB00542,0.047286,0.07697,1
Iliohypogastric Nerve Neuralgia,SMHB00542,0.047286,0.07697,1
Stump Neuralgia,SMHB00542,0.047286,0.07697,1
Eating Disorder,SMHB00542,0.047286,0.07697,1
"Neuralgia, Sluder",SMHB00542,0.01601,0.043953,1
Paroxysmal Nerve Pain,SMHB00542,0.047286,0.07697,1
Cervical Radiculopathy,SMHB00542,0.01601,0.043953,1
Trigeminal Autonomic Cephalgia,SMHB00542,0.01601,0.043953,1
Nerve Root Pain,SMHB00542,0.01601,0.043953,1
 Cough Increased,SMHB00542,0.01601,0.043953,1
Dental Discomfort,SMHB00542,0.01601,0.043953,1
Neuralgia Facial,SMHB00542,0.01601,0.043953,1
Neuralgia,SMHB00542,0.047286,0.07697,1
Eyelid Irritation,SMHB00542,0.01601,0.043953,1
 Generalised Headache,SMHB00542,0,0,5.00E-06
"Avulsion, Nerve Root",SMHB00542,0.01601,0.043953,1
Supraorbital Neuralgia,SMHB00542,0.047286,0.07697,1
Vertex Headache,SMHB00542,0,0,5.00E-06
"Headache, Retro-Ocular",SMHB00542,0,0,5.00E-06
Compression Nerve Root,SMHB00542,0.01601,0.043953,1
Atypical Neuralgia,SMHB00542,0.047286,0.07697,1
"Headache, Dull",SMHB00542,7.00E-06,9.70E-05,0.164294
Ilioinguinal Neuralgia,SMHB00542,0.047286,0.07697,1
Headache Unilateral,SMHB00542,0,0,5.00E-06
Radiculitis,SMHB00542,0.01601,0.043953,1
Tenderness,SMHB00542,0.031771,0.059919,1
Myofacial Pain Syndrome,SMHB00542,0.01601,0.043953,1
Headache,SMHB00542,0,0,1.30E-05
Acne,SMHB00542,0.047286,0.07697,1
Nerve Pain,SMHB00542,0.047286,0.07697,1
Plague,SMHB00542,0.047286,0.07697,1
Pulse Weakness,SMHB00541,0.004214,0.019528,1
Xerostomia,SMHB00541,0,4.00E-06,0.004799
Facial Paresthesia,SMHB00541,0.014712,0.042343,1
Comedome,SMHB00541,0.043509,0.072737,1
Pupil Dilated,SMHB00541,0.014712,0.042343,1
Eating Disorder,SMHB00541,0.000625,0.004175,1
Retching,SMHB00541,0.029214,0.057221,1
Retching,SMHB00541,0.029214,0.057221,1
Anorexia,SMHB00541,0.002044,0.010916,1
Dental Discomfort,SMHB00541,0.014712,0.042343,1
Loss Of Appetite,SMHB00541,0.014712,0.042343,1
Dry Tongue,SMHB00541,0.014712,0.042343,1
Atrophy,SMHB00541,0.043509,0.072737,1
Decreased Appetite,SMHB00541,0.00023,0.001888,1
Acne,SMHB00541,0.043509,0.072737,1
Hot Temperature,SMHB00541,0.029214,0.057221,1
Fever,SMHB00541,0.022164,0.050184,1
Right Flank Pain,SMHB00371,None,None,None
Laryngopharyngeal Dysaesthesia,SMHB00371,0.033316,0.061682,1
 Physical Suffering,SMHB00371,None,None,None
Bulimia Nervosa,SMHB00371,None,None,None
Mechanical Low Back Pain,SMHB00371,None,None,None
Vertebrogenic Pain Syndrome,SMHB00371,None,None,None
Menstrual Cramp,SMHB00371,0.038768,0.067563,1
Flank Pain,SMHB00371,None,None,None
 Recurrent Low Back Pain,SMHB00371,None,None,None
Amenorrhea,SMHB00371,0.016788,0.044684,1
Abdominal Pain,SMHB00371,None,None,None
Vagina,SMHB00371,0.016788,0.044684,1
Polyarthralgia,SMHB00371,None,None,None
"Amenorrhea, Postpartum",SMHB00371,0.016788,0.044684,1
Jaundice,SMHB00371,8.00E-06,0.00011,0.190134
Pain,SMHB00371,None,None,None
Arthralgia,SMHB00371,None,None,None
Back Pain Without Radiation Nos,SMHB00371,None,None,None
Back Pain With Radiation,SMHB00371,None,None,None
Asthma Exacerbation Acute,SMHB00371,0.005625,0.024125,1
Burning Pain,SMHB00371,None,None,None
 Splitting Pain,SMHB00371,None,None,None
Arbovirus,SMHB00371,None,None,None
Arbovirus,SMHB00371,None,None,None
Injuries Wounds,SMHB00371,None,None,None
Postural Low Back Pain,SMHB00371,None,None,None
Anorexia,SMHB00371,None,None,None
 Migratory Pain,SMHB00371,None,None,None
Ache,SMHB00371,None,None,None
Backache,SMHB00371,None,None,None
Neck Stiffness,SMHB00371,None,None,None
Nervousness,SMHB00371,None,None,None
Hemorrhoid Bleeding,SMHB00371,None,None,None
Left Flank Pain,SMHB00371,None,None,None
Dyspepsia,SMHB00371,None,None,None
Stridor,SMHB00371,0.011221,0.037373,1
Pain Radiating,SMHB00371,None,None,None
Crushing Pain,SMHB00371,None,None,None
Hypervigilance,SMHB00371,None,None,None
Posterior Compartment Low Back Pain,SMHB00371,None,None,None
Menopause,SMHB00371,0.022326,0.050405,1
 Dyspepsia-Aggravated,SMHB00371,None,None,None
General Discomfort,SMHB00371,None,None,None
Anxiety,SMHB00371,None,None,None
Menometrorrhagia,SMHB00371,None,None,None
Poisoning By,SMHB00371,None,None,None
 Disease Of Diaphragm,SMHB00371,0.005625,0.024125,1
Sharp Headache,SMHB00540,0,0,5.00E-06
Cataract,SMHB00540,0.004981,0.022251,1
"Mental Retardations, Psychosocial",SMHB00540,0.01601,0.043953,1
Heaviness Of Head,SMHB00540,0.031771,0.059919,1
"Headache, Periorbital",SMHB00540,0,0,5.00E-06
Bilateral Headache,SMHB00540,0,0,5.00E-06
Other Conjunctivitis Nos,SMHB00540,0.01601,0.043953,1
Ocular Headache,SMHB00540,0,0,5.00E-06
Asthenopia,SMHB00540,0.01601,0.043953,1
Headache Throbbing,SMHB00540,0,0,5.00E-06
Radiculopathy,SMHB00540,0.01601,0.043953,1
Vidian Neuralgia,SMHB00540,0.047286,0.07697,1
Profound Mental Retardation,SMHB00540,0.01601,0.043953,1
Orthostatic Headache,SMHB00540,0,0,5.00E-06
Nerve Root Disorder,SMHB00540,0.01601,0.043953,1
Perineal Neuralgia,SMHB00540,0.047286,0.07697,1
Iliohypogastric Nerve Neuralgia,SMHB00540,0.047286,0.07697,1
Stump Neuralgia,SMHB00540,0.047286,0.07697,1
Blurred Vision,SMHB00540,1.00E-06,1.60E-05,0.020246
Motion Sickness,SMHB00540,0.00025,0.002011,1
"Neuralgia, Sluder",SMHB00540,0.01601,0.043953,1
Paroxysmal Nerve Pain,SMHB00540,0.047286,0.07697,1
Cervical Radiculopathy,SMHB00540,0.01601,0.043953,1
Trigeminal Autonomic Cephalgia,SMHB00540,0.01601,0.043953,1
Air Sickness,SMHB00540,0.00025,0.002011,1
Nerve Root Pain,SMHB00540,0.01601,0.043953,1
Neuralgia Facial,SMHB00540,0.01601,0.043953,1
Mental Retardation,SMHB00540,0.031771,0.059919,1
Vision Halo,SMHB00540,0.01601,0.043953,1
Impaired Visual Acuity,SMHB00540,0.00025,0.002011,1
Neuralgia,SMHB00540,0.047286,0.07697,1
 Generalised Headache,SMHB00540,0,0,5.00E-06
"Avulsion, Nerve Root",SMHB00540,0.01601,0.043953,1
Sea Sickness,SMHB00540,0.00025,0.002011,1
Supraorbital Neuralgia,SMHB00540,0.047286,0.07697,1
Eye Blood Shot,SMHB00540,0.047286,0.07697,1
Vertex Headache,SMHB00540,0,0,5.00E-06
"Headache, Retro-Ocular",SMHB00540,0,0,5.00E-06
Compression Nerve Root,SMHB00540,0.01601,0.043953,1
Atypical Neuralgia,SMHB00540,0.047286,0.07697,1
Mental Deficiency,SMHB00540,0.01601,0.043953,1
Vision Dim,SMHB00540,0.000127,0.001153,1
Night Blindness,SMHB00540,0.001467,0.008301,1
"Headache, Dull",SMHB00540,7.00E-06,9.70E-05,0.164294
Ilioinguinal Neuralgia,SMHB00540,0.047286,0.07697,1
Headache Unilateral,SMHB00540,0,0,5.00E-06
Radiculitis,SMHB00540,0.01601,0.043953,1
Tenderness,SMHB00540,0.031771,0.059919,1
Myofacial Pain Syndrome,SMHB00540,0.01601,0.043953,1
Headache,SMHB00540,0,0,1.30E-05
Nerve Pain,SMHB00540,0.047286,0.07697,1
Abdomen Distention,SMHB00372,0.040625,0.069427,1
Abdominal Tenderness,SMHB00372,0.010818,0.036554,1
 Physical Suffering,SMHB00372,None,None,None
Vaginal Discharge White,SMHB00372,None,None,None
Bright Red Blood Per Rectum,SMHB00372,None,None,None
Abdominal Pain,SMHB00372,None,None,None
"Melena
",SMHB00372,0.000112,0.001042,1
Vagina,SMHB00372,0.032117,0.060278,1
Hyperalgia,SMHB00372,None,None,None
Diarrhea,SMHB00372,None,None,None
Rectal Prolapse,SMHB00372,None,None,None
Emesis,SMHB00372,None,None,None
Jaundice,SMHB00372,None,None,None
Pain,SMHB00372,None,None,None
Burning Pain,SMHB00372,None,None,None
"Diarrhea, Chronic",SMHB00372,0.032117,0.060278,1
 Splitting Pain,SMHB00372,None,None,None
 Migratory Pain,SMHB00372,None,None,None
Uterine Bleeding,SMHB00372,3.80E-05,0.000426,0.943863
Hemorrhage Postpartum,SMHB00372,0.008149,0.031386,1
Ache,SMHB00372,None,None,None
Anus,SMHB00372,0.021523,0.049159,1
Hemorrhoid Bleeding,SMHB00372,0.032117,0.060278,1
Dysentery,SMHB00372,None,None,None
Throat Dry,SMHB00372,None,None,None
Metrorrhagia,SMHB00372,None,None,None
Pain Radiating,SMHB00372,None,None,None
Crushing Pain,SMHB00372,None,None,None
Anal Canal Prolapse,SMHB00372,None,None,None
Typhoid Fever,SMHB00372,None,None,None
Menorrhagia,SMHB00372,0.002283,0.011914,1
Menometrorrhagia,SMHB00372,0.002283,0.011914,1
General Abdominal Pain-Symptom,SMHB00372,0.010818,0.036554,1
Dyssomnia,SMHB00630,0.020667,0.048222,1
Insomnia,SMHB00630,0,7.00E-06,0.007617
 Physical Suffering,SMHB00630,0.000609,0.004088,1
"Mental Retardations, Psychosocial",SMHB00630,0.010385,0.03576,1
Rheumatism,SMHB00630,0.040924,0.069693,1
Subwakefullness Syndromes,SMHB00630,0.020667,0.048222,1
 Anemic,SMHB00630,0.020667,0.048222,1
Dreams,SMHB00630,0.020667,0.048222,1
Muscle Weakness,SMHB00630,0.040924,0.069693,1
Profound Mental Retardation,SMHB00630,0.010385,0.03576,1
Pain,SMHB00630,0.001,0.006099,1
Anemia,SMHB00630,0.010385,0.03576,1
Generalized Spasm,SMHB00630,0.040924,0.069693,1
Burning Pain,SMHB00630,0.000609,0.004088,1
 Long Sleeper Syndrome,SMHB00630,0.020667,0.048222,1
 Splitting Pain,SMHB00630,0.000609,0.004088,1
 Migratory Pain,SMHB00630,0.000609,0.004088,1
Musculoskeletal Pain,SMHB00630,0.020667,0.048222,1
 Sleep-Related Neurogenic Tachypnoea,SMHB00630,0.020667,0.048222,1
Short-Sleeper,SMHB00630,0.020667,0.048222,1
Ache,SMHB00630,0.001522,0.008573,1
Scalp Pruritus,SMHB00630,0.010385,0.03576,1
Mental Retardation,SMHB00630,0.020667,0.048222,1
Bad Dream,SMHB00630,0.020667,0.048222,1
Sleep Disorder,SMHB00630,0.000613,0.004111,1
Nightmares,SMHB00630,0.000308,0.00238,1
Pain Radiating,SMHB00630,0.000609,0.004088,1
Crushing Pain,SMHB00630,0.000609,0.004088,1
Mental Deficiency,SMHB00630,0.010385,0.03576,1
Poor Quality Sleep,SMHB00630,0.010385,0.03576,1
Right Flank Pain,SMHB00377,None,None,None
Hemorrhage,SMHB00377,None,None,None
Diabetes Mellitus,SMHB00377,None,None,None
Limb Anomaly Congenital,SMHB00377,0.03029,0.058192,1
Angina Symptoms,SMHB00377,0.03029,0.058192,1
Intermittant Vertigo,SMHB00377,None,None,None
Night Sweat,SMHB00377,None,None,None
Vertigo,SMHB00377,None,None,None
Auditory Dysesthesia,SMHB00377,0.03029,0.058192,1
Polymenorrhea,SMHB00377,None,None,None
Flank Pain,SMHB00377,None,None,None
Vertigo Postural,SMHB00377,None,None,None
Renal Agenesis,SMHB00377,0.03029,0.058192,1
Vertigo Central Origin,SMHB00377,None,None,None
Hot Flash,SMHB00377,None,None,None
 Crackling Sound In Ear,SMHB00377,None,None,None
Hair Discoloration,SMHB00377,0.03029,0.058192,1
Hair Color Change,SMHB00377,0.03029,0.058192,1
Tinnitus,SMHB00377,None,None,None
Gastrointestinal Discomfort,SMHB00377,None,None,None
Pupil Dilated,SMHB00377,0.03029,0.058192,1
Brain Stem Vertigo,SMHB00377,None,None,None
Labor Preterm,SMHB00377,0.03029,0.058192,1
Tensor Palatini Induced Tinnitus,SMHB00377,None,None,None
Palpitation(S),SMHB00377,None,None,None
Distorted Hearing,SMHB00377,0.03029,0.058192,1
Aplasia,SMHB00377,0.03029,0.058192,1
Abortion,SMHB00377,0.03029,0.058192,1
Menses Abnormal,SMHB00377,None,None,None
Subjective Tinnitus,SMHB00377,None,None,None
Anemia,SMHB00377,0.03029,0.058192,1
Dryness Vaginal,SMHB00377,0.03029,0.058192,1
Noise-Induced Tinnitus,SMHB00377,None,None,None
Spontaneous Oto Acoustic Emission Tinnitus,SMHB00377,None,None,None
Objective Tinnitus,SMHB00377,None,None,None
Abnormal Menstrual Cycle,SMHB00377,0.03029,0.058192,1
Motion Sickness,SMHB00377,0.000905,0.00559,1
Lip Paresthesia,SMHB00377,0.03029,0.058192,1
Hair Dryness,SMHB00377,0.03029,0.058192,1
 Essential Vertigo,SMHB00377,None,None,None
Tinnitus Of Vascular Origin,SMHB00377,None,None,None
Premature Birth,SMHB00377,0.03029,0.058192,1
Thirst,SMHB00377,None,None,None
Air Sickness,SMHB00377,0.000905,0.00559,1
Breast Pain,SMHB00377,None,None,None
Oligomenorrhea,SMHB00377,0.005218,0.022884,1
Uterine Bleeding,SMHB00377,2.50E-05,0.000305,0.626094
Hemorrhage Postpartum,SMHB00377,0.006122,0.025639,1
 Hypomenorrhea,SMHB00377,None,None,None
Vision Halo,SMHB00377,0.03029,0.058192,1
 Ear Clicking Sound,SMHB00377,None,None,None
Breast Tenderness,SMHB00377,None,None,None
"Ejaculation
",SMHB00377,None,None,None
Paracusia,SMHB00377,0.03029,0.058192,1
 Vertigo Paroxysmal,SMHB00377,None,None,None
Left Flank Pain,SMHB00377,None,None,None
Hearing Disorder,SMHB00377,0.03029,0.058192,1
Sea Sickness,SMHB00377,0.000905,0.00559,1
Metrorrhagia,SMHB00377,None,None,None
Pulsatile Tinnitus,SMHB00377,None,None,None
Breast Swelling,SMHB00377,None,None,None
Breast Engorgement,SMHB00377,None,None,None
Retrograde Menstruation,SMHB00377,None,None,None
Hair Abnormality,SMHB00377,None,None,None
Hair Abnormality,SMHB00377,None,None,None
Menorrhagia,SMHB00377,0.000854,0.005357,1
Menometrorrhagia,SMHB00377,2.50E-05,0.000305,0.626094
Lower Extremity Paresthesia,SMHB00377,2.40E-05,0.000287,0.583854
Constant Vertigo,SMHB00377,None,None,None
Peripheral Vertigo,SMHB00377,None,None,None
 Knee Joint Laxity,SMHB00377,0.03029,0.058192,1
Liver Function Abnormal,SMHB00377,0.03029,0.058192,1
Right Flank Pain,SMHB00378,None,None,None
Scrotum,SMHB00378,0.012981,0.039733,1
Eschar,SMHB00378,None,None,None
Cataract,SMHB00378,None,None,None
Bulimia Nervosa,SMHB00378,None,None,None
 Lens Opacity,SMHB00378,None,None,None
Flank Pain,SMHB00378,None,None,None
Genital Pruritus,SMHB00378,0.012981,0.039733,1
Vagina,SMHB00378,0.038457,0.067282,1
Hyperalgia,SMHB00378,0.012981,0.039733,1
Dermatosis Of Scalp,SMHB00378,0.0258,0.053532,1
Vaginal Discharge,SMHB00378,0.038457,0.067282,1
Arthritic Pains,SMHB00378,None,None,None
Bronchiectasis,SMHB00378,0.000163,0.001407,1
"Diarrhea, Chronic",SMHB00378,0.038457,0.067282,1
 Stool Loose,SMHB00378,None,None,None
Diarrhea Acute,SMHB00378,0.012981,0.039733,1
Carbuncle,SMHB00378,0.009767,0.034881,1
Musculoskeletal Pain,SMHB00378,0.0258,0.053532,1
 Cough Increased,SMHB00378,0.012981,0.039733,1
Oligomenorrhea,SMHB00378,None,None,None
Diarrhea Watery,SMHB00378,0.012981,0.039733,1
Sore Eye,SMHB00378,None,None,None
Asthenia,SMHB00378,None,None,None
Left Flank Pain,SMHB00378,None,None,None
Pseudoaphakia,SMHB00378,None,None,None
Lips Bleeding,SMHB00378,0.012981,0.039733,1
Purpuric Rash,SMHB00378,None,None,None
Vaginal Bleeding,SMHB00378,0.012981,0.039733,1
Mental Status Altered,SMHB00378,None,None,None
Vulvar Abscess,SMHB00378,None,None,None
Crust,SMHB00378,None,None,None
Mental Status Altered,SMHB00378,None,None,None
Crust,SMHB00378,None,None,None
 Vulvar Abscess,SMHB00378,None,None,None
Gastric Ulcer Bleeding,SMHB00378,0.012981,0.039733,1
Fever,SMHB00378,None,None,None
Essential Hypertension,SMHB00378,0.0258,0.053532,1
Favism,SMHB00378,0.012981,0.039733,1
Urticaria,SMHB00378,0.012981,0.039733,1
Panic State,SMHB00535,0.023235,0.051423,1
Hematemesis,SMHB00535,0.005585,0.024125,1
Pupil Dilated,SMHB00535,0.011683,0.038067,1
Hyperpyrexia,SMHB00535,0,1.00E-06,0.000447
Eating Disorder,SMHB00535,0.034657,0.062952,1
Boredom,SMHB00535,0.034657,0.062952,1
Convulsions Neonatal,SMHB00535,0.034657,0.062952,1
Macula,SMHB00535,0.011683,0.038067,1
Nose Dryness,SMHB00535,0.034657,0.062952,1
Obnubilation,SMHB00535,0,0,2.20E-05
Mental Aberration,SMHB00535,0.023235,0.051423,1
Mental Aberration,SMHB00535,0.023235,0.051423,1
Fever Symptoms,SMHB00535,0.04595,0.075628,1
Larynx,SMHB00536,0.001102,0.006538,1
Pulse Weakness,SMHB00536,3.80E-05,0.000426,0.943863
Constipation,SMHB00536,0.004796,0.021603,1
Gastric Disorder,SMHB00536,0.021523,0.049159,1
Trichophytosis,SMHB00536,0.032117,0.060278,1
Bulimia Nervosa,SMHB00536,0.032117,0.060278,1
Scabies,SMHB00536,0.032117,0.060278,1
Tinea,SMHB00536,0.002283,0.011914,1
Increased Diastolic Blood Pressure,SMHB00536,0.010818,0.036554,1
Blood Prolactin Decreased,SMHB00536,0.021523,0.049159,1
Ascites,SMHB00536,0.000665,0.00437,1
Tinea Corporis,SMHB00536,0.032117,0.060278,1
Sarcoptic Red Mange,SMHB00536,0.032117,0.060278,1
High Systolic Arterial Pulse Pressure,SMHB00536,0.010818,0.036554,1
Epidermophytosis,SMHB00536,0.032117,0.060278,1
Blood Pressure Elevation,SMHB00536,0.010818,0.036554,1
Scabies,SMHB00536,0.042601,0.07148,1
Warts,SMHB00536,0.021523,0.049159,1
Sharp Headache,SMHB00379,None,None,None
Right Flank Pain,SMHB00379,None,None,None
 Physical Suffering,SMHB00379,None,None,None
"Headache, Periorbital",SMHB00379,None,None,None
Bilateral Headache,SMHB00379,None,None,None
Flank Pain,SMHB00379,None,None,None
Ocular Headache,SMHB00379,None,None,None
Headache Throbbing,SMHB00379,None,None,None
Hyperalgia,SMHB00379,None,None,None
Orthostatic Headache,SMHB00379,None,None,None
Jaundice,SMHB00379,None,None,None
Pain,SMHB00379,None,None,None
Burning Pain,SMHB00379,None,None,None
 Splitting Pain,SMHB00379,None,None,None
 Migratory Pain,SMHB00379,None,None,None
Ache,SMHB00379,None,None,None
 Generalised Headache,SMHB00379,None,None,None
Left Flank Pain,SMHB00379,None,None,None
Pain Radiating,SMHB00379,None,None,None
Crushing Pain,SMHB00379,None,None,None
Vertex Headache,SMHB00379,None,None,None
"Headache, Retro-Ocular",SMHB00379,None,None,None
"Headache, Dull",SMHB00379,None,None,None
Headache Unilateral,SMHB00379,None,None,None
Headache,SMHB00379,None,None,None
Abdomen Distention,SMHB00380,0.000329,0.002518,1
Neoplastic Growth,SMHB00380,None,None,None
 Physical Suffering,SMHB00380,None,None,None
Anasarca,SMHB00380,None,None,None
Edema,SMHB00380,None,None,None
Hyperalgia,SMHB00380,None,None,None
Idiopathic Inflammatory Myositis,SMHB00380,None,None,None
Colic,SMHB00380,0.034657,0.062952,1
Myopathy,SMHB00380,None,None,None
Ascites,SMHB00380,None,None,None
Pain,SMHB00380,None,None,None
Chest Mass,SMHB00380,0.023235,0.051423,1
Burning Pain,SMHB00380,None,None,None
 Splitting Pain,SMHB00380,None,None,None
Abdominal Cramp,SMHB00380,0.023235,0.051423,1
Infective Myositis,SMHB00380,None,None,None
Infantile Colic,SMHB00380,0.011683,0.038067,1
 Migratory Pain,SMHB00380,None,None,None
Pelvis Tumor,SMHB00380,0.011683,0.038067,1
Myositis,SMHB00380,None,None,None
Ache,SMHB00380,None,None,None
Neoplasm Benign Nos,SMHB00380,0.011683,0.038067,1
Focal Myositis,SMHB00380,None,None,None
 name Dilation,SMHB00380,0.001916,0.010349,1
Aphagia,SMHB00380,0.011683,0.038067,1
 Stomach Discomfort,SMHB00380,None,None,None
Abdomen Tumor,SMHB00380,0.023235,0.051423,1
Dyspepsia,SMHB00380,None,None,None
Proliferative Myositis,SMHB00380,None,None,None
Bloating Feeling,SMHB00380,None,None,None
Pain Radiating,SMHB00380,None,None,None
Crushing Pain,SMHB00380,None,None,None
 Dyspepsia-Aggravated,SMHB00380,None,None,None
Chest Symptom Heaviness,SMHB00380,None,None,None
Chest Symptom Heaviness,SMHB00380,None,None,None
Thyroid Tumor,SMHB00380,0.000131,0.001189,1
Erythematous Condition,SMHB00380,None,None,None
Abdomen Distention,SMHB00556,0.010563,0.036261,1
Right Flank Pain,SMHB00556,4.00E-06,6.50E-05,0.10415
Chest Wall Pain,SMHB00556,0.046028,0.075628,1
 Physical Suffering,SMHB00556,4.00E-06,5.90E-05,0.092358
Flank Pain,SMHB00556,4.00E-06,6.50E-05,0.10415
Extremity Contracture,SMHB00556,0.030919,0.058607,1
Chest Pain,SMHB00556,0.000526,0.003657,1
Smarting Of Skin,SMHB00556,0.015578,0.043506,1
Hematoma,SMHB00556,0.030919,0.058607,1
Skin Pain,SMHB00556,0.015578,0.043506,1
Pain,SMHB00556,9.00E-06,0.000128,0.223709
Breast Cyst,SMHB00556,0.015578,0.043506,1
Burning Pain,SMHB00556,4.00E-06,5.90E-05,0.092358
 Splitting Pain,SMHB00556,4.00E-06,5.90E-05,0.092358
Skin Swelling,SMHB00556,0.030919,0.058607,1
 Migratory Pain,SMHB00556,4.00E-06,5.90E-05,0.092358
Catalepsy,SMHB00556,0.046028,0.075628,1
Breast Pain,SMHB00556,0.004718,0.021426,1
Ache,SMHB00556,1.00E-06,1.50E-05,0.019157
Left Flank Pain,SMHB00556,4.00E-06,6.50E-05,0.10415
Pain Radiating,SMHB00556,4.00E-06,5.90E-05,0.092358
Crushing Pain,SMHB00556,4.00E-06,5.90E-05,0.092358
Pharyngolaryngitis,SMHB00381,None,None,None
Larynx,SMHB00381,0.00406,0.018915,1
Pneumonia,SMHB00381,None,None,None
Right Flank Pain,SMHB00381,None,None,None
Laryngopharyngeal Dysaesthesia,SMHB00381,0.000161,0.001404,1
Localized; Swelling,SMHB00381,0.00601,0.025431,1
 Physical Suffering,SMHB00381,None,None,None
Cough Productive,SMHB00381,None,None,None
Laryngeal Pain,SMHB00381,0.02077,0.04839,1
Flank Pain,SMHB00381,None,None,None
Cyst,SMHB00381,None,None,None
Duodenal Ulcer Hemorrhage,SMHB00381,0.02077,0.04839,1
Laryngeal Edema,SMHB00381,None,None,None
Smarting Of Skin,SMHB00381,0.02077,0.04839,1
Hematoma,SMHB00381,0.041118,0.069718,1
Hyperalgia,SMHB00381,None,None,None
Skin Pain,SMHB00381,0.02077,0.04839,1
Pain,SMHB00381,None,None,None
Cough,SMHB00381,None,None,None
Burning Pain,SMHB00381,None,None,None
 Splitting Pain,SMHB00381,None,None,None
Pigmentation,SMHB00381,None,None,None
Pigmentation,SMHB00381,None,None,None
Skin Swelling,SMHB00381,0.041118,0.069718,1
Pneumonia Lobar,SMHB00381,None,None,None
 Migratory Pain,SMHB00381,None,None,None
Swelling,SMHB00381,None,None,None
Ache,SMHB00381,None,None,None
Scald,SMHB00381,0.000423,0.003062,1
Pharynx Disease,SMHB00381,0.041118,0.069718,1
Second Degree Burn,SMHB00381,0.02077,0.04839,1
Tonsillitis,SMHB00381,0.041118,0.069718,1
Throat Tightness,SMHB00381,5.00E-06,8.30E-05,0.136
Dysentery,SMHB00381,None,None,None
Left Flank Pain,SMHB00381,None,None,None
 Duodenitis Hemorrhagic,SMHB00381,0.02077,0.04839,1
Pain Radiating,SMHB00381,None,None,None
Crushing Pain,SMHB00381,None,None,None
Pharyngolaryngeal Pain,SMHB00381,None,None,None
Edema Pharynx,SMHB00381,0.001251,0.007272,1
Experimental Lung Inflammation,SMHB00381,None,None,None
Cough Persistent,SMHB00381,0.00601,0.025431,1
Burn Injury,SMHB00381,8.20E-05,0.000808,1
Haemorrhage Ant Chamber Eye,SMHB00382,None,None,None
Hemorrhage,SMHB00382,None,None,None
Tongue Ulcer,SMHB00382,None,None,None
Suppuration,SMHB00382,None,None,None
Contusion,SMHB00382,0.032062,0.060278,1
Bronchiectasis,SMHB00382,3.90E-05,0.000436,0.975139
Pus,SMHB00382,None,None,None
Skin Breakdown,SMHB00382,0.006491,0.026685,1
Impetigo,SMHB00382,0.025728,0.053532,1
Anorexia,SMHB00382,None,None,None
Eczema,SMHB00382,None,None,None
Breast Pain,SMHB00382,None,None,None
Uterine Bleeding,SMHB00382,0.044616,0.074068,1
Breast Tenderness,SMHB00382,None,None,None
Lips Bleeding,SMHB00382,0.006491,0.026685,1
Skin Disorder,SMHB00382,None,None,None
Breast Swelling,SMHB00382,None,None,None
Vaginal Bleeding,SMHB00382,0.006491,0.026685,1
Breast Engorgement,SMHB00382,None,None,None
Cough Persistent,SMHB00382,None,None,None
Gastric Ulcer Bleeding,SMHB00382,0.006491,0.026685,1
Pus Drainage,SMHB00382,0.012942,0.039733,1
 Physical Suffering,SMHB00383,None,None,None
Extremity Contracture,SMHB00383,0.008637,0.032544,1
Caustic Injury,SMHB00383,0.012931,0.039733,1
Hyperalgia,SMHB00383,None,None,None
Pain,SMHB00383,None,None,None
Contusion,SMHB00383,0.021468,0.049159,1
Petechiae Oral Mucosa,SMHB00383,None,None,None
Burning Pain,SMHB00383,None,None,None
 Splitting Pain,SMHB00383,None,None,None
Spasm,SMHB00383,0.000167,0.001443,1
Cramp In Limb,SMHB00383,None,None,None
 Migratory Pain,SMHB00383,None,None,None
Ache,SMHB00383,None,None,None
Throat Dry,SMHB00383,None,None,None
Pain Radiating,SMHB00383,None,None,None
Crushing Pain,SMHB00383,None,None,None
Ecchymoses,SMHB00383,None,None,None
Gouty Pain,SMHB00383,0.004327,0.019882,1
Muscle Tightness,SMHB00383,0.004327,0.019882,1
Spasticity Muscle,SMHB00383,1.70E-05,0.000217,0.417917
Stiffness Muscle,SMHB00383,0.004327,0.019882,1
 Physical Suffering,SMHB00384,None,None,None
Cough Productive,SMHB00384,0.036274,0.064882,1
Hot Flash,SMHB00384,None,None,None
Extremity Numbness,SMHB00384,None,None,None
Skin Abscess,SMHB00384,None,None,None
Increased Diastolic Blood Pressure,SMHB00384,None,None,None
Lethargy,SMHB00384,None,None,None
Pain,SMHB00384,None,None,None
Cough,SMHB00384,0.001926,0.010383,1
Burning Pain,SMHB00384,None,None,None
 Splitting Pain,SMHB00384,None,None,None
Urination Frequency,SMHB00384,None,None,None
 Migratory Pain,SMHB00384,None,None,None
Ache,SMHB00384,None,None,None
High Systolic Arterial Pulse Pressure,SMHB00384,None,None,None
Nose Pruritus,SMHB00384,None,None,None
Bleeding Ulcer,SMHB00384,None,None,None
Abdomen Tumor,SMHB00384,None,None,None
Pain Radiating,SMHB00384,None,None,None
Crushing Pain,SMHB00384,None,None,None
Blood Pressure Elevation,SMHB00384,None,None,None
Chills And Fever,SMHB00384,None,None,None
Chills And Fever,SMHB00384,None,None,None
Cough Persistent,SMHB00384,5.60E-05,0.00059,1
Anal Sphincter Atony,SMHB00384,None,None,None
Fever,SMHB00384,None,None,None
Chronic Constipation,SMHB00384,0.002164,0.011453,1
Dyssomnia,SMHB00386,0.00021,0.00175,1
Insomnia,SMHB00386,1.00E-06,2.40E-05,0.032895
Pulse Weakness,SMHB00386,0.004214,0.019528,1
 Overinclusion,SMHB00386,0.014712,0.042343,1
Renal Agenesis,SMHB00386,0.014712,0.042343,1
Facial Paresthesia,SMHB00386,None,None,None
Subwakefullness Syndromes,SMHB00386,None,None,None
Behavior Drinking,SMHB00386,0.029214,0.057221,1
Dreams,SMHB00386,0.029214,0.057221,1
Palpitation(S),SMHB00386,None,None,None
Lethargy,SMHB00386,None,None,None
Sexual Dysfunction,SMHB00386,0.043509,0.072737,1
Attention Disorders,SMHB00386,0.014712,0.042343,1
Boredom,SMHB00386,None,None,None
Sleep Disturbances,SMHB00386,0.043509,0.072737,1
 Long Sleeper Syndrome,SMHB00386,None,None,None
Thirst,SMHB00386,None,None,None
 Sleep-Related Neurogenic Tachypnoea,SMHB00386,None,None,None
Short-Sleeper,SMHB00386,None,None,None
Bad Dream,SMHB00386,None,None,None
Sleep Disorder,SMHB00386,None,None,None
Asthenia,SMHB00386,None,None,None
Nightmares,SMHB00386,None,None,None
Hyperhidrosis,SMHB00386,None,None,None
Poor Quality Sleep,SMHB00386,0.014712,0.042343,1
Insomnia Adverse Event,SMHB00386,0.014712,0.042343,1
Transient Insomnia,SMHB00386,0.014712,0.042343,1
Deglutitional Syncope,SMHB00385,None,None,None
Chest Wall Pain,SMHB00385,0.037192,0.065886,1
Abdominal Tenderness,SMHB00385,0.012549,0.039351,1
Stroke,SMHB00385,None,None,None
"Seizure, Convulsion",SMHB00385,0.012549,0.039351,1
 Physical Suffering,SMHB00385,None,None,None
Presyncope,SMHB00385,None,None,None
Heat Stroke,SMHB00385,None,None,None
"Sputums, Induced",SMHB00385,None,None,None
 Cryptogenic Epilepsies,SMHB00385,None,None,None
Epigastric Pain,SMHB00385,None,None,None
Sensory Seizure,SMHB00385,0.012549,0.039351,1
Stokes-Adams Syncope,SMHB00385,None,None,None
Abdominal Pain,SMHB00385,None,None,None
Narcosis,SMHB00385,None,None,None
Seizure Focal,SMHB00385,0.012549,0.039351,1
Syncope Cough,SMHB00385,None,None,None
Chest Pain,SMHB00385,None,None,None
Hyperventilation Syncope,SMHB00385,None,None,None
Hyperalgia,SMHB00385,None,None,None
Seizure(S) Jacksonian,SMHB00385,0.012549,0.039351,1
Aura,SMHB00385,None,None,None
Single Seizure,SMHB00385,None,None,None
Syncope Exertional,SMHB00385,None,None,None
Stupor,SMHB00385,None,None,None
Syncope Cardiac,SMHB00385,None,None,None
Crescendo Angina,SMHB00385,None,None,None
Pain,SMHB00385,None,None,None
Seizure Generalized,SMHB00385,0.012549,0.039351,1
Limb Discomfort,SMHB00385,None,None,None
Infantile Hemiplegia,SMHB00385,None,None,None
Burning Pain,SMHB00385,None,None,None
Visual Epilepsy,SMHB00385,0.012549,0.039351,1
"Epilepsy, Awakening",SMHB00385,None,None,None
 Splitting Pain,SMHB00385,None,None,None
Olfactory Uncinate Fit,SMHB00385,0.012549,0.039351,1
Pseudocomas,SMHB00385,None,None,None
 Cva Nos Acute,SMHB00385,None,None,None
Pseudocomas,SMHB00385,None,None,None
Syncope Postural,SMHB00385,None,None,None
Syncopal Vertigo,SMHB00385,None,None,None
Tonic Seizure,SMHB00385,0.012549,0.039351,1
Angina Pectoris,SMHB00385,None,None,None
Hemiplegia,SMHB00385,None,None,None
Sputum,SMHB00385,None,None,None
Clonic Seizure,SMHB00385,0.024945,0.053056,1
Spastic Hemiplegia,SMHB00385,None,None,None
 Migratory Pain,SMHB00385,None,None,None
Convulsive Syncope,SMHB00385,None,None,None
Epilepsy,SMHB00385,None,None,None
 Seizure(S) Somatosensory,SMHB00385,0.012549,0.039351,1
" Hemiplegia, Post Ictal",SMHB00385,None,None,None
Carotid Sinus Syncope,SMHB00385,None,None,None
Flaccid Hemiplegia,SMHB00385,None,None,None
Ache,SMHB00385,None,None,None
Syncope Micturition,SMHB00385,None,None,None
Transient Hemiplegia,SMHB00385,None,None,None
Seizure(S) Grand Mal,SMHB00385,0.012549,0.039351,1
Pain Precordial,SMHB00385,2.00E-06,3.10E-05,0.04409
Syncopal Episode,SMHB00385,None,None,None
Syncope,SMHB00385,None,None,None
Pain Radiating,SMHB00385,None,None,None
Situational Syncope,SMHB00385,None,None,None
Crushing Pain,SMHB00385,None,None,None
 [D]Fit (In Non-Epileptic) Nos,SMHB00385,0.012549,0.039351,1
"Sports Injury, Nos",SMHB00385,None,None,None
General Abdominal Pain-Symptom,SMHB00385,0.012549,0.039351,1
Hemiparesis,SMHB00385,None,None,None
Iron Deficiency Anemia,SMHB00385,None,None,None
Alternate Hemiplegia,SMHB00385,None,None,None
Chest Wall Pain,SMHB00584,0.038457,0.067282,1
Abdominal Tenderness,SMHB00584,0.012981,0.039733,1
Sprain,SMHB00584,0.038457,0.067282,1
 Physical Suffering,SMHB00584,0.001188,0.006948,1
Menstrual Cramp,SMHB00584,0.003286,0.015968,1
Soft Tissue Injury,SMHB00584,0.000163,0.001407,1
Amenorrhea,SMHB00584,0.038457,0.067282,1
Caustic Injury,SMHB00584,0.038457,0.067282,1
Smarting Of Skin,SMHB00584,0.012981,0.039733,1
Hematoma,SMHB00584,0.0258,0.053532,1
Skin Abscess,SMHB00584,0.0258,0.053532,1
"Amenorrhea, Postpartum",SMHB00584,0.038457,0.067282,1
Skin Pain,SMHB00584,0.012981,0.039733,1
Pain,SMHB00584,0.00194,0.010421,1
Burning Pain,SMHB00584,0.001188,0.006948,1
 Splitting Pain,SMHB00584,0.001188,0.006948,1
Skin Swelling,SMHB00584,0.0258,0.053532,1
Ligament Injury,SMHB00584,0.012981,0.039733,1
 Migratory Pain,SMHB00584,0.001188,0.006948,1
Ache,SMHB00584,0.000172,0.001478,1
Pain Radiating,SMHB00584,0.001188,0.006948,1
Crushing Pain,SMHB00584,0.001188,0.006948,1
Menopause,SMHB00584,0.000962,0.00589,1
Smarting,SMHB00584,0.008334,0.031804,1
General Abdominal Pain-Symptom,SMHB00584,0.012981,0.039733,1
Ligament Sprain,SMHB00584,0.012981,0.039733,1
Abdomen Distention,SMHB00387,None,None,None
 Physical Suffering,SMHB00387,None,None,None
Muscle Weakness,SMHB00387,None,None,None
Hyperalgia,SMHB00387,None,None,None
Colic,SMHB00387,0.035925,0.064462,1
Pain,SMHB00387,None,None,None
Burning Pain,SMHB00387,None,None,None
 Orthostasis,SMHB00387,None,None,None
 Splitting Pain,SMHB00387,None,None,None
Lightheadedness,SMHB00387,None,None,None
Abdominal Cramp,SMHB00387,0.02409,0.052098,1
 Venomous Bite,SMHB00387,None,None,None
Infantile Colic,SMHB00387,0.012116,0.038774,1
 Migratory Pain,SMHB00387,None,None,None
Chest Symptom Discomfort,SMHB00387,0.023511,0.051684,1
Dizziness,SMHB00387,None,None,None
Ache,SMHB00387,None,None,None
Gastrointestinal Pain,SMHB00387,None,None,None
 name Dilation,SMHB00387,None,None,None
 Stomach Discomfort,SMHB00387,0,0,3.00E-06
Pain Radiating,SMHB00387,None,None,None
Crushing Pain,SMHB00387,None,None,None
Chest Symptom Heaviness,SMHB00387,None,None,None
Chest Symptom Heaviness,SMHB00387,None,None,None
Constipation,SMHB00672,0.038342,0.067282,1
 Anemic,SMHB00672,0.007775,0.030277,1
Premature Ejaculation,SMHB00672,0.003894,0.018222,1
Yang Deficiency,SMHB00672,0.019338,0.04715,1
Anemia,SMHB00672,0.003894,0.018222,1
Colonic Inertia,SMHB00672,0.03078,0.058607,1
"Ejaculation
",SMHB00672,0.011643,0.038067,1
Abnormal Ejaculation,SMHB00672,0.007775,0.030277,1
Lower Extremity Paresthesia,SMHB00672,0.049587,0.078983,1
Cold Sweat,SMHB00388,0.011251,0.037373,1
Behavior Drinking,SMHB00388,0.022379,0.050405,1
Underweight,SMHB00388,0.011251,0.037373,1
Eating Disorder,SMHB00388,0.033388,0.061682,1
Thirst,SMHB00388,None,None,None
Sweating,SMHB00388,None,None,None
Lassitude,SMHB00388,None,None,None
 Cough Increased,SMHB00388,None,None,None
Sweat,SMHB00388,None,None,None
Sweating Sickness,SMHB00388,0.033388,0.061682,1
Aphagia,SMHB00388,0.011251,0.037373,1
Asthenia,SMHB00388,None,None,None
Cough Nonproductive,SMHB00388,None,None,None
Loss Of Appetite,SMHB00388,0.011251,0.037373,1
Fatigability,SMHB00388,0.011251,0.037373,1
Urine Abnormality,SMHB00388,None,None,None
Skinny Build,SMHB00388,0.011251,0.037373,1
Lung Disorder,SMHB00388,None,None,None
Decreased Appetite,SMHB00388,None,None,None
Pneumonia,SMHB00389,None,None,None
Abdominal Tenderness,SMHB00389,0.019472,0.04715,1
Pulse Weakness,SMHB00389,0.007318,0.029106,1
 Physical Suffering,SMHB00389,None,None,None
Cough Productive,SMHB00389,None,None,None
Gastric Disorder,SMHB00389,0.038573,0.067295,1
Vomiting Neonatal,SMHB00389,0.019472,0.04715,1
Epigastric Pain,SMHB00389,None,None,None
Abdominal Pain,SMHB00389,None,None,None
Chest Pain,SMHB00389,None,None,None
Hyperalgia,SMHB00389,None,None,None
Emesis,SMHB00389,None,None,None
Crescendo Angina,SMHB00389,None,None,None
Pain,SMHB00389,None,None,None
Eating Disorder,SMHB00389,0.001099,0.006531,1
Cough,SMHB00389,None,None,None
Burning Pain,SMHB00389,None,None,None
 Splitting Pain,SMHB00389,None,None,None
Abdominal Cramp,SMHB00389,0.038573,0.067295,1
 Venomous Bite,SMHB00389,None,None,None
Pneumonia Lobar,SMHB00389,None,None,None
Angina Pectoris,SMHB00389,None,None,None
Anorexia,SMHB00389,0.003573,0.017074,1
 Migratory Pain,SMHB00389,None,None,None
Ache,SMHB00389,None,None,None
Pain Precordial,SMHB00389,7.00E-06,0.000101,0.171221
Loss Of Appetite,SMHB00389,0.019472,0.04715,1
Gagging,SMHB00389,None,None,None
Pain Radiating,SMHB00389,None,None,None
Crushing Pain,SMHB00389,None,None,None
Experimental Lung Inflammation,SMHB00389,None,None,None
General Abdominal Pain-Symptom,SMHB00389,0.019472,0.04715,1
Decreased Appetite,SMHB00389,None,None,None
Right Flank Pain,SMHB00390,None,None,None
Neoplastic Growth,SMHB00390,None,None,None
Constipation,SMHB00390,None,None,None
 Physical Suffering,SMHB00390,None,None,None
Cough Productive,SMHB00390,None,None,None
Menstrual Cramp,SMHB00390,None,None,None
Flank Pain,SMHB00390,None,None,None
Soft Tissue Injury,SMHB00390,0.000263,0.002095,1
Amenorrhea,SMHB00390,0.048543,0.078022,1
Irritability,SMHB00390,0.048543,0.078022,1
Behavior Disorder,SMHB00390,0.032623,0.06074,1
Dyspnea,SMHB00390,0.032623,0.06074,1
Hyperalgia,SMHB00390,None,None,None
"Amenorrhea, Postpartum",SMHB00390,0.048543,0.078022,1
Yang Deficiency,SMHB00390,None,None,None
Pain,SMHB00390,None,None,None
Chest Mass,SMHB00390,0.032623,0.06074,1
Cough,SMHB00390,None,None,None
Burning Pain,SMHB00390,None,None,None
 Splitting Pain,SMHB00390,None,None,None
Ligament Injury,SMHB00390,None,None,None
Gasping,SMHB00390,0.048543,0.078022,1
Bronchial Asthma,SMHB00390,None,None,None
 Migratory Pain,SMHB00390,None,None,None
Carbuncle,SMHB00390,None,None,None
Pelvis Tumor,SMHB00390,0.016443,0.044013,1
Ache,SMHB00390,None,None,None
Scalp Pruritus,SMHB00390,None,None,None
Neoplasm Benign Nos,SMHB00390,0.016443,0.044013,1
Defecation Pain,SMHB00390,None,None,None
Colonic Inertia,SMHB00390,None,None,None
Asthenia,SMHB00390,None,None,None
"Ejaculation
",SMHB00390,None,None,None
Left Flank Pain,SMHB00390,None,None,None
Abdomen Tumor,SMHB00390,0.032623,0.06074,1
Pain Radiating,SMHB00390,None,None,None
Crushing Pain,SMHB00390,None,None,None
Menopause,SMHB00390,None,None,None
" Disease Of Vocal Cords, Nos",SMHB00390,1.60E-05,0.00021,0.402535
Asthma Attack,SMHB00390,0.016443,0.044013,1
Typhoid Fever,SMHB00390,None,None,None
Cough Persistent,SMHB00390,0.003789,0.017862,1
Ligament Sprain,SMHB00390,None,None,None
Respiratory Distress,SMHB00390,0.032623,0.06074,1
Appendicitis,SMHB00390,0.048543,0.078022,1
Abdomen Distention,SMHB00634,0.029361,0.057438,1
Abdominal Tenderness,SMHB00634,0.009087,0.033209,1
 Physical Suffering,SMHB00634,0.000406,0.002958,1
Trichophytosis,SMHB00634,0.027026,0.054805,1
Rheumatism,SMHB00634,0.035878,0.064462,1
Soft Tissue Injury,SMHB00634,7.90E-05,0.000783,1
Caustic Injury,SMHB00634,0.027026,0.054805,1
Muscle Weakness,SMHB00634,0.035878,0.064462,1
Crescendo Angina,SMHB00634,0.044655,0.074068,1
Pain,SMHB00634,0.000668,0.004377,1
Tinea Corporis,SMHB00634,0.027026,0.054805,1
Burning Pain,SMHB00634,0.000406,0.002958,1
 Splitting Pain,SMHB00634,0.000406,0.002958,1
 Migratory Pain,SMHB00634,0.000406,0.002958,1
Musculoskeletal Pain,SMHB00634,0.018095,0.046235,1
Ache,SMHB00634,0.00102,0.006207,1
Epidermophytosis,SMHB00634,0.027026,0.054805,1
Pain Precordial,SMHB00634,1.00E-06,1.30E-05,0.016048
Pain Radiating,SMHB00634,0.000406,0.002958,1
Crushing Pain,SMHB00634,0.000406,0.002958,1
Smarting,SMHB00634,0.004118,0.019151,1
General Abdominal Pain-Symptom,SMHB00634,0.009087,0.033209,1
Larynx,SMHB00391,None,None,None
Right Flank Pain,SMHB00391,None,None,None
Diabetes Mellitus,SMHB00391,None,None,None
Constipation,SMHB00391,None,None,None
 Physical Suffering,SMHB00391,None,None,None
Hyperphagia,SMHB00391,0.019039,0.04715,1
"Sputums, Induced",SMHB00391,None,None,None
Mechanical Low Back Pain,SMHB00391,0,0,0
Flank Pain,SMHB00391,None,None,None
 Recurrent Low Back Pain,SMHB00391,0,0,0
Hot Flash,SMHB00391,None,None,None
Behavior Drinking,SMHB00391,0.037724,0.066384,1
Hyperalgia,SMHB00391,None,None,None
Pupil Dilated,SMHB00391,0.019039,0.04715,1
Pain,SMHB00391,None,None,None
Knee(S) Pain,SMHB00391,None,None,None
Cough,SMHB00391,None,None,None
Burning Pain,SMHB00391,None,None,None
 Splitting Pain,SMHB00391,None,None,None
Loin Pain,SMHB00391,2.00E-06,2.90E-05,0.04141
Postural Low Back Pain,SMHB00391,0,0,0
Sputum,SMHB00391,None,None,None
Thirst,SMHB00391,None,None,None
 Migratory Pain,SMHB00391,None,None,None
Ache,SMHB00391,None,None,None
Defecation Pain,SMHB00391,None,None,None
Colonic Inertia,SMHB00391,None,None,None
Cough Nonproductive,SMHB00391,None,None,None
Left Flank Pain,SMHB00391,None,None,None
Throat Dry,SMHB00391,None,None,None
Pain Radiating,SMHB00391,None,None,None
Crushing Pain,SMHB00391,None,None,None
Posterior Compartment Low Back Pain,SMHB00391,0,0,0
Abnormal Ejaculation,SMHB00391,0.037724,0.066384,1
Mental Status Altered,SMHB00391,None,None,None
Mental Status Altered,SMHB00391,None,None,None
Lung Disorder,SMHB00391,None,None,None
Sputum Purulent,SMHB00391,None,None,None
Liver Function Abnormal,SMHB00391,0.019039,0.04715,1
Renal Failure Adverse Event,SMHB00391,0.037724,0.066384,1
"Nasal Obstruction, Unilateral",SMHB00527,0.028559,0.056245,1
Sharp Headache,SMHB00527,0,1.00E-06,0.000686
"Nasal Obstruction, Bilateral",SMHB00527,0.028559,0.056245,1
Stroke,SMHB00527,0.02013,0.047675,1
Numbness,SMHB00527,0.031184,0.059103,1
 Physical Suffering,SMHB00527,0.011362,0.037708,1
 Overinclusion,SMHB00527,0.028559,0.056245,1
"Mental Retardations, Psychosocial",SMHB00527,0.028559,0.056245,1
Vein Disorder,SMHB00527,2.20E-05,0.000276,0.552154
"Headache, Periorbital",SMHB00527,0,1.00E-06,0.000686
Bilateral Headache,SMHB00527,0,1.00E-06,0.000686
Ocular Headache,SMHB00527,0,1.00E-06,0.000686
Renal Agenesis,SMHB00527,0.028559,0.056245,1
Extremity Numbness,SMHB00527,3.00E-06,4.90E-05,0.073739
 Airway Obstruction Nasal,SMHB00527,0.028559,0.056245,1
Headache Throbbing,SMHB00527,0,1.00E-06,0.000686
Semiconsciousness,SMHB00527,0.028559,0.056245,1
Arteriosclerotic Heart Disease,SMHB00527,0.028559,0.056245,1
Radiculopathy,SMHB00527,0.028559,0.056245,1
Profound Mental Retardation,SMHB00527,0.028559,0.056245,1
Orthostatic Headache,SMHB00527,0,1.00E-06,0.000686
Numbness Localized,SMHB00527,0.002366,0.012274,1
Nerve Root Disorder,SMHB00527,0.028559,0.056245,1
Pain,SMHB00527,0.01792,0.046235,1
Alteration In Level Of Consciousness,SMHB00527,0.028559,0.056245,1
Attention Disorders,SMHB00527,0.028559,0.056245,1
Seizures,SMHB00527,2.00E-05,0.000252,0.494233
Tongue Discoloration,SMHB00527,0.001653,0.009184,1
Burning Pain,SMHB00527,0.011362,0.037708,1
 Splitting Pain,SMHB00527,0.011362,0.037708,1
Arteriosclerosis,SMHB00527,0.028559,0.056245,1
Motion Sickness,SMHB00527,0.000804,0.00509,1
 Cva Nos Acute,SMHB00527,0.015379,0.043506,1
Arteriosclerosis,SMHB00527,0.028559,0.056245,1
Hair Dryness,SMHB00527,0.028559,0.056245,1
Depressed Level Of Consciousness,SMHB00527,0.028559,0.056245,1
"Neuralgia, Sluder",SMHB00527,0.028559,0.056245,1
Cervical Radiculopathy,SMHB00527,0.028559,0.056245,1
Consciousness Disorder,SMHB00527,0.028559,0.056245,1
Trigeminal Autonomic Cephalgia,SMHB00527,0.028559,0.056245,1
Air Sickness,SMHB00527,0.000804,0.00509,1
 Migratory Pain,SMHB00527,0.011362,0.037708,1
Nerve Root Pain,SMHB00527,0.028559,0.056245,1
Neuralgia Facial,SMHB00527,0.028559,0.056245,1
Ache,SMHB00527,0.026197,0.054126,1
Vision Halo,SMHB00527,0.028559,0.056245,1
 Generalised Headache,SMHB00527,0,1.00E-06,0.000686
Habit Disorder,SMHB00527,8.70E-05,0.000844,1
"Avulsion, Nerve Root",SMHB00527,0.028559,0.056245,1
Vocal Tic,SMHB00527,8.70E-05,0.000844,1
Sea Sickness,SMHB00527,0.000804,0.00509,1
Motor Tics,SMHB00527,8.70E-05,0.000844,1
Pain Radiating,SMHB00527,0.011362,0.037708,1
Crushing Pain,SMHB00527,0.011362,0.037708,1
Vertex Headache,SMHB00527,0,1.00E-06,0.000686
"Headache, Retro-Ocular",SMHB00527,0,1.00E-06,0.000686
Compression Nerve Root,SMHB00527,0.028559,0.056245,1
Mental Deficiency,SMHB00527,0.028559,0.056245,1
"Headache, Dull",SMHB00527,6.90E-05,0.000703,1
Headache Unilateral,SMHB00527,0,1.00E-06,0.000686
Radiculitis,SMHB00527,0.028559,0.056245,1
Myofacial Pain Syndrome,SMHB00527,0.028559,0.056245,1
Headache,SMHB00527,0,2.00E-06,0.001663
Tetanus,SMHB00527,0.028559,0.056245,1
Abdominal Tenderness,SMHB00395,0.024232,0.052098,1
 Physical Suffering,SMHB00395,None,None,None
Cough Productive,SMHB00395,None,None,None
Vaginal Discharge White,SMHB00395,0.011203,0.037373,1
Polymenorrhea,SMHB00395,0.000256,0.002052,1
Abdominal Pain,SMHB00395,None,None,None
Hematoma,SMHB00395,None,None,None
Hyperalgia,SMHB00395,None,None,None
Polyarthralgia,SMHB00395,0,0,2.30E-05
Liver Tender,SMHB00395,None,None,None
Pain,SMHB00395,None,None,None
Menses Abnormal,SMHB00395,0.000256,0.002052,1
Arthralgia,SMHB00395,1.00E-06,1.30E-05,0.016186
Arthritic Pains,SMHB00395,None,None,None
Cough,SMHB00395,None,None,None
Burning Pain,SMHB00395,None,None,None
Abnormal Menstrual Cycle,SMHB00395,0.024232,0.052098,1
 Splitting Pain,SMHB00395,None,None,None
Abdomen Discomfort,SMHB00395,0.008128,0.031317,1
Abdominal Cramp,SMHB00395,0.047887,0.077434,1
 Migratory Pain,SMHB00395,None,None,None
Musculoskeletal Pain,SMHB00395,0.047887,0.077434,1
Oligomenorrhea,SMHB00395,0.003355,0.016271,1
Skin Ulcer(S),SMHB00395,None,None,None
Ache,SMHB00395,None,None,None
 Hypomenorrhea,SMHB00395,0.000256,0.002052,1
Throat Dry,SMHB00395,None,None,None
Sprain Of Joint,SMHB00395,0.024232,0.052098,1
Pain Radiating,SMHB00395,None,None,None
Crushing Pain,SMHB00395,None,None,None
Retrograde Menstruation,SMHB00395,0.000256,0.002052,1
General Abdominal Pain-Symptom,SMHB00395,0.024232,0.052098,1
Cough Persistent,SMHB00395,0.008128,0.031317,1
Arthritis,SMHB00395,0.024232,0.052098,1
Colic Renal,SMHB00395,0.024232,0.052098,1
Panic State,SMHB00398,0.021523,0.049159,1
Deglutitional Syncope,SMHB00398,None,None,None
Stroke,SMHB00398,None,None,None
"Seizure, Convulsion",SMHB00398,0.010818,0.036554,1
 Overinclusion,SMHB00398,0.010818,0.036554,1
Presyncope,SMHB00398,None,None,None
"Sputums, Induced",SMHB00398,None,None,None
Heaviness Of Head,SMHB00398,None,None,None
 Cryptogenic Epilepsies,SMHB00398,None,None,None
Sensory Seizure,SMHB00398,0.010818,0.036554,1
Stokes-Adams Syncope,SMHB00398,None,None,None
Masseter Muscle Spasm,SMHB00398,0.021523,0.049159,1
Seizure Focal,SMHB00398,0.010818,0.036554,1
Syncope Cough,SMHB00398,None,None,None
Hyperventilation Syncope,SMHB00398,None,None,None
Seizure(S) Jacksonian,SMHB00398,0.010818,0.036554,1
Trismus,SMHB00398,0.021523,0.049159,1
Aura,SMHB00398,None,None,None
Single Seizure,SMHB00398,None,None,None
Lethargy,SMHB00398,0.010818,0.036554,1
Syncope Exertional,SMHB00398,None,None,None
Syncope Cardiac,SMHB00398,None,None,None
Attention Disorders,SMHB00398,0.010818,0.036554,1
Seizures,SMHB00398,None,None,None
Seizure Generalized,SMHB00398,0.010818,0.036554,1
Arthritic Pains,SMHB00398,None,None,None
Sleep Disturbances,SMHB00398,None,None,None
Visual Epilepsy,SMHB00398,0.010818,0.036554,1
"Epilepsy, Awakening",SMHB00398,None,None,None
Olfactory Uncinate Fit,SMHB00398,0.010818,0.036554,1
 Feeling Of Residual Urine,SMHB00398,None,None,None
 Cva Nos Acute,SMHB00398,None,None,None
Syncope Postural,SMHB00398,None,None,None
Syncopal Vertigo,SMHB00398,None,None,None
Tonic Seizure,SMHB00398,0.010818,0.036554,1
Sputum,SMHB00398,None,None,None
Clonic Seizure,SMHB00398,0.021523,0.049159,1
Chest Symptom Discomfort,SMHB00398,None,None,None
Convulsive Syncope,SMHB00398,None,None,None
Epilepsy,SMHB00398,None,None,None
 Seizure(S) Somatosensory,SMHB00398,0.010818,0.036554,1
Carotid Sinus Syncope,SMHB00398,None,None,None
Syncope Micturition,SMHB00398,None,None,None
Seizure(S) Grand Mal,SMHB00398,0.010818,0.036554,1
Habit Disorder,SMHB00398,None,None,None
Vocal Tic,SMHB00398,None,None,None
Motor Tics,SMHB00398,None,None,None
Fever Convulsions,SMHB00398,0.021523,0.049159,1
Syncopal Episode,SMHB00398,None,None,None
Obnubilation,SMHB00398,0,4.00E-06,0.00391
Syncope,SMHB00398,None,None,None
Lockjaw,SMHB00398,0.021523,0.049159,1
Situational Syncope,SMHB00398,None,None,None
 [D]Fit (In Non-Epileptic) Nos,SMHB00398,0.010818,0.036554,1
"Headache, Dull",SMHB00398,None,None,None
Sputum Purulent,SMHB00398,None,None,None
Eclampsia,SMHB00398,0.000335,0.002553,1
Pneumonia,SMHB00399,None,None,None
Bone Fracture,SMHB00399,0.025728,0.053532,1
Sprain,SMHB00399,0.019354,0.04715,1
Constipation,SMHB00399,None,None,None
 Physical Suffering,SMHB00399,None,None,None
Cough Productive,SMHB00399,None,None,None
Soft Tissue Injury,SMHB00399,3.90E-05,0.000436,0.975139
Comedome,SMHB00399,None,None,None
Caustic Injury,SMHB00399,None,None,None
Hyperalgia,SMHB00399,None,None,None
Pain,SMHB00399,None,None,None
Cough,SMHB00399,None,None,None
Burning Pain,SMHB00399,None,None,None
 Splitting Pain,SMHB00399,None,None,None
Abdomen Discomfort,SMHB00399,None,None,None
Ligament Injury,SMHB00399,0.006491,0.026685,1
Pneumonia Lobar,SMHB00399,None,None,None
 Migratory Pain,SMHB00399,None,None,None
Carbuncle,SMHB00399,None,None,None
Ache,SMHB00399,None,None,None
Defecation Pain,SMHB00399,None,None,None
Colonic Inertia,SMHB00399,None,None,None
 Bone Disorder,SMHB00399,None,None,None
Pain Radiating,SMHB00399,None,None,None
Crushing Pain,SMHB00399,None,None,None
Experimental Lung Inflammation,SMHB00399,None,None,None
Cough Persistent,SMHB00399,0.000581,0.003945,1
Ligament Sprain,SMHB00399,0.006491,0.026685,1
Appendicitis,SMHB00399,0.019354,0.04715,1
Sharp Headache,SMHB00392,None,None,None
Pneumonia,SMHB00392,None,None,None
Diabetes Mellitus,SMHB00392,None,None,None
Cough Productive,SMHB00392,None,None,None
Hyperphagia,SMHB00392,0.007789,0.030277,1
"Headache, Periorbital",SMHB00392,None,None,None
Bilateral Headache,SMHB00392,None,None,None
 Zoophaginae,SMHB00392,None,None,None
Ocular Headache,SMHB00392,None,None,None
Parotid Enlargement,SMHB00392,0.01552,0.043506,1
 Red,SMHB00392,0.007789,0.030277,1
Headache Throbbing,SMHB00392,None,None,None
Hunger Abnormal,SMHB00392,0.023195,0.051423,1
Gastrointestinal Discomfort,SMHB00392,0.045881,0.075628,1
Diarrhea,SMHB00392,None,None,None
Virus,SMHB00392,None,None,None
Animal Virus,SMHB00392,None,None,None
Orthostatic Headache,SMHB00392,None,None,None
Bronchitis Chronic,SMHB00392,None,None,None
Pneumonia Lobar,SMHB00392,None,None,None
Thirst,SMHB00392,None,None,None
Skin Ulcer(S),SMHB00392,None,None,None
Swelling,SMHB00392,None,None,None
 Parotid Disease,SMHB00392,0.007789,0.030277,1
Nodule Subcutaneous,SMHB00392,0.007789,0.030277,1
Eyelid Irritation,SMHB00392,0.007789,0.030277,1
Polydipsia,SMHB00392,None,None,None
 Generalised Headache,SMHB00392,None,None,None
 Face Injury,SMHB00392,0.007789,0.030277,1
Vertex Headache,SMHB00392,None,None,None
"Headache, Retro-Ocular",SMHB00392,None,None,None
Experimental Lung Inflammation,SMHB00392,None,None,None
"Headache, Dull",SMHB00392,None,None,None
Headache Unilateral,SMHB00392,None,None,None
Tenderness,SMHB00392,0.01552,0.043506,1
Headache,SMHB00392,None,None,None
Poisoning By,SMHB00392,0.045881,0.075628,1
Vaginal Discharge White,SMHB00393,None,None,None
Bite Wound Insect,SMHB00393,0.003462,0.016608,1
Dermatosis Of Scalp,SMHB00393,0.006913,0.027968,1
Breast Cyst,SMHB00393,0.003462,0.016608,1
Thirst,SMHB00393,None,None,None
Carbuncle,SMHB00393,None,None,None
Sleep Disorder,SMHB00393,None,None,None
Snake Venom Causing Toxic Effect,SMHB00393,None,None,None
Smarting,SMHB00393,None,None,None
King Evil,SMHB00393,None,None,None
Acne,SMHB00393,None,None,None
Stroke,SMHB00394,None,None,None
Cough Productive,SMHB00394,None,None,None
"Sputums, Induced",SMHB00394,None,None,None
Intermittant Vertigo,SMHB00394,None,None,None
 Cryptogenic Epilepsies,SMHB00394,None,None,None
Vertigo,SMHB00394,None,None,None
Vertigo Postural,SMHB00394,None,None,None
Vertigo Central Origin,SMHB00394,None,None,None
Brain Stem Vertigo,SMHB00394,None,None,None
Aura,SMHB00394,None,None,None
Eye Disorder,SMHB00394,0.015494,0.043506,1
Single Seizure,SMHB00394,None,None,None
Blood Prolactin Decreased,SMHB00394,None,None,None
Bite Wound Insect,SMHB00394,0.002596,0.013188,1
Jaundice,SMHB00394,None,None,None
Cough,SMHB00394,None,None,None
Infantile Hemiplegia,SMHB00394,None,None,None
"Epilepsy, Awakening",SMHB00394,None,None,None
 Cva Nos Acute,SMHB00394,None,None,None
Convulsions Neonatal,SMHB00394,None,None,None
 Essential Vertigo,SMHB00394,None,None,None
Hemiplegia,SMHB00394,None,None,None
Sputum,SMHB00394,None,None,None
Spastic Hemiplegia,SMHB00394,None,None,None
Carbuncle,SMHB00394,None,None,None
Epilepsy,SMHB00394,None,None,None
" Hemiplegia, Post Ictal",SMHB00394,None,None,None
Flaccid Hemiplegia,SMHB00394,None,None,None
Transient Hemiplegia,SMHB00394,None,None,None
 Bone Disorder,SMHB00394,None,None,None
Snake Venom Causing Toxic Effect,SMHB00394,None,None,None
Nose Dryness,SMHB00394,0.007772,0.030277,1
 Vertigo Paroxysmal,SMHB00394,None,None,None
Typhoid Fever,SMHB00394,None,None,None
Hemiparesis,SMHB00394,None,None,None
Constant Vertigo,SMHB00394,None,None,None
Peripheral Vertigo,SMHB00394,None,None,None
Sputum Purulent,SMHB00394,None,None,None
Alternate Hemiplegia,SMHB00394,None,None,None
Deglutitional Syncope,SMHB00528,0,0,0.000378
Pharyngolaryngitis,SMHB00528,0.049575,0.078983,1
Larynx,SMHB00528,0.005898,0.025047,1
Stomatitis,SMHB00528,0.025097,0.053152,1
Laryngopharyngeal Dysaesthesia,SMHB00528,0.000285,0.002226,1
Stroke,SMHB00528,0.015731,0.043904,1
Localized; Swelling,SMHB00528,0.008704,0.032713,1
Otitis Media Purulent,SMHB00528,0.025097,0.053152,1
Presyncope,SMHB00528,0,1.00E-06,0.000927
Oral Mucositis,SMHB00528,0.025097,0.053152,1
Laryngeal Pain,SMHB00528,0.025097,0.053152,1
Other Conjunctivitis Nos,SMHB00528,0.025097,0.053152,1
Epigastric Pain,SMHB00528,5.90E-05,0.000616,1
Stokes-Adams Syncope,SMHB00528,0,0,0.000378
Laryngeal Edema,SMHB00528,0.025097,0.053152,1
Masseter Muscle Spasm,SMHB00528,0.049575,0.078983,1
Syncope Cough,SMHB00528,0,0,0.000378
Chest Pain,SMHB00528,0.029444,0.057454,1
Hyperventilation Syncope,SMHB00528,0,0,0.000378
Smarting Of Skin,SMHB00528,0.025097,0.053152,1
Hematoma,SMHB00528,0.049575,0.078983,1
Trismus,SMHB00528,0.049575,0.078983,1
Skin Pain,SMHB00528,0.025097,0.053152,1
Syncope Exertional,SMHB00528,0,0,0.000378
Syncope Cardiac,SMHB00528,0,0,0.000378
Crescendo Angina,SMHB00528,2.00E-06,3.00E-05,0.043531
Otitis,SMHB00528,0.025097,0.053152,1
 Cva Nos Acute,SMHB00528,0.011991,0.038774,1
Syncope Postural,SMHB00528,0,0,0.000378
Skin Swelling,SMHB00528,0.049575,0.078983,1
Syncopal Vertigo,SMHB00528,0,0,0.000378
Angina Pectoris,SMHB00528,2.30E-05,0.000284,0.575868
Convulsive Syncope,SMHB00528,0,0,0.000378
Carotid Sinus Syncope,SMHB00528,0,0,0.000378
Syncope Micturition,SMHB00528,0,0,0.000378
Pharynx Disease,SMHB00528,0.049575,0.078983,1
Ear Drainage,SMHB00528,0.049575,0.078983,1
Tonsillitis,SMHB00528,0.049575,0.078983,1
Throat Tightness,SMHB00528,1.20E-05,0.000161,0.293421
Pain Precordial,SMHB00528,1.50E-05,0.000197,0.372318
Fever Convulsions,SMHB00528,0.049575,0.078983,1
Syncopal Episode,SMHB00528,0,0,0.000378
Obnubilation,SMHB00528,5.00E-06,7.80E-05,0.128149
Syncope,SMHB00528,0,1.00E-06,0.000927
Lockjaw,SMHB00528,0.049575,0.078983,1
Situational Syncope,SMHB00528,0,0,0.000378
Pharyngolaryngeal Pain,SMHB00528,1.20E-05,0.000161,0.293421
Edema Pharynx,SMHB00528,0.001828,0.009974,1
Oral Ulcer,SMHB00528,0.003597,0.017132,1
Sutton'S Disease,SMHB00528,0.025097,0.053152,1
Rash,SMHB00397,None,None,None
Dyssomnia,SMHB00397,None,None,None
Mania,SMHB00397,0.022326,0.050405,1
 Physical Suffering,SMHB00397,None,None,None
 Cryptogenic Epilepsies,SMHB00397,None,None,None
Hyperalgia,SMHB00397,None,None,None
Colic,SMHB00397,0.016788,0.044684,1
Aura,SMHB00397,None,None,None
Single Seizure,SMHB00397,None,None,None
Pain,SMHB00397,None,None,None
Cough,SMHB00397,None,None,None
Burning Pain,SMHB00397,None,None,None
"Epilepsy, Awakening",SMHB00397,None,None,None
 Splitting Pain,SMHB00397,None,None,None
Abdominal Cramp,SMHB00397,0.011221,0.037373,1
Bronchial Asthma,SMHB00397,None,None,None
Infantile Colic,SMHB00397,0.005625,0.024125,1
 Migratory Pain,SMHB00397,None,None,None
 Cough Increased,SMHB00397,0.005625,0.024125,1
Epilepsy,SMHB00397,None,None,None
Ache,SMHB00397,None,None,None
Gastrointestinal Pain,SMHB00397,None,None,None
 Stomach Discomfort,SMHB00397,1.00E-06,1.50E-05,0.019719
Pain Radiating,SMHB00397,None,None,None
Crushing Pain,SMHB00397,None,None,None
Lower Extremity Paresthesia,SMHB00397,None,None,None
Xerostomia,SMHB00635,1.10E-05,0.000152,0.273571
Hot Flash,SMHB00635,0.042601,0.07148,1
Eating Disorder,SMHB00635,0.000335,0.002553,1
Retching,SMHB00635,0.021523,0.049159,1
Retching,SMHB00635,0.021523,0.049159,1
Anorexia,SMHB00635,0.001102,0.006538,1
Polydipsia,SMHB00635,0.042601,0.07148,1
Loss Of Appetite,SMHB00635,0.010818,0.036554,1
Dry Tongue,SMHB00635,0.010818,0.036554,1
Atrophy,SMHB00635,0.032117,0.060278,1
Decreased Appetite,SMHB00635,9.00E-05,0.000866,1
Hot Temperature,SMHB00635,0.021523,0.049159,1
Fever,SMHB00635,0.01229,0.039259,1
Fever Symptoms,SMHB00635,0.042601,0.07148,1
Laryngopharyngeal Dysaesthesia,SMHB00401,None,None,None
 Physical Suffering,SMHB00401,0.036274,0.064882,1
Panic Attack,SMHB00401,None,None,None
Ankle Pain,SMHB00401,None,None,None
Oral Dyskinesia,SMHB00401,None,None,None
Xerostomia,SMHB00401,None,None,None
Lower Extremity Pain,SMHB00401,None,None,None
Abdominal Pain,SMHB00401,None,None,None
Muscle Weakness,SMHB00401,0.008632,0.032544,1
Odynophagia,SMHB00401,None,None,None
 Liver Pain,SMHB00401,None,None,None
Dermatosis Of Scalp,SMHB00401,None,None,None
Tongue Disorder,SMHB00401,None,None,None
Pain,SMHB00401,0.042565,0.07148,1
Burning Pain,SMHB00401,0.036274,0.064882,1
Hypertrophic Osteoarthropathy,SMHB00401,None,None,None
 Splitting Pain,SMHB00401,0.036274,0.064882,1
Panic Disorder,SMHB00401,None,None,None
Urination Frequency,SMHB00401,None,None,None
 Migratory Pain,SMHB00401,0.036274,0.064882,1
Musculoskeletal Pain,SMHB00401,0.004323,0.019882,1
Emaciation,SMHB00401,None,None,None
Lassitude,SMHB00401,None,None,None
Status Marmoratus,SMHB00401,None,None,None
Ache,SMHB00401,None,None,None
Abnormal Labor,SMHB00401,None,None,None
Movement Disorder,SMHB00401,None,None,None
Pain Radiating,SMHB00401,0.036274,0.064882,1
Crushing Pain,SMHB00401,0.036274,0.064882,1
Myocardial Ischemia,SMHB00401,None,None,None
Glossitis,SMHB00401,None,None,None
Chest Symptom Heaviness,SMHB00401,None,None,None
Chest Symptom Heaviness,SMHB00401,None,None,None
Glossitis,SMHB00401,None,None,None
Orofacial Dyskinesia,SMHB00401,None,None,None
Psoriasis Vulgaris,SMHB00401,0.002164,0.011453,1
Abdomen Distention,SMHB00402,None,None,None
"Sputums, Induced",SMHB00402,None,None,None
Anasarca,SMHB00402,None,None,None
Dysuria,SMHB00402,0.00021,0.00175,1
Dyspnea,SMHB00402,0.028361,0.05602,1
Edema,SMHB00402,None,None,None
Hyperalgia,SMHB00402,0.01428,0.041556,1
Ascites,SMHB00402,None,None,None
 Emotional Depression,SMHB00402,0.042248,0.07105,1
Micturition Disorder,SMHB00402,None,None,None
Cough,SMHB00402,None,None,None
Bronchial Asthma,SMHB00402,None,None,None
Flatulence,SMHB00402,None,None,None
Sputum,SMHB00402,None,None,None
Chest Symptom Discomfort,SMHB00402,None,None,None
 Cough Increased,SMHB00402,0.01428,0.041556,1
Prostatism,SMHB00402,0.01428,0.041556,1
Bloating Feeling,SMHB00402,None,None,None
Chest Symptom Heaviness,SMHB00402,0.002564,0.013095,1
Chest Symptom Heaviness,SMHB00402,0.002564,0.013095,1
Sputum Purulent,SMHB00402,None,None,None
Respiratory Distress,SMHB00402,0.028361,0.05602,1
Pharyngolaryngitis,SMHB00588,0.045351,0.075018,1
Larynx,SMHB00588,0.004938,0.022121,1
Laryngopharyngeal Dysaesthesia,SMHB00588,0.000217,0.001796,1
Tongue Ulcer,SMHB00588,0.045351,0.075018,1
Stroke,SMHB00588,0.013229,0.04042,1
"Seizure, Convulsion",SMHB00588,0.022934,0.051277,1
Localized; Swelling,SMHB00588,0.007299,0.029106,1
Laryngeal Pain,SMHB00588,0.022934,0.051277,1
 Cryptogenic Epilepsies,SMHB00588,0.010069,0.035134,1
Sensory Seizure,SMHB00588,0.022934,0.051277,1
Laryngeal Edema,SMHB00588,0.022934,0.051277,1
Masseter Muscle Spasm,SMHB00588,0.045351,0.075018,1
Behavior Disorder,SMHB00588,0.045351,0.075018,1
Seizure Focal,SMHB00588,0.022934,0.051277,1
Smarting Of Skin,SMHB00588,0.022934,0.051277,1
Hematoma,SMHB00588,0.045351,0.075018,1
Seizure(S) Jacksonian,SMHB00588,0.022934,0.051277,1
Trismus,SMHB00588,0.045351,0.075018,1
Aura,SMHB00588,0.010069,0.035134,1
Single Seizure,SMHB00588,0.010069,0.035134,1
Skin Pain,SMHB00588,0.022934,0.051277,1
Dermatosis Of Scalp,SMHB00588,0.045351,0.075018,1
Seizures,SMHB00588,8.00E-06,0.000117,0.203589
Seizure Generalized,SMHB00588,0.022934,0.051277,1
Visual Epilepsy,SMHB00588,0.022934,0.051277,1
"Epilepsy, Awakening",SMHB00588,0.010069,0.035134,1
Olfactory Uncinate Fit,SMHB00588,0.022934,0.051277,1
 Cva Nos Acute,SMHB00588,0.010069,0.035134,1
Skin Swelling,SMHB00588,0.045351,0.075018,1
Mental Disorder,SMHB00588,0.045351,0.075018,1
Tonic Seizure,SMHB00588,0.022934,0.051277,1
Clonic Seizure,SMHB00588,0.045351,0.075018,1
Epilepsy,SMHB00588,0.01676,0.044684,1
 Seizure(S) Somatosensory,SMHB00588,0.022934,0.051277,1
Pharynx Disease,SMHB00588,0.045351,0.075018,1
Seizure(S) Grand Mal,SMHB00588,0.022934,0.051277,1
Habit Disorder,SMHB00588,0.003007,0.014919,1
Tonsillitis,SMHB00588,0.045351,0.075018,1
Throat Tightness,SMHB00588,8.00E-06,0.000117,0.203589
Vocal Tic,SMHB00588,0.003007,0.014919,1
Motor Tics,SMHB00588,0.003007,0.014919,1
Fever Convulsions,SMHB00588,0.045351,0.075018,1
Obnubilation,SMHB00588,4.00E-06,5.70E-05,0.08876
Lockjaw,SMHB00588,0.045351,0.075018,1
Diagnosis Psychiatric,SMHB00588,0.022934,0.051277,1
 [D]Fit (In Non-Epileptic) Nos,SMHB00588,0.022934,0.051277,1
Pharyngolaryngeal Pain,SMHB00588,8.00E-06,0.000117,0.203589
Aphthous Ulcer,SMHB00588,1.10E-05,0.000156,0.282665
Edema Pharynx,SMHB00588,0.001526,0.008587,1
Oral Ulcer,SMHB00588,0,5.00E-06,0.006124
Sutton'S Disease,SMHB00588,0.022934,0.051277,1
Breast Disease,SMHB00403,None,None,None
Urologic Disease,SMHB00403,0.008637,0.032544,1
Anasarca,SMHB00403,None,None,None
Edema,SMHB00403,None,None,None
Blood Prolactin Decreased,SMHB00403,0.008637,0.032544,1
Micturition Disorder,SMHB00403,None,None,None
Urination Frequency,SMHB00403,None,None,None
"Breast Disease, Endocrine",SMHB00403,None,None,None
Gonorrhea,SMHB00403,None,None,None
Chills And Fever,SMHB00403,None,None,None
Chills And Fever,SMHB00403,None,None,None
Fever,SMHB00403,None,None,None
Localized; Swelling,SMHB00643,0.045881,0.075628,1
 Physical Suffering,SMHB00643,0.007273,0.029076,1
"Sputums, Induced",SMHB00643,0.023317,0.051423,1
Rheumatism,SMHB00643,0.030813,0.058607,1
Smarting Of Skin,SMHB00643,0.007789,0.030277,1
Hematoma,SMHB00643,0.01552,0.043506,1
Hyperalgia,SMHB00643,0.007789,0.030277,1
Skin Pain,SMHB00643,0.007789,0.030277,1
Pain,SMHB00643,0.010022,0.03503,1
Burning Pain,SMHB00643,0.007273,0.029076,1
 Splitting Pain,SMHB00643,0.007273,0.029076,1
Skin Swelling,SMHB00643,0.01552,0.043506,1
Sputum,SMHB00643,0.023317,0.051423,1
 Migratory Pain,SMHB00643,0.007273,0.029076,1
 Cough Increased,SMHB00643,0.007789,0.030277,1
Ache,SMHB00643,0.000638,0.004251,1
Pain Radiating,SMHB00643,0.007273,0.029076,1
Crushing Pain,SMHB00643,0.007273,0.029076,1
Right Flank Pain,SMHB00405,None,None,None
 Physical Suffering,SMHB00405,None,None,None
Trichophytosis,SMHB00405,None,None,None
Vaginal Discharge White,SMHB00405,None,None,None
Flank Pain,SMHB00405,None,None,None
Oral Dyskinesia,SMHB00405,0.000363,0.002713,1
Dysuria,SMHB00405,None,None,None
Tinea,SMHB00405,None,None,None
Extremity Contracture,SMHB00405,0.022379,0.050405,1
Irritability,SMHB00405,None,None,None
Vagina,SMHB00405,0.033388,0.061682,1
Vulvovaginal Swelling,SMHB00405,None,None,None
Hyperalgia,SMHB00405,None,None,None
Quadriplegic Spinal Paralysis,SMHB00405,0.044277,0.073628,1
Pain,SMHB00405,None,None,None
 Cerebromedullospinal Disconnection,SMHB00405,0.044277,0.073628,1
Respiratory Abnormality,SMHB00405,None,None,None
Flaccid Tetraplegia,SMHB00405,0.044277,0.073628,1
Tinea Corporis,SMHB00405,None,None,None
Burning Pain,SMHB00405,None,None,None
Bone Pain,SMHB00405,0.022379,0.050405,1
 Splitting Pain,SMHB00405,None,None,None
Cramp In Limb,SMHB00405,None,None,None
 Migratory Pain,SMHB00405,None,None,None
Carbuncle,SMHB00405,None,None,None
Status Marmoratus,SMHB00405,0.000363,0.002713,1
Ache,SMHB00405,None,None,None
Quadriplegia,SMHB00405,0.044277,0.073628,1
Epidermophytosis,SMHB00405,None,None,None
Left Flank Pain,SMHB00405,None,None,None
Rib Pain,SMHB00405,None,None,None
Movement Disorder,SMHB00405,0.000363,0.002713,1
Pain Radiating,SMHB00405,None,None,None
Crushing Pain,SMHB00405,None,None,None
King Evil,SMHB00405,None,None,None
Orofacial Dyskinesia,SMHB00405,0.000363,0.002713,1
Scabies,SMHB00405,0.044277,0.073628,1
Syphilis,SMHB00405,0.022379,0.050405,1
Right Flank Pain,SMHB00407,None,None,None
Flank Pain,SMHB00407,None,None,None
Renal Agenesis,SMHB00407,0.019905,0.04715,1
 Crackling Sound In Ear,SMHB00407,None,None,None
Tinnitus,SMHB00407,None,None,None
Diarrhea,SMHB00407,None,None,None
Pupil Dilated,SMHB00407,0.019905,0.04715,1
Tensor Palatini Induced Tinnitus,SMHB00407,None,None,None
Yang Deficiency,SMHB00407,None,None,None
Libido Decreased,SMHB00407,0.039422,0.067979,1
Nocturia,SMHB00407,0.019905,0.04715,1
Aplasia,SMHB00407,0.019905,0.04715,1
Abortion,SMHB00407,0.019905,0.04715,1
Subjective Tinnitus,SMHB00407,None,None,None
Polyuria,SMHB00407,0.039422,0.067979,1
Dryness Vaginal,SMHB00407,0.019905,0.04715,1
Noise-Induced Tinnitus,SMHB00407,None,None,None
Spontaneous Oto Acoustic Emission Tinnitus,SMHB00407,None,None,None
Objective Tinnitus,SMHB00407,None,None,None
"Diarrhea, Chronic",SMHB00407,0.001148,0.006788,1
 Orthostasis,SMHB00407,None,None,None
Bed-Wetting,SMHB00407,0.019905,0.04715,1
Injuries Wounds,SMHB00407,None,None,None
Lightheadedness,SMHB00407,None,None,None
Lip Paresthesia,SMHB00407,0.019905,0.04715,1
Hair Dryness,SMHB00407,0.019905,0.04715,1
Tinnitus Of Vascular Origin,SMHB00407,None,None,None
Urination Frequency,SMHB00407,None,None,None
Dizziness,SMHB00407,None,None,None
Diarrhea Watery,SMHB00407,0.019905,0.04715,1
Enuresis,SMHB00407,None,None,None
 Ear Clicking Sound,SMHB00407,None,None,None
Anus,SMHB00407,None,None,None
 Nocturia Aggravated,SMHB00407,0.019905,0.04715,1
"Ejaculation
",SMHB00407,None,None,None
Left Flank Pain,SMHB00407,None,None,None
Pulsatile Tinnitus,SMHB00407,None,None,None
Hemorrhage Of Pregnancy,SMHB00407,None,None,None
Pregnancy Disorder,SMHB00407,None,None,None
Abnormal Ejaculation,SMHB00407,0.039422,0.067979,1
Hair Abnormality,SMHB00407,0.039422,0.067979,1
Hair Abnormality,SMHB00407,0.039422,0.067979,1
Smarting,SMHB00407,None,None,None
Lower Extremity Paresthesia,SMHB00407,3.00E-06,4.70E-05,0.070959
Hyperostosis,SMHB00407,0.039422,0.067979,1
 Knee Joint Laxity,SMHB00407,0.019905,0.04715,1
Renal Failure Adverse Event,SMHB00407,0.039422,0.067979,1
Vitiligo,SMHB00407,0.039422,0.067979,1
Bone Fracture,SMHB00507,0.049289,0.078752,1
Neoplastic Growth,SMHB00507,0.000898,0.005558,1
Abdominal Tenderness,SMHB00507,0.012549,0.039351,1
Sprain,SMHB00507,0.037192,0.065886,1
 Physical Suffering,SMHB00507,0.001074,0.006417,1
Soft Tissue Injury,SMHB00507,0.000152,0.001338,1
Amenorrhea,SMHB00507,0.037192,0.065886,1
Abdominal Pain,SMHB00507,0.036074,0.064589,1
Caustic Injury,SMHB00507,0.037192,0.065886,1
"Amenorrhea, Postpartum",SMHB00507,0.037192,0.065886,1
Pain,SMHB00507,0.001756,0.00965,1
Buerger Disease,SMHB00507,0.012549,0.039351,1
Chest Mass,SMHB00507,0.024945,0.053056,1
Burning Pain,SMHB00507,0.001074,0.006417,1
 Splitting Pain,SMHB00507,0.001074,0.006417,1
Ligament Injury,SMHB00507,0.012549,0.039351,1
 Migratory Pain,SMHB00507,0.001074,0.006417,1
Pelvis Tumor,SMHB00507,0.012549,0.039351,1
Ache,SMHB00507,0.002659,0.013475,1
Neoplasm Benign Nos,SMHB00507,0.012549,0.039351,1
Abdomen Tumor,SMHB00507,0.024945,0.053056,1
Pain Radiating,SMHB00507,0.001074,0.006417,1
Crushing Pain,SMHB00507,0.001074,0.006417,1
Menopause,SMHB00507,0.000898,0.005558,1
General Abdominal Pain-Symptom,SMHB00507,0.012549,0.039351,1
Ligament Sprain,SMHB00507,0.012549,0.039351,1
Trichophytosis,SMHB00406,None,None,None
Tinea,SMHB00406,None,None,None
Tinea Corporis,SMHB00406,None,None,None
 Skin Scaly,SMHB00406,0.007775,0.030277,1
Scalp Pruritus,SMHB00406,0.003894,0.018222,1
Epidermophytosis,SMHB00406,None,None,None
Scabies,SMHB00406,0.015497,0.043506,1
Abdomen Distention,SMHB00506,0,0,2.00E-06
Right Flank Pain,SMHB00506,1.00E-06,2.00E-05,0.027672
Abdominal Tenderness,SMHB00506,0.019905,0.04715,1
 Physical Suffering,SMHB00506,0.043609,0.072787,1
Gastric Disorder,SMHB00506,0.039422,0.067979,1
Vomiting Neonatal,SMHB00506,0.019905,0.04715,1
Flank Pain,SMHB00506,1.00E-06,2.00E-05,0.027672
Abdominal Pain,SMHB00506,0.005615,0.024125,1
Chest Pain,SMHB00506,0.00109,0.006498,1
Emesis,SMHB00506,8.60E-05,0.000842,1
Burning Pain,SMHB00506,0.043609,0.072787,1
 Splitting Pain,SMHB00506,0.043609,0.072787,1
 Migratory Pain,SMHB00506,0.043609,0.072787,1
 name Dilation,SMHB00506,0.000142,0.001263,1
 Stomach Discomfort,SMHB00506,0.034525,0.062952,1
Left Flank Pain,SMHB00506,1.00E-06,2.00E-05,0.027672
Pregnancy Disorder,SMHB00506,0.019905,0.04715,1
Acute Chest Pain,SMHB00506,0.019905,0.04715,1
Pain Radiating,SMHB00506,0.043609,0.072787,1
Crushing Pain,SMHB00506,0.043609,0.072787,1
General Abdominal Pain-Symptom,SMHB00506,0.019905,0.04715,1
Sharp Headache,SMHB00404,None,None,None
"Headache, Periorbital",SMHB00404,None,None,None
Bilateral Headache,SMHB00404,None,None,None
Ocular Headache,SMHB00404,None,None,None
Neurotic Depression,SMHB00404,None,None,None
Headache Throbbing,SMHB00404,None,None,None
 Melancholia,SMHB00404,None,None,None
Orthostatic Headache,SMHB00404,None,None,None
Bronchitis Chronic,SMHB00404,None,None,None
Breast Cyst,SMHB00404,0.002164,0.011453,1
Depressive Neurosis,SMHB00404,None,None,None
Carbuncle,SMHB00404,None,None,None
Oligomenorrhea,SMHB00404,0.008632,0.032544,1
 Generalised Headache,SMHB00404,None,None,None
 Depressive Syndrome,SMHB00404,None,None,None
Vertex Headache,SMHB00404,None,None,None
"Headache, Retro-Ocular",SMHB00404,None,None,None
Endogenous Depression,SMHB00404,None,None,None
Unipolar Depression,SMHB00404,None,None,None
"Headache, Dull",SMHB00404,None,None,None
Headache Unilateral,SMHB00404,None,None,None
Headache,SMHB00404,None,None,None
King Evil,SMHB00404,None,None,None
Scrofula,SMHB00404,0.019338,0.04715,1
 Physical Suffering,SMHB00148,None,None,None
Vaginal Discharge White,SMHB00148,None,None,None
Scabies,SMHB00148,None,None,None
Night Sweat,SMHB00148,None,None,None
 Zoophaginae,SMHB00148,None,None,None
Genital Pruritus,SMHB00148,None,None,None
Vagina,SMHB00148,0.048543,0.078022,1
Hyperalgia,SMHB00148,None,None,None
Diarrhea,SMHB00148,None,None,None
Virus,SMHB00148,None,None,None
Animal Virus,SMHB00148,None,None,None
Jaundice,SMHB00148,None,None,None
Pain,SMHB00148,None,None,None
Pneumatosis,SMHB00148,0.016443,0.044013,1
Orofacial Oedema,SMHB00148,0.016443,0.044013,1
Burning Pain,SMHB00148,None,None,None
 Splitting Pain,SMHB00148,None,None,None
Discoloration Urine,SMHB00148,0.000137,0.001235,1
Discoloration Urine,SMHB00148,0.000137,0.001235,1
Sarcoptic Red Mange,SMHB00148,None,None,None
Skin Breakdown,SMHB00148,0.016443,0.044013,1
 Migratory Pain,SMHB00148,None,None,None
Eczema,SMHB00148,None,None,None
Skin Ulcer(S),SMHB00148,None,None,None
Swelling,SMHB00148,None,None,None
Ache,SMHB00148,None,None,None
 Urinary Tract Pain,SMHB00148,None,None,None
"Ejaculation
",SMHB00148,None,None,None
Pain Radiating,SMHB00148,None,None,None
Crushing Pain,SMHB00148,None,None,None
Urine Abnormality,SMHB00148,None,None,None
Beriberi,SMHB00148,None,None,None
Poisoning By,SMHB00148,None,None,None
Fever,SMHB00148,None,None,None
Flaccidity Muscle,SMHB00148,0.032623,0.06074,1
Vaginal Pruritus,SMHB00148,0.016443,0.044013,1
Neoplastic Growth,SMHB00408,None,None,None
 Physical Suffering,SMHB00408,None,None,None
"Sputums, Induced",SMHB00408,None,None,None
Cyst,SMHB00408,0.044655,0.074068,1
Abdominal Pain,SMHB00408,None,None,None
Hyperalgia,SMHB00408,None,None,None
Colic,SMHB00408,0.027026,0.054805,1
Pain,SMHB00408,None,None,None
Dexol,SMHB00408,0.035878,0.064462,1
Gastric Acid,SMHB00408,0.000467,0.003305,1
Chest Mass,SMHB00408,0.018095,0.046235,1
Burning Pain,SMHB00408,None,None,None
 Splitting Pain,SMHB00408,None,None,None
Sputum Discoloured,SMHB00408,0.027026,0.054805,1
Abdominal Cramp,SMHB00408,0.018095,0.046235,1
Sputum,SMHB00408,None,None,None
Infantile Colic,SMHB00408,0.009087,0.033209,1
 Migratory Pain,SMHB00408,None,None,None
Pelvis Tumor,SMHB00408,0.009087,0.033209,1
Ache,SMHB00408,None,None,None
Scalp Pruritus,SMHB00408,None,None,None
Neoplasm Benign Nos,SMHB00408,0.009087,0.033209,1
"Pantothenate, Zinc",SMHB00408,0.035878,0.064462,1
Pantothenic Acid,SMHB00408,0.035878,0.064462,1
 Stomach Discomfort,SMHB00408,0.000275,0.002169,1
Abdomen Tumor,SMHB00408,0.018095,0.046235,1
Pain Radiating,SMHB00408,None,None,None
Crushing Pain,SMHB00408,None,None,None
Calcium Pantothenate,SMHB00408,0.035878,0.064462,1
Calcium Pantothenate,SMHB00408,0.035878,0.064462,1
Thyroid Tumor,SMHB00408,7.90E-05,0.000783,1
King Evil,SMHB00408,None,None,None
Sputum Purulent,SMHB00408,0.006703,0.027465,1
 Physical Suffering,SMHB00410,None,None,None
Breast Disease,SMHB00410,None,None,None
Menstrual Cramp,SMHB00410,None,None,None
Urologic Disease,SMHB00410,None,None,None
Amenorrhea,SMHB00410,0.035925,0.064462,1
Smarting Of Skin,SMHB00410,0.012116,0.038774,1
Hematoma,SMHB00410,0.02409,0.052098,1
Hyperalgia,SMHB00410,None,None,None
"Amenorrhea, Postpartum",SMHB00410,0.035925,0.064462,1
Skin Pain,SMHB00410,0.012116,0.038774,1
Blood Prolactin Decreased,SMHB00410,0.02409,0.052098,1
Pain,SMHB00410,None,None,None
Breast Cyst,SMHB00410,0.012116,0.038774,1
Burning Pain,SMHB00410,None,None,None
 Splitting Pain,SMHB00410,None,None,None
Discoloration Urine,SMHB00410,None,None,None
Discoloration Urine,SMHB00410,None,None,None
Skin Swelling,SMHB00410,0.02409,0.052098,1
Urination Frequency,SMHB00410,None,None,None
"Breast Disease, Endocrine",SMHB00410,None,None,None
 Migratory Pain,SMHB00410,None,None,None
Carbuncle,SMHB00410,None,None,None
Breast Pain,SMHB00410,0.002864,0.014349,1
Swelling,SMHB00410,None,None,None
Ache,SMHB00410,None,None,None
 Urinary Tract Pain,SMHB00410,0.001385,0.007903,1
Tachypnea,SMHB00410,None,None,None
Pain Radiating,SMHB00410,None,None,None
Crushing Pain,SMHB00410,None,None,None
Menopause,SMHB00410,None,None,None
Mouth Disease,SMHB00409,0.033316,0.061682,1
 Physical Suffering,SMHB00409,None,None,None
Bright Red Blood Per Rectum,SMHB00409,None,None,None
Abdominal Pain,SMHB00409,None,None,None
"Melena
",SMHB00409,2.90E-05,0.000344,0.724389
Rhinorrhea,SMHB00409,None,None,None
Pain,SMHB00409,None,None,None
Burning Pain,SMHB00409,None,None,None
 Splitting Pain,SMHB00409,None,None,None
 Migratory Pain,SMHB00409,None,None,None
Ache,SMHB00409,None,None,None
Hemorrhoid Bleeding,SMHB00409,None,None,None
Skin Disorder,SMHB00409,None,None,None
Pain Radiating,SMHB00409,None,None,None
Crushing Pain,SMHB00409,None,None,None
Aphthous Ulcer,SMHB00409,0.016788,0.044684,1
Oral Ulcer,SMHB00409,0.000174,0.001485,1
Sutton'S Disease,SMHB00409,0.005625,0.024125,1
Bloody Diarrhea,SMHB00409,0.011221,0.037373,1
Panic State,SMHB00411,0.026654,0.054547,1
Numbness,SMHB00411,None,None,None
 Physical Suffering,SMHB00411,None,None,None
Limb Anomaly Congenital,SMHB00411,0.013414,0.040487,1
Vein Disorder,SMHB00411,None,None,None
Joint Range Of Motion Decreased,SMHB00411,None,None,None
Rheumatism,SMHB00411,None,None,None
Oral Dyskinesia,SMHB00411,0.039722,0.068318,1
Biliary And Gallbladder Disorder,SMHB00411,0.013414,0.040487,1
Extremity Numbness,SMHB00411,None,None,None
Extremity Contracture,SMHB00411,None,None,None
Hyperalgia,SMHB00411,None,None,None
Aplasia,SMHB00411,None,None,None
Numbness Localized,SMHB00411,0.000518,0.003606,1
Pain,SMHB00411,None,None,None
Waxy Flexibility,SMHB00411,0.026654,0.054547,1
Arthritic Pains,SMHB00411,None,None,None
Burning Pain,SMHB00411,None,None,None
 Splitting Pain,SMHB00411,None,None,None
Pigmentation,SMHB00411,None,None,None
Pigmentation,SMHB00411,None,None,None
Cramp In Limb,SMHB00411,0.001028,0.006237,1
 Migratory Pain,SMHB00411,None,None,None
Musculoskeletal Pain,SMHB00411,0.026654,0.054547,1
Catalepsy,SMHB00411,0.039722,0.068318,1
Status Marmoratus,SMHB00411,0.039722,0.068318,1
Ache,SMHB00411,None,None,None
 Stomach Discomfort,SMHB00411,None,None,None
Movement Disorder,SMHB00411,0.039722,0.068318,1
Pain Radiating,SMHB00411,None,None,None
Crushing Pain,SMHB00411,None,None,None
Orofacial Dyskinesia,SMHB00411,0.039722,0.068318,1
Abdomen Distention,SMHB00412,None,None,None
Haemorrhage Ant Chamber Eye,SMHB00412,None,None,None
Hemorrhage,SMHB00412,None,None,None
Abdominal Tenderness,SMHB00412,0.010818,0.036554,1
 Physical Suffering,SMHB00412,None,None,None
Hemorrhoids,SMHB00412,3.80E-05,0.000426,0.943863
Abdominal Pain,SMHB00412,None,None,None
Hyperalgia,SMHB00412,None,None,None
Pain,SMHB00412,None,None,None
Bronchiectasis,SMHB00412,0.000112,0.001042,1
Burning Pain,SMHB00412,None,None,None
 Splitting Pain,SMHB00412,None,None,None
 Migratory Pain,SMHB00412,None,None,None
Carbuncle,SMHB00412,None,None,None
Painful Red Eye,SMHB00412,None,None,None
Skin Ulcer(S),SMHB00412,None,None,None
Ache,SMHB00412,None,None,None
Hemorrhoid Bleeding,SMHB00412,None,None,None
Dysentery,SMHB00412,None,None,None
Lips Bleeding,SMHB00412,0.010818,0.036554,1
Pain Radiating,SMHB00412,None,None,None
Crushing Pain,SMHB00412,None,None,None
Vaginal Bleeding,SMHB00412,0.010818,0.036554,1
General Abdominal Pain-Symptom,SMHB00412,0.010818,0.036554,1
Lower Extremity Paresthesia,SMHB00412,None,None,None
Gastric Ulcer Bleeding,SMHB00412,0.010818,0.036554,1
Extremity Paresthesia,SMHB00412,None,None,None
Sharp Headache,SMHB00680,0,0,2.80E-05
Erythrosis,SMHB00680,0.019472,0.04715,1
Stroke,SMHB00680,0.000361,0.002709,1
Pulse Weakness,SMHB00680,0.007318,0.029106,1
Heaviness Of Head,SMHB00680,0.038573,0.067295,1
"Headache, Periorbital",SMHB00680,0,0,2.80E-05
Bilateral Headache,SMHB00680,0,0,2.80E-05
Ocular Headache,SMHB00680,0,0,2.80E-05
Headache Throbbing,SMHB00680,0,0,2.80E-05
Radiculopathy,SMHB00680,0.019472,0.04715,1
Orthostatic Headache,SMHB00680,0,0,2.80E-05
Bite Wound Insect,SMHB00680,0.019472,0.04715,1
Nerve Root Disorder,SMHB00680,0.019472,0.04715,1
Seizures,SMHB00680,4.00E-06,6.50E-05,0.104469
Infantile Hemiplegia,SMHB00680,0.038573,0.067295,1
 Cva Nos Acute,SMHB00680,0.000229,0.001878,1
"Neuralgia, Sluder",SMHB00680,0.019472,0.04715,1
Cervical Radiculopathy,SMHB00680,0.019472,0.04715,1
Trigeminal Autonomic Cephalgia,SMHB00680,0.019472,0.04715,1
Hemiplegia,SMHB00680,0.038573,0.067295,1
Spastic Hemiplegia,SMHB00680,0.038573,0.067295,1
Nerve Root Pain,SMHB00680,0.019472,0.04715,1
" Hemiplegia, Post Ictal",SMHB00680,0.038573,0.067295,1
Neuralgia Facial,SMHB00680,0.019472,0.04715,1
Rebound Hypertension,SMHB00680,0.019472,0.04715,1
Flaccid Hemiplegia,SMHB00680,0.038573,0.067295,1
Transient Hemiplegia,SMHB00680,0.038573,0.067295,1
Migraine,SMHB00680,0.000371,0.002762,1
 Generalised Headache,SMHB00680,0,0,2.80E-05
Habit Disorder,SMHB00680,2.70E-05,0.000326,0.675536
Snake Venom Causing Toxic Effect,SMHB00680,0.019472,0.04715,1
"Avulsion, Nerve Root",SMHB00680,0.019472,0.04715,1
Vocal Tic,SMHB00680,2.70E-05,0.000326,0.675536
Motor Tics,SMHB00680,2.70E-05,0.000326,0.675536
Vertex Headache,SMHB00680,0,0,2.80E-05
"Headache, Retro-Ocular",SMHB00680,0,0,2.80E-05
Compression Nerve Root,SMHB00680,0.019472,0.04715,1
General Discomfort,SMHB00680,0.038573,0.067295,1
"Headache, Dull",SMHB00680,1.50E-05,0.000195,0.365478
Hemiparesis,SMHB00680,0.002171,0.01147,1
Headache Unilateral,SMHB00680,0,0,2.80E-05
Radiculitis,SMHB00680,0.019472,0.04715,1
Tenderness,SMHB00680,0.038573,0.067295,1
Myofacial Pain Syndrome,SMHB00680,0.019472,0.04715,1
Headache,SMHB00680,0,0,7.00E-05
Alternate Hemiplegia,SMHB00680,0.038573,0.067295,1
Tetanus,SMHB00680,0.019472,0.04715,1
Abdomen Distention,SMHB00416,0.037674,0.066384,1
Abdominal Tenderness,SMHB00416,0.010385,0.03576,1
"Seizure, Convulsion",SMHB00416,None,None,None
 Physical Suffering,SMHB00416,0.012785,0.039733,1
 Zoophaginae,SMHB00416,0.010385,0.03576,1
Stillbirth,SMHB00416,None,None,None
Hoarseness,SMHB00416,0.000308,0.00238,1
Sensory Seizure,SMHB00416,None,None,None
Abdominal Pain,SMHB00416,None,None,None
Seizure Focal,SMHB00416,None,None,None
Hyperalgia,SMHB00416,0.010385,0.03576,1
Gastrointestinal Discomfort,SMHB00416,None,None,None
Seizure(S) Jacksonian,SMHB00416,None,None,None
Virus,SMHB00416,0.010385,0.03576,1
Animal Virus,SMHB00416,0.010385,0.03576,1
Pain,SMHB00416,0.017526,0.045491,1
Seizures,SMHB00416,None,None,None
Seizure Generalized,SMHB00416,None,None,None
Tongue Discoloration,SMHB00416,None,None,None
Burning Pain,SMHB00416,0.012785,0.039733,1
Visual Epilepsy,SMHB00416,None,None,None
 Splitting Pain,SMHB00416,0.012785,0.039733,1
Olfactory Uncinate Fit,SMHB00416,None,None,None
Tonic Seizure,SMHB00416,None,None,None
Clonic Seizure,SMHB00416,None,None,None
 Migratory Pain,SMHB00416,0.012785,0.039733,1
Carbuncle,SMHB00416,None,None,None
Chest Symptom Discomfort,SMHB00416,None,None,None
 Cough Increased,SMHB00416,0.010385,0.03576,1
 Seizure(S) Somatosensory,SMHB00416,None,None,None
Ache,SMHB00416,0.022899,0.051277,1
"Hoarseness, Neurogenic",SMHB00416,0.000103,0.000968,1
Pharyngitis,SMHB00416,0.030846,0.058607,1
Seizure(S) Grand Mal,SMHB00416,None,None,None
Foreign Body,SMHB00416,None,None,None
Fetal Mummification,SMHB00416,None,None,None
Hemorrhage Of Pregnancy,SMHB00416,None,None,None
Pain Radiating,SMHB00416,0.012785,0.039733,1
Crushing Pain,SMHB00416,0.012785,0.039733,1
 [D]Fit (In Non-Epileptic) Nos,SMHB00416,None,None,None
General Discomfort,SMHB00416,None,None,None
Intrauterine Fetal Demise,SMHB00416,None,None,None
General Abdominal Pain-Symptom,SMHB00416,0.010385,0.03576,1
Ascaridiasis,SMHB00416,0.010385,0.03576,1
Dermatophytosis,SMHB00416,0.010385,0.03576,1
Vaginitis Trichomonas,SMHB00416,0.020667,0.048222,1
Larynx,SMHB00417,0.025717,0.053532,1
Pulse Weakness,SMHB00417,None,None,None
Numbness,SMHB00417,None,None,None
Localized; Swelling,SMHB00417,0.000367,0.00274,1
Menstrual Cramp,SMHB00417,0.035832,0.064462,1
Epigastric Pain,SMHB00417,0.020622,0.048222,1
Irritability,SMHB00417,None,None,None
Sore Throat,SMHB00417,0.035832,0.064462,1
Crescendo Angina,SMHB00417,0.025717,0.053532,1
Eating Disorder,SMHB00417,None,None,None
Tongue Discoloration,SMHB00417,None,None,None
Micturition Disorder,SMHB00417,None,None,None
Digestion Impaired,SMHB00417,0.025717,0.053532,1
Bronchial Asthma,SMHB00417,None,None,None
 Venomous Bite,SMHB00417,0.01036,0.03576,1
Angina Pectoris,SMHB00417,0.040854,0.069693,1
Postpartum Disorder,SMHB00417,None,None,None
Chest Symptom Discomfort,SMHB00417,None,None,None
Hernia,SMHB00417,0.030787,0.058607,1
Pharyngitis,SMHB00417,0.015504,0.043506,1
Asthenia,SMHB00417,None,None,None
Nose Dryness,SMHB00417,None,None,None
Dyspepsia,SMHB00417,None,None,None
Urine Abnormality,SMHB00417,None,None,None
 Dyspepsia-Aggravated,SMHB00417,None,None,None
Hyperhidrosis,SMHB00417,None,None,None
Chest Symptom Heaviness,SMHB00417,None,None,None
Chest Symptom Heaviness,SMHB00417,None,None,None
Acne Aggravated,SMHB00417,None,None,None
Extremity Paresthesia,SMHB00417,None,None,None
Erythematous Condition,SMHB00417,None,None,None
Ache Stomach,SMHB00417,0.025717,0.053532,1
Facial Nerve Motor Disorder,SMHB00533,0.015578,0.043506,1
Stroke,SMHB00533,0,0,6.00E-06
Numbness,SMHB00533,0.000387,0.002844,1
Trichophytosis,SMHB00533,0.046028,0.075628,1
Tinea,SMHB00533,0.004718,0.021426,1
Extremity Contracture,SMHB00533,0.030919,0.058607,1
Facial Nerve Sensory Disorder,SMHB00533,0.015578,0.043506,1
Facial Neuritides,SMHB00533,0.015578,0.043506,1
Facial Myokymia,SMHB00533,0.015578,0.043506,1
Tinea Corporis,SMHB00533,0.046028,0.075628,1
Seizures,SMHB00533,2.00E-06,2.90E-05,0.041695
Infantile Hemiplegia,SMHB00533,0.030919,0.058607,1
 Cva Nos Acute,SMHB00533,0,0,2.00E-06
Facial Paralysis,SMHB00533,0.046028,0.075628,1
Hemiplegia,SMHB00533,0.030919,0.058607,1
Spastic Hemiplegia,SMHB00533,0.030919,0.058607,1
Catalepsy,SMHB00533,0.046028,0.075628,1
" Hemiplegia, Post Ictal",SMHB00533,0.030919,0.058607,1
Flaccid Hemiplegia,SMHB00533,0.030919,0.058607,1
Transient Hemiplegia,SMHB00533,0.030919,0.058607,1
"Disorder Of Seventh Cranial Nerve, Nos",SMHB00533,0.015578,0.043506,1
Acquired Facial Neuropathies,SMHB00533,0.015578,0.043506,1
Ciliary Spasm,SMHB00533,0.046028,0.075628,1
"Facial Neuropathies, Familial",SMHB00533,0.015578,0.043506,1
Habit Disorder,SMHB00533,1.40E-05,0.000183,0.340918
Epidermophytosis,SMHB00533,0.046028,0.075628,1
Geniculate Ganglionitis,SMHB00533,0.015578,0.043506,1
Vocal Tic,SMHB00533,1.40E-05,0.000183,0.340918
Motor Tics,SMHB00533,1.40E-05,0.000183,0.340918
General Discomfort,SMHB00533,0.030919,0.058607,1
Hemiparesis,SMHB00533,0.001388,0.007903,1
Difficulty Walking,SMHB00533,0.046028,0.075628,1
Alternate Hemiplegia,SMHB00533,0.030919,0.058607,1
Leprosy,SMHB00533,0.030919,0.058607,1
Tetanus,SMHB00533,0.015578,0.043506,1
Deglutitional Syncope,SMHB00420,None,None,None
Cold Sweat,SMHB00420,0.013414,0.040487,1
Haemorrhage Ant Chamber Eye,SMHB00420,None,None,None
Pneumonia,SMHB00420,None,None,None
Hemorrhage,SMHB00420,None,None,None
Diabetes Mellitus,SMHB00420,None,None,None
Presyncope,SMHB00420,None,None,None
Hyperphagia,SMHB00420,0.013414,0.040487,1
"Sputums, Induced",SMHB00420,None,None,None
Night Sweat,SMHB00420,None,None,None
Bright Red Blood Per Rectum,SMHB00420,None,None,None
Stokes-Adams Syncope,SMHB00420,None,None,None
Syncope Cough,SMHB00420,None,None,None
"Melena
",SMHB00420,0.000174,0.001485,1
Hyperventilation Syncope,SMHB00420,None,None,None
Diarrhea,SMHB00420,None,None,None
Syncope Exertional,SMHB00420,None,None,None
Syncope Cardiac,SMHB00420,None,None,None
Bronchiectasis,SMHB00420,0.000174,0.001485,1
"Diarrhea, Chronic",SMHB00420,None,None,None
Syncope Postural,SMHB00420,None,None,None
Syncopal Vertigo,SMHB00420,None,None,None
Skin Breakdown,SMHB00420,None,None,None
Pneumonia Lobar,SMHB00420,None,None,None
Sputum,SMHB00420,None,None,None
Thirst,SMHB00420,None,None,None
Sweating,SMHB00420,None,None,None
Carbuncle,SMHB00420,None,None,None
Convulsive Syncope,SMHB00420,None,None,None
Sweat,SMHB00420,None,None,None
Carotid Sinus Syncope,SMHB00420,None,None,None
Skin Ulcer(S),SMHB00420,None,None,None
Syncope Micturition,SMHB00420,None,None,None
Vision Halo,SMHB00420,None,None,None
Sweating Sickness,SMHB00420,0.039722,0.068318,1
Hemorrhoid Bleeding,SMHB00420,None,None,None
Dysentery,SMHB00420,None,None,None
Lips Bleeding,SMHB00420,None,None,None
Syncopal Episode,SMHB00420,None,None,None
Syncope,SMHB00420,None,None,None
Situational Syncope,SMHB00420,None,None,None
Vaginal Bleeding,SMHB00420,0.013414,0.040487,1
Experimental Lung Inflammation,SMHB00420,None,None,None
Cough Persistent,SMHB00420,None,None,None
Gastric Ulcer Bleeding,SMHB00420,0.013414,0.040487,1
"Child Development Disorders, Pervasive",SMHB00530,0.00952,0.03422,1
Anasarca,SMHB00530,0.04674,0.076544,1
Polyarthralgia,SMHB00530,0.001173,0.006899,1
Autism Spectrum Disorder,SMHB00530,0.00952,0.03422,1
Asthenia,SMHB00530,0,0,0
Pervasive Developmental Disorder,SMHB00530,0.00952,0.03422,1
Atrophy,SMHB00530,0.0283,0.05602,1
Beriberi,SMHB00530,0.018953,0.04715,1
Sharp Headache,SMHB00413,None,None,None
Pharyngolaryngitis,SMHB00413,0.030919,0.058607,1
Larynx,SMHB00413,0.002291,0.011929,1
Right Flank Pain,SMHB00413,None,None,None
Laryngopharyngeal Dysaesthesia,SMHB00413,6.70E-05,0.000689,1
Sprain,SMHB00413,None,None,None
Localized; Swelling,SMHB00413,0.003404,0.016389,1
 Physical Suffering,SMHB00413,0.027711,0.055251,1
Laryngeal Pain,SMHB00413,0.015578,0.043506,1
"Headache, Periorbital",SMHB00413,None,None,None
Bilateral Headache,SMHB00413,None,None,None
Polymenorrhea,SMHB00413,None,None,None
Flank Pain,SMHB00413,None,None,None
Ocular Headache,SMHB00413,None,None,None
Toothache,SMHB00413,None,None,None
Dysuria,SMHB00413,None,None,None
Laryngeal Edema,SMHB00413,0.015578,0.043506,1
Behavior Drinking,SMHB00413,None,None,None
Feces Incontinence,SMHB00413,None,None,None
Abdominal Pain,SMHB00413,None,None,None
Headache Throbbing,SMHB00413,None,None,None
Smarting Of Skin,SMHB00413,0.015578,0.043506,1
Hematoma,SMHB00413,0.030919,0.058607,1
Skin Pain,SMHB00413,0.015578,0.043506,1
Orthostatic Headache,SMHB00413,None,None,None
Functional Encopresis,SMHB00413,None,None,None
Bite Wound Insect,SMHB00413,0.015578,0.043506,1
Dermatosis Of Scalp,SMHB00413,0.030919,0.058607,1
Jaundice,SMHB00413,0.00623,0.026055,1
Pain,SMHB00413,0.037602,0.066384,1
Central Facial Paralyses,SMHB00413,None,None,None
Menses Abnormal,SMHB00413,None,None,None
Facial Droop,SMHB00413,None,None,None
Burning Pain,SMHB00413,0.027711,0.055251,1
"Paralyses, Hemifacial",SMHB00413,None,None,None
 Splitting Pain,SMHB00413,0.027711,0.055251,1
 Stool Loose,SMHB00413,None,None,None
Skin Swelling,SMHB00413,0.030919,0.058607,1
Facial Paralysis,SMHB00413,None,None,None
 Migratory Pain,SMHB00413,0.027711,0.055251,1
Musculoskeletal Pain,SMHB00413,0.030919,0.058607,1
Swelling,SMHB00413,None,None,None
Ache,SMHB00413,0.004965,0.022205,1
 Hypomenorrhea,SMHB00413,None,None,None
Scald,SMHB00413,0.030919,0.058607,1
Pharynx Disease,SMHB00413,0.030919,0.058607,1
 Generalised Headache,SMHB00413,None,None,None
Second Degree Burn,SMHB00413,0.015578,0.043506,1
Tonsillitis,SMHB00413,0.030919,0.058607,1
Throat Tightness,SMHB00413,2.00E-06,2.90E-05,0.041695
Left Flank Pain,SMHB00413,None,None,None
Pain Radiating,SMHB00413,0.027711,0.055251,1
Crushing Pain,SMHB00413,0.027711,0.055251,1
Vertex Headache,SMHB00413,None,None,None
"Headache, Retro-Ocular",SMHB00413,None,None,None
Pharyngolaryngeal Pain,SMHB00413,0.000117,0.001072,1
Retrograde Menstruation,SMHB00413,None,None,None
Smarting,SMHB00413,None,None,None
Edema Pharynx,SMHB00413,0.000701,0.00457,1
"Facial Paralyses, Peripheral",SMHB00413,None,None,None
Headache Unilateral,SMHB00413,None,None,None
Headache,SMHB00413,None,None,None
Diabetes Mellitus,SMHB00414,None,None,None
Abdominal Tenderness,SMHB00414,0.012981,0.039733,1
 Physical Suffering,SMHB00414,None,None,None
Gastric Disorder,SMHB00414,0.0258,0.053532,1
Vomiting Neonatal,SMHB00414,0.012981,0.039733,1
Biliary And Gallbladder Disorder,SMHB00414,0.012981,0.039733,1
Abdominal Pain,SMHB00414,None,None,None
Irritability,SMHB00414,0.038457,0.067282,1
Hunger Abnormal,SMHB00414,0.038457,0.067282,1
Muscle Weakness,SMHB00414,None,None,None
Hyperalgia,SMHB00414,None,None,None
Diarrhea,SMHB00414,None,None,None
Odynophagia,SMHB00414,0.012981,0.039733,1
Emesis,SMHB00414,None,None,None
Pain,SMHB00414,None,None,None
Pneumatosis,SMHB00414,0.012981,0.039733,1
Burning Pain,SMHB00414,None,None,None
"Diarrhea, Chronic",SMHB00414,None,None,None
 Splitting Pain,SMHB00414,None,None,None
Thirst,SMHB00414,None,None,None
 Migratory Pain,SMHB00414,None,None,None
Thermal Energy,SMHB00414,None,None,None
Ache,SMHB00414,None,None,None
Dysentery,SMHB00414,None,None,None
Gagging,SMHB00414,None,None,None
Pain Radiating,SMHB00414,None,None,None
Crushing Pain,SMHB00414,None,None,None
General Abdominal Pain-Symptom,SMHB00414,0.012981,0.039733,1
Cough Persistent,SMHB00414,None,None,None
Hot Temperature,SMHB00414,None,None,None
Ascariasis,SMHB00414,0.0258,0.053532,1
Numbness,SMHB00586,8.60E-05,0.000842,1
Rheumatism,SMHB00586,0.037562,0.066353,1
Extremity Numbness,SMHB00586,0.04674,0.076544,1
Extremity Contracture,SMHB00586,0.018953,0.04715,1
Muscle Weakness,SMHB00586,0.037562,0.066353,1
Yang Deficiency,SMHB00586,0.000851,0.005346,1
Quadriplegic Spinal Paralysis,SMHB00586,0.037562,0.066353,1
 Cerebromedullospinal Disconnection,SMHB00586,0.037562,0.066353,1
Flaccid Tetraplegia,SMHB00586,0.037562,0.066353,1
Motion Sickness,SMHB00586,8.70E-05,0.000842,1
Quadriparesis,SMHB00586,0.04674,0.076544,1
Cramp In Limb,SMHB00586,0.037562,0.066353,1
Air Sickness,SMHB00586,8.70E-05,0.000842,1
Spastic Quadriplegia,SMHB00586,0.04674,0.076544,1
Musculoskeletal Pain,SMHB00586,0.018953,0.04715,1
Catalepsy,SMHB00586,0.0283,0.05602,1
Vision Halo,SMHB00586,0.00952,0.03422,1
Quadriplegia,SMHB00586,0.037562,0.066353,1
"Ejaculation
",SMHB00586,0.0283,0.05602,1
Sea Sickness,SMHB00586,8.70E-05,0.000842,1
Menopause,SMHB00586,0.037562,0.066353,1
Atrophy,SMHB00586,0.0283,0.05602,1
Abdomen Distention,SMHB00419,None,None,None
Sharp Headache,SMHB00419,None,None,None
Shoulder Pain,SMHB00419,None,None,None
Abdominal Tenderness,SMHB00419,None,None,None
 Physical Suffering,SMHB00419,None,None,None
"Headache, Periorbital",SMHB00419,None,None,None
Bilateral Headache,SMHB00419,None,None,None
Suppuration,SMHB00419,None,None,None
Ocular Headache,SMHB00419,None,None,None
Epistaxis,SMHB00419,0.01552,0.043506,1
Headache Throbbing,SMHB00419,None,None,None
Hair Discoloration,SMHB00419,0.007789,0.030277,1
Hair Color Change,SMHB00419,0.007789,0.030277,1
Edema,SMHB00419,None,None,None
Diarrhea,SMHB00419,0.016675,0.044621,1
Rhinorrhea,SMHB00419,None,None,None
Eye Disorder,SMHB00419,None,None,None
Orthostatic Headache,SMHB00419,None,None,None
Pain,SMHB00419,None,None,None
Burning Pain,SMHB00419,None,None,None
"Diarrhea, Chronic",SMHB00419,0.000171,0.001471,1
 Hypalgesia,SMHB00419,None,None,None
 Splitting Pain,SMHB00419,None,None,None
Abdomen Discomfort,SMHB00419,0.045881,0.075628,1
Pus,SMHB00419,None,None,None
Bronchial Asthma,SMHB00419,None,None,None
 Venomous Bite,SMHB00419,None,None,None
Micturition Burning,SMHB00419,None,None,None
 Migratory Pain,SMHB00419,None,None,None
Sweat,SMHB00419,None,None,None
Diarrhea Watery,SMHB00419,0.007789,0.030277,1
Ache,SMHB00419,None,None,None
Acrodynia,SMHB00419,None,None,None
 Generalised Headache,SMHB00419,None,None,None
 name Dilation,SMHB00419,None,None,None
Pain Precordial,SMHB00419,None,None,None
Abdomen Tumor,SMHB00419,None,None,None
Pain Radiating,SMHB00419,None,None,None
Crushing Pain,SMHB00419,None,None,None
Vertex Headache,SMHB00419,None,None,None
"Headache, Retro-Ocular",SMHB00419,None,None,None
Edema Pharynx,SMHB00419,None,None,None
General Abdominal Pain-Symptom,SMHB00419,None,None,None
Thyroid Tumor,SMHB00419,None,None,None
Headache Unilateral,SMHB00419,None,None,None
Headache,SMHB00419,None,None,None
Painful Diarrhea,SMHB00419,0.007789,0.030277,1
Cold Sweat,SMHB00041,0.029424,0.057438,1
Insomnia,SMHB00041,None,None,None
Diabetes Mellitus,SMHB00041,None,None,None
Pulse Weakness,SMHB00041,0.000784,0.004981,1
 Overinclusion,SMHB00041,0.029424,0.057438,1
Cough Productive,SMHB00041,None,None,None
Hyperphagia,SMHB00041,0.029424,0.057438,1
Angina Symptoms,SMHB00041,0.029424,0.057438,1
Night Sweat,SMHB00041,None,None,None
Developmental Delay,SMHB00041,0.029424,0.057438,1
Tongue Edema,SMHB00041,0.029424,0.057438,1
Diarrhea,SMHB00041,None,None,None
Hemorrhage Within 24 Hours Following Delivery Of Placenta,SMHB00041,None,None,None
 Liver Pain,SMHB00041,None,None,None
Palpitation(S),SMHB00041,None,None,None
Nocturia,SMHB00041,0.029424,0.057438,1
Aplasia,SMHB00041,0.029424,0.057438,1
Tongue Disorder,SMHB00041,0.026876,0.054788,1
Numbness Localized,SMHB00041,None,None,None
Urinary Tract Stone,SMHB00041,None,None,None
Respiratory Abnormality,SMHB00041,None,None,None
Attention Disorders,SMHB00041,0.029424,0.057438,1
Dryness Vaginal,SMHB00041,0.029424,0.057438,1
Cough,SMHB00041,None,None,None
 Orthostasis,SMHB00041,None,None,None
Bed-Wetting,SMHB00041,0.029424,0.057438,1
Lightheadedness,SMHB00041,None,None,None
Bronchial Asthma,SMHB00041,None,None,None
Urination Frequency,SMHB00041,None,None,None
Thirst,SMHB00041,None,None,None
Sweating,SMHB00041,None,None,None
Dizziness,SMHB00041,None,None,None
Speech Disorder,SMHB00041,0.029424,0.057438,1
Sweat,SMHB00041,None,None,None
Hemorrhage Postpartum,SMHB00041,None,None,None
Enuresis,SMHB00041,None,None,None
 Neurasthenia,SMHB00041,None,None,None
Bad Dream,SMHB00041,None,None,None
Sleep Disorder,SMHB00041,0.004928,0.022121,1
Hemorrhage After First 24 Hours Following Delivery Of Placenta,SMHB00041,None,None,None
 Nocturia Aggravated,SMHB00041,0.029424,0.057438,1
Asthenia,SMHB00041,None,None,None
"Ejaculation
",SMHB00041,None,None,None
Nightmares,SMHB00041,None,None,None
Forgetfulness,SMHB00041,None,None,None
Abnormal Ejaculation,SMHB00041,None,None,None
Poor Quality Sleep,SMHB00041,0.029424,0.057438,1
Abdomen Distention,SMHB00415,None,None,None
Chest Wall Pain,SMHB00415,0.049799,0.079178,1
Abdominal Tenderness,SMHB00415,0.016876,0.044684,1
 Physical Suffering,SMHB00415,None,None,None
Neurotic Depression,SMHB00415,None,None,None
Abdominal Pain,SMHB00415,None,None,None
Chest Pain,SMHB00415,0.013867,0.040997,1
Hyperalgia,SMHB00415,None,None,None
 Melancholia,SMHB00415,None,None,None
Nocturia,SMHB00415,0.016876,0.044684,1
Liver Tender,SMHB00415,None,None,None
Pain,SMHB00415,None,None,None
 Emotional Depression,SMHB00415,None,None,None
Polyuria,SMHB00415,0.033474,0.061708,1
Burning Pain,SMHB00415,None,None,None
 Splitting Pain,SMHB00415,None,None,None
Hiccups,SMHB00415,None,None,None
Bed-Wetting,SMHB00415,0.016876,0.044684,1
Gasping,SMHB00415,None,None,None
Enterocele,SMHB00415,None,None,None
Bronchial Asthma,SMHB00415,None,None,None
Urination Frequency,SMHB00415,None,None,None
Depressive Neurosis,SMHB00415,None,None,None
 Migratory Pain,SMHB00415,None,None,None
Hernia,SMHB00415,None,None,None
Ache,SMHB00415,None,None,None
Enuresis,SMHB00415,None,None,None
 Nocturia Aggravated,SMHB00415,0.016876,0.044684,1
 name Dilation,SMHB00415,None,None,None
Major Depression,SMHB00415,None,None,None
 Depressive Syndrome,SMHB00415,None,None,None
Tachypnea,SMHB00415,0.049799,0.079178,1
Bloating Feeling,SMHB00415,None,None,None
Pain Radiating,SMHB00415,None,None,None
Crushing Pain,SMHB00415,None,None,None
Endogenous Depression,SMHB00415,None,None,None
Unipolar Depression,SMHB00415,None,None,None
General Abdominal Pain-Symptom,SMHB00415,0.016876,0.044684,1
Depression,SMHB00415,None,None,None
Abdomen Distention,SMHB00418,None,None,None
Sharp Headache,SMHB00418,None,None,None
Abdominal Tenderness,SMHB00418,0.03029,0.058192,1
 Physical Suffering,SMHB00418,None,None,None
Foot Pain,SMHB00418,None,None,None
Vomiting Neonatal,SMHB00418,0.03029,0.058192,1
"Headache, Periorbital",SMHB00418,None,None,None
Bilateral Headache,SMHB00418,None,None,None
Menstrual Cramp,SMHB00418,0.000854,0.005357,1
Ocular Headache,SMHB00418,None,None,None
Abdominal Pain,SMHB00418,None,None,None
Headache Throbbing,SMHB00418,None,None,None
Hyperalgia,SMHB00418,None,None,None
Radiculopathy,SMHB00418,0.03029,0.058192,1
Diarrhea,SMHB00418,None,None,None
Orthostatic Headache,SMHB00418,None,None,None
Emesis,SMHB00418,None,None,None
Nerve Root Disorder,SMHB00418,0.03029,0.058192,1
Pain,SMHB00418,None,None,None
Dexol,SMHB00418,None,None,None
Gastric Acid,SMHB00418,None,None,None
Burning Pain,SMHB00418,None,None,None
 Splitting Pain,SMHB00418,None,None,None
Abdomen Discomfort,SMHB00418,0.01254,0.039351,1
"Neuralgia, Sluder",SMHB00418,0.03029,0.058192,1
Enterocele,SMHB00418,None,None,None
Cervical Radiculopathy,SMHB00418,0.03029,0.058192,1
Diarrhea Acute,SMHB00418,0.03029,0.058192,1
Trigeminal Autonomic Cephalgia,SMHB00418,0.03029,0.058192,1
 Migratory Pain,SMHB00418,None,None,None
Hernia,SMHB00418,None,None,None
Nerve Root Pain,SMHB00418,0.03029,0.058192,1
Neuralgia Facial,SMHB00418,0.03029,0.058192,1
Diarrhea Watery,SMHB00418,0.03029,0.058192,1
Ache,SMHB00418,None,None,None
"Pantothenate, Zinc",SMHB00418,None,None,None
 Generalised Headache,SMHB00418,None,None,None
 name Dilation,SMHB00418,None,None,None
Pantothenic Acid,SMHB00418,None,None,None
"Avulsion, Nerve Root",SMHB00418,0.03029,0.058192,1
Bloating Feeling,SMHB00418,None,None,None
Gagging,SMHB00418,None,None,None
Pain Radiating,SMHB00418,None,None,None
Crushing Pain,SMHB00418,None,None,None
Vertex Headache,SMHB00418,None,None,None
"Headache, Retro-Ocular",SMHB00418,None,None,None
Compression Nerve Root,SMHB00418,0.03029,0.058192,1
Calcium Pantothenate,SMHB00418,None,None,None
Calcium Pantothenate,SMHB00418,None,None,None
General Abdominal Pain-Symptom,SMHB00418,0.03029,0.058192,1
"Headache, Dull",SMHB00418,None,None,None
Atrophy,SMHB00418,None,None,None
Headache Unilateral,SMHB00418,None,None,None
Radiculitis,SMHB00418,0.03029,0.058192,1
Myofacial Pain Syndrome,SMHB00418,0.03029,0.058192,1
Headache,SMHB00418,None,None,None
Beriberi,SMHB00418,None,None,None
Mania,SMHB00422,None,None,None
Neoplastic Growth,SMHB00422,None,None,None
Psychotic Depression,SMHB00422,0.008654,0.032544,1
Suppuration,SMHB00422,0.042565,0.07148,1
Cyst,SMHB00422,0.042565,0.07148,1
Amenorrhea,SMHB00422,0.02575,0.053532,1
Behavior Disorder,SMHB00422,0.017237,0.045046,1
"Amenorrhea, Postpartum",SMHB00422,0.02575,0.053532,1
Communicable Disease,SMHB00422,None,None,None
Palpitation(S),SMHB00422,None,None,None
Annular Erythema,SMHB00422,0.008654,0.032544,1
 Skin Scaly,SMHB00422,0.017237,0.045046,1
Pus,SMHB00422,0.042565,0.07148,1
Mental Disorder,SMHB00422,0.017237,0.045046,1
Macula,SMHB00422,None,None,None
Neoplasm Benign Nos,SMHB00422,0.008654,0.032544,1
Abdomen Tumor,SMHB00422,0.017237,0.045046,1
Diagnosis Psychiatric,SMHB00422,0.008654,0.032544,1
Menopause,SMHB00422,None,None,None
Chest Symptom Heaviness,SMHB00422,None,None,None
Chest Symptom Heaviness,SMHB00422,None,None,None
Depression,SMHB00422,0.02575,0.053532,1
 Other Abdominal Pain,SMHB00422,0.034192,0.062682,1
Right Flank Pain,SMHB00424,None,None,None
 Physical Suffering,SMHB00424,None,None,None
Scabies,SMHB00424,None,None,None
Rheumatism,SMHB00424,None,None,None
Flank Pain,SMHB00424,None,None,None
Oral Dyskinesia,SMHB00424,0.034657,0.062952,1
Extremity Numbness,SMHB00424,None,None,None
Muscle Weakness,SMHB00424,0.04595,0.075628,1
Hyperalgia,SMHB00424,None,None,None
Quadriplegic Spinal Paralysis,SMHB00424,None,None,None
Pain,SMHB00424,None,None,None
 Cerebromedullospinal Disconnection,SMHB00424,None,None,None
Central Facial Paralyses,SMHB00424,0.011683,0.038067,1
Flaccid Tetraplegia,SMHB00424,None,None,None
Facial Droop,SMHB00424,0.011683,0.038067,1
Arthritic Pains,SMHB00424,None,None,None
Infantile Hemiplegia,SMHB00424,None,None,None
Burning Pain,SMHB00424,None,None,None
"Paralyses, Hemifacial",SMHB00424,0.011683,0.038067,1
 Splitting Pain,SMHB00424,None,None,None
Sarcoptic Red Mange,SMHB00424,None,None,None
Quadriparesis,SMHB00424,None,None,None
Facial Paralysis,SMHB00424,0.034657,0.062952,1
Hemiplegia,SMHB00424,None,None,None
Spastic Hemiplegia,SMHB00424,None,None,None
 Migratory Pain,SMHB00424,None,None,None
Spastic Quadriplegia,SMHB00424,None,None,None
Musculoskeletal Pain,SMHB00424,0.023235,0.051423,1
" Hemiplegia, Post Ictal",SMHB00424,None,None,None
Skin Ulcer(S),SMHB00424,None,None,None
Status Marmoratus,SMHB00424,0.034657,0.062952,1
Flaccid Hemiplegia,SMHB00424,None,None,None
Ache,SMHB00424,None,None,None
Transient Hemiplegia,SMHB00424,None,None,None
Sleep Disorder,SMHB00424,None,None,None
Quadriplegia,SMHB00424,None,None,None
Asthenia,SMHB00424,None,None,None
Left Flank Pain,SMHB00424,None,None,None
Movement Disorder,SMHB00424,0.034657,0.062952,1
Pain Radiating,SMHB00424,None,None,None
Crushing Pain,SMHB00424,None,None,None
General Discomfort,SMHB00424,0.023235,0.051423,1
"Facial Paralyses, Peripheral",SMHB00424,0.011683,0.038067,1
Lower Extremity Paresthesia,SMHB00424,0,4.00E-06,0.004418
Hemiparesis,SMHB00424,None,None,None
Difficulty Walking,SMHB00424,0.034657,0.062952,1
Alternate Hemiplegia,SMHB00424,None,None,None
Orofacial Dyskinesia,SMHB00424,0.034657,0.062952,1
 Knee Joint Laxity,SMHB00424,0.011683,0.038067,1
"Nasal Obstruction, Unilateral",SMHB00425,None,None,None
Sharp Headache,SMHB00425,None,None,None
"Nasal Obstruction, Bilateral",SMHB00425,None,None,None
Stroke,SMHB00425,None,None,None
Numbness,SMHB00425,None,None,None
 Physical Suffering,SMHB00425,None,None,None
Vein Disorder,SMHB00425,None,None,None
"Sputums, Induced",SMHB00425,None,None,None
Catarrh,SMHB00425,None,None,None
"Headache, Periorbital",SMHB00425,None,None,None
Bilateral Headache,SMHB00425,None,None,None
Rheumatism,SMHB00425,None,None,None
Ocular Headache,SMHB00425,None,None,None
Toothache,SMHB00425,None,None,None
Epigastric Pain,SMHB00425,None,None,None
Extremity Numbness,SMHB00425,None,None,None
 Airway Obstruction Nasal,SMHB00425,None,None,None
Headache Throbbing,SMHB00425,None,None,None
Chest Pain,SMHB00425,None,None,None
Hyperalgia,SMHB00425,None,None,None
Radiculopathy,SMHB00425,0.027694,0.055251,1
Rhinorrhea,SMHB00425,None,None,None
Lethargy,SMHB00425,None,None,None
Nasal Congestion,SMHB00425,None,None,None
Orthostatic Headache,SMHB00425,None,None,None
Crescendo Angina,SMHB00425,None,None,None
Nerve Root Disorder,SMHB00425,0.027694,0.055251,1
Pain,SMHB00425,None,None,None
Arthritic Pains,SMHB00425,None,None,None
Cough,SMHB00425,None,None,None
Infantile Hemiplegia,SMHB00425,None,None,None
Burning Pain,SMHB00425,None,None,None
 Splitting Pain,SMHB00425,None,None,None
 Cva Nos Acute,SMHB00425,None,None,None
"Neuralgia, Sluder",SMHB00425,0.027694,0.055251,1
Bronchial Asthma,SMHB00425,None,None,None
Cervical Radiculopathy,SMHB00425,0.027694,0.055251,1
Dysphonia,SMHB00425,None,None,None
Angina Pectoris,SMHB00425,None,None,None
Trigeminal Autonomic Cephalgia,SMHB00425,0.027694,0.055251,1
Hemiplegia,SMHB00425,None,None,None
Sputum,SMHB00425,None,None,None
Spastic Hemiplegia,SMHB00425,None,None,None
 Migratory Pain,SMHB00425,None,None,None
Carbuncle,SMHB00425,None,None,None
Nerve Root Pain,SMHB00425,0.027694,0.055251,1
 Cough Increased,SMHB00425,0.027694,0.055251,1
" Hemiplegia, Post Ictal",SMHB00425,None,None,None
Neuralgia Facial,SMHB00425,0.027694,0.055251,1
Flaccid Hemiplegia,SMHB00425,None,None,None
Coryza,SMHB00425,None,None,None
Ache,SMHB00425,None,None,None
Transient Hemiplegia,SMHB00425,None,None,None
Cerebral Vascular Disorder,SMHB00425,None,None,None
 Generalised Headache,SMHB00425,None,None,None
Defecation Pain,SMHB00425,None,None,None
 Urinary Tract Pain,SMHB00425,None,None,None
Nose Pruritus,SMHB00425,0.027694,0.055251,1
"Avulsion, Nerve Root",SMHB00425,0.027694,0.055251,1
Pain Radiating,SMHB00425,None,None,None
Crushing Pain,SMHB00425,None,None,None
Vertex Headache,SMHB00425,None,None,None
"Headache, Retro-Ocular",SMHB00425,None,None,None
Common Cold,SMHB00425,None,None,None
Compression Nerve Root,SMHB00425,0.027694,0.055251,1
"Headache, Dull",SMHB00425,None,None,None
Hemiparesis,SMHB00425,None,None,None
Headache Unilateral,SMHB00425,None,None,None
Radiculitis,SMHB00425,0.027694,0.055251,1
Myofacial Pain Syndrome,SMHB00425,0.027694,0.055251,1
Headache,SMHB00425,None,None,None
Alternate Hemiplegia,SMHB00425,None,None,None
 Gustatory Rhinorrhea,SMHB00425,0.027694,0.055251,1
Sharp Headache,SMHB00426,None,None,None
Goiter,SMHB00426,None,None,None
 Physical Suffering,SMHB00426,None,None,None
Breast Disease,SMHB00426,None,None,None
"Sputums, Induced",SMHB00426,None,None,None
Intermittant Vertigo,SMHB00426,None,None,None
Eye Pain,SMHB00426,None,None,None
"Headache, Periorbital",SMHB00426,None,None,None
Bilateral Headache,SMHB00426,None,None,None
Hyperplasia Thymus,SMHB00426,None,None,None
Vertigo,SMHB00426,None,None,None
Other Conjunctivitis Nos,SMHB00426,0.027261,0.055084,1
Ocular Headache,SMHB00426,None,None,None
Vertigo Postural,SMHB00426,None,None,None
Facial Paresthesia,SMHB00426,0.027261,0.055084,1
Vertigo Central Origin,SMHB00426,None,None,None
Headache Throbbing,SMHB00426,None,None,None
Smarting Of Skin,SMHB00426,0.027261,0.055084,1
Hyperalgia,SMHB00426,None,None,None
Radiculopathy,SMHB00426,0.027261,0.055084,1
Increased Diastolic Blood Pressure,SMHB00426,0.027261,0.055084,1
Brain Stem Vertigo,SMHB00426,None,None,None
Skin Pain,SMHB00426,0.027261,0.055084,1
Orthostatic Headache,SMHB00426,None,None,None
Sarcoidosis,SMHB00426,0.027261,0.055084,1
Induration Of Breast,SMHB00426,0.027261,0.055084,1
Nerve Root Disorder,SMHB00426,0.027261,0.055084,1
Pain,SMHB00426,None,None,None
Breast Mass,SMHB00426,0.000732,0.004741,1
Breast Cyst,SMHB00426,0.027261,0.055084,1
Burning Pain,SMHB00426,None,None,None
 Splitting Pain,SMHB00426,None,None,None
Motion Sickness,SMHB00426,0.000732,0.004741,1
Ligament Injury,SMHB00426,None,None,None
"Neuralgia, Sluder",SMHB00426,0.027261,0.055084,1
Ocular Discomfort,SMHB00426,None,None,None
Cervical Radiculopathy,SMHB00426,0.027261,0.055084,1
 Essential Vertigo,SMHB00426,None,None,None
Trigeminal Autonomic Cephalgia,SMHB00426,0.027261,0.055084,1
Sputum,SMHB00426,None,None,None
Air Sickness,SMHB00426,0.000732,0.004741,1
 Migratory Pain,SMHB00426,None,None,None
Carbuncle,SMHB00426,None,None,None
Nerve Root Pain,SMHB00426,0.027261,0.055084,1
Breast Pain,SMHB00426,0.000625,0.004179,1
Dental Discomfort,SMHB00426,0.027261,0.055084,1
Neuralgia Facial,SMHB00426,0.027261,0.055084,1
Swelling,SMHB00426,None,None,None
Ache,SMHB00426,None,None,None
Vision Halo,SMHB00426,0.027261,0.055084,1
Nodule Subcutaneous,SMHB00426,0.027261,0.055084,1
Nervousness,SMHB00426,0.027261,0.055084,1
Breast Tenderness,SMHB00426,None,None,None
 Generalised Headache,SMHB00426,None,None,None
High Systolic Arterial Pulse Pressure,SMHB00426,0.027261,0.055084,1
 name Dilation,SMHB00426,None,None,None
 Vertigo Paroxysmal,SMHB00426,None,None,None
"Avulsion, Nerve Root",SMHB00426,0.027261,0.055084,1
Sea Sickness,SMHB00426,0.000732,0.004741,1
Eye Blood Shot,SMHB00426,None,None,None
Bloating Feeling,SMHB00426,None,None,None
Pain Radiating,SMHB00426,None,None,None
Crushing Pain,SMHB00426,None,None,None
Hypervigilance,SMHB00426,0.027261,0.055084,1
Vertex Headache,SMHB00426,None,None,None
"Headache, Retro-Ocular",SMHB00426,None,None,None
Compression Nerve Root,SMHB00426,0.027261,0.055084,1
Blood Pressure Elevation,SMHB00426,0.027261,0.055084,1
"Goiter, Euthyroid",SMHB00426,None,None,None
"Goiter, Euthyroid",SMHB00426,None,None,None
Anxiety,SMHB00426,0.027261,0.055084,1
"Headache, Dull",SMHB00426,None,None,None
Thyroid Tumor,SMHB00426,0.000732,0.004741,1
Headache Unilateral,SMHB00426,None,None,None
Ligament Sprain,SMHB00426,None,None,None
Radiculitis,SMHB00426,0.027261,0.055084,1
Constant Vertigo,SMHB00426,None,None,None
Myofacial Pain Syndrome,SMHB00426,0.027261,0.055084,1
Peripheral Vertigo,SMHB00426,None,None,None
Headache,SMHB00426,None,None,None
King Evil,SMHB00426,None,None,None
Abnormal Stools,SMHB00426,None,None,None
Swelling Round Eyes: [periorbital Edema],SMHB00426,0.027261,0.055084,1
Sharp Headache,SMHB00427,None,None,None
Right Flank Pain,SMHB00427,0.006397,0.026635,1
Stroke,SMHB00427,None,None,None
Numbness,SMHB00427,None,None,None
 Physical Suffering,SMHB00427,None,None,None
Vein Disorder,SMHB00427,None,None,None
Joint Range Of Motion Decreased,SMHB00427,None,None,None
Mechanical Low Back Pain,SMHB00427,0,0,0.00042
"Headache, Periorbital",SMHB00427,None,None,None
Bilateral Headache,SMHB00427,None,None,None
Rheumatism,SMHB00427,None,None,None
Flank Pain,SMHB00427,0.006397,0.026635,1
Ocular Headache,SMHB00427,None,None,None
Soft Tissue Injury,SMHB00427,0.000641,0.004252,1
 Recurrent Low Back Pain,SMHB00427,0,0,0.00042
Lower Extremity Pain,SMHB00427,0.006099,0.025549,1
Feces Incontinence,SMHB00427,None,None,None
Extremity Numbness,SMHB00427,None,None,None
Headache Throbbing,SMHB00427,None,None,None
Hematoma,SMHB00427,None,None,None
Hyperalgia,SMHB00427,None,None,None
Radiculopathy,SMHB00427,0.02553,0.053474,1
Polyarthralgia,SMHB00427,None,None,None
Vidian Neuralgia,SMHB00427,None,None,None
Vision Disturbance,SMHB00427,None,None,None
Orthostatic Headache,SMHB00427,None,None,None
Functional Encopresis,SMHB00427,None,None,None
Numbness Localized,SMHB00427,None,None,None
Nerve Root Disorder,SMHB00427,0.02553,0.053474,1
Pain,SMHB00427,None,None,None
Perineal Neuralgia,SMHB00427,None,None,None
Arthralgia,SMHB00427,None,None,None
Iliohypogastric Nerve Neuralgia,SMHB00427,None,None,None
Stump Neuralgia,SMHB00427,None,None,None
Buerger Disease,SMHB00427,None,None,None
Arthritic Pains,SMHB00427,None,None,None
Infantile Hemiplegia,SMHB00427,None,None,None
Burning Pain,SMHB00427,None,None,None
 Splitting Pain,SMHB00427,None,None,None
 Cva Nos Acute,SMHB00427,None,None,None
"Neuralgia, Sluder",SMHB00427,0.02553,0.053474,1
Paroxysmal Nerve Pain,SMHB00427,None,None,None
Cervical Radiculopathy,SMHB00427,0.02553,0.053474,1
Loin Pain,SMHB00427,0.0003,0.002325,1
Trigeminal Autonomic Cephalgia,SMHB00427,0.02553,0.053474,1
Postural Low Back Pain,SMHB00427,0,0,0.00042
Hemiplegia,SMHB00427,None,None,None
Spastic Hemiplegia,SMHB00427,None,None,None
 Migratory Pain,SMHB00427,None,None,None
Nerve Root Pain,SMHB00427,0.02553,0.053474,1
" Hemiplegia, Post Ictal",SMHB00427,None,None,None
Neuralgia Facial,SMHB00427,0.02553,0.053474,1
Swelling,SMHB00427,None,None,None
Flaccid Hemiplegia,SMHB00427,None,None,None
Ache,SMHB00427,None,None,None
Transient Hemiplegia,SMHB00427,None,None,None
Joint Swollen,SMHB00427,None,None,None
Impaired Visual Acuity,SMHB00427,None,None,None
Neuralgia,SMHB00427,None,None,None
Acrodynia,SMHB00427,None,None,None
 Generalised Headache,SMHB00427,None,None,None
Left Flank Pain,SMHB00427,0.006397,0.026635,1
"Avulsion, Nerve Root",SMHB00427,0.02553,0.053474,1
Throat Dry,SMHB00427,None,None,None
Supraorbital Neuralgia,SMHB00427,None,None,None
Pain Radiating,SMHB00427,None,None,None
Crushing Pain,SMHB00427,None,None,None
Posterior Compartment Low Back Pain,SMHB00427,0,0,0.00042
Vertex Headache,SMHB00427,None,None,None
"Headache, Retro-Ocular",SMHB00427,None,None,None
Compression Nerve Root,SMHB00427,0.02553,0.053474,1
Atypical Neuralgia,SMHB00427,None,None,None
Lower Extremity Pain Musculoskeletal,SMHB00427,0.02553,0.053474,1
Vision Dim,SMHB00427,None,None,None
"Headache, Dull",SMHB00427,None,None,None
Ilioinguinal Neuralgia,SMHB00427,None,None,None
Hemiparesis,SMHB00427,None,None,None
Headache Unilateral,SMHB00427,None,None,None
Difficulty Walking,SMHB00427,None,None,None
Radiculitis,SMHB00427,0.02553,0.053474,1
Myofacial Pain Syndrome,SMHB00427,0.02553,0.053474,1
Headache,SMHB00427,None,None,None
Alternate Hemiplegia,SMHB00427,None,None,None
Nerve Pain,SMHB00427,None,None,None
Bilateral Leg Pain,SMHB00427,0.02553,0.053474,1
ache leg pain,SMHB00427,0.02553,0.053474,1
Abdomen Distention,SMHB00428,None,None,None
Hemorrhage,SMHB00428,None,None,None
 Physical Suffering,SMHB00428,None,None,None
Vaginal Discharge White,SMHB00428,None,None,None
Hemoptysis,SMHB00428,None,None,None
Genital Pruritus,SMHB00428,None,None,None
Abdominal Pain,SMHB00428,None,None,None
Hematemesis,SMHB00428,None,None,None
Vagina,SMHB00428,0.035925,0.064462,1
Caustic Injury,SMHB00428,None,None,None
Hyperalgia,SMHB00428,None,None,None
Diarrhea,SMHB00428,None,None,None
Pain,SMHB00428,None,None,None
Burning Pain,SMHB00428,None,None,None
 Splitting Pain,SMHB00428,None,None,None
 Stool Loose,SMHB00428,None,None,None
Lip Paresthesia,SMHB00428,0.012116,0.038774,1
Diarrhea Acute,SMHB00428,None,None,None
 Migratory Pain,SMHB00428,None,None,None
Carbuncle,SMHB00428,None,None,None
Uterine Bleeding,SMHB00428,1.00E-06,1.20E-05,0.014615
Hemorrhage Postpartum,SMHB00428,0.00042,0.003056,1
Skin Ulcer(S),SMHB00428,None,None,None
Ache,SMHB00428,None,None,None
 name Dilation,SMHB00428,None,None,None
Asthenia,SMHB00428,None,None,None
Metrorrhagia,SMHB00428,None,None,None
Pain Radiating,SMHB00428,None,None,None
Crushing Pain,SMHB00428,None,None,None
Menorrhagia,SMHB00428,5.40E-05,0.000571,1
Menometrorrhagia,SMHB00428,5.40E-05,0.000571,1
Decreased Appetite,SMHB00428,None,None,None
Bloody Diarrhea,SMHB00428,0.02409,0.052098,1
Malaria,SMHB00428,0.02409,0.052098,1
Right Flank Pain,SMHB00429,0.000987,0.006025,1
 Physical Suffering,SMHB00429,None,None,None
Mechanical Low Back Pain,SMHB00429,None,None,None
Vertebrogenic Pain Syndrome,SMHB00429,0.040872,0.069693,1
Flank Pain,SMHB00429,0.000987,0.006025,1
 Recurrent Low Back Pain,SMHB00429,None,None,None
Hyperalgia,SMHB00429,None,None,None
Diarrhea,SMHB00429,None,None,None
Yang Deficiency,SMHB00429,None,None,None
Libido Decreased,SMHB00429,0.013802,0.040951,1
Pain,SMHB00429,None,None,None
Back Pain Without Radiation Nos,SMHB00429,0.040872,0.069693,1
Back Pain With Radiation,SMHB00429,0.040872,0.069693,1
Cough,SMHB00429,None,None,None
Burning Pain,SMHB00429,None,None,None
 Splitting Pain,SMHB00429,None,None,None
Loin Pain,SMHB00429,0.000664,0.00437,1
Postural Low Back Pain,SMHB00429,None,None,None
 Migratory Pain,SMHB00429,None,None,None
Ache,SMHB00429,None,None,None
Backache,SMHB00429,0.047529,0.077266,1
Left Flank Pain,SMHB00429,0.000987,0.006025,1
Metrorrhagia,SMHB00429,None,None,None
Pain Radiating,SMHB00429,None,None,None
Crushing Pain,SMHB00429,None,None,None
Posterior Compartment Low Back Pain,SMHB00429,None,None,None
Atrophy,SMHB00429,None,None,None
Azospermia,SMHB00429,None,None,None
Hyperostosis,SMHB00429,0.013802,0.040951,1
Bilateral Knee Joint Pain,SMHB00429,0.03417,0.062682,1
Chronic Lumbago,SMHB00429,0.006923,0.027968,1
Right Flank Pain,SMHB00433,None,None,None
Goiter,SMHB00433,0.014712,0.042343,1
Angina Symptoms,SMHB00433,0.014712,0.042343,1
Vertebrogenic Pain Syndrome,SMHB00433,5.70E-05,0.000593,1
Flank Pain,SMHB00433,None,None,None
Edema,SMHB00433,None,None,None
Palpitation(S),SMHB00433,None,None,None
Pneumatosis,SMHB00433,0.014712,0.042343,1
Respiratory Abnormality,SMHB00433,None,None,None
Back Pain Without Radiation Nos,SMHB00433,5.70E-05,0.000593,1
Back Pain With Radiation,SMHB00433,5.70E-05,0.000593,1
Orofacial Oedema,SMHB00433,0.014712,0.042343,1
Respiratory Disorder,SMHB00433,0.00021,0.00175,1
Musculoskeletal Pain,SMHB00433,None,None,None
Backache,SMHB00433,9.80E-05,0.000927,1
Left Flank Pain,SMHB00433,None,None,None
Edema Legs,SMHB00433,None,None,None
Lower Extremity Edema,SMHB00433,None,None,None
"Goiter, Euthyroid",SMHB00433,0.014712,0.042343,1
"Goiter, Euthyroid",SMHB00433,0.014712,0.042343,1
Lower Extremity Paresthesia,SMHB00433,1.00E-06,1.20E-05,0.014919
 Knee Joint Laxity,SMHB00433,0.014712,0.042343,1
Facial Nerve Motor Disorder,SMHB00431,None,None,None
Numbness,SMHB00431,None,None,None
 Physical Suffering,SMHB00431,None,None,None
Shock,SMHB00431,None,None,None
Vertebrogenic Pain Syndrome,SMHB00431,None,None,None
Toothache,SMHB00431,None,None,None
Facial Nerve Sensory Disorder,SMHB00431,None,None,None
Facial Neuritides,SMHB00431,None,None,None
Anorgasmia,SMHB00431,None,None,None
Hyperpyrexia,SMHB00431,None,None,None
Facial Myokymia,SMHB00431,None,None,None
Pain,SMHB00431,None,None,None
Back Pain Without Radiation Nos,SMHB00431,None,None,None
Back Pain With Radiation,SMHB00431,None,None,None
Hypovolemic Shock,SMHB00431,None,None,None
Otitis,SMHB00431,None,None,None
Burning Pain,SMHB00431,None,None,None
Bone Pain,SMHB00431,0.003459,0.016608,1
 Splitting Pain,SMHB00431,None,None,None
Furuncle,SMHB00431,None,None,None
Mumps,SMHB00431,0.005186,0.022802,1
Bronchial Asthma,SMHB00431,None,None,None
Furunculosis,SMHB00431,None,None,None
 Migratory Pain,SMHB00431,None,None,None
Stomach Cramps,SMHB00431,None,None,None
Ache,SMHB00431,None,None,None
Backache,SMHB00431,None,None,None
"Disorder Of Seventh Cranial Nerve, Nos",SMHB00431,None,None,None
Acquired Facial Neuropathies,SMHB00431,None,None,None
"Facial Neuropathies, Familial",SMHB00431,None,None,None
Geniculate Ganglionitis,SMHB00431,None,None,None
Tachypnea,SMHB00431,None,None,None
Pain Radiating,SMHB00431,None,None,None
Crushing Pain,SMHB00431,None,None,None
Extremity Paresthesia,SMHB00431,None,None,None
Heartburn,SMHB00431,None,None,None
Anal Sphincter Atony,SMHB00431,None,None,None
Poisoning By,SMHB00431,None,None,None
Multiple Sores On Skin,SMHB00431,0.012069,0.038774,1
Abdomen Distention,SMHB00432,None,None,None
Right Flank Pain,SMHB00432,0.000163,0.001407,1
 Physical Suffering,SMHB00432,None,None,None
Menstrual Cramp,SMHB00432,None,None,None
Polymenorrhea,SMHB00432,None,None,None
Flank Pain,SMHB00432,0.000163,0.001407,1
Renal Agenesis,SMHB00432,0.028992,0.057056,1
Amenorrhea,SMHB00432,None,None,None
Abdominal Pain,SMHB00432,None,None,None
Chest Pain,SMHB00432,0.003254,0.015864,1
Hematoma,SMHB00432,None,None,None
Hyperalgia,SMHB00432,None,None,None
Labor Preterm,SMHB00432,0.028992,0.057056,1
"Amenorrhea, Postpartum",SMHB00432,None,None,None
Libido Decreased,SMHB00432,None,None,None
Jaundice,SMHB00432,None,None,None
Pain,SMHB00432,None,None,None
Pneumatosis,SMHB00432,0.028992,0.057056,1
Menses Abnormal,SMHB00432,None,None,None
Boredom,SMHB00432,None,None,None
Burning Pain,SMHB00432,None,None,None
Abnormal Menstrual Cycle,SMHB00432,0.028992,0.057056,1
 Splitting Pain,SMHB00432,None,None,None
Abdomen Discomfort,SMHB00432,None,None,None
Enterocele,SMHB00432,None,None,None
Flatulence,SMHB00432,None,None,None
Premature Birth,SMHB00432,0.028992,0.057056,1
 Migratory Pain,SMHB00432,None,None,None
Chest Symptom Discomfort,SMHB00432,None,None,None
Hernia,SMHB00432,None,None,None
Breast Pain,SMHB00432,None,None,None
Oligomenorrhea,SMHB00432,None,None,None
Ache,SMHB00432,None,None,None
 Hypomenorrhea,SMHB00432,None,None,None
Breast Tenderness,SMHB00432,None,None,None
 name Dilation,SMHB00432,None,None,None
 Stomach Discomfort,SMHB00432,None,None,None
Left Flank Pain,SMHB00432,0.000163,0.001407,1
Bloating Feeling,SMHB00432,None,None,None
Pain Radiating,SMHB00432,None,None,None
Crushing Pain,SMHB00432,None,None,None
Menopause,SMHB00432,None,None,None
Retrograde Menstruation,SMHB00432,None,None,None
Chest Symptom Heaviness,SMHB00432,None,None,None
Chest Symptom Heaviness,SMHB00432,None,None,None
Decreased Appetite,SMHB00432,None,None,None
Abdomen Distention,SMHB00434,0.03204,0.060278,1
Sharp Headache,SMHB00434,None,None,None
Abdominal Tenderness,SMHB00434,0.00952,0.03422,1
 Physical Suffering,SMHB00434,None,None,None
Catarrh,SMHB00434,None,None,None
"Headache, Periorbital",SMHB00434,None,None,None
Bilateral Headache,SMHB00434,None,None,None
Ocular Headache,SMHB00434,None,None,None
Soft Tissue Injury,SMHB00434,8.70E-05,0.000842,1
Anasarca,SMHB00434,None,None,None
Abdominal Pain,SMHB00434,None,None,None
Headache Throbbing,SMHB00434,None,None,None
Edema,SMHB00434,None,None,None
Hyperalgia,SMHB00434,None,None,None
Febrile Illness Acute,SMHB00434,None,None,None
Diarrhea,SMHB00434,None,None,None
Orthostatic Headache,SMHB00434,None,None,None
Induration Of Breast,SMHB00434,None,None,None
Pain,SMHB00434,None,None,None
Micturition Disorder,SMHB00434,None,None,None
Burning Pain,SMHB00434,None,None,None
"Diarrhea, Chronic",SMHB00434,0.0283,0.05602,1
 Splitting Pain,SMHB00434,None,None,None
Abdomen Discomfort,SMHB00434,0.001268,0.007351,1
Diarrhea Acute,SMHB00434,0.00952,0.03422,1
 Migratory Pain,SMHB00434,None,None,None
Diarrhea Watery,SMHB00434,0.00952,0.03422,1
Coryza,SMHB00434,None,None,None
Ache,SMHB00434,None,None,None
 Generalised Headache,SMHB00434,None,None,None
Pain Radiating,SMHB00434,None,None,None
Crushing Pain,SMHB00434,None,None,None
Vertex Headache,SMHB00434,None,None,None
"Headache, Retro-Ocular",SMHB00434,None,None,None
Common Cold,SMHB00434,None,None,None
Anhidrosis,SMHB00434,None,None,None
Chills And Fever,SMHB00434,None,None,None
Anhidrosis,SMHB00434,None,None,None
Chills And Fever,SMHB00434,None,None,None
Smarting,SMHB00434,None,None,None
Typhoid Fever,SMHB00434,None,None,None
General Abdominal Pain-Symptom,SMHB00434,0.00952,0.03422,1
"Headache, Dull",SMHB00434,None,None,None
Headache Unilateral,SMHB00434,None,None,None
Headache,SMHB00434,None,None,None
Fever,SMHB00434,None,None,None
Body Pain,SMHB00434,0.000513,0.003585,1
Sharp Headache,SMHB00435,None,None,None
Blanching Of Skin,SMHB00435,0.021203,0.04873,1
Abdominal Tenderness,SMHB00435,0.021203,0.04873,1
 Physical Suffering,SMHB00435,None,None,None
Heaviness Of Head,SMHB00435,0.041965,0.070815,1
Catarrh,SMHB00435,None,None,None
"Headache, Periorbital",SMHB00435,None,None,None
Bilateral Headache,SMHB00435,None,None,None
Ocular Headache,SMHB00435,None,None,None
Anasarca,SMHB00435,None,None,None
Dysuria,SMHB00435,0.000688,0.0045,1
Abdominal Pain,SMHB00435,None,None,None
Headache Throbbing,SMHB00435,None,None,None
Edema,SMHB00435,None,None,None
Hyperalgia,SMHB00435,None,None,None
Radiculopathy,SMHB00435,0.021203,0.04873,1
Febrile Illness Acute,SMHB00435,None,None,None
Diarrhea,SMHB00435,None,None,None
Orthostatic Headache,SMHB00435,None,None,None
Nerve Root Disorder,SMHB00435,0.021203,0.04873,1
Pain,SMHB00435,None,None,None
Micturition Disorder,SMHB00435,None,None,None
Burning Pain,SMHB00435,None,None,None
 Splitting Pain,SMHB00435,None,None,None
"Neuralgia, Sluder",SMHB00435,0.021203,0.04873,1
Cervical Radiculopathy,SMHB00435,0.021203,0.04873,1
Trigeminal Autonomic Cephalgia,SMHB00435,0.021203,0.04873,1
Thirst,SMHB00435,None,None,None
 Migratory Pain,SMHB00435,None,None,None
Nerve Root Pain,SMHB00435,0.021203,0.04873,1
Neuralgia Facial,SMHB00435,0.021203,0.04873,1
Coryza,SMHB00435,None,None,None
Ache,SMHB00435,None,None,None
 Generalised Headache,SMHB00435,None,None,None
Prostatism,SMHB00435,0.021203,0.04873,1
"Avulsion, Nerve Root",SMHB00435,0.021203,0.04873,1
Metrorrhagia,SMHB00435,None,None,None
Cardiac Arrhythmia,SMHB00435,None,None,None
Pain Radiating,SMHB00435,None,None,None
Crushing Pain,SMHB00435,None,None,None
Vertex Headache,SMHB00435,None,None,None
"Headache, Retro-Ocular",SMHB00435,None,None,None
Common Cold,SMHB00435,None,None,None
Compression Nerve Root,SMHB00435,0.021203,0.04873,1
Anhidrosis,SMHB00435,None,None,None
Chills And Fever,SMHB00435,None,None,None
Anhidrosis,SMHB00435,None,None,None
Chills And Fever,SMHB00435,None,None,None
Typhoid Fever,SMHB00435,None,None,None
General Abdominal Pain-Symptom,SMHB00435,0.021203,0.04873,1
"Headache, Dull",SMHB00435,None,None,None
Headache Unilateral,SMHB00435,None,None,None
Radiculitis,SMHB00435,0.021203,0.04873,1
Tenderness,SMHB00435,0.041965,0.070815,1
Myofacial Pain Syndrome,SMHB00435,0.021203,0.04873,1
Headache,SMHB00435,None,None,None
Fever,SMHB00435,None,None,None
Abdomen Distention,SMHB00436,None,None,None
Right Flank Pain,SMHB00436,2.40E-05,0.000288,0.588825
 Physical Suffering,SMHB00436,None,None,None
Cough Productive,SMHB00436,None,None,None
Gastric Disorder,SMHB00436,0.041118,0.069718,1
Vomiting Neonatal,SMHB00436,0.02077,0.04839,1
"Sputums, Induced",SMHB00436,None,None,None
Catarrh,SMHB00436,None,None,None
Flank Pain,SMHB00436,2.40E-05,0.000288,0.588825
Abdominal Pain,SMHB00436,None,None,None
Chest Pain,SMHB00436,0.001235,0.007197,1
Hyperalgia,SMHB00436,None,None,None
Rhinorrhea,SMHB00436,None,None,None
Emesis,SMHB00436,None,None,None
Pain,SMHB00436,None,None,None
Cough,SMHB00436,None,None,None
Burning Pain,SMHB00436,None,None,None
 Splitting Pain,SMHB00436,None,None,None
Abdomen Discomfort,SMHB00436,0.00601,0.025431,1
Abdomen Bloating,SMHB00436,0.00601,0.025431,1
Sputum,SMHB00436,None,None,None
 Migratory Pain,SMHB00436,None,None,None
Chest Symptom Discomfort,SMHB00436,None,None,None
Coryza,SMHB00436,None,None,None
Ache,SMHB00436,None,None,None
 Stomach Discomfort,SMHB00436,None,None,None
Left Flank Pain,SMHB00436,2.40E-05,0.000288,0.588825
Belching,SMHB00436,None,None,None
Bloating Feeling,SMHB00436,None,None,None
Gagging,SMHB00436,None,None,None
Pain Radiating,SMHB00436,None,None,None
Crushing Pain,SMHB00436,None,None,None
Common Cold,SMHB00436,None,None,None
Cough Persistent,SMHB00436,0.00601,0.025431,1
Sputum Purulent,SMHB00436,None,None,None
Abdomen Distention,SMHB00430,None,None,None
Deglutitional Syncope,SMHB00430,None,None,None
Pharyngolaryngitis,SMHB00430,0.027508,0.055251,1
Alopecia,SMHB00430,None,None,None
Alopecia Cicatrisata,SMHB00430,None,None,None
Larynx,SMHB00430,0.00181,0.009889,1
Right Flank Pain,SMHB00430,None,None,None
Laryngopharyngeal Dysaesthesia,SMHB00430,4.70E-05,0.000505,1
Localized; Swelling,SMHB00430,0.002692,0.013583,1
Presyncope,SMHB00430,None,None,None
Laryngeal Pain,SMHB00430,0.013847,0.040951,1
Flank Pain,SMHB00430,None,None,None
Stokes-Adams Syncope,SMHB00430,None,None,None
Soft Tissue Injury,SMHB00430,0.000186,0.001576,1
Laryngeal Edema,SMHB00430,0.013847,0.040951,1
Abdominal Pain,SMHB00430,None,None,None
Syncope Cough,SMHB00430,None,None,None
"Melena
",SMHB00430,0.000186,0.001576,1
Hyperventilation Syncope,SMHB00430,None,None,None
Smarting Of Skin,SMHB00430,0.013847,0.040951,1
Hematoma,SMHB00430,0.027508,0.055251,1
Hemorrhage Within 24 Hours Following Delivery Of Placenta,SMHB00430,None,None,None
Skin Pain,SMHB00430,0.013847,0.040951,1
Syncope Exertional,SMHB00430,None,None,None
Syncope Cardiac,SMHB00430,None,None,None
Syncope Postural,SMHB00430,None,None,None
Skin Swelling,SMHB00430,0.027508,0.055251,1
Syncopal Vertigo,SMHB00430,None,None,None
Convulsive Syncope,SMHB00430,None,None,None
Lassitude,SMHB00430,None,None,None
Hemorrhage Postpartum,SMHB00430,None,None,None
Carotid Sinus Syncope,SMHB00430,None,None,None
Ache,SMHB00430,0.03922,0.067979,1
Syncope Micturition,SMHB00430,None,None,None
Pharynx Disease,SMHB00430,0.027508,0.055251,1
Hemorrhage After First 24 Hours Following Delivery Of Placenta,SMHB00430,None,None,None
Tonsillitis,SMHB00430,0.027508,0.055251,1
 Stomach Discomfort,SMHB00430,None,None,None
Hemorrhoid Bleeding,SMHB00430,0.040985,0.069693,1
Throat Tightness,SMHB00430,1.00E-06,1.90E-05,0.025561
Left Flank Pain,SMHB00430,None,None,None
 Alopecia Hereditaria,SMHB00430,None,None,None
Syncopal Episode,SMHB00430,None,None,None
Syncope,SMHB00430,None,None,None
Situational Syncope,SMHB00430,None,None,None
"Sports Injury, Nos",SMHB00430,None,None,None
Pharyngolaryngeal Pain,SMHB00430,8.10E-05,0.000805,1
Edema Pharynx,SMHB00430,0.000553,0.003809,1
Fever,SMHB00430,None,None,None
Abdomen Distention,SMHB00523,0.03204,0.060278,1
Bone Fracture,SMHB00523,0.037562,0.066353,1
Abdominal Tenderness,SMHB00523,0.00952,0.03422,1
Sprain,SMHB00523,0.0283,0.05602,1
 Physical Suffering,SMHB00523,0.000467,0.003305,1
Soft Tissue Injury,SMHB00523,8.70E-05,0.000842,1
Amenorrhea,SMHB00523,0.0283,0.05602,1
Abdominal Pain,SMHB00523,0.017242,0.045046,1
Caustic Injury,SMHB00523,0.0283,0.05602,1
"Amenorrhea, Postpartum",SMHB00523,0.0283,0.05602,1
Pain,SMHB00523,0.000769,0.004954,1
Buerger Disease,SMHB00523,0.00952,0.03422,1
Burning Pain,SMHB00523,0.000467,0.003305,1
Bone Pain,SMHB00523,0.018953,0.04715,1
 Splitting Pain,SMHB00523,0.000467,0.003305,1
Ligament Injury,SMHB00523,0.00952,0.03422,1
 Migratory Pain,SMHB00523,0.000467,0.003305,1
Ache,SMHB00523,0.001173,0.006899,1
 Bone Disorder,SMHB00523,0.04674,0.076544,1
Pain Radiating,SMHB00523,0.000467,0.003305,1
Crushing Pain,SMHB00523,0.000467,0.003305,1
Menopause,SMHB00523,0.000513,0.003585,1
General Abdominal Pain-Symptom,SMHB00523,0.00952,0.03422,1
Ligament Sprain,SMHB00523,0.00952,0.03422,1
Abdomen Distention,SMHB00437,None,None,None
Abdominal Tenderness,SMHB00437,0.019905,0.04715,1
 Physical Suffering,SMHB00437,None,None,None
Menstrual Cramp,SMHB00437,None,None,None
Abdominal Pain,SMHB00437,None,None,None
Hyperalgia,SMHB00437,None,None,None
Diarrhea,SMHB00437,None,None,None
Aplasia,SMHB00437,0.019905,0.04715,1
Pain,SMHB00437,None,None,None
Eating Disorder,SMHB00437,0.001148,0.006788,1
Burning Pain,SMHB00437,None,None,None
 Splitting Pain,SMHB00437,None,None,None
Enterocele,SMHB00437,None,None,None
Anorexia,SMHB00437,0.003732,0.017702,1
 Migratory Pain,SMHB00437,None,None,None
Hernia,SMHB00437,None,None,None
Ache,SMHB00437,None,None,None
Foreign Body,SMHB00437,None,None,None
 name Dilation,SMHB00437,None,None,None
Loss Of Appetite,SMHB00437,0.019905,0.04715,1
Bloating Feeling,SMHB00437,None,None,None
Pain Radiating,SMHB00437,None,None,None
Crushing Pain,SMHB00437,None,None,None
General Abdominal Pain-Symptom,SMHB00437,0.019905,0.04715,1
Decreased Appetite,SMHB00437,None,None,None
Abnormal Stools,SMHB00437,None,None,None
Haemorrhage Ant Chamber Eye,SMHB00438,None,None,None
Hemorrhage,SMHB00438,None,None,None
Bright Red Blood Per Rectum,SMHB00438,None,None,None
Hematuria,SMHB00438,None,None,None
Hematemesis,SMHB00438,None,None,None
"Melena
",SMHB00438,9.50E-05,0.000901,1
Contusion,SMHB00438,0.048823,0.078326,1
Bronchiectasis,SMHB00438,9.50E-05,0.000901,1
Urethra Hemorrhage,SMHB00438,None,None,None
Anorexia,SMHB00438,None,None,None
Carbuncle,SMHB00438,None,None,None
Blood Urine Present,SMHB00438,None,None,None
Uterine Bleeding,SMHB00438,0,6.00E-06,0.006354
Hemorrhage Postpartum,SMHB00438,0.006916,0.027968,1
Skin Ulcer(S),SMHB00438,None,None,None
 Stomach Discomfort,SMHB00438,None,None,None
Hemorrhoid Bleeding,SMHB00438,0.029574,0.057571,1
Lips Bleeding,SMHB00438,0.009952,0.034881,1
Metrorrhagia,SMHB00438,None,None,None
Vaginal Bleeding,SMHB00438,0.009952,0.034881,1
Mental Status Altered,SMHB00438,None,None,None
Mental Status Altered,SMHB00438,None,None,None
Menorrhagia,SMHB00438,0.001931,0.010387,1
Urine Rbc,SMHB00438,None,None,None
Menometrorrhagia,SMHB00438,0.001931,0.010387,1
Gastric Ulcer Bleeding,SMHB00438,0.009952,0.034881,1
 Physical Suffering,SMHB00439,None,None,None
Breast Disease,SMHB00439,None,None,None
Urologic Disease,SMHB00439,0.007775,0.030277,1
Dysuria,SMHB00439,3.00E-06,5.40E-05,0.084148
Blood Prolactin Decreased,SMHB00439,0.007775,0.030277,1
Pain,SMHB00439,None,None,None
Micturition Disorder,SMHB00439,None,None,None
Burning Pain,SMHB00439,None,None,None
 Splitting Pain,SMHB00439,None,None,None
Urination Frequency,SMHB00439,None,None,None
"Breast Disease, Endocrine",SMHB00439,None,None,None
 Migratory Pain,SMHB00439,None,None,None
Ache,SMHB00439,None,None,None
Prostatism,SMHB00439,0.003894,0.018222,1
Pain Radiating,SMHB00439,None,None,None
Crushing Pain,SMHB00439,None,None,None
Stillbirth,SMHB00522,0.003029,0.014919,1
Amenorrhea,SMHB00522,0.009063,0.033209,1
"Amenorrhea, Postpartum",SMHB00522,0.009063,0.033209,1
Buerger Disease,SMHB00522,0.003029,0.014919,1
Placental Disorder,SMHB00522,0.003029,0.014919,1
Abnormal Labor,SMHB00522,0.003029,0.014919,1
Fetal Mummification,SMHB00522,0.003029,0.014919,1
Menopause,SMHB00522,4.70E-05,0.000506,1
Intrauterine Fetal Demise,SMHB00522,0.003029,0.014919,1
Abdomen Distention,SMHB00440,None,None,None
Abdominal Tenderness,SMHB00440,0.016876,0.044684,1
 Physical Suffering,SMHB00440,None,None,None
Epigastric Pain,SMHB00440,None,None,None
Abdominal Pain,SMHB00440,0.016189,0.044013,1
Chest Pain,SMHB00440,None,None,None
Hyperalgia,SMHB00440,None,None,None
Diarrhea,SMHB00440,None,None,None
Crescendo Angina,SMHB00440,None,None,None
Pain,SMHB00440,None,None,None
Burning Pain,SMHB00440,None,None,None
 Splitting Pain,SMHB00440,None,None,None
Abdomen Discomfort,SMHB00440,8.60E-05,0.000842,1
Abdomen Bloating,SMHB00440,8.60E-05,0.000842,1
Angina Pectoris,SMHB00440,None,None,None
 Migratory Pain,SMHB00440,None,None,None
Ache,SMHB00440,None,None,None
 name Dilation,SMHB00440,1.00E-06,1.90E-05,0.025178
 Stomach Discomfort,SMHB00440,None,None,None
Pain Precordial,SMHB00440,4.00E-06,6.80E-05,0.110274
Bloating Feeling,SMHB00440,None,None,None
Pain Radiating,SMHB00440,None,None,None
Crushing Pain,SMHB00440,None,None,None
Tenesmus,SMHB00440,0.033474,0.061708,1
General Abdominal Pain-Symptom,SMHB00440,0.016876,0.044684,1
Pharyngolaryngitis,SMHB00560,0.024945,0.053056,1
Larynx,SMHB00560,1.70E-05,0.000224,0.433485
Stomatitis,SMHB00560,0.012549,0.039351,1
Laryngopharyngeal Dysaesthesia,SMHB00560,3.50E-05,0.000398,0.859648
Localized; Swelling,SMHB00560,3.50E-05,0.000398,0.859648
Oral Mucositis,SMHB00560,0.012549,0.039351,1
Laryngeal Pain,SMHB00560,0.012549,0.039351,1
Scabies,SMHB00560,0.037192,0.065886,1
Laryngeal Edema,SMHB00560,0.012549,0.039351,1
Smarting Of Skin,SMHB00560,0.012549,0.039351,1
Hematoma,SMHB00560,0.024945,0.053056,1
Skin Pain,SMHB00560,0.012549,0.039351,1
Skin Swelling,SMHB00560,0.024945,0.053056,1
Sarcoptic Red Mange,SMHB00560,0.037192,0.065886,1
Ache,SMHB00560,0.032687,0.060831,1
Pharynx Disease,SMHB00560,0.024945,0.053056,1
Tonsillitis,SMHB00560,0.024945,0.053056,1
Throat Tightness,SMHB00560,1.00E-06,1.40E-05,0.016936
Pharyngolaryngeal Pain,SMHB00560,1.00E-06,1.40E-05,0.016936
Aphthous Ulcer,SMHB00560,0.037192,0.065886,1
Edema Pharynx,SMHB00560,0.000453,0.003233,1
Oral Ulcer,SMHB00560,0.000898,0.005558,1
Sutton'S Disease,SMHB00560,0.012549,0.039351,1
Alopecia,SMHB00421,None,None,None
Alopecia Cicatrisata,SMHB00421,None,None,None
 Physical Suffering,SMHB00421,None,None,None
Rheumatism,SMHB00421,None,None,None
Muscle Weakness,SMHB00421,0.010351,0.03576,1
Hyperalgia,SMHB00421,None,None,None
Pain,SMHB00421,None,None,None
Arthritic Pains,SMHB00421,None,None,None
Burning Pain,SMHB00421,None,None,None
 Splitting Pain,SMHB00421,None,None,None
Measles,SMHB00421,None,None,None
 Migratory Pain,SMHB00421,None,None,None
Musculoskeletal Pain,SMHB00421,0.005187,0.022802,1
Ache,SMHB00421,None,None,None
 Alopecia Hereditaria,SMHB00421,None,None,None
Pain Radiating,SMHB00421,None,None,None
Crushing Pain,SMHB00421,None,None,None
Abdomen Distention,SMHB00649,0,0,3.00E-05
Right Flank Pain,SMHB00649,1.20E-05,0.000167,0.306036
Abdominal Tenderness,SMHB00649,0.018607,0.046865,1
 Physical Suffering,SMHB00649,0.003403,0.016389,1
Eye Pain,SMHB00649,0.001982,0.010635,1
Other Conjunctivitis Nos,SMHB00649,0.018607,0.046865,1
Flank Pain,SMHB00649,1.20E-05,0.000167,0.306036
Abdominal Pain,SMHB00649,0.022524,0.050621,1
Smarting Of Skin,SMHB00649,0.018607,0.046865,1
Hematoma,SMHB00649,0.036875,0.065606,1
Skin Pain,SMHB00649,0.018607,0.046865,1
Pain,SMHB00649,0.005488,0.023908,1
Burning Pain,SMHB00649,0.003403,0.016389,1
 Splitting Pain,SMHB00649,0.003403,0.016389,1
Skin Swelling,SMHB00649,0.036875,0.065606,1
 Migratory Pain,SMHB00649,0.003403,0.016389,1
Ache,SMHB00649,0.000712,0.004637,1
Sore Eye,SMHB00649,0.036875,0.065606,1
 name Dilation,SMHB00649,0.000116,0.001063,1
Left Flank Pain,SMHB00649,1.20E-05,0.000167,0.306036
Pain Radiating,SMHB00649,0.003403,0.016389,1
Crushing Pain,SMHB00649,0.003403,0.016389,1
General Abdominal Pain-Symptom,SMHB00649,0.018607,0.046865,1
Swelling Round Eyes: [periorbital Edema],SMHB00649,0.018607,0.046865,1
"Nasal Obstruction, Unilateral",SMHB00441,None,None,None
Sharp Headache,SMHB00441,None,None,None
"Nasal Obstruction, Bilateral",SMHB00441,None,None,None
Anosmia,SMHB00441,0.000263,0.002095,1
 Physical Suffering,SMHB00441,None,None,None
Heaviness Of Head,SMHB00441,0.032623,0.06074,1
"Headache, Periorbital",SMHB00441,None,None,None
Bilateral Headache,SMHB00441,None,None,None
Ocular Headache,SMHB00441,None,None,None
 Airway Obstruction Nasal,SMHB00441,None,None,None
Headache Throbbing,SMHB00441,None,None,None
Hyperalgia,SMHB00441,None,None,None
Radiculopathy,SMHB00441,0.016443,0.044013,1
Pterygium,SMHB00441,None,None,None
Rhinorrhea,SMHB00441,None,None,None
Vidian Neuralgia,SMHB00441,0.048543,0.078022,1
Nasal Congestion,SMHB00441,None,None,None
Orthostatic Headache,SMHB00441,None,None,None
Disorder Of Smell,SMHB00441,0.000263,0.002095,1
Nerve Root Disorder,SMHB00441,0.016443,0.044013,1
Pain,SMHB00441,None,None,None
Perineal Neuralgia,SMHB00441,0.048543,0.078022,1
Iliohypogastric Nerve Neuralgia,SMHB00441,0.048543,0.078022,1
Stump Neuralgia,SMHB00441,0.048543,0.078022,1
Cough,SMHB00441,None,None,None
Burning Pain,SMHB00441,None,None,None
 Splitting Pain,SMHB00441,None,None,None
"Neuralgia, Sluder",SMHB00441,0.016443,0.044013,1
Paroxysmal Nerve Pain,SMHB00441,0.048543,0.078022,1
Cervical Radiculopathy,SMHB00441,0.016443,0.044013,1
Trigeminal Autonomic Cephalgia,SMHB00441,None,None,None
 Migratory Pain,SMHB00441,None,None,None
Thermal Energy,SMHB00441,None,None,None
Nerve Root Pain,SMHB00441,0.016443,0.044013,1
Neuralgia Facial,SMHB00441,0.016443,0.044013,1
Coryza,SMHB00441,None,None,None
Ache,SMHB00441,None,None,None
Neuralgia,SMHB00441,0.048543,0.078022,1
 Generalised Headache,SMHB00441,None,None,None
Nose Pruritus,SMHB00441,0.016443,0.044013,1
"Avulsion, Nerve Root",SMHB00441,0.016443,0.044013,1
Supraorbital Neuralgia,SMHB00441,0.048543,0.078022,1
Loss Of Appetite,SMHB00441,None,None,None
Pain Radiating,SMHB00441,None,None,None
Crushing Pain,SMHB00441,None,None,None
Parosmia,SMHB00441,0.000263,0.002095,1
Vertex Headache,SMHB00441,None,None,None
"Headache, Retro-Ocular",SMHB00441,None,None,None
Compression Nerve Root,SMHB00441,0.016443,0.044013,1
Atypical Neuralgia,SMHB00441,0.048543,0.078022,1
Chills And Fever,SMHB00441,None,None,None
Chills And Fever,SMHB00441,None,None,None
"Headache, Dull",SMHB00441,None,None,None
Ilioinguinal Neuralgia,SMHB00441,0.048543,0.078022,1
Headache Unilateral,SMHB00441,None,None,None
Radiculitis,SMHB00441,0.016443,0.044013,1
Tenderness,SMHB00441,0.000263,0.002095,1
Myofacial Pain Syndrome,SMHB00441,0.016443,0.044013,1
Headache,SMHB00441,None,None,None
Hot Temperature,SMHB00441,None,None,None
Nerve Pain,SMHB00441,0.048543,0.078022,1
Fever,SMHB00441,None,None,None
 Gustatory Rhinorrhea,SMHB00441,0.016443,0.044013,1
Abdomen Distention,SMHB00664,0.029361,0.057438,1
Abdominal Tenderness,SMHB00664,0.009087,0.033209,1
"Seizure, Convulsion",SMHB00664,0.009087,0.033209,1
 Physical Suffering,SMHB00664,0.009855,0.034881,1
Sensory Seizure,SMHB00664,0.009087,0.033209,1
Seizure Focal,SMHB00664,0.009087,0.033209,1
Seizure(S) Jacksonian,SMHB00664,0.009087,0.033209,1
Lethargy,SMHB00664,0.009087,0.033209,1
Bite Wound Insect,SMHB00664,0.009087,0.033209,1
Dermatosis Of Scalp,SMHB00664,0.018095,0.046235,1
Pain,SMHB00664,0.013543,0.040823,1
Seizure Generalized,SMHB00664,0.009087,0.033209,1
Burning Pain,SMHB00664,0.009855,0.034881,1
Visual Epilepsy,SMHB00664,0.009087,0.033209,1
 Splitting Pain,SMHB00664,0.009855,0.034881,1
Olfactory Uncinate Fit,SMHB00664,0.009087,0.033209,1
Tonic Seizure,SMHB00664,0.009087,0.033209,1
Clonic Seizure,SMHB00664,0.018095,0.046235,1
 Migratory Pain,SMHB00664,0.009855,0.034881,1
Carbuncle,SMHB00664,0.039084,0.067979,1
 Seizure(S) Somatosensory,SMHB00664,0.009087,0.033209,1
Ache,SMHB00664,0.017741,0.045849,1
Seizure(S) Grand Mal,SMHB00664,0.009087,0.033209,1
Snake Venom Causing Toxic Effect,SMHB00664,0.009087,0.033209,1
Pain Radiating,SMHB00664,0.009855,0.034881,1
Crushing Pain,SMHB00664,0.009855,0.034881,1
 [D]Fit (In Non-Epileptic) Nos,SMHB00664,0.009087,0.033209,1
General Abdominal Pain-Symptom,SMHB00664,0.009087,0.033209,1
Malaria,SMHB00664,0.018095,0.046235,1
Diphtheria,SMHB00561,0.000433,0.003125,1
Diabetes Mellitus,SMHB00423,None,None,None
Cough Productive,SMHB00423,None,None,None
"Sputums, Induced",SMHB00423,None,None,None
Xerostomia,SMHB00423,None,None,None
Dyspnea,SMHB00423,0.021523,0.049159,1
Hyperalgia,SMHB00423,0.010818,0.036554,1
Cough,SMHB00423,None,None,None
Gasping,SMHB00423,0.032117,0.060278,1
Bronchial Asthma,SMHB00423,None,None,None
Sputum,SMHB00423,None,None,None
Thirst,SMHB00423,None,None,None
Thermal Energy,SMHB00423,None,None,None
Lassitude,SMHB00423,None,None,None
 Cough Increased,SMHB00423,0.010818,0.036554,1
Throat Dry,SMHB00423,None,None,None
Dry Tongue,SMHB00423,0.010818,0.036554,1
Asthma Attack,SMHB00423,0.010818,0.036554,1
Cough Persistent,SMHB00423,0.001642,0.009132,1
Lower Extremity Paresthesia,SMHB00423,None,None,None
Abnormal Stools,SMHB00423,None,None,None
Hot Temperature,SMHB00423,None,None,None
Respiratory Distress,SMHB00423,0.021523,0.049159,1
Right Flank Pain,SMHB00443,None,None,None
Bone Fracture,SMHB00443,0.049289,0.078752,1
Sprain,SMHB00443,0.037192,0.065886,1
Pulse Weakness,SMHB00443,None,None,None
 Physical Suffering,SMHB00443,None,None,None
Limb Anomaly Congenital,SMHB00443,0.012549,0.039351,1
Injury,SMHB00443,None,None,None
Rheumatism,SMHB00443,None,None,None
Flank Pain,SMHB00443,None,None,None
Soft Tissue Injury,SMHB00443,0.000152,0.001338,1
 Red,SMHB00443,None,None,None
Muscle Weakness,SMHB00443,0.049289,0.078752,1
Hyperalgia,SMHB00443,None,None,None
Labor Preterm,SMHB00443,0.012549,0.039351,1
Pain,SMHB00443,None,None,None
Asthma Exacerbation Acute,SMHB00443,None,None,None
Arthritic Pains,SMHB00443,None,None,None
Burning Pain,SMHB00443,None,None,None
 Splitting Pain,SMHB00443,None,None,None
Ligament Injury,SMHB00443,0.012549,0.039351,1
Premature Birth,SMHB00443,0.012549,0.039351,1
 Migratory Pain,SMHB00443,None,None,None
Musculoskeletal Pain,SMHB00443,0.024945,0.053056,1
Uterine Bleeding,SMHB00443,6.00E-05,0.000627,1
Hemorrhage Postpartum,SMHB00443,0.010889,0.036784,1
Ache,SMHB00443,None,None,None
 Bone Disorder,SMHB00443,None,None,None
Left Flank Pain,SMHB00443,None,None,None
Throat Dry,SMHB00443,None,None,None
Metrorrhagia,SMHB00443,None,None,None
Hemorrhage Of Pregnancy,SMHB00443,None,None,None
Pain Radiating,SMHB00443,None,None,None
Crushing Pain,SMHB00443,None,None,None
Menorrhagia,SMHB00443,0.003072,0.015061,1
Menometrorrhagia,SMHB00443,0.003072,0.015061,1
Lower Extremity Paresthesia,SMHB00443,0,6.00E-06,0.006461
Ligament Sprain,SMHB00443,0.012549,0.039351,1
 Knee Joint Laxity,SMHB00443,0.012549,0.039351,1
Panic State,SMHB00445,0.047887,0.077434,1
Rash,SMHB00445,0.014707,0.042343,1
Pharyngolaryngitis,SMHB00445,None,None,None
Larynx,SMHB00445,None,None,None
Erythrosis,SMHB00445,0.024232,0.052098,1
Tongue Ulcer,SMHB00445,0.047887,0.077434,1
Constipation,SMHB00445,None,None,None
 Physical Suffering,SMHB00445,None,None,None
Cough Productive,SMHB00445,None,None,None
Hyperphagia,SMHB00445,0.024232,0.052098,1
Catarrh,SMHB00445,None,None,None
Other Conjunctivitis Nos,SMHB00445,0.024232,0.052098,1
Parotid Enlargement,SMHB00445,0.047887,0.077434,1
Cyst,SMHB00445,None,None,None
Facial Paresthesia,SMHB00445,0.024232,0.052098,1
Laryngeal Edema,SMHB00445,None,None,None
 Red,SMHB00445,0.024232,0.052098,1
Abdominal Pain,SMHB00445,None,None,None
Caustic Injury,SMHB00445,None,None,None
Hyperalgia,SMHB00445,None,None,None
Communicable Disease,SMHB00445,None,None,None
Annular Erythema,SMHB00445,0.024232,0.052098,1
Tongue Disorder,SMHB00445,None,None,None
Pain,SMHB00445,None,None,None
 Skin Scaly,SMHB00445,0.047887,0.077434,1
Cough,SMHB00445,None,None,None
Burning Pain,SMHB00445,None,None,None
 Splitting Pain,SMHB00445,None,None,None
Furuncle,SMHB00445,None,None,None
Mumps,SMHB00445,None,None,None
 Venomous Bite,SMHB00445,None,None,None
Thirst,SMHB00445,None,None,None
Furunculosis,SMHB00445,None,None,None
Macula,SMHB00445,None,None,None
 Migratory Pain,SMHB00445,None,None,None
Carbuncle,SMHB00445,None,None,None
Thermal Energy,SMHB00445,None,None,None
Dental Discomfort,SMHB00445,0.024232,0.052098,1
Skin Ulcer(S),SMHB00445,None,None,None
Swelling,SMHB00445,None,None,None
Coryza,SMHB00445,None,None,None
Ache,SMHB00445,None,None,None
 Parotid Disease,SMHB00445,0.024232,0.052098,1
Nodule Subcutaneous,SMHB00445,0.024232,0.052098,1
Eyelid Irritation,SMHB00445,0.024232,0.052098,1
Polydipsia,SMHB00445,None,None,None
 Face Injury,SMHB00445,0.024232,0.052098,1
Defecation Pain,SMHB00445,None,None,None
Colonic Inertia,SMHB00445,None,None,None
Throat Tightness,SMHB00445,None,None,None
Dysentery,SMHB00445,None,None,None
Nose Dryness,SMHB00445,0.001704,0.009417,1
Eye Blood Shot,SMHB00445,None,None,None
Pain Radiating,SMHB00445,None,None,None
Crushing Pain,SMHB00445,None,None,None
Common Cold,SMHB00445,None,None,None
" Disease Of Vocal Cords, Nos",SMHB00445,0,7.00E-06,0.007681
Pharyngolaryngeal Pain,SMHB00445,None,None,None
Blotchy Rash,SMHB00445,0.024232,0.052098,1
Glossitis,SMHB00445,0.024232,0.052098,1
Glossitis,SMHB00445,0.024232,0.052098,1
King Evil,SMHB00445,None,None,None
Hot Temperature,SMHB00445,None,None,None
Diphtheria,SMHB00445,0.024232,0.052098,1
 Physical Suffering,SMHB00444,None,None,None
Frigidity,SMHB00444,None,None,None
Lower Extremity Pain,SMHB00444,None,None,None
Dysuria,SMHB00444,0.038342,0.067282,1
"Melena
",SMHB00444,1.70E-05,0.000217,0.417917
Vagina,SMHB00444,None,None,None
Chill,SMHB00444,None,None,None
Jaundice,SMHB00444,0.000466,0.003305,1
Pain,SMHB00444,None,None,None
Abortion,SMHB00444,None,None,None
Breast Cyst,SMHB00444,0.004327,0.019882,1
Burning Pain,SMHB00444,None,None,None
 Splitting Pain,SMHB00444,None,None,None
 Migratory Pain,SMHB00444,None,None,None
Chest Symptom Discomfort,SMHB00444,None,None,None
Painful Red Eye,SMHB00444,None,None,None
Uterine Bleeding,SMHB00444,0.029938,0.057943,1
Ache,SMHB00444,None,None,None
Hemorrhoid Bleeding,SMHB00444,0.012931,0.039733,1
Pain Radiating,SMHB00444,None,None,None
Crushing Pain,SMHB00444,None,None,None
Xerophthalmia,SMHB00444,None,None,None
Abnormal Stools,SMHB00444,0.046681,0.076544,1
Chilliness,SMHB00444,None,None,None
Stroke,SMHB00446,None,None,None
Cough Productive,SMHB00446,None,None,None
Gastric Disorder,SMHB00446,0.029214,0.057221,1
Vomiting Neonatal,SMHB00446,0.014712,0.042343,1
"Sputums, Induced",SMHB00446,None,None,None
Bright Red Blood Per Rectum,SMHB00446,None,None,None
Cardiac Discomfort,SMHB00446,None,None,None
Hyperalgia,SMHB00446,0.014712,0.042343,1
Gastric Hemorrhage,SMHB00446,None,None,None
Blood Prolactin Decreased,SMHB00446,None,None,None
Emesis,SMHB00446,None,None,None
Cough,SMHB00446,None,None,None
 Cva Nos Acute,SMHB00446,None,None,None
Bronchial Asthma,SMHB00446,None,None,None
Sputum,SMHB00446,None,None,None
Chest Symptom Discomfort,SMHB00446,0.03383,0.062226,1
 Cough Increased,SMHB00446,0.014712,0.042343,1
Gi Bleeding,SMHB00446,None,None,None
Belching,SMHB00446,None,None,None
Gagging,SMHB00446,None,None,None
Chest Symptom Heaviness,SMHB00446,None,None,None
Chest Symptom Heaviness,SMHB00446,None,None,None
Cough Persistent,SMHB00446,0.003038,0.014948,1
Heartburn,SMHB00446,None,None,None
Sputum Purulent,SMHB00446,None,None,None
Abdomen Distention,SMHB00551,0.000126,0.001145,1
Larynx,SMHB00551,0.007155,0.028756,1
Laryngopharyngeal Dysaesthesia,SMHB00551,0.000382,0.002836,1
Constipation,SMHB00551,0.002116,0.011243,1
Localized; Swelling,SMHB00551,0.010542,0.036204,1
Laryngeal Pain,SMHB00551,0.027694,0.055251,1
Other Conjunctivitis Nos,SMHB00551,0.027694,0.055251,1
Toothache,SMHB00551,0.010542,0.036204,1
Laryngeal Edema,SMHB00551,0.027694,0.055251,1
Gingivitis,SMHB00551,0.000755,0.004873,1
Smarting Of Skin,SMHB00551,0.027694,0.055251,1
Skin Pain,SMHB00551,0.027694,0.055251,1
Gingival Swelling,SMHB00551,8.00E-05,0.000787,1
Abdomen Discomfort,SMHB00551,0.010542,0.036204,1
Abdomen Bloating,SMHB00551,0.010542,0.036204,1
Nodule Subcutaneous,SMHB00551,0.027694,0.055251,1
Defecation Pain,SMHB00551,0.000581,0.003945,1
 name Dilation,SMHB00551,0.010542,0.036204,1
Colonic Inertia,SMHB00551,0.001028,0.006237,1
Throat Tightness,SMHB00551,1.80E-05,0.000225,0.436634
Dyspepsia,SMHB00551,0.041679,0.070592,1
Dental Abscess,SMHB00551,0.027694,0.055251,1
Pharyngolaryngeal Pain,SMHB00551,1.80E-05,0.000225,0.436634
Aphthous Ulcer,SMHB00551,2.00E-05,0.000255,0.502731
Edema Pharynx,SMHB00551,0.002225,0.011685,1
Gingival Pain,SMHB00551,0.002225,0.011685,1
Oral Ulcer,SMHB00551,1.00E-06,1.10E-05,0.013287
Abnormal Stools,SMHB00551,0.002853,0.014326,1
Sutton'S Disease,SMHB00551,0.027694,0.055251,1
Right Flank Pain,SMHB00442,None,None,None
Constipation,SMHB00442,None,None,None
 Physical Suffering,SMHB00442,None,None,None
Trichophytosis,SMHB00442,None,None,None
Mechanical Low Back Pain,SMHB00442,None,None,None
Rheumatism,SMHB00442,None,None,None
Flank Pain,SMHB00442,None,None,None
Toothache,SMHB00442,None,None,None
 Recurrent Low Back Pain,SMHB00442,None,None,None
Tinea,SMHB00442,None,None,None
Abdominal Pain,SMHB00442,None,None,None
Rheumatoid Arthritis,SMHB00442,None,None,None
Caustic Injury,SMHB00442,0.038457,0.067282,1
Hyperalgia,SMHB00442,None,None,None
Colic,SMHB00442,0.038457,0.067282,1
Pain,SMHB00442,None,None,None
Tinea Corporis,SMHB00442,None,None,None
Arthritic Pains,SMHB00442,None,None,None
Burning Pain,SMHB00442,None,None,None
 Splitting Pain,SMHB00442,None,None,None
Injuries Wounds,SMHB00442,None,None,None
Abdominal Cramp,SMHB00442,0.0258,0.053532,1
Skin Breakdown,SMHB00442,0.012981,0.039733,1
Loin Pain,SMHB00442,None,None,None
Flatulence,SMHB00442,None,None,None
Postural Low Back Pain,SMHB00442,None,None,None
Infantile Colic,SMHB00442,0.012981,0.039733,1
 Migratory Pain,SMHB00442,None,None,None
Musculoskeletal Pain,SMHB00442,0.0258,0.053532,1
Eczema,SMHB00442,None,None,None
Ache,SMHB00442,None,None,None
Defecation Pain,SMHB00442,None,None,None
 Urinary Tract Pain,SMHB00442,None,None,None
Colonic Inertia,SMHB00442,None,None,None
Epidermophytosis,SMHB00442,None,None,None
 Stomach Discomfort,SMHB00442,2.90E-05,0.00034,0.708107
Left Flank Pain,SMHB00442,None,None,None
Bloating Feeling,SMHB00442,None,None,None
Pain Radiating,SMHB00442,None,None,None
Crushing Pain,SMHB00442,None,None,None
Posterior Compartment Low Back Pain,SMHB00442,None,None,None
Panic State,SMHB00569,0.030067,0.058016,1
Erythrosis,SMHB00569,0.015145,0.043192,1
Abdominal Tenderness,SMHB00569,0.015145,0.043192,1
 Physical Suffering,SMHB00569,0.001872,0.010177,1
Soft Tissue Injury,SMHB00569,0.000223,0.001837,1
Caustic Injury,SMHB00569,0.044769,0.074169,1
Pain,SMHB00569,0.003042,0.014963,1
Buerger Disease,SMHB00569,0.015145,0.043192,1
Bronchiectasis,SMHB00569,0.000223,0.001837,1
Burning Pain,SMHB00569,0.001872,0.010177,1
 Splitting Pain,SMHB00569,0.001872,0.010177,1
Angina Pectoris,SMHB00569,0.005894,0.025039,1
 Migratory Pain,SMHB00569,0.001872,0.010177,1
Ache,SMHB00569,0.004581,0.02091,1
Pain Precordial,SMHB00569,3.00E-06,5.10E-05,0.078974
Lips Bleeding,SMHB00569,0.015145,0.043192,1
Pain Radiating,SMHB00569,0.001872,0.010177,1
Crushing Pain,SMHB00569,0.001872,0.010177,1
Vaginal Bleeding,SMHB00569,0.015145,0.043192,1
Smarting,SMHB00569,0.011252,0.037373,1
Acne Aggravated,SMHB00569,0.015145,0.043192,1
General Abdominal Pain-Symptom,SMHB00569,0.015145,0.043192,1
Gastric Ulcer Bleeding,SMHB00569,0.015145,0.043192,1
Hyperostosis,SMHB00569,0.000223,0.001837,1
Hemoptysis,SMHB00568,0.00379,0.017862,1
Bright Red Blood Per Rectum,SMHB00568,0.047621,0.077266,1
Dysuria,SMHB00568,0.000128,0.00116,1
"Melena
",SMHB00568,0.000142,0.001263,1
Bronchiectasis,SMHB00568,0.000142,0.001263,1
Urethra Hemorrhage,SMHB00568,0.012116,0.038774,1
Blood Urine Present,SMHB00568,0.047621,0.077266,1
Uterine Bleeding,SMHB00568,1.00E-06,1.20E-05,0.014615
Hemorrhage Postpartum,SMHB00568,0.01017,0.035483,1
Prostatism,SMHB00568,0.012116,0.038774,1
Hemorrhoid Bleeding,SMHB00568,0.035925,0.064462,1
Lips Bleeding,SMHB00568,0.012116,0.038774,1
Metrorrhagia,SMHB00568,8.60E-05,0.000842,1
Vaginal Bleeding,SMHB00568,0.012116,0.038774,1
Menorrhagia,SMHB00568,0.002864,0.014349,1
Urine Rbc,SMHB00568,0.047621,0.077266,1
Menometrorrhagia,SMHB00568,0.002864,0.014349,1
Gastric Ulcer Bleeding,SMHB00568,0.012116,0.038774,1
Rash,SMHB00447,None,None,None
Deglutitional Syncope,SMHB00447,None,None,None
Right Flank Pain,SMHB00447,None,None,None
Abdominal Tenderness,SMHB00447,0.01601,0.043953,1
Stroke,SMHB00447,None,None,None
Numbness,SMHB00447,None,None,None
 Physical Suffering,SMHB00447,0.000114,0.001053,1
Vein Disorder,SMHB00447,0.000741,0.004791,1
Presyncope,SMHB00447,None,None,None
Mechanical Low Back Pain,SMHB00447,None,None,None
Testicle Pain,SMHB00447,0.00025,0.002011,1
Flank Pain,SMHB00447,None,None,None
Stokes-Adams Syncope,SMHB00447,None,None,None
Duodenal Ulcer Hemorrhage,SMHB00447,None,None,None
Soft Tissue Injury,SMHB00447,0.00025,0.002011,1
 Recurrent Low Back Pain,SMHB00447,None,None,None
Extremity Numbness,SMHB00447,3.70E-05,0.000417,0.916954
Abdominal Pain,SMHB00447,None,None,None
Syncope Cough,SMHB00447,None,None,None
Hyperventilation Syncope,SMHB00447,None,None,None
Smarting Of Skin,SMHB00447,0.01601,0.043953,1
Hematoma,SMHB00447,0.031771,0.059919,1
Radiculopathy,SMHB00447,None,None,None
Colic,SMHB00447,0.047286,0.07697,1
Skin Pain,SMHB00447,0.01601,0.043953,1
Syncope Exertional,SMHB00447,None,None,None
Numbness Localized,SMHB00447,0.000741,0.004791,1
Syncope Cardiac,SMHB00447,None,None,None
Nerve Root Disorder,SMHB00447,None,None,None
Pain,SMHB00447,0.000225,0.001849,1
Central Facial Paralyses,SMHB00447,None,None,None
Facial Droop,SMHB00447,None,None,None
Breast Cyst,SMHB00447,0.01601,0.043953,1
Burning Pain,SMHB00447,0.000114,0.001053,1
"Paralyses, Hemifacial",SMHB00447,None,None,None
 Splitting Pain,SMHB00447,0.000114,0.001053,1
 Cva Nos Acute,SMHB00447,None,None,None
Syncope Postural,SMHB00447,None,None,None
Skin Swelling,SMHB00447,0.031771,0.059919,1
Abdominal Cramp,SMHB00447,0.031771,0.059919,1
Cervical Radiculopathy,SMHB00447,None,None,None
Syncopal Vertigo,SMHB00447,None,None,None
Loin Pain,SMHB00447,None,None,None
Hand Swelling,SMHB00447,None,None,None
Respiratory Disorder,SMHB00447,None,None,None
Facial Paralysis,SMHB00447,None,None,None
Postural Low Back Pain,SMHB00447,None,None,None
Sweating,SMHB00447,None,None,None
 Migratory Pain,SMHB00447,0.000114,0.001053,1
Gangrene,SMHB00447,None,None,None
Musculoskeletal Pain,SMHB00447,0.031771,0.059919,1
Emaciation,SMHB00447,None,None,None
Convulsive Syncope,SMHB00447,None,None,None
Sweat,SMHB00447,None,None,None
Carotid Sinus Syncope,SMHB00447,None,None,None
Swelling,SMHB00447,None,None,None
Ache,SMHB00447,2.20E-05,0.000271,0.539172
Syncope Micturition,SMHB00447,None,None,None
Tonsillitis,SMHB00447,None,None,None
Asthenia,SMHB00447,None,None,None
Left Flank Pain,SMHB00447,None,None,None
"Avulsion, Nerve Root",SMHB00447,None,None,None
Abdomen Tumor,SMHB00447,None,None,None
 Duodenitis Hemorrhagic,SMHB00447,None,None,None
Syncopal Episode,SMHB00447,None,None,None
Blepharitis,SMHB00447,None,None,None
Syncope,SMHB00447,None,None,None
Pain Radiating,SMHB00447,0.000114,0.001053,1
Situational Syncope,SMHB00447,None,None,None
Crushing Pain,SMHB00447,0.000114,0.001053,1
Posterior Compartment Low Back Pain,SMHB00447,None,None,None
Compression Nerve Root,SMHB00447,None,None,None
Lower Extremity Pain Musculoskeletal,SMHB00447,None,None,None
"Facial Paralyses, Peripheral",SMHB00447,None,None,None
General Abdominal Pain-Symptom,SMHB00447,0.01601,0.043953,1
Urethral Pain,SMHB00447,None,None,None
Testicle Swelling,SMHB00447,0.01601,0.043953,1
Radiculitis,SMHB00447,None,None,None
Poisoning By,SMHB00447,None,None,None
Limb Twitching,SMHB00447,0.031771,0.059919,1
 Stool Loose,SMHB00448,None,None,None
Defecation Pain,SMHB00448,None,None,None
Dysentery,SMHB00448,None,None,None
Nuchal Rigidity,SMHB00448,None,None,None
Malaria,SMHB00448,0.003459,0.016608,1
Warts,SMHB00448,0.003459,0.016608,1
Localized; Swelling,SMHB00559,0.03584,0.064462,1
Smarting Of Skin,SMHB00559,0.006058,0.025431,1
Hematoma,SMHB00559,0.012082,0.038774,1
Skin Pain,SMHB00559,0.006058,0.025431,1
Bronchiectasis,SMHB00559,3.40E-05,0.000393,0.84512
Skin Swelling,SMHB00559,3.40E-05,0.000393,0.84512
Uterine Bleeding,SMHB00559,0.041696,0.070592,1
Ache,SMHB00559,0.00802,0.03101,1
Lips Bleeding,SMHB00559,0.006058,0.025431,1
Vaginal Bleeding,SMHB00559,0.006058,0.025431,1
Gastric Ulcer Bleeding,SMHB00559,0.006058,0.025431,1
Post-traumatic Pain,SMHB00559,0.006058,0.025431,1
Deglutitional Syncope,SMHB00450,None,None,None
Alopecia,SMHB00450,0,0,0.000153
Alopecia Cicatrisata,SMHB00450,0,0,6.60E-05
Eczema Asteatotic,SMHB00450,0.004327,0.019882,1
Abdominal Tenderness,SMHB00450,None,None,None
Constipation,SMHB00450,0.04252,0.071478,1
Presyncope,SMHB00450,None,None,None
Dry Skin,SMHB00450,0.004327,0.019882,1
Oral Dyskinesia,SMHB00450,None,None,None
Stokes-Adams Syncope,SMHB00450,None,None,None
Lower Extremity Pain,SMHB00450,None,None,None
Abdominal Pain,SMHB00450,None,None,None
Narcosis,SMHB00450,None,None,None
Irritability,SMHB00450,None,None,None
Syncope Cough,SMHB00450,None,None,None
Hyperventilation Syncope,SMHB00450,None,None,None
Eye Disorder,SMHB00450,None,None,None
Syncope Exertional,SMHB00450,None,None,None
Stupor,SMHB00450,None,None,None
Syncope Cardiac,SMHB00450,None,None,None
 Stool Loose,SMHB00450,None,None,None
Pseudocomas,SMHB00450,None,None,None
Pseudocomas,SMHB00450,None,None,None
Syncope Postural,SMHB00450,None,None,None
Syncopal Vertigo,SMHB00450,None,None,None
Micturition Burning,SMHB00450,None,None,None
Convulsive Syncope,SMHB00450,None,None,None
Carotid Sinus Syncope,SMHB00450,None,None,None
Status Marmoratus,SMHB00450,None,None,None
Scalp Pruritus,SMHB00450,0.004327,0.019882,1
Syncope Micturition,SMHB00450,None,None,None
Colonic Inertia,SMHB00450,0.034148,0.062682,1
Asthenia,SMHB00450,None,None,None
 Alopecia Hereditaria,SMHB00450,0,0,6.60E-05
Syncopal Episode,SMHB00450,None,None,None
Sprain Of Joint,SMHB00450,None,None,None
Movement Disorder,SMHB00450,None,None,None
Syncope,SMHB00450,None,None,None
Situational Syncope,SMHB00450,None,None,None
Mental Aberration,SMHB00450,None,None,None
Mental Aberration,SMHB00450,None,None,None
General Abdominal Pain-Symptom,SMHB00450,None,None,None
Orofacial Dyskinesia,SMHB00450,None,None,None
Haemorrhage Ant Chamber Eye,SMHB00606,0.049799,0.079178,1
Soft Tissue Injury,SMHB00606,0.000278,0.002185,1
Rheumatic Disorder,SMHB00606,0.016876,0.044684,1
Caustic Injury,SMHB00606,0.049799,0.079178,1
Diarrhea,SMHB00606,0.008836,0.033127,1
Bronchitis Chronic,SMHB00606,0.049799,0.079178,1
Eating Disorder,SMHB00606,0.049799,0.079178,1
Respiratory Tract Congestion,SMHB00606,0.016876,0.044684,1
Bronchiectasis,SMHB00606,0.000278,0.002185,1
"Diarrhea, Chronic",SMHB00606,0.000824,0.005196,1
Tuberculosis,SMHB00606,0.005526,0.023982,1
Diarrhea Watery,SMHB00606,0.016876,0.044684,1
Gi Bleeding,SMHB00606,0.033474,0.061708,1
Aphagia,SMHB00606,0.016876,0.044684,1
Bleeding Ulcer,SMHB00606,0.016876,0.044684,1
Lips Bleeding,SMHB00606,0.016876,0.044684,1
Loss Of Appetite,SMHB00606,0.016876,0.044684,1
Vaginal Bleeding,SMHB00606,0.016876,0.044684,1
Cough Persistent,SMHB00606,0.003989,0.018619,1
Gastric Ulcer Bleeding,SMHB00606,0.016876,0.044684,1
Decreased Appetite,SMHB00606,0.000348,0.002632,1
Bronchitis,SMHB00606,0.016876,0.044684,1
Internal Haemorrhage,SMHB00606,0.016876,0.044684,1
Abdomen Distention,SMHB00452,None,None,None
Right Flank Pain,SMHB00452,None,None,None
Abdominal Tenderness,SMHB00452,0.010818,0.036554,1
 Physical Suffering,SMHB00452,None,None,None
Cough Productive,SMHB00452,None,None,None
Mechanical Low Back Pain,SMHB00452,None,None,None
Rheumatism,SMHB00452,None,None,None
Flank Pain,SMHB00452,None,None,None
Oral Dyskinesia,SMHB00452,0.032117,0.060278,1
 Recurrent Low Back Pain,SMHB00452,None,None,None
Abdominal Pain,SMHB00452,0.024396,0.052419,1
Muscle Weakness,SMHB00452,0.042601,0.07148,1
Hyperalgia,SMHB00452,None,None,None
Diarrhea,SMHB00452,None,None,None
Pain,SMHB00452,None,None,None
Arthritic Pains,SMHB00452,None,None,None
Cough,SMHB00452,None,None,None
Burning Pain,SMHB00452,None,None,None
 Splitting Pain,SMHB00452,None,None,None
Arbovirus,SMHB00452,None,None,None
Abdomen Discomfort,SMHB00452,None,None,None
Arbovirus,SMHB00452,None,None,None
Bronchial Asthma,SMHB00452,None,None,None
Loin Pain,SMHB00452,None,None,None
Postural Low Back Pain,SMHB00452,None,None,None
 Migratory Pain,SMHB00452,None,None,None
Musculoskeletal Pain,SMHB00452,0.021523,0.049159,1
Status Marmoratus,SMHB00452,0.032117,0.060278,1
Ache,SMHB00452,None,None,None
Left Flank Pain,SMHB00452,None,None,None
Movement Disorder,SMHB00452,0.032117,0.060278,1
Pain Radiating,SMHB00452,None,None,None
Crushing Pain,SMHB00452,None,None,None
Posterior Compartment Low Back Pain,SMHB00452,None,None,None
General Abdominal Pain-Symptom,SMHB00452,0.010818,0.036554,1
Cough Persistent,SMHB00452,0.001642,0.009132,1
Difficulty Walking,SMHB00452,None,None,None
Orofacial Dyskinesia,SMHB00452,0.032117,0.060278,1
 Physical Suffering,SMHB00451,None,None,None
Foot Pain,SMHB00451,None,None,None
Menstrual Cramp,SMHB00451,None,None,None
Polymenorrhea,SMHB00451,0.001154,0.006804,1
Oral Dyskinesia,SMHB00451,0.027026,0.054805,1
Epigastric Pain,SMHB00451,None,None,None
Abdominal Pain,SMHB00451,None,None,None
Irritability,SMHB00451,0.027026,0.054805,1
Chest Pain,SMHB00451,None,None,None
Hyperalgia,SMHB00451,None,None,None
Labor Preterm,SMHB00451,0.009087,0.033209,1
Crescendo Angina,SMHB00451,None,None,None
Pain,SMHB00451,None,None,None
Pneumatosis,SMHB00451,0.009087,0.033209,1
Menses Abnormal,SMHB00451,0.001154,0.006804,1
Waxy Flexibility,SMHB00451,0.018095,0.046235,1
Cold Sensation,SMHB00451,0.035878,0.064462,1
Burning Pain,SMHB00451,None,None,None
 Splitting Pain,SMHB00451,None,None,None
Angina Pectoris,SMHB00451,None,None,None
Premature Birth,SMHB00451,0.009087,0.033209,1
 Migratory Pain,SMHB00451,None,None,None
Nerve Root Pain,SMHB00451,None,None,None
Catalepsy,SMHB00451,0.027026,0.054805,1
Functional Bowel Disorder,SMHB00451,0.009087,0.033209,1
Status Marmoratus,SMHB00451,0.027026,0.054805,1
Swelling,SMHB00451,None,None,None
Ache,SMHB00451,None,None,None
 Hypomenorrhea,SMHB00451,0.001154,0.006804,1
Dyspepsia,SMHB00451,None,None,None
Movement Disorder,SMHB00451,0.027026,0.054805,1
Pain Radiating,SMHB00451,None,None,None
Crushing Pain,SMHB00451,None,None,None
Menopause,SMHB00451,None,None,None
 Dyspepsia-Aggravated,SMHB00451,None,None,None
Retrograde Menstruation,SMHB00451,0.001154,0.006804,1
Heartburn,SMHB00451,7.90E-05,0.000783,1
Orofacial Dyskinesia,SMHB00451,0.027026,0.054805,1
Pharyngolaryngitis,SMHB00449,None,None,None
Blanching Of Skin,SMHB00449,0.019039,0.04715,1
Larynx,SMHB00449,0.003417,0.016444,1
Laryngopharyngeal Dysaesthesia,SMHB00449,0.000124,0.00113,1
Localized; Swelling,SMHB00449,0.005063,0.02245,1
 Physical Suffering,SMHB00449,None,None,None
Laryngeal Pain,SMHB00449,0.019039,0.04715,1
Catarrh,SMHB00449,None,None,None
Cyst,SMHB00449,None,None,None
Anasarca,SMHB00449,None,None,None
Laryngeal Edema,SMHB00449,None,None,None
Smarting Of Skin,SMHB00449,0.019039,0.04715,1
Edema,SMHB00449,None,None,None
Hematoma,SMHB00449,0.037724,0.066384,1
Hyperalgia,SMHB00449,None,None,None
Diarrhea,SMHB00449,None,None,None
Skin Pain,SMHB00449,0.019039,0.04715,1
Pain,SMHB00449,None,None,None
Micturition Disorder,SMHB00449,None,None,None
Burning Pain,SMHB00449,None,None,None
 Splitting Pain,SMHB00449,None,None,None
Skin Swelling,SMHB00449,0.037724,0.066384,1
Furuncle,SMHB00449,None,None,None
Thirst,SMHB00449,None,None,None
 Migratory Pain,SMHB00449,None,None,None
Carbuncle,SMHB00449,None,None,None
Swelling,SMHB00449,None,None,None
Coryza,SMHB00449,None,None,None
Ache,SMHB00449,None,None,None
Pharynx Disease,SMHB00449,0.037724,0.066384,1
Polydipsia,SMHB00449,None,None,None
Tonsillitis,SMHB00449,0.037724,0.066384,1
 Urinary Tract Pain,SMHB00449,None,None,None
Throat Tightness,SMHB00449,4.00E-06,6.00E-05,0.095283
Pain Radiating,SMHB00449,None,None,None
Crushing Pain,SMHB00449,None,None,None
Common Cold,SMHB00449,None,None,None
Pharyngolaryngeal Pain,SMHB00449,None,None,None
Chills And Fever,SMHB00449,None,None,None
Chills And Fever,SMHB00449,None,None,None
Edema Pharynx,SMHB00449,0.00105,0.006332,1
Fever,SMHB00449,None,None,None
Sharp Headache,SMHB00453,None,None,None
Anosmia,SMHB00453,0.037724,0.066384,1
 Physical Suffering,SMHB00453,None,None,None
Intermittant Vertigo,SMHB00453,None,None,None
Heaviness Of Head,SMHB00453,0.037724,0.066384,1
Eye Pain,SMHB00453,0.002075,0.011044,1
"Headache, Periorbital",SMHB00453,None,None,None
Bilateral Headache,SMHB00453,None,None,None
Vertigo,SMHB00453,None,None,None
Other Conjunctivitis Nos,SMHB00453,0.019039,0.04715,1
Ocular Headache,SMHB00453,None,None,None
Vertigo Postural,SMHB00453,None,None,None
Facial Paresthesia,SMHB00453,0.019039,0.04715,1
Vertigo Central Origin,SMHB00453,None,None,None
Headache Throbbing,SMHB00453,None,None,None
Smarting Of Skin,SMHB00453,0.019039,0.04715,1
Hematoma,SMHB00453,0.037724,0.066384,1
Hyperalgia,SMHB00453,None,None,None
Radiculopathy,SMHB00453,0.019039,0.04715,1
Brain Stem Vertigo,SMHB00453,None,None,None
Skin Pain,SMHB00453,0.019039,0.04715,1
Orthostatic Headache,SMHB00453,None,None,None
Disorder Of Smell,SMHB00453,0.037724,0.066384,1
Dermatosis Of Scalp,SMHB00453,0.037724,0.066384,1
Nerve Root Disorder,SMHB00453,0.019039,0.04715,1
Pain,SMHB00453,None,None,None
Burning Pain,SMHB00453,None,None,None
 Splitting Pain,SMHB00453,None,None,None
Motion Sickness,SMHB00453,0.000354,0.002663,1
Skin Swelling,SMHB00453,0.037724,0.066384,1
"Neuralgia, Sluder",SMHB00453,0.019039,0.04715,1
Ocular Discomfort,SMHB00453,None,None,None
Cervical Radiculopathy,SMHB00453,0.019039,0.04715,1
 Essential Vertigo,SMHB00453,None,None,None
Trigeminal Autonomic Cephalgia,SMHB00453,0.019039,0.04715,1
Air Sickness,SMHB00453,0.000354,0.002663,1
 Migratory Pain,SMHB00453,None,None,None
Carbuncle,SMHB00453,None,None,None
Nerve Root Pain,SMHB00453,0.019039,0.04715,1
Dental Discomfort,SMHB00453,0.019039,0.04715,1
Neuralgia Facial,SMHB00453,0.019039,0.04715,1
Swelling,SMHB00453,None,None,None
Ache,SMHB00453,None,None,None
Vision Halo,SMHB00453,0.019039,0.04715,1
Sore Eye,SMHB00453,0.037724,0.066384,1
 Generalised Headache,SMHB00453,None,None,None
Nose Dryness,SMHB00453,None,None,None
 Vertigo Paroxysmal,SMHB00453,None,None,None
"Avulsion, Nerve Root",SMHB00453,0.019039,0.04715,1
Sea Sickness,SMHB00453,0.000354,0.002663,1
Eye Blood Shot,SMHB00453,None,None,None
Ocular Icterus,SMHB00453,0.019039,0.04715,1
Pain Radiating,SMHB00453,None,None,None
Crushing Pain,SMHB00453,None,None,None
Parosmia,SMHB00453,0.037724,0.066384,1
Vertex Headache,SMHB00453,None,None,None
"Headache, Retro-Ocular",SMHB00453,None,None,None
Compression Nerve Root,SMHB00453,0.019039,0.04715,1
"Headache, Dull",SMHB00453,None,None,None
Headache Unilateral,SMHB00453,None,None,None
Radiculitis,SMHB00453,0.019039,0.04715,1
Tenderness,SMHB00453,0.000354,0.002663,1
Constant Vertigo,SMHB00453,None,None,None
Myofacial Pain Syndrome,SMHB00453,0.019039,0.04715,1
Peripheral Vertigo,SMHB00453,None,None,None
Headache,SMHB00453,None,None,None
Swelling Round Eyes: [periorbital Edema],SMHB00453,0.019039,0.04715,1
Sharp Headache,SMHB00652,0,0,1.60E-05
Right Flank Pain,SMHB00652,0.001835,0.009997,1
Heaviness Of Head,SMHB00652,0.036025,0.064516,1
Mechanical Low Back Pain,SMHB00652,0,0,5.00E-05
"Headache, Periorbital",SMHB00652,0,0,1.60E-05
Bilateral Headache,SMHB00652,0,0,1.60E-05
Menstrual Cramp,SMHB00652,0.006393,0.026628,1
Flank Pain,SMHB00652,0.001835,0.009997,1
Ocular Headache,SMHB00652,0,0,1.60E-05
Toothache,SMHB00652,0.004619,0.021053,1
 Recurrent Low Back Pain,SMHB00652,0,0,5.00E-05
Lower Extremity Pain,SMHB00652,0.003115,0.015259,1
Headache Throbbing,SMHB00652,0,0,1.60E-05
Radiculopathy,SMHB00652,0.018174,0.046235,1
Orthostatic Headache,SMHB00652,0,0,1.60E-05
Nerve Root Disorder,SMHB00652,0.018174,0.046235,1
"Neuralgia, Sluder",SMHB00652,0.018174,0.046235,1
Cervical Radiculopathy,SMHB00652,0.018174,0.046235,1
Loin Pain,SMHB00652,0.000108,0.001002,1
Trigeminal Autonomic Cephalgia,SMHB00652,0.018174,0.046235,1
Postural Low Back Pain,SMHB00652,0,0,5.00E-05
Musculoskeletal Pain,SMHB00652,0.036025,0.064516,1
Nerve Root Pain,SMHB00652,0.018174,0.046235,1
Neuralgia Facial,SMHB00652,0.018174,0.046235,1
 Generalised Headache,SMHB00652,0,0,1.60E-05
Left Flank Pain,SMHB00652,0.001835,0.009997,1
"Avulsion, Nerve Root",SMHB00652,0.018174,0.046235,1
Posterior Compartment Low Back Pain,SMHB00652,0,0,5.00E-05
Vertex Headache,SMHB00652,0,0,1.60E-05
"Headache, Retro-Ocular",SMHB00652,0,0,1.60E-05
Compression Nerve Root,SMHB00652,0.018174,0.046235,1
Lower Extremity Pain Musculoskeletal,SMHB00652,0.018174,0.046235,1
"Headache, Dull",SMHB00652,1.10E-05,0.000153,0.276009
Headache Unilateral,SMHB00652,0,0,1.60E-05
Radiculitis,SMHB00652,0.018174,0.046235,1
Tenderness,SMHB00652,0.036025,0.064516,1
Myofacial Pain Syndrome,SMHB00652,0.018174,0.046235,1
Headache,SMHB00652,0,0,3.90E-05
Bilateral Leg Pain,SMHB00652,0.018174,0.046235,1
ache leg pain,SMHB00652,0.018174,0.046235,1
"Sputums, Induced",SMHB00651,0.031216,0.059142,1
Dyspnea,SMHB00651,0.018095,0.046235,1
Hyperalgia,SMHB00651,0.009087,0.033209,1
Cough,SMHB00651,0,5.00E-06,0.006091
Gasping,SMHB00651,0.027026,0.054805,1
Bronchial Asthma,SMHB00651,0.007692,0.030266,1
Sputum,SMHB00651,0.031216,0.059142,1
 Cough Increased,SMHB00651,0.009087,0.033209,1
Asthma Attack,SMHB00651,0.009087,0.033209,1
Cough Persistent,SMHB00651,0.001154,0.006804,1
Respiratory Distress,SMHB00651,0.018095,0.046235,1
Cyst,SMHB00458,None,None,None
Anasarca,SMHB00458,None,None,None
Dysuria,SMHB00458,0.000114,0.001053,1
Extremity Contracture,SMHB00458,0.000131,0.001189,1
Edema,SMHB00458,None,None,None
Diarrhea,SMHB00458,None,None,None
Quadriplegic Spinal Paralysis,SMHB00458,0.04595,0.075628,1
 Cerebromedullospinal Disconnection,SMHB00458,0.04595,0.075628,1
Flaccid Tetraplegia,SMHB00458,0.04595,0.075628,1
Micturition Disorder,SMHB00458,None,None,None
Generalized Spasm,SMHB00458,0.04595,0.075628,1
"Diarrhea, Chronic",SMHB00458,0.034657,0.062952,1
Diarrhea Acute,SMHB00458,0.011683,0.038067,1
Carbuncle,SMHB00458,None,None,None
Diarrhea Watery,SMHB00458,0.011683,0.038067,1
Cold Hands Feet,SMHB00458,0.000131,0.001189,1
Ciliary Spasm,SMHB00458,0.034657,0.062952,1
Prostatism,SMHB00458,0.011683,0.038067,1
Quadriplegia,SMHB00458,0.04595,0.075628,1
Asthenia,SMHB00458,None,None,None
Mental Status Altered,SMHB00458,None,None,None
Mental Status Altered,SMHB00458,None,None,None
Joint Contracture,SMHB00458,None,None,None
Beriberi,SMHB00458,None,None,None
Appendicitis,SMHB00458,0.034657,0.062952,1
Carcinomas,SMHB00458,0.034657,0.062952,1
Warts,SMHB00458,0.023235,0.051423,1
Pneumonia,SMHB00455,None,None,None
Cough Productive,SMHB00455,None,None,None
"Sputums, Induced",SMHB00455,None,None,None
Hemoptysis,SMHB00455,None,None,None
Hoarseness,SMHB00455,0.023195,0.051423,1
Cough,SMHB00455,None,None,None
Pneumonia Lobar,SMHB00455,None,None,None
Sputum,SMHB00455,None,None,None
Asthenia,SMHB00455,None,None,None
Cough Nonproductive,SMHB00455,None,None,None
"Sports Injury, Nos",SMHB00455,0.007789,0.030277,1
Experimental Lung Inflammation,SMHB00455,None,None,None
Cough Persistent,SMHB00455,0.045881,0.075628,1
Sputum Purulent,SMHB00455,0.004935,0.022121,1
Haemorrhage Ant Chamber Eye,SMHB00456,None,None,None
Hemorrhage,SMHB00456,None,None,None
Pulse Weakness,SMHB00456,0.004718,0.021426,1
 Physical Suffering,SMHB00456,None,None,None
"Mental Retardations, Psychosocial",SMHB00456,0.015578,0.043506,1
 Zoophaginae,SMHB00456,None,None,None
Menstrual Cramp,SMHB00456,None,None,None
Polymenorrhea,SMHB00456,None,None,None
Anasarca,SMHB00456,None,None,None
Amenorrhea,SMHB00456,0.046028,0.075628,1
Edema,SMHB00456,None,None,None
Hematoma,SMHB00456,None,None,None
Hyperalgia,SMHB00456,None,None,None
Labor Preterm,SMHB00456,0.015578,0.043506,1
"Amenorrhea, Postpartum",SMHB00456,0.046028,0.075628,1
Profound Mental Retardation,SMHB00456,0.015578,0.043506,1
Virus,SMHB00456,None,None,None
Animal Virus,SMHB00456,None,None,None
Pain,SMHB00456,None,None,None
Pneumatosis,SMHB00456,0.015578,0.043506,1
Menses Abnormal,SMHB00456,None,None,None
Orofacial Oedema,SMHB00456,0.015578,0.043506,1
Micturition Disorder,SMHB00456,None,None,None
Burning Pain,SMHB00456,None,None,None
Abnormal Menstrual Cycle,SMHB00456,0.015578,0.043506,1
 Hypalgesia,SMHB00456,0.015578,0.043506,1
 Splitting Pain,SMHB00456,None,None,None
Lip Paresthesia,SMHB00456,0.015578,0.043506,1
Postpartum Disorder,SMHB00456,None,None,None
Premature Birth,SMHB00456,0.015578,0.043506,1
 Migratory Pain,SMHB00456,None,None,None
Oligomenorrhea,SMHB00456,None,None,None
Skin Ulcer(S),SMHB00456,None,None,None
Swelling,SMHB00456,None,None,None
Ache,SMHB00456,None,None,None
Mental Retardation,SMHB00456,0.030919,0.058607,1
 Hypomenorrhea,SMHB00456,None,None,None
 Stomach Discomfort,SMHB00456,None,None,None
Pain Radiating,SMHB00456,None,None,None
Crushing Pain,SMHB00456,None,None,None
Menopause,SMHB00456,None,None,None
Mental Deficiency,SMHB00456,0.015578,0.043506,1
Retrograde Menstruation,SMHB00456,None,None,None
Blanching Of Skin,SMHB00460,0.004327,0.019882,1
Malnutrition,SMHB00460,0.025711,0.053532,1
Edema,SMHB00460,None,None,None
Diarrhea,SMHB00460,None,None,None
Hyperpyrexia,SMHB00460,0.038342,0.067282,1
Tuberculosis,SMHB00460,0.029938,0.057943,1
Thermal Energy,SMHB00460,None,None,None
Chills And Fever,SMHB00460,None,None,None
Chills And Fever,SMHB00460,None,None,None
Hot Temperature,SMHB00460,None,None,None
Fever,SMHB00460,None,None,None
Fever Symptoms,SMHB00460,0.017208,0.045046,1
Stroke,SMHB00461,None,None,None
 Physical Suffering,SMHB00461,None,None,None
Cough Productive,SMHB00461,None,None,None
Epigastric Pain,SMHB00461,None,None,None
Chest Pain,SMHB00461,None,None,None
Dyspnea,SMHB00461,0.0258,0.053532,1
Hyperalgia,SMHB00461,None,None,None
Tongue Disorder,SMHB00461,None,None,None
Crescendo Angina,SMHB00461,None,None,None
Pain,SMHB00461,None,None,None
Buerger Disease,SMHB00461,None,None,None
Cough,SMHB00461,None,None,None
Infantile Hemiplegia,SMHB00461,None,None,None
Burning Pain,SMHB00461,None,None,None
 Splitting Pain,SMHB00461,None,None,None
 Cva Nos Acute,SMHB00461,None,None,None
Gasping,SMHB00461,0.038457,0.067282,1
Bronchial Asthma,SMHB00461,None,None,None
Angina Pectoris,SMHB00461,None,None,None
Hemiplegia,SMHB00461,None,None,None
Spastic Hemiplegia,SMHB00461,None,None,None
 Migratory Pain,SMHB00461,None,None,None
 Cough Increased,SMHB00461,0.012981,0.039733,1
" Hemiplegia, Post Ictal",SMHB00461,None,None,None
Flaccid Hemiplegia,SMHB00461,None,None,None
Ache,SMHB00461,None,None,None
Transient Hemiplegia,SMHB00461,None,None,None
Dyslipidemia,SMHB00461,0.012981,0.039733,1
 Bone Disorder,SMHB00461,None,None,None
Pain Precordial,SMHB00461,2.00E-06,3.40E-05,0.048989
Pain Radiating,SMHB00461,None,None,None
Crushing Pain,SMHB00461,None,None,None
Asthma Attack,SMHB00461,0.012981,0.039733,1
Dyslipoproteinemia,SMHB00461,0.012981,0.039733,1
Cough Persistent,SMHB00461,0.002367,0.012274,1
Hemiparesis,SMHB00461,None,None,None
Difficulty Walking,SMHB00461,0.038457,0.067282,1
Alternate Hemiplegia,SMHB00461,None,None,None
Respiratory Distress,SMHB00461,0.0258,0.053532,1
Hyperlipidemia,SMHB00461,0.012981,0.039733,1
Heaviness Of Head,SMHB00459,None,None,None
Scabies,SMHB00459,None,None,None
Febrile Illness Acute,SMHB00459,None,None,None
Jaundice,SMHB00459,None,None,None
Micturition Disorder,SMHB00459,None,None,None
Sarcoptic Red Mange,SMHB00459,None,None,None
Skin Ulcer(S),SMHB00459,None,None,None
Scalp Pruritus,SMHB00459,0.005625,0.024125,1
 Appetite Disorder,SMHB00459,0.016788,0.044684,1
Anus,SMHB00459,0.011221,0.037373,1
Tachypnea,SMHB00459,None,None,None
Ocular Icterus,SMHB00459,0.005625,0.024125,1
Abdomen Distention,SMHB00463,0.029361,0.057438,1
Abdominal Tenderness,SMHB00463,0.009087,0.033209,1
 Physical Suffering,SMHB00463,None,None,None
Abdominal Pain,SMHB00463,None,None,None
Hyperalgia,SMHB00463,None,None,None
Diarrhea,SMHB00463,None,None,None
Colic,SMHB00463,0.027026,0.054805,1
Rectal Prolapse,SMHB00463,None,None,None
Pain,SMHB00463,None,None,None
Burning Pain,SMHB00463,None,None,None
 Splitting Pain,SMHB00463,None,None,None
Abdominal Cramp,SMHB00463,0.018095,0.046235,1
 Migratory Pain,SMHB00463,None,None,None
Functional Bowel Disorder,SMHB00463,0.009087,0.033209,1
Ache,SMHB00463,None,None,None
Anus,SMHB00463,0.018095,0.046235,1
Pain Radiating,SMHB00463,None,None,None
Crushing Pain,SMHB00463,None,None,None
Anal Canal Prolapse,SMHB00463,None,None,None
" Disease Of Vocal Cords, Nos",SMHB00463,0.035878,0.064462,1
General Abdominal Pain-Symptom,SMHB00463,0.009087,0.033209,1
Cough Persistent,SMHB00463,None,None,None
Numbness,SMHB00462,None,None,None
 Physical Suffering,SMHB00462,None,None,None
Limb Anomaly Congenital,SMHB00462,0.016443,0.044013,1
Tongue Swelling,SMHB00462,0.032623,0.06074,1
Intermittant Vertigo,SMHB00462,None,None,None
Bulimia Nervosa,SMHB00462,0.048543,0.078022,1
Rheumatism,SMHB00462,None,None,None
Vertigo,SMHB00462,None,None,None
Auditory Dysesthesia,SMHB00462,0.016443,0.044013,1
Oral Dyskinesia,SMHB00462,0.048543,0.078022,1
Vertigo Postural,SMHB00462,None,None,None
Renal Agenesis,SMHB00462,0.016443,0.044013,1
Vertigo Central Origin,SMHB00462,None,None,None
Extremity Contracture,SMHB00462,0.032623,0.06074,1
Hyperalgia,SMHB00462,None,None,None
Brain Stem Vertigo,SMHB00462,None,None,None
Yang Deficiency,SMHB00462,None,None,None
Libido Decreased,SMHB00462,0.032623,0.06074,1
Distorted Hearing,SMHB00462,0.016443,0.044013,1
Aplasia,SMHB00462,0.016443,0.044013,1
Pain,SMHB00462,None,None,None
Dryness Vaginal,SMHB00462,0.016443,0.044013,1
Arthritic Pains,SMHB00462,None,None,None
Burning Pain,SMHB00462,None,None,None
 Splitting Pain,SMHB00462,None,None,None
Lip Paresthesia,SMHB00462,0.016443,0.044013,1
 Essential Vertigo,SMHB00462,None,None,None
 Migratory Pain,SMHB00462,None,None,None
Musculoskeletal Pain,SMHB00462,0.032623,0.06074,1
Speech Disorder,SMHB00462,0.016443,0.044013,1
Catalepsy,SMHB00462,0.048543,0.078022,1
Status Marmoratus,SMHB00462,0.048543,0.078022,1
Ache,SMHB00462,None,None,None
"Ejaculation
",SMHB00462,None,None,None
Paracusia,SMHB00462,0.016443,0.044013,1
 Vertigo Paroxysmal,SMHB00462,None,None,None
Hearing Disorder,SMHB00462,0.016443,0.044013,1
Movement Disorder,SMHB00462,0.048543,0.078022,1
Pain Radiating,SMHB00462,None,None,None
Crushing Pain,SMHB00462,None,None,None
Abnormal Ejaculation,SMHB00462,0.032623,0.06074,1
Atrophy,SMHB00462,None,None,None
Constant Vertigo,SMHB00462,None,None,None
Peripheral Vertigo,SMHB00462,None,None,None
Orofacial Dyskinesia,SMHB00462,0.048543,0.078022,1
Irritability,SMHB00699,0.000102,0.00096,1
Boredom,SMHB00699,0.018072,0.046235,1
"Diarrhea, Chronic",SMHB00699,0.018072,0.046235,1
Diarrhea Acute,SMHB00699,0.006058,0.025431,1
Diarrhea Watery,SMHB00699,0.006058,0.025431,1
Dysentery,SMHB00699,0.006086,0.025534,1
Fever Symptoms,SMHB00699,0.024028,0.052098,1
Irritability And Anger,SMHB00699,0.006058,0.025431,1
Abdomen Distention,SMHB00457,0.046778,0.076591,1
Abdominal Tenderness,SMHB00457,0.011683,0.038067,1
 Physical Suffering,SMHB00457,None,None,None
 Overinclusion,SMHB00457,0.011683,0.038067,1
Abdominal Pain,SMHB00457,None,None,None
Hyperalgia,SMHB00457,None,None,None
Diarrhea,SMHB00457,None,None,None
Pain,SMHB00457,None,None,None
Polyuria,SMHB00457,0.023235,0.051423,1
Attention Disorders,SMHB00457,0.011683,0.038067,1
Burning Pain,SMHB00457,None,None,None
"Diarrhea, Chronic",SMHB00457,0.034657,0.062952,1
 Splitting Pain,SMHB00457,None,None,None
Bed-Wetting,SMHB00457,0.011683,0.038067,1
Salivation,SMHB00457,0.034657,0.062952,1
Diarrhea Acute,SMHB00457,0.011683,0.038067,1
Urination Frequency,SMHB00457,None,None,None
 Migratory Pain,SMHB00457,None,None,None
Diarrhea Watery,SMHB00457,0.011683,0.038067,1
Ache,SMHB00457,None,None,None
Enuresis,SMHB00457,None,None,None
Sleep Disorder,SMHB00457,None,None,None
Sialorrhea,SMHB00457,None,None,None
 Nocturia Aggravated,SMHB00457,0.011683,0.038067,1
"Ejaculation
",SMHB00457,None,None,None
Gonorrhea,SMHB00457,None,None,None
Purpuric Rash,SMHB00457,None,None,None
Pain Radiating,SMHB00457,None,None,None
Crushing Pain,SMHB00457,None,None,None
Drooling,SMHB00457,None,None,None
General Abdominal Pain-Symptom,SMHB00457,0.011683,0.038067,1
Pharyngolaryngitis,SMHB00454,None,None,None
Larynx,SMHB00454,None,None,None
Laryngopharyngeal Dysaesthesia,SMHB00454,4.70E-05,0.000505,1
Localized; Swelling,SMHB00454,4.70E-05,0.000505,1
 Physical Suffering,SMHB00454,None,None,None
Laryngeal Pain,SMHB00454,0.013847,0.040951,1
Catarrh,SMHB00454,None,None,None
 Zoophaginae,SMHB00454,None,None,None
Cyst,SMHB00454,None,None,None
Laryngeal Edema,SMHB00454,None,None,None
Smarting Of Skin,SMHB00454,0.013847,0.040951,1
Hematoma,SMHB00454,0.027508,0.055251,1
Hyperalgia,SMHB00454,None,None,None
Skin Pain,SMHB00454,0.013847,0.040951,1
Virus,SMHB00454,None,None,None
Animal Virus,SMHB00454,None,None,None
Pain,SMHB00454,None,None,None
Burning Pain,SMHB00454,None,None,None
 Splitting Pain,SMHB00454,None,None,None
Pigmentation,SMHB00454,None,None,None
Pigmentation,SMHB00454,None,None,None
Skin Swelling,SMHB00454,0.027508,0.055251,1
Furuncle,SMHB00454,None,None,None
Furunculosis,SMHB00454,None,None,None
 Migratory Pain,SMHB00454,None,None,None
Thermal Energy,SMHB00454,None,None,None
Neck Injury,SMHB00454,None,None,None
Swelling,SMHB00454,None,None,None
Coryza,SMHB00454,None,None,None
Ache,SMHB00454,None,None,None
Neck Stiffness,SMHB00454,None,None,None
Pharynx Disease,SMHB00454,0.027508,0.055251,1
Tonsillitis,SMHB00454,0.027508,0.055251,1
Throat Tightness,SMHB00454,1.00E-06,1.90E-05,0.025561
Pain Radiating,SMHB00454,None,None,None
Crushing Pain,SMHB00454,None,None,None
Common Cold,SMHB00454,None,None,None
Pharyngolaryngeal Pain,SMHB00454,None,None,None
Edema Pharynx,SMHB00454,0.000553,0.003809,1
Hot Temperature,SMHB00454,None,None,None
Alopecia,SMHB00467,None,None,None
Alopecia Cicatrisata,SMHB00467,None,None,None
Pain Worsens,SMHB00467,None,None,None
Heat Stroke,SMHB00467,None,None,None
Hyperphagia,SMHB00467,0.00476,0.021453,1
"Sputums, Induced",SMHB00467,None,None,None
Vaginal Discharge White,SMHB00467,None,None,None
Urologic Disease,SMHB00467,0.009499,0.03422,1
Oral Dyskinesia,SMHB00467,None,None,None
Epigastric Pain,SMHB00467,None,None,None
Edema,SMHB00467,None,None,None
Hyperpyrexia,SMHB00467,None,None,None
Crescendo Angina,SMHB00467,None,None,None
Jaundice,SMHB00467,0.000568,0.003883,1
Breast Cyst,SMHB00467,0.00476,0.021453,1
Cold Sensation,SMHB00467,None,None,None
Discoloration Urine,SMHB00467,None,None,None
Discoloration Urine,SMHB00467,None,None,None
Angina Pectoris,SMHB00467,None,None,None
Urination Frequency,SMHB00467,None,None,None
Sputum,SMHB00467,None,None,None
Status Marmoratus,SMHB00467,None,None,None
Second Degree Burn,SMHB00467,None,None,None
Asthenia,SMHB00467,None,None,None
 Alopecia Hereditaria,SMHB00467,None,None,None
Movement Disorder,SMHB00467,None,None,None
Urine Abnormality,SMHB00467,0.028252,0.05602,1
Chest Symptom Heaviness,SMHB00467,None,None,None
Chest Symptom Heaviness,SMHB00467,None,None,None
Oral Ulcer,SMHB00467,None,None,None
Tenderness,SMHB00467,None,None,None
Orofacial Dyskinesia,SMHB00467,None,None,None
Slurred Speech,SMHB00467,None,None,None
Cholecystitis,SMHB00467,0.00476,0.021453,1
Cholelithiasis,SMHB00467,0.00476,0.021453,1
Essential Hypertension,SMHB00467,0.009499,0.03422,1
Cough Productive,SMHB00472,None,None,None
Trichophytosis,SMHB00472,None,None,None
"Sputums, Induced",SMHB00472,None,None,None
Anasarca,SMHB00472,None,None,None
Tinea,SMHB00472,None,None,None
Feces Incontinence,SMHB00472,0.028361,0.05602,1
Dyspnea,SMHB00472,0.028361,0.05602,1
Edema,SMHB00472,None,None,None
Hyperalgia,SMHB00472,0.01428,0.041556,1
Functional Encopresis,SMHB00472,0.028361,0.05602,1
Ascites,SMHB00472,None,None,None
Tinea Corporis,SMHB00472,None,None,None
Cough,SMHB00472,None,None,None
Hiccups,SMHB00472,None,None,None
Gasping,SMHB00472,0.042248,0.07105,1
Bronchial Asthma,SMHB00472,None,None,None
Hand Swelling,SMHB00472,0.01428,0.041556,1
Flatulence,SMHB00472,None,None,None
Sputum,SMHB00472,None,None,None
Carbuncle,SMHB00472,None,None,None
 Cough Increased,SMHB00472,0.01428,0.041556,1
Swelling,SMHB00472,None,None,None
Anus,SMHB00472,None,None,None
Epidermophytosis,SMHB00472,None,None,None
Bloating Feeling,SMHB00472,None,None,None
Asthma Attack,SMHB00472,0.01428,0.041556,1
Cough Persistent,SMHB00472,0.002862,0.014349,1
Respiratory Distress,SMHB00472,0.028361,0.05602,1
Chilblains,SMHB00472,0.01428,0.041556,1
Pleural Effusion Disorder,SMHB00472,0.01428,0.041556,1
Deglutitional Syncope,SMHB00473,None,None,None
Laryngopharyngeal Dysaesthesia,SMHB00473,None,None,None
Cough Productive,SMHB00473,None,None,None
Presyncope,SMHB00473,None,None,None
Trichophytosis,SMHB00473,None,None,None
"Sputums, Induced",SMHB00473,None,None,None
Catarrh,SMHB00473,0.000597,0.004031,1
Stokes-Adams Syncope,SMHB00473,None,None,None
Anasarca,SMHB00473,None,None,None
Tinea,SMHB00473,None,None,None
Malnutrition,SMHB00473,0.025711,0.053532,1
Syncope Cough,SMHB00473,None,None,None
Hyperventilation Syncope,SMHB00473,None,None,None
Edema,SMHB00473,None,None,None
Syncope Exertional,SMHB00473,None,None,None
Syncope Cardiac,SMHB00473,None,None,None
Ascites,SMHB00473,None,None,None
Eating Disorder,SMHB00473,0.012931,0.039733,1
Tinea Corporis,SMHB00473,None,None,None
Cough,SMHB00473,None,None,None
Hiccups,SMHB00473,None,None,None
Syncope Postural,SMHB00473,None,None,None
Bronchial Asthma,SMHB00473,None,None,None
Syncopal Vertigo,SMHB00473,None,None,None
Flatulence,SMHB00473,None,None,None
Sputum,SMHB00473,None,None,None
Anorexia,SMHB00473,0.021468,0.049159,1
Carbuncle,SMHB00473,None,None,None
Convulsive Syncope,SMHB00473,None,None,None
Carotid Sinus Syncope,SMHB00473,None,None,None
Swelling,SMHB00473,None,None,None
Coryza,SMHB00473,0.000745,0.004813,1
Syncope Micturition,SMHB00473,None,None,None
Vision Halo,SMHB00473,None,None,None
Aphagia,SMHB00473,0.004327,0.019882,1
Epidermophytosis,SMHB00473,None,None,None
Loss Of Appetite,SMHB00473,0.004327,0.019882,1
Syncopal Episode,SMHB00473,None,None,None
Bloating Feeling,SMHB00473,None,None,None
Syncope,SMHB00473,None,None,None
Situational Syncope,SMHB00473,None,None,None
Common Cold,SMHB00473,0.000745,0.004813,1
Anhidrosis,SMHB00473,1.70E-05,0.000217,0.417917
Anhidrosis,SMHB00473,1.70E-05,0.000217,0.417917
Decreased Appetite,SMHB00473,0.000597,0.004031,1
Dyssomnia,SMHB00581,0.039422,0.067979,1
"Memory Disorders, Spatial",SMHB00581,0.019905,0.04715,1
Insomnia,SMHB00581,0,1.00E-06,0.001266
Pulse Weakness,SMHB00581,0.00764,0.03009,1
 Overinclusion,SMHB00581,0.019905,0.04715,1
"Sputums, Induced",SMHB00581,1.00E-06,2.50E-05,0.035212
"Memory Disorders, Semantic",SMHB00581,0.019905,0.04715,1
Renal Agenesis,SMHB00581,0.019905,0.04715,1
Subwakefullness Syndromes,SMHB00581,0.039422,0.067979,1
Dreams,SMHB00581,0.000388,0.002844,1
Smarting Of Skin,SMHB00581,0.019905,0.04715,1
Hematoma,SMHB00581,0.039422,0.067979,1
Skin Pain,SMHB00581,0.019905,0.04715,1
Palpitation(S),SMHB00581,0.01576,0.043953,1
Attention Disorders,SMHB00581,0.019905,0.04715,1
Dryness Vaginal,SMHB00581,0.019905,0.04715,1
 Long Sleeper Syndrome,SMHB00581,0.039422,0.067979,1
Skin Swelling,SMHB00581,0.039422,0.067979,1
Inability To Maintain Attention,SMHB00581,0.019905,0.04715,1
Memory Loss Or Impairment,SMHB00581,0.019905,0.04715,1
Sputum,SMHB00581,1.00E-06,2.50E-05,0.035212
Memory Disorder,SMHB00581,0.019905,0.04715,1
 Sleep-Related Neurogenic Tachypnoea,SMHB00581,0.039422,0.067979,1
Short-Sleeper,SMHB00581,0.039422,0.067979,1
Breast Pain,SMHB00581,0.00764,0.03009,1
Age Related Memory Disorders,SMHB00581,0.019905,0.04715,1
Mental Retardation,SMHB00581,0.039422,0.067979,1
Bad Dream,SMHB00581,0.039422,0.067979,1
Sleep Disorder,SMHB00581,0.002268,0.011863,1
Nightmares,SMHB00581,0.001148,0.006788,1
Forgetfulness,SMHB00581,0.039422,0.067979,1
Memory Impairment,SMHB00581,0.000388,0.002844,1
Obnubilation,SMHB00581,0.000142,0.001263,1
Breast Engorgement,SMHB00581,0.039422,0.067979,1
Poor Quality Sleep,SMHB00581,0.019905,0.04715,1
Abdomen Distention,SMHB00474,0.009009,0.033209,1
Right Flank Pain,SMHB00474,None,None,None
Chest Wall Pain,SMHB00474,0.043509,0.072737,1
 Physical Suffering,SMHB00474,None,None,None
Menstrual Cramp,SMHB00474,None,None,None
Polymenorrhea,SMHB00474,None,None,None
Flank Pain,SMHB00474,None,None,None
Amenorrhea,SMHB00474,None,None,None
Abdominal Pain,SMHB00474,None,None,None
Chest Pain,SMHB00474,0.000443,0.003178,1
Hematoma,SMHB00474,None,None,None
Hyperalgia,SMHB00474,None,None,None
"Amenorrhea, Postpartum",SMHB00474,None,None,None
Pain,SMHB00474,None,None,None
Menses Abnormal,SMHB00474,None,None,None
Buerger Disease,SMHB00474,0.014712,0.042343,1
Burning Pain,SMHB00474,None,None,None
Abnormal Menstrual Cycle,SMHB00474,0.014712,0.042343,1
 Splitting Pain,SMHB00474,None,None,None
 Migratory Pain,SMHB00474,None,None,None
Chest Symptom Discomfort,SMHB00474,None,None,None
Oligomenorrhea,SMHB00474,0.001238,0.007205,1
Ache,SMHB00474,None,None,None
 Hypomenorrhea,SMHB00474,None,None,None
Left Flank Pain,SMHB00474,None,None,None
Memory Impairment,SMHB00474,None,None,None
Bloating Feeling,SMHB00474,None,None,None
Pain Radiating,SMHB00474,None,None,None
Crushing Pain,SMHB00474,None,None,None
Retrograde Menstruation,SMHB00474,None,None,None
Abdomen Distention,SMHB00464,None,None,None
 Physical Suffering,SMHB00464,None,None,None
Cough Productive,SMHB00464,None,None,None
Laryngeal Pain,SMHB00464,None,None,None
Xerostomia,SMHB00464,None,None,None
Sore Throat,SMHB00464,None,None,None
Hematoma,SMHB00464,None,None,None
Hyperalgia,SMHB00464,None,None,None
Pain,SMHB00464,None,None,None
Buerger Disease,SMHB00464,0.00952,0.03422,1
Blood Disorder,SMHB00464,None,None,None
Cough,SMHB00464,None,None,None
Generalized Spasm,SMHB00464,None,None,None
Burning Pain,SMHB00464,None,None,None
 Splitting Pain,SMHB00464,None,None,None
 Migratory Pain,SMHB00464,None,None,None
Painful Red Eye,SMHB00464,None,None,None
Ache,SMHB00464,None,None,None
 name Dilation,SMHB00464,None,None,None
Asthenia,SMHB00464,None,None,None
Throat Tightness,SMHB00464,None,None,None
Dyspepsia,SMHB00464,None,None,None
Pain Radiating,SMHB00464,None,None,None
Crushing Pain,SMHB00464,None,None,None
 Dyspepsia-Aggravated,SMHB00464,None,None,None
Pharyngolaryngeal Pain,SMHB00464,None,None,None
Dry Tongue,SMHB00464,0.00952,0.03422,1
Cough Persistent,SMHB00464,0.001268,0.007351,1
Deglutitional Syncope,SMHB00469,None,None,None
Larynx,SMHB00469,None,None,None
Right Flank Pain,SMHB00469,0.000208,0.001742,1
Mania,SMHB00469,None,None,None
 Physical Suffering,SMHB00469,None,None,None
Presyncope,SMHB00469,None,None,None
 Cryptogenic Epilepsies,SMHB00469,None,None,None
Menstrual Cramp,SMHB00469,None,None,None
Flank Pain,SMHB00469,0.000208,0.001742,1
Epigastric Pain,SMHB00469,None,None,None
Stokes-Adams Syncope,SMHB00469,None,None,None
Hematemesis,SMHB00469,None,None,None
Syncope Cough,SMHB00469,None,None,None
Chest Pain,SMHB00469,None,None,None
Hyperventilation Syncope,SMHB00469,None,None,None
Hyperalgia,SMHB00469,None,None,None
Aura,SMHB00469,None,None,None
Single Seizure,SMHB00469,None,None,None
Syncope Exertional,SMHB00469,None,None,None
Induration Of Breast,SMHB00469,None,None,None
Syncope Cardiac,SMHB00469,None,None,None
Crescendo Angina,SMHB00469,None,None,None
Jaundice,SMHB00469,None,None,None
Pain,SMHB00469,None,None,None
Blood Disorder,SMHB00469,None,None,None
Arthritic Pains,SMHB00469,None,None,None
Burning Pain,SMHB00469,None,None,None
"Epilepsy, Awakening",SMHB00469,None,None,None
 Splitting Pain,SMHB00469,None,None,None
Discoloration Urine,SMHB00469,0.000854,0.005357,1
Discoloration Urine,SMHB00469,0.000854,0.005357,1
Syncope Postural,SMHB00469,None,None,None
Skin Thickening,SMHB00469,0.03029,0.058192,1
Syncopal Vertigo,SMHB00469,None,None,None
Angina Pectoris,SMHB00469,None,None,None
Thirst,SMHB00469,None,None,None
 Migratory Pain,SMHB00469,None,None,None
Convulsive Syncope,SMHB00469,None,None,None
Speech Disorder,SMHB00469,0.03029,0.058192,1
Breast Pain,SMHB00469,0.000854,0.005357,1
Epilepsy,SMHB00469,None,None,None
Carotid Sinus Syncope,SMHB00469,None,None,None
Ache,SMHB00469,None,None,None
Syncope Micturition,SMHB00469,None,None,None
Breast Tenderness,SMHB00469,None,None,None
Asthenia,SMHB00469,None,None,None
Left Flank Pain,SMHB00469,0.000208,0.001742,1
Pain Precordial,SMHB00469,2.70E-05,0.000319,0.66051
Syncopal Episode,SMHB00469,None,None,None
Obnubilation,SMHB00469,1.10E-05,0.000153,0.274603
Bloating Feeling,SMHB00469,None,None,None
Syncope,SMHB00469,None,None,None
Pain Radiating,SMHB00469,None,None,None
Situational Syncope,SMHB00469,None,None,None
Crushing Pain,SMHB00469,None,None,None
Urine Abnormality,SMHB00469,None,None,None
Diagnosis Psychiatric,SMHB00469,0.03029,0.058192,1
Menopause,SMHB00469,None,None,None
Smarting,SMHB00469,None,None,None
Abdomen Distention,SMHB00470,None,None,None
Constipation,SMHB00470,None,None,None
Xerostomia,SMHB00470,0.038375,0.067282,1
Anasarca,SMHB00470,None,None,None
Dysuria,SMHB00470,3.20E-05,0.000377,0.803176
Edema,SMHB00470,None,None,None
Micturition Disorder,SMHB00470,None,None,None
Abdomen Discomfort,SMHB00470,0.045881,0.075628,1
Abdomen Bloating,SMHB00470,0.045881,0.075628,1
Prostatism,SMHB00470,0.007789,0.030277,1
Defecation Pain,SMHB00470,None,None,None
 name Dilation,SMHB00470,None,None,None
Colonic Inertia,SMHB00470,None,None,None
Dyspepsia,SMHB00470,None,None,None
 Dyspepsia-Aggravated,SMHB00470,None,None,None
Beriberi,SMHB00470,None,None,None
Right Flank Pain,SMHB00475,None,None,None
 Physical Suffering,SMHB00475,None,None,None
Gastric Disorder,SMHB00475,0.028361,0.05602,1
Flank Pain,SMHB00475,None,None,None
Hyperalgia,SMHB00475,None,None,None
Jaundice,SMHB00475,None,None,None
Pain,SMHB00475,None,None,None
Eating Disorder,SMHB00475,0.042248,0.07105,1
Malaise And Fatigue,SMHB00475,None,None,None
Burning Pain,SMHB00475,None,None,None
 Splitting Pain,SMHB00475,None,None,None
Cervical Radiculopathy,SMHB00475,None,None,None
 Migratory Pain,SMHB00475,None,None,None
Lassitude,SMHB00475,0.006688,0.027421,1
Ache,SMHB00475,None,None,None
Asthenia,SMHB00475,None,None,None
Left Flank Pain,SMHB00475,None,None,None
Loss Of Appetite,SMHB00475,0.01428,0.041556,1
Pain Radiating,SMHB00475,None,None,None
Crushing Pain,SMHB00475,None,None,None
Decreased Appetite,SMHB00475,None,None,None
Pharyngolaryngitis,SMHB00465,0.042812,0.071732,1
Larynx,SMHB00465,None,None,None
Laryngopharyngeal Dysaesthesia,SMHB00465,None,None,None
Localized; Swelling,SMHB00465,None,None,None
Lacrimation,SMHB00465,None,None,None
 Physical Suffering,SMHB00465,None,None,None
"Sputums, Induced",SMHB00465,None,None,None
Laryngeal Pain,SMHB00465,0.021636,0.049159,1
Conjunctivitis,SMHB00465,None,None,None
Empyema,SMHB00465,None,None,None
Cyst,SMHB00465,None,None,None
Burning Anal,SMHB00465,0.021636,0.049159,1
Laryngeal Edema,SMHB00465,0.021636,0.049159,1
Sore Throat,SMHB00465,0.00899,0.033209,1
Smarting Of Skin,SMHB00465,0.021636,0.049159,1
Hematoma,SMHB00465,0.042812,0.071732,1
Hyperalgia,SMHB00465,None,None,None
Skin Pain,SMHB00465,0.021636,0.049159,1
Pain,SMHB00465,None,None,None
Pharyngeal Erythema,SMHB00465,0.021636,0.049159,1
Dryness Vaginal,SMHB00465,None,None,None
Cough,SMHB00465,None,None,None
Burning Pain,SMHB00465,None,None,None
 Splitting Pain,SMHB00465,None,None,None
Skin Swelling,SMHB00465,0.042812,0.071732,1
Bronchial Asthma,SMHB00465,None,None,None
Sputum,SMHB00465,None,None,None
 Migratory Pain,SMHB00465,None,None,None
Carbuncle,SMHB00465,None,None,None
Thermal Energy,SMHB00465,None,None,None
 Cough Increased,SMHB00465,0.021636,0.049159,1
Skin Ulcer(S),SMHB00465,None,None,None
Ache,SMHB00465,None,None,None
Nasopharyngitis,SMHB00465,0.021636,0.049159,1
Sore Eye,SMHB00465,0.042812,0.071732,1
Pharynx Disease,SMHB00465,0.042812,0.071732,1
Tonsillitis,SMHB00465,0.042812,0.071732,1
Throat Tightness,SMHB00465,None,None,None
Dysentery,SMHB00465,None,None,None
Oropharyngeal Discomfort,SMHB00465,0.021636,0.049159,1
Pain Radiating,SMHB00465,None,None,None
Crushing Pain,SMHB00465,None,None,None
Pharyngolaryngeal Pain,SMHB00465,0.000314,0.002423,1
Smarting,SMHB00465,None,None,None
Edema Pharynx,SMHB00465,None,None,None
Sputum Purulent,SMHB00465,None,None,None
Hot Temperature,SMHB00465,None,None,None
Eye Pruritus,SMHB00465,None,None,None
Feces Incontinence,SMHB00627,0.01981,0.04715,1
"Melena
",SMHB00627,9.50E-05,0.000901,1
Vagina,SMHB00627,0.029574,0.057571,1
Functional Encopresis,SMHB00627,0.01981,0.04715,1
Bronchiectasis,SMHB00627,9.50E-05,0.000901,1
Bloody Stool,SMHB00627,0.000562,0.003845,1
"Diarrhea, Chronic",SMHB00627,0.029574,0.057571,1
Uterine Bleeding,SMHB00627,0,6.00E-06,0.006354
Hemorrhage Postpartum,SMHB00627,0.006916,0.027968,1
Hemorrhoid Bleeding,SMHB00627,0.029574,0.057571,1
Dysentery,SMHB00627,0.016148,0.044013,1
Lips Bleeding,SMHB00627,0.009952,0.034881,1
Metrorrhagia,SMHB00627,4.70E-05,0.000505,1
Vaginal Bleeding,SMHB00627,0.009952,0.034881,1
Menorrhagia,SMHB00627,0.001931,0.010387,1
Menometrorrhagia,SMHB00627,0.001931,0.010387,1
Gastric Ulcer Bleeding,SMHB00627,0.009952,0.034881,1
Abdomen Distention,SMHB00471,0.040625,0.069427,1
Right Flank Pain,SMHB00471,None,None,None
 Physical Suffering,SMHB00471,None,None,None
Menstrual Cramp,SMHB00471,None,None,None
Flank Pain,SMHB00471,None,None,None
Dysuria,SMHB00471,9.00E-05,0.000866,1
Amenorrhea,SMHB00471,0.032117,0.060278,1
Hyperalgia,SMHB00471,None,None,None
"Amenorrhea, Postpartum",SMHB00471,0.032117,0.060278,1
Pain,SMHB00471,None,None,None
Chest Mass,SMHB00471,0.021523,0.049159,1
Micturition Disorder,SMHB00471,None,None,None
Cough,SMHB00471,None,None,None
Burning Pain,SMHB00471,None,None,None
 Splitting Pain,SMHB00471,None,None,None
 Migratory Pain,SMHB00471,None,None,None
Ache,SMHB00471,None,None,None
Prostatism,SMHB00471,0.010818,0.036554,1
Foreign Body,SMHB00471,None,None,None
Left Flank Pain,SMHB00471,None,None,None
Bloating Feeling,SMHB00471,None,None,None
Pain Radiating,SMHB00471,None,None,None
Crushing Pain,SMHB00471,None,None,None
Menopause,SMHB00471,None,None,None
 Physical Suffering,SMHB00466,None,None,None
Extremity Contracture,SMHB00466,0.000152,0.001338,1
Smarting Of Skin,SMHB00466,0.012549,0.039351,1
Hematoma,SMHB00466,0.024945,0.053056,1
Hyperalgia,SMHB00466,None,None,None
Skin Pain,SMHB00466,0.012549,0.039351,1
Quadriplegic Spinal Paralysis,SMHB00466,0.049289,0.078752,1
Pain,SMHB00466,None,None,None
 Cerebromedullospinal Disconnection,SMHB00466,0.049289,0.078752,1
Flaccid Tetraplegia,SMHB00466,0.049289,0.078752,1
Breast Cyst,SMHB00466,0.012549,0.039351,1
Generalized Spasm,SMHB00466,0.049289,0.078752,1
Burning Pain,SMHB00466,None,None,None
 Splitting Pain,SMHB00466,None,None,None
Skin Swelling,SMHB00466,0.024945,0.053056,1
 Migratory Pain,SMHB00466,None,None,None
Carbuncle,SMHB00466,None,None,None
Breast Pain,SMHB00466,0.003072,0.015061,1
Skin Ulcer(S),SMHB00466,None,None,None
Swelling,SMHB00466,None,None,None
Ache,SMHB00466,None,None,None
Cold Hands Feet,SMHB00466,0.000152,0.001338,1
Ciliary Spasm,SMHB00466,0.037192,0.065886,1
Quadriplegia,SMHB00466,0.049289,0.078752,1
Pain Radiating,SMHB00466,None,None,None
Crushing Pain,SMHB00466,None,None,None
Joint Contracture,SMHB00466,None,None,None
King Evil,SMHB00466,None,None,None
Diabetes Mellitus,SMHB00468,None,None,None
Cough Productive,SMHB00468,None,None,None
Hyperphagia,SMHB00468,0.009087,0.033209,1
Behavior Drinking,SMHB00468,0.018095,0.046235,1
Sarcoidosis,SMHB00468,None,None,None
Arthritic Pains,SMHB00468,None,None,None
Cough,SMHB00468,None,None,None
Pigmentation,SMHB00468,None,None,None
Pigmentation,SMHB00468,None,None,None
Thirst,SMHB00468,None,None,None
Cyanosis,SMHB00468,0.035878,0.064462,1
Throat Dry,SMHB00468,None,None,None
Cough Persistent,SMHB00468,0.001154,0.006804,1
Limb Anomaly Congenital,SMHB00477,0.004327,0.019882,1
Trichophytosis,SMHB00477,None,None,None
Suppuration,SMHB00477,None,None,None
Tinea,SMHB00477,None,None,None
 Emotional Depression,SMHB00477,None,None,None
Tinea Corporis,SMHB00477,None,None,None
Discoloration Urine,SMHB00477,None,None,None
Discoloration Urine,SMHB00477,None,None,None
Pus,SMHB00477,None,None,None
Bronchial Asthma,SMHB00477,None,None,None
Carbuncle,SMHB00477,None,None,None
Gangrene,SMHB00477,0.025711,0.053532,1
Epidermophytosis,SMHB00477,None,None,None
Leprosy,SMHB00477,0.008637,0.032544,1
Scabies,SMHB00477,0.017208,0.045046,1
Larynx,SMHB00591,0.001591,0.008898,1
Stomatitis,SMHB00591,0.012981,0.039733,1
Trichophytosis,SMHB00591,0.038457,0.067282,1
Oral Mucositis,SMHB00591,0.012981,0.039733,1
Scabies,SMHB00591,0.000485,0.003417,1
 Anemic,SMHB00591,0.0258,0.053532,1
Tinea,SMHB00591,0.003286,0.015968,1
Malnutrition,SMHB00591,0.002367,0.012274,1
"Melena
",SMHB00591,0.000163,0.001407,1
"Overnutrition, Child",SMHB00591,0.012981,0.039733,1
Tinea Corporis,SMHB00591,0.038457,0.067282,1
Anemia,SMHB00591,0.012981,0.039733,1
 Nutrition Disorders In Children,SMHB00591,0.012981,0.039733,1
Sarcoptic Red Mange,SMHB00591,0.000485,0.003417,1
Children Malnutrition,SMHB00591,0.012981,0.039733,1
Hand Swelling,SMHB00591,0.012981,0.039733,1
Skin Ulcer(S),SMHB00591,0.029361,0.057438,1
Swelling,SMHB00591,1.10E-05,0.000148,0.263857
Epidermophytosis,SMHB00591,0.038457,0.067282,1
Hemorrhoid Bleeding,SMHB00591,0.038457,0.067282,1
Dysentery,SMHB00591,0.026779,0.0547,1
Aphthous Ulcer,SMHB00591,0.038457,0.067282,1
Oral Ulcer,SMHB00591,0.000962,0.00589,1
Sutton'S Disease,SMHB00591,0.012981,0.039733,1
Colorectal Cancer,SMHB00591,0.012981,0.039733,1
Cold Sweat,SMHB00476,None,None,None
"Memory Disorders, Spatial",SMHB00476,None,None,None
Anorectal Disorder,SMHB00476,0.006058,0.025431,1
Constipation,SMHB00476,2.10E-05,0.00026,0.514005
Tongue Swelling,SMHB00476,None,None,None
Abscess Gum,SMHB00476,None,None,None
"Memory Disorders, Semantic",SMHB00476,None,None,None
 Zoophaginae,SMHB00476,0.006058,0.025431,1
Petechia,SMHB00476,None,None,None
Dysuria,SMHB00476,None,None,None
Virus,SMHB00476,0.006058,0.025431,1
Animal Virus,SMHB00476,0.006058,0.025431,1
 Gingival Edema,SMHB00476,None,None,None
Memory Loss Or Impairment,SMHB00476,None,None,None
Memory Disorder,SMHB00476,None,None,None
Hernia,SMHB00476,0.03584,0.064462,1
Age Related Memory Disorders,SMHB00476,None,None,None
Change In Bowel Habits,SMHB00476,0.012082,0.038774,1
Wheezing,SMHB00476,0.03584,0.064462,1
Defecation Pain,SMHB00476,1.00E-06,2.00E-05,0.027501
Colonic Inertia,SMHB00476,1.00E-05,0.000136,0.241594
Dysentery,SMHB00476,None,None,None
Dyspepsia,SMHB00476,None,None,None
Memory Impairment,SMHB00476,None,None,None
 Dyspepsia-Aggravated,SMHB00476,None,None,None
Chest Symptom Heaviness,SMHB00476,None,None,None
Chest Symptom Heaviness,SMHB00476,None,None,None
Ecchymoses,SMHB00476,None,None,None
Abnormal Stools,SMHB00476,0.001817,0.009924,1
Colorectal Cancer,SMHB00476,0.006058,0.025431,1
Right Flank Pain,SMHB00479,None,None,None
 Physical Suffering,SMHB00479,None,None,None
Mechanical Low Back Pain,SMHB00479,None,None,None
 Zoophaginae,SMHB00479,None,None,None
Menstrual Cramp,SMHB00479,None,None,None
Polymenorrhea,SMHB00479,None,None,None
Flank Pain,SMHB00479,None,None,None
Anasarca,SMHB00479,None,None,None
 Recurrent Low Back Pain,SMHB00479,None,None,None
Abdominal Pain,SMHB00479,None,None,None
Edema,SMHB00479,None,None,None
Hyperalgia,SMHB00479,None,None,None
Rhinorrhea,SMHB00479,None,None,None
Virus,SMHB00479,None,None,None
Animal Virus,SMHB00479,None,None,None
Ascites,SMHB00479,None,None,None
Pain,SMHB00479,None,None,None
Respiratory Abnormality,SMHB00479,None,None,None
Menses Abnormal,SMHB00479,None,None,None
Burning Pain,SMHB00479,None,None,None
 Splitting Pain,SMHB00479,None,None,None
Loin Pain,SMHB00479,None,None,None
Postural Low Back Pain,SMHB00479,None,None,None
 Migratory Pain,SMHB00479,None,None,None
Carbuncle,SMHB00479,None,None,None
 Cough Increased,SMHB00479,0.003894,0.018222,1
Swelling,SMHB00479,None,None,None
Ache,SMHB00479,None,None,None
 Hypomenorrhea,SMHB00479,None,None,None
Left Flank Pain,SMHB00479,None,None,None
Dyspepsia,SMHB00479,None,None,None
Pain Radiating,SMHB00479,None,None,None
Crushing Pain,SMHB00479,None,None,None
Posterior Compartment Low Back Pain,SMHB00479,None,None,None
Menopause,SMHB00479,None,None,None
Retrograde Menstruation,SMHB00479,None,None,None
"Dysentery, Bacillary",SMHB00479,0.003894,0.018222,1
Fistula Route,SMHB00479,0.003894,0.018222,1
Malaria,SMHB00479,0.007775,0.030277,1
Osteomyelitis,SMHB00479,0.003894,0.018222,1
 Swelling - Edema - Symptom,SMHB00479,0.003894,0.018222,1
Abdominal Tenderness,SMHB00478,0.017309,0.045046,1
 Physical Suffering,SMHB00478,None,None,None
 Zoophaginae,SMHB00478,None,None,None
Menstrual Cramp,SMHB00478,None,None,None
Polymenorrhea,SMHB00478,None,None,None
Epistaxis,SMHB00478,0.034325,0.062763,1
Anasarca,SMHB00478,None,None,None
Abdominal Pain,SMHB00478,None,None,None
Edema,SMHB00478,None,None,None
Hyperalgia,SMHB00478,None,None,None
Virus,SMHB00478,None,None,None
Animal Virus,SMHB00478,None,None,None
Ascites,SMHB00478,None,None,None
Pain,SMHB00478,None,None,None
Menses Abnormal,SMHB00478,None,None,None
Buerger Disease,SMHB00478,0.017309,0.045046,1
Tongue Discoloration,SMHB00478,None,None,None
Burning Pain,SMHB00478,None,None,None
Abnormal Menstrual Cycle,SMHB00478,0.017309,0.045046,1
 Splitting Pain,SMHB00478,None,None,None
 Migratory Pain,SMHB00478,None,None,None
Carbuncle,SMHB00478,None,None,None
Oligomenorrhea,SMHB00478,0.001715,0.009469,1
Swelling,SMHB00478,None,None,None
Ache,SMHB00478,None,None,None
 Hypomenorrhea,SMHB00478,None,None,None
Pain Radiating,SMHB00478,None,None,None
Crushing Pain,SMHB00478,None,None,None
Menopause,SMHB00478,None,None,None
Retrograde Menstruation,SMHB00478,None,None,None
General Abdominal Pain-Symptom,SMHB00478,0.017309,0.045046,1
Erythematous Condition,SMHB00478,0.034325,0.062763,1
Panic State,SMHB00480,0.037724,0.066384,1
 Physical Suffering,SMHB00480,None,None,None
"Sputums, Induced",SMHB00480,None,None,None
Intermittant Vertigo,SMHB00480,None,None,None
Vertigo,SMHB00480,None,None,None
Auditory Dysesthesia,SMHB00480,0.019039,0.04715,1
Vertigo Postural,SMHB00480,None,None,None
Anasarca,SMHB00480,None,None,None
Vertigo Central Origin,SMHB00480,None,None,None
Dysuria,SMHB00480,1.30E-05,0.000181,0.333576
Edema,SMHB00480,None,None,None
Hyperalgia,SMHB00480,None,None,None
Diarrhea,SMHB00480,None,None,None
Brain Stem Vertigo,SMHB00480,None,None,None
Distorted Hearing,SMHB00480,0.019039,0.04715,1
Pain,SMHB00480,None,None,None
Pneumatosis,SMHB00480,0.019039,0.04715,1
Orofacial Oedema,SMHB00480,0.019039,0.04715,1
Micturition Disorder,SMHB00480,None,None,None
Burning Pain,SMHB00480,None,None,None
 Splitting Pain,SMHB00480,None,None,None
Motion Sickness,SMHB00480,0.000354,0.002663,1
Hand Swelling,SMHB00480,0.019039,0.04715,1
Flatulence,SMHB00480,None,None,None
Diarrhea Acute,SMHB00480,0.019039,0.04715,1
 Essential Vertigo,SMHB00480,None,None,None
Sputum,SMHB00480,None,None,None
Air Sickness,SMHB00480,0.000354,0.002663,1
 Migratory Pain,SMHB00480,None,None,None
Swelling,SMHB00480,None,None,None
Diarrhea Watery,SMHB00480,0.019039,0.04715,1
Ache,SMHB00480,None,None,None
Vision Halo,SMHB00480,0.019039,0.04715,1
Prostatism,SMHB00480,0.019039,0.04715,1
Dyslipidemia,SMHB00480,0.019039,0.04715,1
 Urinary Tract Pain,SMHB00480,None,None,None
Paracusia,SMHB00480,0.019039,0.04715,1
 Vertigo Paroxysmal,SMHB00480,None,None,None
Hearing Disorder,SMHB00480,0.019039,0.04715,1
Sea Sickness,SMHB00480,0.000354,0.002663,1
Bloating Feeling,SMHB00480,None,None,None
Pain Radiating,SMHB00480,None,None,None
Crushing Pain,SMHB00480,None,None,None
" Disease Of Vocal Cords, Nos",SMHB00480,2.50E-05,0.000307,0.630708
Mental Aberration,SMHB00480,0.037724,0.066384,1
Mental Aberration,SMHB00480,0.037724,0.066384,1
Dyslipoproteinemia,SMHB00480,0.019039,0.04715,1
Constant Vertigo,SMHB00480,None,None,None
Peripheral Vertigo,SMHB00480,None,None,None
Hyperlipidemia,SMHB00480,0.019039,0.04715,1
Abdomen Distention,SMHB00617,0.04366,0.072788,1
Abdominal Tenderness,SMHB00617,0.011251,0.037373,1
 Physical Suffering,SMHB00617,0.000775,0.004954,1
Polyarthralgia,SMHB00617,0,2.00E-06,0.002414
Pain,SMHB00617,0.00127,0.007353,1
Arthralgia,SMHB00617,0,0,0.000127
Arthritic Pains,SMHB00617,0,0,2.50E-05
Burning Pain,SMHB00617,0.000775,0.004954,1
 Splitting Pain,SMHB00617,0.000775,0.004954,1
 Migratory Pain,SMHB00617,0.000775,0.004954,1
Ache,SMHB00617,9.70E-05,0.000916,1
Pain Precordial,SMHB00617,1.00E-06,2.30E-05,0.031372
Sprain Of Joint,SMHB00617,0.011251,0.037373,1
Pain Radiating,SMHB00617,0.000775,0.004954,1
Crushing Pain,SMHB00617,0.000775,0.004954,1
Skin Benign Neoplasm,SMHB00617,0.011251,0.037373,1
General Abdominal Pain-Symptom,SMHB00617,0.011251,0.037373,1
Disorder Of Skin And Subcutaneous Tissue,SMHB00617,0.011251,0.037373,1
Cough Productive,SMHB00481,None,None,None
Parotid Enlargement,SMHB00481,0.01552,0.043506,1
Aplasia,SMHB00481,0.007789,0.030277,1
Breast Cyst,SMHB00481,0.007789,0.030277,1
Cough,SMHB00481,None,None,None
Carbuncle,SMHB00481,None,None,None
Thermal Energy,SMHB00481,None,None,None
Skin Ulcer(S),SMHB00481,None,None,None
 Parotid Disease,SMHB00481,0.007789,0.030277,1
Nodule Subcutaneous,SMHB00481,0.007789,0.030277,1
 Urinary Tract Pain,SMHB00481,None,None,None
" Disease Of Vocal Cords, Nos",SMHB00481,0,0,6.40E-05
Cough Persistent,SMHB00481,0.000844,0.00531,1
King Evil,SMHB00481,None,None,None
Hot Temperature,SMHB00481,None,None,None
Panic State,SMHB00613,0.034325,0.062763,1
Dyssomnia,SMHB00613,0.034325,0.062763,1
Insomnia,SMHB00613,3.00E-06,4.30E-05,0.064417
Cataract,SMHB00613,0.005808,0.024695,1
Sleep Difficult,SMHB00613,0.017309,0.045046,1
Other Conjunctivitis Nos,SMHB00613,0.017309,0.045046,1
Parotid Enlargement,SMHB00613,0.034325,0.062763,1
Dermatitis Eyelid,SMHB00613,0.017309,0.045046,1
Subwakefullness Syndromes,SMHB00613,0.034325,0.062763,1
Trachoma,SMHB00613,0.017309,0.045046,1
Comedome,SMHB00613,0.000867,0.005402,1
Increased Diastolic Blood Pressure,SMHB00613,0.017309,0.045046,1
Impetigo Contagiosa,SMHB00613,0.000292,0.002279,1
 Long Sleeper Syndrome,SMHB00613,0.034325,0.062763,1
Impetigo,SMHB00613,0.001715,0.009469,1
 Sleep-Related Neurogenic Tachypnoea,SMHB00613,0.034325,0.062763,1
Short-Sleeper,SMHB00613,0.034325,0.062763,1
Skin Ulcer(S),SMHB00613,0.049865,0.079263,1
 Parotid Disease,SMHB00613,0.017309,0.045046,1
Sleep Disorder,SMHB00613,0.001715,0.009469,1
 Face Injury,SMHB00613,0.017309,0.045046,1
High Systolic Arterial Pulse Pressure,SMHB00613,0.017309,0.045046,1
Blood Pressure Elevation,SMHB00613,0.017309,0.045046,1
Skin Pustule(S),SMHB00613,0.017309,0.045046,1
Acne Aggravated,SMHB00613,0.017309,0.045046,1
Poor Quality Sleep,SMHB00613,0.017309,0.045046,1
Operative Bleeding,SMHB00613,0.017309,0.045046,1
Erythematous Condition,SMHB00613,0.034325,0.062763,1
Dyssomnia,SMHB00614,0.039422,0.067979,1
Sharp Headache,SMHB00614,0,0,3.40E-05
Insomnia,SMHB00614,5.00E-06,7.00E-05,0.114297
Cataract,SMHB00614,0.00764,0.03009,1
Heaviness Of Head,SMHB00614,0.039422,0.067979,1
"Headache, Periorbital",SMHB00614,0,0,3.40E-05
Sleep Difficult,SMHB00614,0.019905,0.04715,1
Bilateral Headache,SMHB00614,0,0,3.40E-05
Other Conjunctivitis Nos,SMHB00614,0.019905,0.04715,1
Ocular Headache,SMHB00614,0,0,3.40E-05
Subwakefullness Syndromes,SMHB00614,0.039422,0.067979,1
Asthenopia,SMHB00614,0.019905,0.04715,1
Headache Throbbing,SMHB00614,0,0,3.40E-05
Radiculopathy,SMHB00614,0.019905,0.04715,1
Increased Diastolic Blood Pressure,SMHB00614,0.019905,0.04715,1
Orthostatic Headache,SMHB00614,0,0,3.40E-05
Nerve Root Disorder,SMHB00614,0.019905,0.04715,1
Blurred Vision,SMHB00614,0.000142,0.001263,1
 Long Sleeper Syndrome,SMHB00614,0.039422,0.067979,1
Motion Sickness,SMHB00614,0.000388,0.002844,1
"Neuralgia, Sluder",SMHB00614,0.019905,0.04715,1
Cervical Radiculopathy,SMHB00614,0.019905,0.04715,1
Trigeminal Autonomic Cephalgia,SMHB00614,0.019905,0.04715,1
Air Sickness,SMHB00614,0.000388,0.002844,1
 Sleep-Related Neurogenic Tachypnoea,SMHB00614,0.039422,0.067979,1
Nerve Root Pain,SMHB00614,0.019905,0.04715,1
Short-Sleeper,SMHB00614,0.039422,0.067979,1
Neuralgia Facial,SMHB00614,0.019905,0.04715,1
Vision Halo,SMHB00614,0.019905,0.04715,1
Impaired Visual Acuity,SMHB00614,0.039422,0.067979,1
Sleep Disorder,SMHB00614,0.002268,0.011863,1
 Generalised Headache,SMHB00614,0,0,3.40E-05
High Systolic Arterial Pulse Pressure,SMHB00614,0.019905,0.04715,1
"Avulsion, Nerve Root",SMHB00614,0.019905,0.04715,1
Sea Sickness,SMHB00614,0.000388,0.002844,1
Vertex Headache,SMHB00614,0,0,3.40E-05
"Headache, Retro-Ocular",SMHB00614,0,0,3.40E-05
Compression Nerve Root,SMHB00614,0.019905,0.04715,1
Blood Pressure Elevation,SMHB00614,0.019905,0.04715,1
Vision Dim,SMHB00614,0.00764,0.03009,1
"Headache, Dull",SMHB00614,1.60E-05,0.000209,0.399583
Poor Quality Sleep,SMHB00614,0.019905,0.04715,1
Headache Unilateral,SMHB00614,0,0,3.40E-05
Radiculitis,SMHB00614,0.019905,0.04715,1
Tenderness,SMHB00614,0.039422,0.067979,1
Myofacial Pain Syndrome,SMHB00614,0.019905,0.04715,1
Headache,SMHB00614,0,0,8.40E-05
Operative Bleeding,SMHB00614,0.019905,0.04715,1
 Overinclusion,SMHB00692,0.010385,0.03576,1
Gastric Disorder,SMHB00692,0.020667,0.048222,1
Vomiting Neonatal,SMHB00692,0.010385,0.03576,1
Sleep Difficult,SMHB00692,0.010385,0.03576,1
 Crackling Sound In Ear,SMHB00692,0.010385,0.03576,1
Tinnitus,SMHB00692,0.020667,0.048222,1
Tensor Palatini Induced Tinnitus,SMHB00692,0.010385,0.03576,1
Emesis,SMHB00692,6.00E-06,8.90E-05,0.149233
Subjective Tinnitus,SMHB00692,0.010385,0.03576,1
Attention Disorders,SMHB00692,0.010385,0.03576,1
Noise-Induced Tinnitus,SMHB00692,0.010385,0.03576,1
Spontaneous Oto Acoustic Emission Tinnitus,SMHB00692,0.010385,0.03576,1
Objective Tinnitus,SMHB00692,0.010385,0.03576,1
Motion Sickness,SMHB00692,0.000103,0.000968,1
Tinnitus Of Vascular Origin,SMHB00692,0.010385,0.03576,1
Air Sickness,SMHB00692,0.000103,0.000968,1
Uterine Bleeding,SMHB00692,0,7.00E-06,0.007617
Hemorrhage Postpartum,SMHB00692,0.000263,0.002095,1
Vision Halo,SMHB00692,0.010385,0.03576,1
 Ear Clicking Sound,SMHB00692,0.010385,0.03576,1
Sea Sickness,SMHB00692,0.000103,0.000968,1
Belching,SMHB00692,0.020667,0.048222,1
Metrorrhagia,SMHB00692,5.30E-05,0.000564,1
Pulsatile Tinnitus,SMHB00692,0.010385,0.03576,1
Gagging,SMHB00692,0.040924,0.069693,1
Menorrhagia,SMHB00692,3.40E-05,0.000389,0.831687
Menometrorrhagia,SMHB00692,3.40E-05,0.000389,0.831687
Panic State,SMHB00485,0.020667,0.048222,1
Abdomen Distention,SMHB00485,None,None,None
Pulse Weakness,SMHB00485,0.002103,0.01118,1
 Physical Suffering,SMHB00485,None,None,None
Tongue Swelling,SMHB00485,0.020667,0.048222,1
"Sputums, Induced",SMHB00485,None,None,None
Tongue Edema,SMHB00485,0.010385,0.03576,1
Irritability,SMHB00485,0.030846,0.058607,1
Hyperalgia,SMHB00485,None,None,None
Pupil Dilated,SMHB00485,0.010385,0.03576,1
Pain,SMHB00485,None,None,None
Abortion,SMHB00485,0.010385,0.03576,1
Respiratory Abnormality,SMHB00485,0.040924,0.069693,1
Burning Pain,SMHB00485,None,None,None
 Splitting Pain,SMHB00485,None,None,None
Flatulence,SMHB00485,None,None,None
Sputum,SMHB00485,None,None,None
 Migratory Pain,SMHB00485,None,None,None
Chest Symptom Discomfort,SMHB00485,None,None,None
Ache,SMHB00485,None,None,None
Nodule Subcutaneous,SMHB00485,0.010385,0.03576,1
Eyelid Irritation,SMHB00485,0.010385,0.03576,1
Anus,SMHB00485,0.020667,0.048222,1
Aphagia,SMHB00485,0.010385,0.03576,1
Throat Tightness,SMHB00485,None,None,None
Splanchnoptosis,SMHB00485,None,None,None
Dyspepsia,SMHB00485,None,None,None
Bloating Feeling,SMHB00485,None,None,None
Pain Radiating,SMHB00485,None,None,None
Crushing Pain,SMHB00485,None,None,None
 Dyspepsia-Aggravated,SMHB00485,None,None,None
Pneumonia,SMHB00482,None,None,None
Diabetes Mellitus,SMHB00482,None,None,None
Constipation,SMHB00482,None,None,None
Limb Anomaly Congenital,SMHB00482,0.008222,0.031456,1
Cough Productive,SMHB00482,None,None,None
Hyperphagia,SMHB00482,0.008222,0.031456,1
Bulimia Nervosa,SMHB00482,0.024473,0.052525,1
Hot Flash,SMHB00482,None,None,None
Gastrointestinal Discomfort,SMHB00482,None,None,None
Diarrhea,SMHB00482,None,None,None
Pupil Dilated,SMHB00482,0.008222,0.031456,1
Hyperpyrexia,SMHB00482,None,None,None
Dryness Vaginal,SMHB00482,0.008222,0.031456,1
Pneumonia Lobar,SMHB00482,None,None,None
Thirst,SMHB00482,None,None,None
Neck Injury,SMHB00482,None,None,None
Neck Stiffness,SMHB00482,None,None,None
Polydipsia,SMHB00482,None,None,None
Defecation Pain,SMHB00482,None,None,None
Colonic Inertia,SMHB00482,None,None,None
 Stomach Discomfort,SMHB00482,None,None,None
" Disease Of Vocal Cords, Nos",SMHB00482,0.032504,0.06074,1
Chills And Fever,SMHB00482,0.005496,0.023938,1
Chills And Fever,SMHB00482,0.005496,0.023938,1
Experimental Lung Inflammation,SMHB00482,None,None,None
Fever,SMHB00482,0.007177,0.028839,1
Liver Function Abnormal,SMHB00482,0.008222,0.031456,1
Plague,SMHB00482,0.024473,0.052525,1
Renal Failure Adverse Event,SMHB00482,0.016379,0.044013,1
Facial Nerve Motor Disorder,SMHB00526,0.012116,0.038774,1
Stroke,SMHB00526,0,0,0.000243
Intermittant Vertigo,SMHB00526,0.002061,0.010974,1
Vertigo,SMHB00526,0.006001,0.025431,1
Vertigo Postural,SMHB00526,0.002061,0.010974,1
Vertigo Central Origin,SMHB00526,0.002061,0.010974,1
Facial Nerve Sensory Disorder,SMHB00526,0.012116,0.038774,1
Facial Neuritides,SMHB00526,0.012116,0.038774,1
Brain Stem Vertigo,SMHB00526,0.002061,0.010974,1
Bite Wound Insect,SMHB00526,0.012116,0.038774,1
Facial Myokymia,SMHB00526,0.012116,0.038774,1
Infantile Hemiplegia,SMHB00526,0.02409,0.052098,1
Motion Sickness,SMHB00526,0.000142,0.001263,1
 Cva Nos Acute,SMHB00526,0,0,9.20E-05
Convulsions Neonatal,SMHB00526,0.035925,0.064462,1
 Essential Vertigo,SMHB00526,0.002061,0.010974,1
Facial Paralysis,SMHB00526,0.035925,0.064462,1
Hemiplegia,SMHB00526,0.02409,0.052098,1
Air Sickness,SMHB00526,0.000142,0.001263,1
Spastic Hemiplegia,SMHB00526,0.02409,0.052098,1
" Hemiplegia, Post Ictal",SMHB00526,0.02409,0.052098,1
Flaccid Hemiplegia,SMHB00526,0.02409,0.052098,1
Vision Halo,SMHB00526,0.012116,0.038774,1
Transient Hemiplegia,SMHB00526,0.02409,0.052098,1
"Disorder Of Seventh Cranial Nerve, Nos",SMHB00526,0.012116,0.038774,1
Acquired Facial Neuropathies,SMHB00526,0.012116,0.038774,1
"Facial Neuropathies, Familial",SMHB00526,0.012116,0.038774,1
Snake Venom Causing Toxic Effect,SMHB00526,0.012116,0.038774,1
Nose Dryness,SMHB00526,0.035925,0.064462,1
 Vertigo Paroxysmal,SMHB00526,0.002061,0.010974,1
Geniculate Ganglionitis,SMHB00526,0.012116,0.038774,1
Sea Sickness,SMHB00526,0.000142,0.001263,1
General Discomfort,SMHB00526,0.02409,0.052098,1
Cough Persistent,SMHB00526,0.002061,0.010974,1
Hemiparesis,SMHB00526,0.000837,0.005271,1
Difficulty Walking,SMHB00526,0.035925,0.064462,1
Constant Vertigo,SMHB00526,0.002061,0.010974,1
Peripheral Vertigo,SMHB00526,0.002061,0.010974,1
Alternate Hemiplegia,SMHB00526,0.02409,0.052098,1
Tetanus,SMHB00526,0.012116,0.038774,1
Dyssomnia,SMHB00691,0.04027,0.068883,1
Abdomen Distention,SMHB00691,0,2.00E-06,0.001638
Right Flank Pain,SMHB00691,0.002794,0.014047,1
Insomnia,SMHB00691,5.00E-06,7.60E-05,0.124798
Abdominal Tenderness,SMHB00691,0.020338,0.047791,1
 Physical Suffering,SMHB00691,0.004391,0.020134,1
Flank Pain,SMHB00691,0.002794,0.014047,1
Subwakefullness Syndromes,SMHB00691,0.04027,0.068883,1
Diarrhea,SMHB00691,0.014771,0.042506,1
Pain,SMHB00691,0.007053,0.028383,1
Burning Pain,SMHB00691,0.004391,0.020134,1
"Diarrhea, Chronic",SMHB00691,0.001199,0.006998,1
 Long Sleeper Syndrome,SMHB00691,0.04027,0.068883,1
 Splitting Pain,SMHB00691,0.004391,0.020134,1
 Migratory Pain,SMHB00691,0.004391,0.020134,1
Musculoskeletal Pain,SMHB00691,0.04027,0.068883,1
 Sleep-Related Neurogenic Tachypnoea,SMHB00691,0.04027,0.068883,1
Short-Sleeper,SMHB00691,0.04027,0.068883,1
Diarrhea Watery,SMHB00691,0.020338,0.047791,1
Ache,SMHB00691,0.010499,0.036096,1
Sleep Disorder,SMHB00691,0.002367,0.012274,1
 name Dilation,SMHB00691,0.000151,0.001335,1
Aphagia,SMHB00691,0.020338,0.047791,1
Left Flank Pain,SMHB00691,0.002794,0.014047,1
Pain Radiating,SMHB00691,0.004391,0.020134,1
Crushing Pain,SMHB00691,0.004391,0.020134,1
General Abdominal Pain-Symptom,SMHB00691,0.020338,0.047791,1
Poor Quality Sleep,SMHB00691,0.020338,0.047791,1
Lower Extremity Paresthesia,SMHB00691,3.00E-06,5.10E-05,0.079174
 Knee Joint Laxity,SMHB00691,0.020338,0.047791,1
Pharyngolaryngitis,SMHB00483,None,None,None
Erythrosis,SMHB00483,0.027694,0.055251,1
Hemorrhage,SMHB00483,None,None,None
Tongue Ulcer,SMHB00483,None,None,None
Pulse Weakness,SMHB00483,0.014496,0.042054,1
Constipation,SMHB00483,None,None,None
 Physical Suffering,SMHB00483,None,None,None
"Mental Retardations, Psychosocial",SMHB00483,0.027694,0.055251,1
Abscess Gum,SMHB00483,None,None,None
Intermittant Vertigo,SMHB00483,None,None,None
Eye Pain,SMHB00483,0.004371,0.020069,1
Vertigo,SMHB00483,None,None,None
Other Conjunctivitis Nos,SMHB00483,0.027694,0.055251,1
Urologic Disease,SMHB00483,None,None,None
Vertigo Postural,SMHB00483,None,None,None
Cyst,SMHB00483,None,None,None
Vertigo Central Origin,SMHB00483,None,None,None
Hemorrhoids,SMHB00483,None,None,None
Laryngeal Edema,SMHB00483,None,None,None
 Red,SMHB00483,0.027694,0.055251,1
Biliary And Gallbladder Disorder,SMHB00483,0.027694,0.055251,1
Gingivitis,SMHB00483,None,None,None
Hematemesis,SMHB00483,None,None,None
Prolong Menstruation,SMHB00483,0.027694,0.055251,1
Smarting Of Skin,SMHB00483,0.027694,0.055251,1
Hyperalgia,SMHB00483,None,None,None
Diarrhea,SMHB00483,None,None,None
Brain Stem Vertigo,SMHB00483,None,None,None
Skin Pain,SMHB00483,0.027694,0.055251,1
Joint Dislocation,SMHB00483,0.027694,0.055251,1
Profound Mental Retardation,SMHB00483,0.027694,0.055251,1
Gingival Swelling,SMHB00483,None,None,None
Jaundice,SMHB00483,None,None,None
Pain,SMHB00483,None,None,None
Blood Disorder,SMHB00483,None,None,None
Boredom,SMHB00483,None,None,None
Burning Pain,SMHB00483,None,None,None
 Gingival Edema,SMHB00483,None,None,None
 Splitting Pain,SMHB00483,None,None,None
Ocular Discomfort,SMHB00483,None,None,None
 Essential Vertigo,SMHB00483,None,None,None
Urethra Hemorrhage,SMHB00483,None,None,None
Urination Frequency,SMHB00483,None,None,None
 Migratory Pain,SMHB00483,None,None,None
Skin Ulcer(S),SMHB00483,None,None,None
Swelling,SMHB00483,None,None,None
Ache,SMHB00483,None,None,None
Eyelid Irritation,SMHB00483,0.027694,0.055251,1
Nervousness,SMHB00483,None,None,None
 Face Injury,SMHB00483,0.027694,0.055251,1
Defecation Pain,SMHB00483,None,None,None
 Urinary Tract Pain,SMHB00483,0.007155,0.028756,1
Colonic Inertia,SMHB00483,None,None,None
 Vertigo Paroxysmal,SMHB00483,None,None,None
Hyperchlorhydria,SMHB00483,None,None,None
Eye Blood Shot,SMHB00483,None,None,None
Ocular Icterus,SMHB00483,0.027694,0.055251,1
Pain Radiating,SMHB00483,None,None,None
Crushing Pain,SMHB00483,None,None,None
Hypervigilance,SMHB00483,None,None,None
Mental Deficiency,SMHB00483,0.027694,0.055251,1
Dental Abscess,SMHB00483,None,None,None
Pharyngolaryngeal Pain,SMHB00483,None,None,None
Anxiety,SMHB00483,None,None,None
Gingival Pain,SMHB00483,None,None,None
Oral Ulcer,SMHB00483,None,None,None
Heartburn,SMHB00483,None,None,None
Constant Vertigo,SMHB00483,None,None,None
Peripheral Vertigo,SMHB00483,None,None,None
Abnormal Stools,SMHB00483,0.035354,0.064002,1
Swelling Round Eyes: [periorbital Edema],SMHB00483,0.027694,0.055251,1
Abdomen Distention,SMHB00519,0.04366,0.072788,1
Abdominal Tenderness,SMHB00519,0.011251,0.037373,1
 Physical Suffering,SMHB00519,0.000775,0.004954,1
Polyarthralgia,SMHB00519,0,2.00E-06,0.002414
Pain,SMHB00519,0.00127,0.007353,1
Arthralgia,SMHB00519,0,0,0.000127
Arthritic Pains,SMHB00519,0,0,2.50E-05
Burning Pain,SMHB00519,0.000775,0.004954,1
 Splitting Pain,SMHB00519,0.000775,0.004954,1
Enterocele,SMHB00519,0.033388,0.061682,1
 Migratory Pain,SMHB00519,0.000775,0.004954,1
Ache,SMHB00519,9.70E-05,0.000916,1
Pain Precordial,SMHB00519,1.00E-06,2.30E-05,0.031372
Sprain Of Joint,SMHB00519,0.011251,0.037373,1
Pain Radiating,SMHB00519,0.000775,0.004954,1
Crushing Pain,SMHB00519,0.000775,0.004954,1
General Abdominal Pain-Symptom,SMHB00519,0.011251,0.037373,1
Shock,SMHB00537,0.012116,0.038774,1
Angina Symptoms,SMHB00537,0.012116,0.038774,1
Renal Agenesis,SMHB00537,0.012116,0.038774,1
Pupil Dilated,SMHB00537,0.012116,0.038774,1
Palpitation(S),SMHB00537,0.000181,0.001539,1
Aplasia,SMHB00537,0.012116,0.038774,1
Pneumatosis,SMHB00537,0.012116,0.038774,1
Malaise And Fatigue,SMHB00537,0.000128,0.00116,1
Hypovolemic Shock,SMHB00537,0.012116,0.038774,1
Cervical Radiculopathy,SMHB00537,0.02409,0.052098,1
Lassitude,SMHB00537,0.004837,0.02177,1
Functional Bowel Disorder,SMHB00537,0.012116,0.038774,1
Asthenia,SMHB00537,2.50E-05,0.000297,0.608994
Cardiac Arrhythmia,SMHB00537,0.035925,0.064462,1
Anal Sphincter Atony,SMHB00537,0.012116,0.038774,1
Chilliness,SMHB00537,0.035925,0.064462,1
Right Flank Pain,SMHB00590,0.025666,0.053532,1
Pulse Weakness,SMHB00590,0.00899,0.033209,1
Vein Disorder,SMHB00590,1.00E-05,0.000134,0.2365
Flank Pain,SMHB00590,0.025666,0.053532,1
Renal Agenesis,SMHB00590,0.021636,0.049159,1
Epistaxis,SMHB00590,0.042812,0.071732,1
 Anemic,SMHB00590,0.042812,0.071732,1
Extremity Numbness,SMHB00590,1.00E-06,1.80E-05,0.023696
 Crackling Sound In Ear,SMHB00590,0.021636,0.049159,1
Hair Discoloration,SMHB00590,0.021636,0.049159,1
Hair Color Change,SMHB00590,0.021636,0.049159,1
Tinnitus,SMHB00590,0.042812,0.071732,1
Tensor Palatini Induced Tinnitus,SMHB00590,0.021636,0.049159,1
Aplasia,SMHB00590,0.021636,0.049159,1
Numbness Localized,SMHB00590,0.001358,0.007762,1
Subjective Tinnitus,SMHB00590,0.021636,0.049159,1
Anemia,SMHB00590,0.021636,0.049159,1
Noise-Induced Tinnitus,SMHB00590,0.021636,0.049159,1
Spontaneous Oto Acoustic Emission Tinnitus,SMHB00590,0.021636,0.049159,1
Objective Tinnitus,SMHB00590,0.021636,0.049159,1
Motion Sickness,SMHB00590,0.000459,0.003265,1
Lip Paresthesia,SMHB00590,0.021636,0.049159,1
Hair Dryness,SMHB00590,0.021636,0.049159,1
Tinnitus Of Vascular Origin,SMHB00590,0.021636,0.049159,1
Air Sickness,SMHB00590,0.000459,0.003265,1
Uterine Bleeding,SMHB00590,0.000314,0.002423,1
Hemorrhage Postpartum,SMHB00590,0.030737,0.058607,1
Vision Halo,SMHB00590,0.021636,0.049159,1
 Ear Clicking Sound,SMHB00590,0.021636,0.049159,1
Dyslipidemia,SMHB00590,0.021636,0.049159,1
Left Flank Pain,SMHB00590,0.025666,0.053532,1
Sea Sickness,SMHB00590,0.000459,0.003265,1
Metrorrhagia,SMHB00590,0.000495,0.003477,1
Pulsatile Tinnitus,SMHB00590,0.021636,0.049159,1
Hair Abnormality,SMHB00590,0.000459,0.003265,1
Hair Abnormality,SMHB00590,0.000459,0.003265,1
Menorrhagia,SMHB00590,0.00899,0.033209,1
Dyslipoproteinemia,SMHB00590,0.021636,0.049159,1
Menometrorrhagia,SMHB00590,0.00899,0.033209,1
Lower Extremity Paresthesia,SMHB00590,4.00E-06,6.70E-05,0.108402
Erythematous Condition,SMHB00590,0.042812,0.071732,1
Hyperlipidemia,SMHB00590,0.021636,0.049159,1
 Knee Joint Laxity,SMHB00590,0.021636,0.049159,1
Diarrhea,SMHB00576,0.002469,0.012704,1
Eating Disorder,SMHB00576,0.000335,0.002553,1
 Stool Loose,SMHB00576,0,0,0
Anorexia,SMHB00576,0.001102,0.006538,1
 Appetite Disorder,SMHB00576,0.032117,0.060278,1
Asthenia,SMHB00576,1.40E-05,0.000183,0.338697
Loss Of Appetite,SMHB00576,0.010818,0.036554,1
Decreased Appetite,SMHB00576,9.00E-05,0.000866,1
Renal Agenesis,SMHB00646,0.012116,0.038774,1
Irritability,SMHB00646,0.035925,0.064462,1
Diarrhea,SMHB00646,0.003438,0.016537,1
Pneumatosis,SMHB00646,0.012116,0.038774,1
Eating Disorder,SMHB00646,0.000422,0.003061,1
 Stool Loose,SMHB00646,0,1.00E-06,0.001077
Anorexia,SMHB00646,0.001385,0.007903,1
 Appetite Disorder,SMHB00646,0.035925,0.064462,1
Asthenia,SMHB00646,2.50E-05,0.000297,0.608994
Loss Of Appetite,SMHB00646,0.012116,0.038774,1
Decreased Appetite,SMHB00646,0.000128,0.00116,1
Anal Sphincter Atony,SMHB00646,0.012116,0.038774,1
Right Flank Pain,SMHB00484,None,None,None
Gastric Disorder,SMHB00484,0.008637,0.032544,1
Vomiting Neonatal,SMHB00484,0.004327,0.019882,1
Mechanical Low Back Pain,SMHB00484,None,None,None
Menstrual Cramp,SMHB00484,None,None,None
Flank Pain,SMHB00484,None,None,None
 Recurrent Low Back Pain,SMHB00484,None,None,None
Feces Incontinence,SMHB00484,0.008637,0.032544,1
Biliary And Gallbladder Disorder,SMHB00484,None,None,None
Comedome,SMHB00484,None,None,None
Extremity Numbness,SMHB00484,None,None,None
Liability To Disease,SMHB00484,None,None,None
Gastrointestinal Discomfort,SMHB00484,0.025711,0.053532,1
Functional Encopresis,SMHB00484,0.008637,0.032544,1
Emesis,SMHB00484,1.60E-05,0.000211,0.404784
Loin Pain,SMHB00484,None,None,None
Hyperemesis,SMHB00484,None,None,None
Postural Low Back Pain,SMHB00484,None,None,None
Chest Symptom Discomfort,SMHB00484,None,None,None
Lassitude,SMHB00484,None,None,None
Hyperemesis Gravidarum,SMHB00484,None,None,None
Left Flank Pain,SMHB00484,None,None,None
Posterior Compartment Low Back Pain,SMHB00484,None,None,None
Smarting,SMHB00484,None,None,None
(non-dependent Abuse Of Alcohol) Or (drunkenness) Or (hangover),SMHB00484,0.008637,0.032544,1
Abdomen Distention,SMHB00486,None,None,None
Constipation,SMHB00486,None,None,None
 Physical Suffering,SMHB00486,None,None,None
Gastric Disorder,SMHB00486,None,None,None
Feces Incontinence,SMHB00486,0.029214,0.057221,1
Biliary And Gallbladder Disorder,SMHB00486,0.014712,0.042343,1
Irritability,SMHB00486,0.043509,0.072737,1
Chest Pain,SMHB00486,None,None,None
Hyperalgia,SMHB00486,None,None,None
Diarrhea,SMHB00486,None,None,None
Functional Encopresis,SMHB00486,0.029214,0.057221,1
Pain,SMHB00486,None,None,None
Pneumatosis,SMHB00486,0.014712,0.042343,1
Eating Disorder,SMHB00486,None,None,None
Burning Pain,SMHB00486,None,None,None
 Splitting Pain,SMHB00486,None,None,None
Thirst,SMHB00486,None,None,None
 Migratory Pain,SMHB00486,None,None,None
Ache,SMHB00486,None,None,None
Change In Bowel Habits,SMHB00486,0.029214,0.057221,1
Defecation Pain,SMHB00486,None,None,None
 name Dilation,SMHB00486,None,None,None
Colonic Inertia,SMHB00486,None,None,None
 Stomach Discomfort,SMHB00486,None,None,None
Dysentery,SMHB00486,None,None,None
Splanchnoptosis,SMHB00486,None,None,None
Dyspepsia,SMHB00486,None,None,None
Ocular Icterus,SMHB00486,0.014712,0.042343,1
Bloating Feeling,SMHB00486,None,None,None
Pain Radiating,SMHB00486,None,None,None
Crushing Pain,SMHB00486,None,None,None
 Dyspepsia-Aggravated,SMHB00486,None,None,None
Tenesmus,SMHB00486,None,None,None
Heartburn,SMHB00486,0.00021,0.00175,1
Decreased Appetite,SMHB00486,None,None,None
Rash,SMHB00487,None,None,None
Blanching Of Skin,SMHB00487,0.007356,0.029106,1
Right Flank Pain,SMHB00487,None,None,None
 Physical Suffering,SMHB00487,None,None,None
Muscle Fatigue,SMHB00487,None,None,None
Rheumatism,SMHB00487,None,None,None
Flank Pain,SMHB00487,None,None,None
Soft Tissue Injury,SMHB00487,5.10E-05,0.000542,1
Chest Pain,SMHB00487,None,None,None
Caustic Injury,SMHB00487,None,None,None
Muscle Weakness,SMHB00487,0.02912,0.057221,1
Hyperalgia,SMHB00487,None,None,None
Pain,SMHB00487,None,None,None
Blood Disorder,SMHB00487,None,None,None
Arthritic Pains,SMHB00487,None,None,None
Burning Pain,SMHB00487,None,None,None
 Splitting Pain,SMHB00487,None,None,None
Macula,SMHB00487,None,None,None
 Migratory Pain,SMHB00487,None,None,None
Musculoskeletal Pain,SMHB00487,0.014661,0.042343,1
Ache,SMHB00487,None,None,None
Left Flank Pain,SMHB00487,None,None,None
Dyspepsia,SMHB00487,None,None,None
Pain Radiating,SMHB00487,None,None,None
Crushing Pain,SMHB00487,None,None,None
 Dyspepsia-Aggravated,SMHB00487,None,None,None
Chills And Fever,SMHB00487,0.004402,0.020142,1
Chills And Fever,SMHB00487,0.004402,0.020142,1
Purpura,SMHB00487,0.036274,0.064882,1
Lower Extremity Paresthesia,SMHB00487,None,None,None
Fever,SMHB00487,0.000175,0.001489,1
Right Flank Pain,SMHB00625,0.009009,0.033209,1
 Physical Suffering,SMHB00625,0.02489,0.053056,1
Cough Productive,SMHB00625,0.02489,0.053056,1
Mechanical Low Back Pain,SMHB00625,0,0,1.30E-05
Flank Pain,SMHB00625,0.009009,0.033209,1
 Recurrent Low Back Pain,SMHB00625,0,0,1.30E-05
Dyspnea,SMHB00625,0.029214,0.057221,1
Hyperalgia,SMHB00625,0.014712,0.042343,1
Colic,SMHB00625,0.043509,0.072737,1
Pain,SMHB00625,0.03383,0.062226,1
Gastric Acid,SMHB00625,0.001238,0.007205,1
Cough,SMHB00625,0.001183,0.00694,1
Burning Pain,SMHB00625,0.02489,0.053056,1
 Splitting Pain,SMHB00625,0.02489,0.053056,1
Gasping,SMHB00625,0.043509,0.072737,1
Abdominal Cramp,SMHB00625,0.029214,0.057221,1
Bronchial Asthma,SMHB00625,0.001174,0.006899,1
Loin Pain,SMHB00625,0.003038,0.014948,1
Postural Low Back Pain,SMHB00625,0,0,1.30E-05
Infantile Colic,SMHB00625,0.014712,0.042343,1
 Migratory Pain,SMHB00625,0.02489,0.053056,1
 Cough Increased,SMHB00625,0.014712,0.042343,1
Ache,SMHB00625,0.043831,0.072985,1
 Stomach Discomfort,SMHB00625,0.001174,0.006899,1
Left Flank Pain,SMHB00625,0.009009,0.033209,1
Pain Radiating,SMHB00625,0.02489,0.053056,1
Crushing Pain,SMHB00625,0.02489,0.053056,1
Posterior Compartment Low Back Pain,SMHB00625,0,0,1.30E-05
Asthma Attack,SMHB00625,0.014712,0.042343,1
Cough Persistent,SMHB00625,0.003038,0.014948,1
Respiratory Distress,SMHB00625,0.029214,0.057221,1
Chronic Lumbago,SMHB00625,0.014712,0.042343,1
Stroke,SMHB00491,0.001561,0.008771,1
Cough Productive,SMHB00491,None,None,None
"Sputums, Induced",SMHB00491,None,None,None
Masseter Muscle Spasm,SMHB00491,0.01552,0.043506,1
Trismus,SMHB00491,0.01552,0.043506,1
Jaundice,SMHB00491,None,None,None
Boredom,SMHB00491,0.023195,0.051423,1
Cough,SMHB00491,None,None,None
Sputum Discoloured,SMHB00491,None,None,None
Sputum,SMHB00491,None,None,None
Breast Pain,SMHB00491,None,None,None
Breast Tenderness,SMHB00491,None,None,None
Breast Swelling,SMHB00491,None,None,None
Lockjaw,SMHB00491,0.01552,0.043506,1
Breast Engorgement,SMHB00491,None,None,None
Sputum Purulent,SMHB00491,None,None,None
Coughing Up Phlegm,SMHB00491,5.70E-05,0.0006,1
Feeling Of Heat,SMHB00491,0.007789,0.030277,1
Tetanus,SMHB00491,0.007789,0.030277,1
Right Flank Pain,SMHB00488,None,None,None
"Mental Retardations, Psychosocial",SMHB00488,None,None,None
Vaginal Discharge White,SMHB00488,None,None,None
Flank Pain,SMHB00488,None,None,None
Anasarca,SMHB00488,None,None,None
Dysuria,SMHB00488,None,None,None
Abdominal Pain,SMHB00488,None,None,None
Vagina,SMHB00488,0.018072,0.046235,1
Edema,SMHB00488,None,None,None
Diarrhea,SMHB00488,None,None,None
Profound Mental Retardation,SMHB00488,None,None,None
Numbness Localized,SMHB00488,None,None,None
Micturition Disorder,SMHB00488,None,None,None
"Diarrhea, Chronic",SMHB00488,0.018072,0.046235,1
Motion Sickness,SMHB00488,None,None,None
 Venomous Bite,SMHB00488,None,None,None
Diarrhea Acute,SMHB00488,0.006058,0.025431,1
Air Sickness,SMHB00488,None,None,None
Diarrhea Watery,SMHB00488,0.006058,0.025431,1
Mental Retardation,SMHB00488,None,None,None
 Appetite Disorder,SMHB00488,0.018072,0.046235,1
Prostatism,SMHB00488,0.006058,0.025431,1
Left Flank Pain,SMHB00488,None,None,None
Sea Sickness,SMHB00488,None,None,None
Metrorrhagia,SMHB00488,None,None,None
Mental Deficiency,SMHB00488,None,None,None
Larynx,SMHB00654,0.000931,0.005729,1
Sleep Difficult,SMHB00654,0.009952,0.034881,1
Other Conjunctivitis Nos,SMHB00654,0.009952,0.034881,1
Jaundice,SMHB00654,1.00E-06,1.00E-05,0.012624
"Diarrhea, Chronic",SMHB00654,0.029574,0.057571,1
Bronchial Asthma,SMHB00654,0.009198,0.033579,1
Diarrhea Acute,SMHB00654,0.009952,0.034881,1
Carbuncle,SMHB00654,0.04621,0.075811,1
Diarrhea Watery,SMHB00654,0.009952,0.034881,1
Eye Blood Shot,SMHB00654,0.029574,0.057571,1
Ocular Icterus,SMHB00654,0.009952,0.034881,1
Alopecia,SMHB00490,None,None,None
Alopecia Cicatrisata,SMHB00490,None,None,None
 Physical Suffering,SMHB00490,None,None,None
Cough Productive,SMHB00490,None,None,None
"Sputums, Induced",SMHB00490,None,None,None
Hemoptysis,SMHB00490,None,None,None
Soft Tissue Injury,SMHB00490,9.50E-05,0.000901,1
Hyperalgia,SMHB00490,None,None,None
Underweight,SMHB00490,0.009952,0.034881,1
Pain,SMHB00490,None,None,None
Cough,SMHB00490,None,None,None
Generalized Spasm,SMHB00490,None,None,None
Burning Pain,SMHB00490,None,None,None
 Splitting Pain,SMHB00490,None,None,None
Sputum,SMHB00490,None,None,None
 Migratory Pain,SMHB00490,None,None,None
Ache,SMHB00490,None,None,None
Sleep Disorder,SMHB00490,None,None,None
Asthenia,SMHB00490,None,None,None
 Alopecia Hereditaria,SMHB00490,None,None,None
Pain Radiating,SMHB00490,None,None,None
Crushing Pain,SMHB00490,None,None,None
Skinny Build,SMHB00490,0.009952,0.034881,1
Cough Persistent,SMHB00490,0.001388,0.007903,1
Sputum Purulent,SMHB00490,None,None,None
Abdomen Distention,SMHB00492,None,None,None
Sharp Headache,SMHB00492,None,None,None
Hemorrhage,SMHB00492,0.005057,0.022436,1
Abdominal Tenderness,SMHB00492,None,None,None
"Headache, Periorbital",SMHB00492,None,None,None
Bilateral Headache,SMHB00492,None,None,None
Bright Red Blood Per Rectum,SMHB00492,0.025728,0.053532,1
Ocular Headache,SMHB00492,None,None,None
Hematuria,SMHB00492,0.032062,0.060278,1
Hematemesis,SMHB00492,0,5.00E-06,0.005859
Photophobia,SMHB00492,None,None,None
Headache Throbbing,SMHB00492,None,None,None
Hair Color Change,SMHB00492,None,None,None
Rhinorrhea,SMHB00492,None,None,None
Orthostatic Headache,SMHB00492,None,None,None
Blood Prolactin Decreased,SMHB00492,None,None,None
Bite Wound Insect,SMHB00492,0.006491,0.026685,1
Tongue Disorder,SMHB00492,None,None,None
Ascites,SMHB00492,None,None,None
Ecthyma,SMHB00492,None,None,None
Tongue Discoloration,SMHB00492,None,None,None
Otitis,SMHB00492,None,None,None
Hiccups,SMHB00492,None,None,None
Placental Disorder,SMHB00492,None,None,None
Carbuncle,SMHB00492,0.020681,0.048236,1
Blood Urine Present,SMHB00492,0.025728,0.053532,1
 Generalised Headache,SMHB00492,None,None,None
Asthenia,SMHB00492,None,None,None
Gonorrhea,SMHB00492,0.001379,0.007882,1
Skin Disorder,SMHB00492,None,None,None
Hemorrhage Of Pregnancy,SMHB00492,0.000389,0.002849,1
Nuchal Rigidity,SMHB00492,None,None,None
Vertex Headache,SMHB00492,None,None,None
"Headache, Retro-Ocular",SMHB00492,None,None,None
Urine Rbc,SMHB00492,0.025728,0.053532,1
General Abdominal Pain-Symptom,SMHB00492,None,None,None
Cough Persistent,SMHB00492,None,None,None
Purpura,SMHB00492,0.032062,0.060278,1
Headache Unilateral,SMHB00492,None,None,None
Extremity Paresthesia,SMHB00492,None,None,None
Decreased Appetite,SMHB00492,None,None,None
Headache,SMHB00492,None,None,None
Anal Sphincter Atony,SMHB00492,None,None,None
Erythematous Condition,SMHB00492,None,None,None
Dribbling Of Urine (& Terminal ),SMHB00492,0.006491,0.026685,1
Snake Bites,SMHB00492,0.006491,0.026685,1
Dyssomnia,SMHB00566,0.04027,0.068883,1
Insomnia,SMHB00566,5.00E-06,7.60E-05,0.124798
Stroke,SMHB00566,0.000411,0.002996,1
Gastric Disorder,SMHB00566,0.04027,0.068883,1
Vomiting Neonatal,SMHB00566,0.020338,0.047791,1
Graphomotor Aphasia,SMHB00566,0.020338,0.047791,1
"Sputums, Induced",SMHB00566,0.003161,0.01546,1
Global Aphasia,SMHB00566,0.020338,0.047791,1
Facial Paresthesia,SMHB00566,0.020338,0.047791,1
Subwakefullness Syndromes,SMHB00566,0.04027,0.068883,1
Masseter Muscle Spasm,SMHB00566,0.04027,0.068883,1
Trismus,SMHB00566,0.04027,0.068883,1
Dejerine Lichtheim Phenomenon,SMHB00566,0.020338,0.047791,1
"Aphasia, Post Ictal",SMHB00566,0.020338,0.047791,1
Intellectual Aphasia,SMHB00566,0.020338,0.047791,1
Emesis,SMHB00566,9.40E-05,0.000898,1
Functional Aphasia,SMHB00566,0.020338,0.047791,1
Cough,SMHB00566,3.70E-05,0.000421,0.926036
 Acquired Aphasias,SMHB00566,0.020338,0.047791,1
 Long Sleeper Syndrome,SMHB00566,0.04027,0.068883,1
 Cva Nos Acute,SMHB00566,0.007968,0.030818,1
Sputum,SMHB00566,0.003161,0.01546,1
"Aphasia, Post Traumatic",SMHB00566,0.020338,0.047791,1
 Sleep-Related Neurogenic Tachypnoea,SMHB00566,0.04027,0.068883,1
Short-Sleeper,SMHB00566,0.04027,0.068883,1
Dental Discomfort,SMHB00566,0.020338,0.047791,1
Mixed Aphasia,SMHB00566,0.020338,0.047791,1
Hyperemesis Gravidarum,SMHB00566,0.04027,0.068883,1
Auditory Discriminatory Aphasia,SMHB00566,0.020338,0.047791,1
Commisural Aphasia,SMHB00566,0.020338,0.047791,1
Sleep Disorder,SMHB00566,0.002367,0.012274,1
 Ageusic Aphasia,SMHB00566,0.020338,0.047791,1
Progressive Aphasia,SMHB00566,0.020338,0.047791,1
Pregnancy Disorder,SMHB00566,0.020338,0.047791,1
Lockjaw,SMHB00566,0.04027,0.068883,1
Aphasia,SMHB00566,0.04027,0.068883,1
Tongue Paralysis,SMHB00566,0.020338,0.047791,1
Tongue Paralysis,SMHB00566,0.020338,0.047791,1
Poor Quality Sleep,SMHB00566,0.020338,0.047791,1
Cough Persistent,SMHB00566,0.005766,0.024575,1
Syntactical Aphasia,SMHB00566,0.020338,0.047791,1
Sputum Purulent,SMHB00566,0.031538,0.059743,1
emantic Aphasia,SMHB00566,0.020338,0.047791,1
Dyssomnia,SMHB00564,0.038573,0.067295,1
Larynx,SMHB00564,0.003573,0.017074,1
Insomnia,SMHB00564,4.00E-06,6.50E-05,0.104469
Stomatitis,SMHB00564,0.019472,0.04715,1
Oral Mucositis,SMHB00564,0.019472,0.04715,1
Angina Symptoms,SMHB00564,0.019472,0.04715,1
Panic Attack,SMHB00564,0.019472,0.04715,1
Subwakefullness Syndromes,SMHB00564,0.038573,0.067295,1
Dreams,SMHB00564,0.038573,0.067295,1
Asthenopia,SMHB00564,0.019472,0.04715,1
Behavior Disorder,SMHB00564,0.038573,0.067295,1
Palpitation(S),SMHB00564,0.000753,0.004861,1
Lethargy,SMHB00564,0.019472,0.04715,1
Blurred Vision,SMHB00564,0.000133,0.001198,1
 Long Sleeper Syndrome,SMHB00564,0.038573,0.067295,1
Mental Disorder,SMHB00564,0.038573,0.067295,1
Panic Disorder,SMHB00564,0.019472,0.04715,1
 Sleep-Related Neurogenic Tachypnoea,SMHB00564,0.038573,0.067295,1
Short-Sleeper,SMHB00564,0.038573,0.067295,1
Impaired Visual Acuity,SMHB00564,0.038573,0.067295,1
Bad Dream,SMHB00564,0.038573,0.067295,1
Sleep Disorder,SMHB00564,0.002171,0.01147,1
Nightmares,SMHB00564,0.001099,0.006531,1
Diagnosis Psychiatric,SMHB00564,0.019472,0.04715,1
Vision Dim,SMHB00564,0.007318,0.029106,1
Poor Quality Sleep,SMHB00564,0.019472,0.04715,1
Oral Ulcer,SMHB00564,0.002171,0.01147,1
Sutton'S Disease,SMHB00564,0.019472,0.04715,1
Pharyngolaryngitis,SMHB00565,0.024945,0.053056,1
Larynx,SMHB00565,0.001486,0.008392,1
Laryngopharyngeal Dysaesthesia,SMHB00565,3.50E-05,0.000398,0.859648
Localized; Swelling,SMHB00565,0.002211,0.011636,1
 Physical Suffering,SMHB00565,0.018405,0.046656,1
Laryngeal Pain,SMHB00565,0.012549,0.039351,1
Rheumatism,SMHB00565,0.049289,0.078752,1
Soft Tissue Injury,SMHB00565,0.000152,0.001338,1
Laryngeal Edema,SMHB00565,0.012549,0.039351,1
Caustic Injury,SMHB00565,0.037192,0.065886,1
Smarting Of Skin,SMHB00565,0.012549,0.039351,1
Hematoma,SMHB00565,0.024945,0.053056,1
Muscle Weakness,SMHB00565,0.049289,0.078752,1
Skin Pain,SMHB00565,0.012549,0.039351,1
Pain,SMHB00565,0.025123,0.053183,1
Burning Pain,SMHB00565,0.018405,0.046656,1
 Splitting Pain,SMHB00565,0.018405,0.046656,1
Skin Swelling,SMHB00565,0.024945,0.053056,1
 Migratory Pain,SMHB00565,0.018405,0.046656,1
Musculoskeletal Pain,SMHB00565,0.024945,0.053056,1
Ache,SMHB00565,0.002659,0.013475,1
Pharynx Disease,SMHB00565,0.024945,0.053056,1
Tonsillitis,SMHB00565,0.024945,0.053056,1
Throat Tightness,SMHB00565,1.00E-06,1.40E-05,0.016936
Pain Radiating,SMHB00565,0.018405,0.046656,1
Crushing Pain,SMHB00565,0.018405,0.046656,1
Pharyngolaryngeal Pain,SMHB00565,1.00E-06,1.40E-05,0.016936
Edema Pharynx,SMHB00565,0.000453,0.003233,1
Larynx,SMHB00489,None,None,None
Stroke,SMHB00489,None,None,None
Constipation,SMHB00489,0.000571,0.003892,1
"Sputums, Induced",SMHB00489,None,None,None
 Cryptogenic Epilepsies,SMHB00489,None,None,None
Parotid Enlargement,SMHB00489,0.035175,0.063716,1
Narcosis,SMHB00489,None,None,None
Masseter Muscle Spasm,SMHB00489,None,None,None
Hyperalgia,SMHB00489,0.017741,0.045849,1
Trismus,SMHB00489,None,None,None
Aura,SMHB00489,None,None,None
Single Seizure,SMHB00489,None,None,None
Stupor,SMHB00489,None,None,None
Cough,SMHB00489,None,None,None
"Epilepsy, Awakening",SMHB00489,None,None,None
Pseudocomas,SMHB00489,None,None,None
 Cva Nos Acute,SMHB00489,None,None,None
Pseudocomas,SMHB00489,None,None,None
Bronchial Asthma,SMHB00489,None,None,None
Sputum,SMHB00489,None,None,None
Carbuncle,SMHB00489,None,None,None
 Cough Increased,SMHB00489,0.017741,0.045849,1
Epilepsy,SMHB00489,None,None,None
Swelling,SMHB00489,None,None,None
Change In Bowel Habits,SMHB00489,0.035175,0.063716,1
 Parotid Disease,SMHB00489,0.017741,0.045849,1
Defecation Pain,SMHB00489,0.000101,0.000955,1
Colonic Inertia,SMHB00489,0.000273,0.002164,1
Lockjaw,SMHB00489,None,None,None
Sputum Purulent,SMHB00489,None,None,None
Abnormal Stools,SMHB00489,None,None,None
Hemorrhage,SMHB00632,0.032175,0.060278,1
Hemoptysis,SMHB00632,0.007289,0.029106,1
Soft Tissue Injury,SMHB00632,0.000278,0.002185,1
Behavior Drinking,SMHB00632,0.033474,0.061708,1
Hematemesis,SMHB00632,0.000492,0.003459,1
Cough,SMHB00632,0.017094,0.045046,1
Bronchiectasis,SMHB00632,0.000278,0.002185,1
Thirst,SMHB00632,0,0,3.10E-05
Thermal Energy,SMHB00632,0.016876,0.044684,1
Uterine Bleeding,SMHB00632,2.00E-06,3.90E-05,0.058036
Hemorrhage Postpartum,SMHB00632,0.019253,0.04715,1
Lips Bleeding,SMHB00632,0.016876,0.044684,1
Metrorrhagia,SMHB00632,0.000235,0.001919,1
Sprain Of Joint,SMHB00632,0.016876,0.044684,1
Vaginal Bleeding,SMHB00632,0.016876,0.044684,1
"Sports Injury, Nos",SMHB00632,0.016876,0.044684,1
Menorrhagia,SMHB00632,0.005526,0.023982,1
Menometrorrhagia,SMHB00632,0.005526,0.023982,1
Cough Persistent,SMHB00632,0.003989,0.018619,1
Gastric Ulcer Bleeding,SMHB00632,0.016876,0.044684,1
Hot Temperature,SMHB00632,0.033474,0.061708,1
Rash,SMHB00493,None,None,None
 Physical Suffering,SMHB00493,None,None,None
Facial Paresthesia,SMHB00493,0.013847,0.040951,1
Petechia,SMHB00493,1.00E-06,1.90E-05,0.025561
Neurotic Depression,SMHB00493,None,None,None
Comedome,SMHB00493,0.040985,0.069693,1
Semiconsciousness,SMHB00493,None,None,None
Hyperalgia,SMHB00493,None,None,None
 Melancholia,SMHB00493,None,None,None
Joint Dislocation,SMHB00493,0.013847,0.040951,1
Pain,SMHB00493,None,None,None
Alteration In Level Of Consciousness,SMHB00493,None,None,None
Blood Disorder,SMHB00493,None,None,None
Petechiae Oral Mucosa,SMHB00493,0.001096,0.006521,1
Burning Pain,SMHB00493,None,None,None
 Splitting Pain,SMHB00493,None,None,None
Depressed Level Of Consciousness,SMHB00493,None,None,None
Measles,SMHB00493,None,None,None
Skin Breakdown,SMHB00493,0.013847,0.040951,1
Consciousness Disorder,SMHB00493,None,None,None
Depressive Neurosis,SMHB00493,None,None,None
 Migratory Pain,SMHB00493,None,None,None
Eczema,SMHB00493,None,None,None
Dental Discomfort,SMHB00493,0.013847,0.040951,1
Skin Ulcer(S),SMHB00493,None,None,None
Ache,SMHB00493,None,None,None
Scald,SMHB00493,0.027508,0.055251,1
Second Degree Burn,SMHB00493,0.013847,0.040951,1
 Depressive Syndrome,SMHB00493,None,None,None
Skin Disorder,SMHB00493,0.006295,0.026265,1
Purpuric Rash,SMHB00493,None,None,None
Pain Radiating,SMHB00493,None,None,None
Crushing Pain,SMHB00493,None,None,None
Endogenous Depression,SMHB00493,None,None,None
Unipolar Depression,SMHB00493,None,None,None
Ecchymoses,SMHB00493,0,0,0.000188
Purpura,SMHB00493,0.00181,0.009889,1
Acne,SMHB00493,0.040985,0.069693,1
Spotting,SMHB00493,0.013847,0.040951,1
 Zoophaginae,SMHB00494,None,None,None
Abdominal Pain,SMHB00494,None,None,None
Erysipelas,SMHB00494,None,None,None
Virus,SMHB00494,None,None,None
Animal Virus,SMHB00494,None,None,None
Jaundice,SMHB00494,0.047519,0.077266,1
Discoloration Urine,SMHB00494,0.041696,0.070592,1
Discoloration Urine,SMHB00494,0.041696,0.070592,1
Furuncle,SMHB00494,0.03584,0.064462,1
Skin Thickening,SMHB00494,None,None,None
 Venomous Bite,SMHB00494,None,None,None
Furunculosis,SMHB00494,0.018072,0.046235,1
Carbuncle,SMHB00494,None,None,None
Skin Ulcer(S),SMHB00494,None,None,None
Swelling,SMHB00494,None,None,None
Backache,SMHB00494,0.041696,0.070592,1
Ocular Icterus,SMHB00494,0.006058,0.025431,1
Cough Productive,SMHB00495,None,None,None
"Sputums, Induced",SMHB00495,None,None,None
Muscle Weakness,SMHB00495,None,None,None
Cough,SMHB00495,None,None,None
Sputum Discoloured,SMHB00495,0.000957,0.005866,1
Gasping,SMHB00495,None,None,None
Bronchial Asthma,SMHB00495,None,None,None
Sputum,SMHB00495,None,None,None
Thermal Energy,SMHB00495,None,None,None
Skin Ulcer(S),SMHB00495,None,None,None
Cough Persistent,SMHB00495,0.004619,0.021053,1
Sputum Purulent,SMHB00495,None,None,None
Hot Temperature,SMHB00495,None,None,None
Abdomen Distention,SMHB00668,0.04366,0.072788,1
Abdominal Tenderness,SMHB00668,0.011251,0.037373,1
 Physical Suffering,SMHB00668,0.014925,0.042881,1
Bright Red Blood Per Rectum,SMHB00668,0.044277,0.073628,1
Hematemesis,SMHB00668,0.005183,0.022802,1
"Melena
",SMHB00668,0.000122,0.001114,1
Pain,SMHB00668,0.020425,0.047987,1
Burning Pain,SMHB00668,0.014925,0.042881,1
 Splitting Pain,SMHB00668,0.014925,0.042881,1
 Migratory Pain,SMHB00668,0.014925,0.042881,1
Uterine Bleeding,SMHB00668,4.30E-05,0.000471,1
Hemorrhage Postpartum,SMHB00668,0.0088,0.033011,1
Ache,SMHB00668,0.026642,0.054547,1
Influenza,SMHB00668,0.022379,0.050405,1
Hemorrhoid Bleeding,SMHB00668,0.033388,0.061682,1
Metrorrhagia,SMHB00668,6.80E-05,0.000698,1
Pain Radiating,SMHB00668,0.014925,0.042881,1
Crushing Pain,SMHB00668,0.014925,0.042881,1
Menorrhagia,SMHB00668,0.00247,0.012704,1
Menometrorrhagia,SMHB00668,0.00247,0.012704,1
General Abdominal Pain-Symptom,SMHB00668,0.011251,0.037373,1
Bone Fracture,SMHB00567,0.018916,0.04715,1
Sprain,SMHB00567,0.014218,0.041556,1
Localized; Swelling,SMHB00567,0.028252,0.05602,1
Soft Tissue Injury,SMHB00567,2.10E-05,0.000259,0.510787
Caustic Injury,SMHB00567,0.014218,0.041556,1
Smarting Of Skin,SMHB00567,0.00476,0.021453,1
Hematoma,SMHB00567,0.009499,0.03422,1
Skin Pain,SMHB00567,0.00476,0.021453,1
Skin Swelling,SMHB00567,0.009499,0.03422,1
Ligament Injury,SMHB00567,0.00476,0.021453,1
Ache,SMHB00567,0.004936,0.022121,1
Ligament Sprain,SMHB00567,0.00476,0.021453,1
Dyssomnia,SMHB00665,0.02409,0.052098,1
Insomnia,SMHB00665,1.00E-06,1.20E-05,0.014615
Cough Productive,SMHB00665,0.01721,0.045046,1
Subwakefullness Syndromes,SMHB00665,0.02409,0.052098,1
Dreams,SMHB00665,0.02409,0.052098,1
Dyspnea,SMHB00665,0.02409,0.052098,1
Hyperalgia,SMHB00665,0.012116,0.038774,1
" Disease, Endometrial",SMHB00665,0.012116,0.038774,1
Cough,SMHB00665,0.000555,0.003814,1
 Long Sleeper Syndrome,SMHB00665,0.02409,0.052098,1
Gasping,SMHB00665,0.035925,0.064462,1
Uterine Disorder,SMHB00665,0.012116,0.038774,1
Bronchial Asthma,SMHB00665,0.000658,0.004353,1
 Sleep-Related Neurogenic Tachypnoea,SMHB00665,0.02409,0.052098,1
Short-Sleeper,SMHB00665,0.02409,0.052098,1
 Subfertility,SMHB00665,0.035925,0.064462,1
 Cough Increased,SMHB00665,0.012116,0.038774,1
Infertility,SMHB00665,0.035925,0.064462,1
Bad Dream,SMHB00665,0.02409,0.052098,1
Sleep Disorder,SMHB00665,0.000837,0.005271,1
Nightmares,SMHB00665,0.000422,0.003061,1
Asthma Attack,SMHB00665,0.012116,0.038774,1
Poor Quality Sleep,SMHB00665,0.012116,0.038774,1
Cough Persistent,SMHB00665,0.002061,0.010974,1
Respiratory Distress,SMHB00665,0.02409,0.052098,1
Female Infertility,SMHB00665,0.012116,0.038774,1
 Physical Suffering,SMHB00666,0.01721,0.045046,1
Gastric Disorder,SMHB00666,0.02409,0.052098,1
Vomiting Neonatal,SMHB00666,0.012116,0.038774,1
Colic,SMHB00666,0.035925,0.064462,1
Emesis,SMHB00666,1.10E-05,0.000157,0.283963
Pain,SMHB00666,0.023511,0.051684,1
Burning Pain,SMHB00666,0.01721,0.045046,1
 Splitting Pain,SMHB00666,0.01721,0.045046,1
Abdominal Cramp,SMHB00666,0.02409,0.052098,1
Infantile Colic,SMHB00666,0.012116,0.038774,1
 Migratory Pain,SMHB00666,0.01721,0.045046,1
Chest Symptom Discomfort,SMHB00666,0.023511,0.051684,1
Ache,SMHB00666,0.030616,0.058607,1
Gastrointestinal Pain,SMHB00666,0.035925,0.064462,1
 Stomach Discomfort,SMHB00666,0,0,3.00E-06
Belching,SMHB00666,0.02409,0.052098,1
Pregnancy Disorder,SMHB00666,0.012116,0.038774,1
Gagging,SMHB00666,0.047621,0.077266,1
Pain Radiating,SMHB00666,0.01721,0.045046,1
Crushing Pain,SMHB00666,0.01721,0.045046,1
Chest Symptom Heaviness,SMHB00666,2.00E-06,4.10E-05,0.060927
Chest Symptom Heaviness,SMHB00666,2.00E-06,4.10E-05,0.060927
Stroke,SMHB00496,None,None,None
Constipation,SMHB00496,None,None,None
Cough Productive,SMHB00496,None,None,None
Gastric Disorder,SMHB00496,0.018095,0.046235,1
Vomiting Neonatal,SMHB00496,0.009087,0.033209,1
"Sputums, Induced",SMHB00496,None,None,None
Catarrh,SMHB00496,0.002725,0.013737,1
Cardiac Discomfort,SMHB00496,None,None,None
Emesis,SMHB00496,3.00E-06,5.50E-05,0.084849
Cough,SMHB00496,None,None,None
Hiccups,SMHB00496,None,None,None
 Cva Nos Acute,SMHB00496,None,None,None
Bronchial Asthma,SMHB00496,None,None,None
Hyperemesis,SMHB00496,0.009087,0.033209,1
Sputum,SMHB00496,None,None,None
Thirst,SMHB00496,None,None,None
Food Poisoning,SMHB00496,0.018095,0.046235,1
 Cough Increased,SMHB00496,None,None,None
Coryza,SMHB00496,0.003388,0.016389,1
Hyperemesis Gravidarum,SMHB00496,0.018095,0.046235,1
Sweating Sickness,SMHB00496,0.027026,0.054805,1
Defecation Pain,SMHB00496,None,None,None
Colonic Inertia,SMHB00496,None,None,None
Asthenia,SMHB00496,None,None,None
Gagging,SMHB00496,0.035878,0.064462,1
Common Cold,SMHB00496,0.003388,0.016389,1
Cough Persistent,SMHB00496,0.001154,0.006804,1
Sputum Purulent,SMHB00496,None,None,None
Poisoning By,SMHB00496,1.30E-05,0.000171,0.315365
Constipation,SMHB00497,None,None,None
Cough Productive,SMHB00497,None,None,None
"Sputums, Induced",SMHB00497,None,None,None
Vertebrogenic Pain Syndrome,SMHB00497,0.033316,0.061682,1
Dyspnea,SMHB00497,0.011221,0.037373,1
Back Pain Without Radiation Nos,SMHB00497,0.033316,0.061682,1
Back Pain With Radiation,SMHB00497,0.033316,0.061682,1
Dryness Vaginal,SMHB00497,None,None,None
Cough,SMHB00497,None,None,None
Hiccups,SMHB00497,None,None,None
 Anal Discomforts,SMHB00497,None,None,None
Gasping,SMHB00497,0.016788,0.044684,1
Bronchial Asthma,SMHB00497,None,None,None
Sputum,SMHB00497,None,None,None
Backache,SMHB00497,0.038768,0.067563,1
Defecation Pain,SMHB00497,None,None,None
Colonic Inertia,SMHB00497,None,None,None
Asthenia,SMHB00497,None,None,None
Bleeding Ulcer,SMHB00497,None,None,None
Asthma Attack,SMHB00497,0.005625,0.024125,1
Cough Persistent,SMHB00497,0.000433,0.003125,1
Sputum Purulent,SMHB00497,None,None,None
Chilliness,SMHB00497,0.016788,0.044684,1
Respiratory Distress,SMHB00497,0.011221,0.037373,1
Hemorrhage,SMHB00498,None,None,None
Cough Productive,SMHB00498,None,None,None
"Sputums, Induced",SMHB00498,None,None,None
Hemoptysis,SMHB00498,None,None,None
Hematemesis,SMHB00498,None,None,None
Rheumatoid Arthritis,SMHB00498,None,None,None
Hyperalgia,SMHB00498,0.009952,0.034881,1
Cough,SMHB00498,None,None,None
Bronchial Asthma,SMHB00498,None,None,None
Sputum,SMHB00498,None,None,None
 Cough Increased,SMHB00498,0.009952,0.034881,1
 Appetite Disorder,SMHB00498,None,None,None
Defecation Pain,SMHB00498,None,None,None
Dyspepsia,SMHB00498,None,None,None
 Dyspepsia-Aggravated,SMHB00498,None,None,None
" Disease Of Vocal Cords, Nos",SMHB00498,0.039244,0.067979,1
Cough Persistent,SMHB00498,None,None,None
Sputum Purulent,SMHB00498,None,None,None
Hemoptysis,SMHB00667,0.003526,0.016872,1
Bright Red Blood Per Rectum,SMHB00667,0.04595,0.075628,1
Hematemesis,SMHB00667,0.005585,0.024125,1
"Melena
",SMHB00667,0.000131,0.001189,1
Bronchiectasis,SMHB00667,0.000131,0.001189,1
Uterine Bleeding,SMHB00667,1.00E-06,1.00E-05,0.01254
Hemorrhage Postpartum,SMHB00667,0.009474,0.03422,1
Scald,SMHB00667,0.023235,0.051423,1
Anus,SMHB00667,0.023235,0.051423,1
Second Degree Burn,SMHB00667,0.011683,0.038067,1
Hemorrhoid Bleeding,SMHB00667,0.034657,0.062952,1
Lips Bleeding,SMHB00667,0.011683,0.038067,1
Metrorrhagia,SMHB00667,7.70E-05,0.000768,1
Vaginal Bleeding,SMHB00667,0.011683,0.038067,1
Menorrhagia,SMHB00667,0.002663,0.013479,1
Menometrorrhagia,SMHB00667,0.002663,0.013479,1
Gastric Ulcer Bleeding,SMHB00667,0.011683,0.038067,1
Bright Red Blood Per Rectum,SMHB00662,0.020622,0.048222,1
"Melena
",SMHB00662,2.50E-05,0.000299,0.612944
Urethra Hemorrhage,SMHB00662,0.005193,0.022802,1
Uterine Bleeding,SMHB00662,4.00E-06,5.80E-05,0.091828
Hemorrhage Postpartum,SMHB00662,0.001868,0.010174,1
Hemorrhoid Bleeding,SMHB00662,0.015504,0.043506,1
Metrorrhagia,SMHB00662,6.00E-06,8.80E-05,0.146495
Menorrhagia,SMHB00662,0.000512,0.003581,1
Menometrorrhagia,SMHB00662,0.000512,0.003581,1
