ingredient,target
Bupleuri_radix_ing_15,TAR_380
Bupleuri_radix_ing_15,TAR_141
Bupleuri_radix_ing_15,TAR_126
Bupleuri_radix_ing_29,TAR_378
Bupleuri_radix_ing_29,TAR_53
Bupleuri_radix_ing_29,TAR_347
Bupleuri_radix_ing_29,TAR_380
Bupleuri_radix_ing_29,TAR_457
Bupleuri_radix_ing_70,TAR_303
Bupleuri_radix_ing_70,TAR_217
Bupleuri_radix_ing_70,TAR_17
Bupleuri_radix_ing_70,TAR_16
Bupleuri_radix_ing_12,TAR_120
Bupleuri_radix_ing_12,TAR_259
Bupleuri_radix_ing_12,TAR_309
Bupleuri_radix_ing_12,TAR_14
Bupleuri_radix_ing_12,TAR_288
Bupleuri_radix_ing_12,TAR_102
Bupleuri_radix_ing_92,TAR_215
Bupleuri_radix_ing_92,TAR_113
Bupleuri_radix_ing_92,TAR_230
Bupleuri_radix_ing_92,TAR_302
Bupleuri_radix_ing_92,TAR_143
Bupleuri_radix_ing_92,TAR_415
Bupleuri_radix_ing_92,TAR_446
Bupleuri_radix_ing_92,TAR_4
Bupleuri_radix_ing_92,TAR_389
Bupleuri_radix_ing_92,TAR_413
Bupleuri_radix_ing_92,TAR_82
Bupleuri_radix_ing_90,TAR_175
Bupleuri_radix_ing_90,TAR_143
Bupleuri_radix_ing_90,TAR_80
Bupleuri_radix_ing_90,TAR_111
Bupleuri_radix_ing_90,TAR_491
Bupleuri_radix_ing_90,TAR_391
Bupleuri_radix_ing_90,TAR_173
Bupleuri_radix_ing_90,TAR_53
Bupleuri_radix_ing_90,TAR_48
Bupleuri_radix_ing_49,TAR_184
Bupleuri_radix_ing_49,TAR_434
Bupleuri_radix_ing_49,TAR_177
Bupleuri_radix_ing_49,TAR_310
Bupleuri_radix_ing_34,TAR_374
Bupleuri_radix_ing_34,TAR_236
Bupleuri_radix_ing_34,TAR_275
Bupleuri_radix_ing_16,TAR_41
Bupleuri_radix_ing_16,TAR_283
Bupleuri_radix_ing_16,TAR_151
Bupleuri_radix_ing_16,TAR_425
Bupleuri_radix_ing_16,TAR_322
Bupleuri_radix_ing_16,TAR_317
Bupleuri_radix_ing_16,TAR_454
Bupleuri_radix_ing_16,TAR_442
Bupleuri_radix_ing_16,TAR_186
Bupleuri_radix_ing_74,TAR_361
Bupleuri_radix_ing_74,TAR_36
Bupleuri_radix_ing_74,TAR_24
Bupleuri_radix_ing_74,TAR_339
Bupleuri_radix_ing_74,TAR_117
Bupleuri_radix_ing_74,TAR_396
Bupleuri_radix_ing_38,TAR_438
Bupleuri_radix_ing_38,TAR_120
Bupleuri_radix_ing_38,TAR_444
Bupleuri_radix_ing_38,TAR_52
Bupleuri_radix_ing_49,TAR_233
Bupleuri_radix_ing_49,TAR_326
Bupleuri_radix_ing_49,TAR_428
Bupleuri_radix_ing_49,TAR_187
Bupleuri_radix_ing_49,TAR_84
Bupleuri_radix_ing_49,TAR_190
Bupleuri_radix_ing_49,TAR_182
Bupleuri_radix_ing_27,TAR_360
Bupleuri_radix_ing_27,TAR_480
Bupleuri_radix_ing_27,TAR_350
Bupleuri_radix_ing_27,TAR_332
Bupleuri_radix_ing_27,TAR_37
Bupleuri_radix_ing_27,TAR_312
Bupleuri_radix_ing_27,TAR_326
Bupleuri_radix_ing_22,TAR_374
Bupleuri_radix_ing_22,TAR_126
Bupleuri_radix_ing_22,TAR_84
Bupleuri_radix_ing_22,TAR_237
Bupleuri_radix_ing_22,TAR_195
Bupleuri_radix_ing_22,TAR_139
Bupleuri_radix_ing_22,TAR_474
Bupleuri_radix_ing_22,TAR_328
Bupleuri_radix_ing_22,TAR_353
Bupleuri_radix_ing_22,TAR_286
Bupleuri_radix_ing_22,TAR_113
Bupleuri_radix_ing_88,TAR_432
Bupleuri_radix_ing_88,TAR_394
Bupleuri_radix_ing_88,TAR_398
Bupleuri_radix_ing_88,TAR_29
Bupleuri_radix_ing_88,TAR_118
Bupleuri_radix_ing_88,TAR_421
Bupleuri_radix_ing_88,TAR_17
Bupleuri_radix_ing_88,TAR_413
Poria_cocos_ing_52,TAR_34
Poria_cocos_ing_52,TAR_109
Poria_cocos_ing_52,TAR_468
Poria_cocos_ing_52,TAR_483
Poria_cocos_ing_52,TAR_291
Poria_cocos_ing_52,TAR_449
Poria_cocos_ing_52,TAR_368
Poria_cocos_ing_41,TAR_336
Poria_cocos_ing_41,TAR_256
Poria_cocos_ing_41,TAR_203
Poria_cocos_ing_41,TAR_453
Poria_cocos_ing_41,TAR_469
Poria_cocos_ing_41,TAR_330
Poria_cocos_ing_59,TAR_136
Poria_cocos_ing_59,TAR_72
Poria_cocos_ing_59,TAR_127
Poria_cocos_ing_59,TAR_382
Poria_cocos_ing_59,TAR_288
Poria_cocos_ing_69,TAR_383
Poria_cocos_ing_69,TAR_300
Poria_cocos_ing_69,TAR_220
Poria_cocos_ing_69,TAR_460
Poria_cocos_ing_69,TAR_299
Poria_cocos_ing_69,TAR_205
Poria_cocos_ing_69,TAR_186
Poria_cocos_ing_29,TAR_261
Poria_cocos_ing_29,TAR_253
Poria_cocos_ing_29,TAR_47
Poria_cocos_ing_29,TAR_387
Poria_cocos_ing_29,TAR_25
Poria_cocos_ing_15,TAR_322
Poria_cocos_ing_15,TAR_82
Poria_cocos_ing_15,TAR_406
Poria_cocos_ing_15,TAR_349
Poria_cocos_ing_15,TAR_217
Poria_cocos_ing_77,TAR_198
Poria_cocos_ing_77,TAR_196
Poria_cocos_ing_77,TAR_306
Poria_cocos_ing_77,TAR_240
Poria_cocos_ing_68,TAR_498
Poria_cocos_ing_68,TAR_284
Poria_cocos_ing_68,TAR_441
Poria_cocos_ing_68,TAR_483
Poria_cocos_ing_68,TAR_6
Poria_cocos_ing_68,TAR_349
Poria_cocos_ing_68,TAR_370
Poria_cocos_ing_15,TAR_385
Poria_cocos_ing_15,TAR_137
Poria_cocos_ing_15,TAR_394
Poria_cocos_ing_15,TAR_329
Poria_cocos_ing_15,TAR_175
Poria_cocos_ing_15,TAR_58
Poria_cocos_ing_15,TAR_151
Poria_cocos_ing_15,TAR_223
Poria_cocos_ing_15,TAR_81
Poria_cocos_ing_15,TAR_233
Poria_cocos_ing_15,TAR_2
Poria_cocos_ing_93,TAR_498
Poria_cocos_ing_93,TAR_257
Poria_cocos_ing_93,TAR_391
Poria_cocos_ing_93,TAR_92
Poria_cocos_ing_93,TAR_260
Poria_cocos_ing_93,TAR_468
Poria_cocos_ing_93,TAR_55
Angelicae_sinensis_radix_ing_39,TAR_312
Angelicae_sinensis_radix_ing_39,TAR_102
Angelicae_sinensis_radix_ing_39,TAR_79
Angelicae_sinensis_radix_ing_39,TAR_192
Angelicae_sinensis_radix_ing_39,TAR_391
Angelicae_sinensis_radix_ing_39,TAR_83
Angelicae_sinensis_radix_ing_39,TAR_277
Angelicae_sinensis_radix_ing_39,TAR_489
Angelicae_sinensis_radix_ing_39,TAR_399
Angelicae_sinensis_radix_ing_39,TAR_473
Angelicae_sinensis_radix_ing_39,TAR_272
Angelicae_sinensis_radix_ing_1,TAR_166
Angelicae_sinensis_radix_ing_1,TAR_251
Angelicae_sinensis_radix_ing_1,TAR_10
Angelicae_sinensis_radix_ing_1,TAR_58
Angelicae_sinensis_radix_ing_1,TAR_476
Angelicae_sinensis_radix_ing_1,TAR_186
Angelicae_sinensis_radix_ing_1,TAR_450
Angelicae_sinensis_radix_ing_1,TAR_426
Angelicae_sinensis_radix_ing_1,TAR_414
Angelicae_sinensis_radix_ing_1,TAR_158
Angelicae_sinensis_radix_ing_1,TAR_123
Angelicae_sinensis_radix_ing_1,TAR_30
Angelicae_sinensis_radix_ing_31,TAR_485
Angelicae_sinensis_radix_ing_31,TAR_41
Angelicae_sinensis_radix_ing_31,TAR_44
Angelicae_sinensis_radix_ing_31,TAR_375
Angelicae_sinensis_radix_ing_31,TAR_249
Angelicae_sinensis_radix_ing_31,TAR_418
Angelicae_sinensis_radix_ing_31,TAR_36
Angelicae_sinensis_radix_ing_31,TAR_390
Angelicae_sinensis_radix_ing_31,TAR_273
Angelicae_sinensis_radix_ing_31,TAR_393
Angelicae_sinensis_radix_ing_31,TAR_65
Angelicae_sinensis_radix_ing_31,TAR_66
Angelicae_sinensis_radix_ing_85,TAR_485
Angelicae_sinensis_radix_ing_85,TAR_282
Angelicae_sinensis_radix_ing_85,TAR_85
Angelicae_sinensis_radix_ing_85,TAR_136
Angelicae_sinensis_radix_ing_85,TAR_271
Angelicae_sinensis_radix_ing_85,TAR_447
Angelicae_sinensis_radix_ing_85,TAR_311
Angelicae_sinensis_radix_ing_85,TAR_217
Angelicae_sinensis_radix_ing_85,TAR_494
Angelicae_sinensis_radix_ing_85,TAR_109
Angelicae_sinensis_radix_ing_70,TAR_366
Angelicae_sinensis_radix_ing_70,TAR_160
Angelicae_sinensis_radix_ing_70,TAR_205
Angelicae_sinensis_radix_ing_70,TAR_344
Angelicae_sinensis_radix_ing_70,TAR_333
Angelicae_sinensis_radix_ing_70,TAR_192
Angelicae_sinensis_radix_ing_57,TAR_232
Angelicae_sinensis_radix_ing_57,TAR_62
Angelicae_sinensis_radix_ing_57,TAR_127
Angelicae_sinensis_radix_ing_57,TAR_116
Angelicae_sinensis_radix_ing_57,TAR_33
Angelicae_sinensis_radix_ing_57,TAR_174
Angelicae_sinensis_radix_ing_57,TAR_11
Angelicae_sinensis_radix_ing_57,TAR_302
Angelicae_sinensis_radix_ing_57,TAR_284
Angelicae_sinensis_radix_ing_57,TAR_118
Angelicae_sinensis_radix_ing_57,TAR_302
Angelicae_sinensis_radix_ing_29,TAR_37
Angelicae_sinensis_radix_ing_29,TAR_363
Angelicae_sinensis_radix_ing_29,TAR_324
Angelicae_sinensis_radix_ing_8,TAR_35
Angelicae_sinensis_radix_ing_8,TAR_464
Angelicae_sinensis_radix_ing_8,TAR_17
Angelicae_sinensis_radix_ing_8,TAR_441
Angelicae_sinensis_radix_ing_8,TAR_170
Angelicae_sinensis_radix_ing_8,TAR_37
Angelicae_sinensis_radix_ing_66,TAR_143
Angelicae_sinensis_radix_ing_66,TAR_343
Angelicae_sinensis_radix_ing_66,TAR_249
Angelicae_sinensis_radix_ing_66,TAR_110
Angelicae_sinensis_radix_ing_66,TAR_277
Angelicae_sinensis_radix_ing_66,TAR_68
Angelicae_sinensis_radix_ing_93,TAR_296
Angelicae_sinensis_radix_ing_93,TAR_243
Angelicae_sinensis_radix_ing_93,TAR_125
Angelicae_sinensis_radix_ing_93,TAR_402
Angelicae_sinensis_radix_ing_93,TAR_243
Angelicae_sinensis_radix_ing_93,TAR_414
Angelicae_sinensis_radix_ing_93,TAR_209
Angelicae_sinensis_radix_ing_93,TAR_98
Angelicae_sinensis_radix_ing_93,TAR_49
Angelicae_sinensis_radix_ing_93,TAR_50
Angelicae_sinensis_radix_ing_93,TAR_338
Angelicae_sinensis_radix_ing_93,TAR_221
Angelicae_sinensis_radix_ing_46,TAR_211
Angelicae_sinensis_radix_ing_46,TAR_240
Angelicae_sinensis_radix_ing_46,TAR_443
Angelicae_sinensis_radix_ing_46,TAR_374
Angelicae_sinensis_radix_ing_46,TAR_28
Angelicae_sinensis_radix_ing_46,TAR_345
Angelicae_sinensis_radix_ing_46,TAR_335
Angelicae_sinensis_radix_ing_46,TAR_331
Angelicae_sinensis_radix_ing_46,TAR_51
Angelicae_sinensis_radix_ing_8,TAR_373
Angelicae_sinensis_radix_ing_8,TAR_174
Angelicae_sinensis_radix_ing_8,TAR_410
Angelicae_sinensis_radix_ing_8,TAR_442
Angelicae_sinensis_radix_ing_8,TAR_56
Angelicae_sinensis_radix_ing_8,TAR_128
Angelicae_sinensis_radix_ing_8,TAR_99
Angelicae_sinensis_radix_ing_8,TAR_98
Angelicae_sinensis_radix_ing_8,TAR_275
Angelicae_sinensis_radix_ing_58,TAR_217
Angelicae_sinensis_radix_ing_58,TAR_94
Angelicae_sinensis_radix_ing_58,TAR_143
Angelicae_sinensis_radix_ing_58,TAR_237
Angelicae_sinensis_radix_ing_58,TAR_128
Angelicae_sinensis_radix_ing_10,TAR_414
Angelicae_sinensis_radix_ing_10,TAR_442
Angelicae_sinensis_radix_ing_10,TAR_439
Angelicae_sinensis_radix_ing_10,TAR_282
Angelicae_sinensis_radix_ing_10,TAR_51
Angelicae_sinensis_radix_ing_10,TAR_26
Angelicae_sinensis_radix_ing_10,TAR_334
Angelicae_sinensis_radix_ing_10,TAR_277
Angelicae_sinensis_radix_ing_10,TAR_429
Angelicae_sinensis_radix_ing_10,TAR_8
Angelicae_sinensis_radix_ing_12,TAR_86
Angelicae_sinensis_radix_ing_12,TAR_209
Angelicae_sinensis_radix_ing_12,TAR_249
Angelicae_sinensis_radix_ing_12,TAR_247
Angelicae_sinensis_radix_ing_12,TAR_110
Angelicae_sinensis_radix_ing_12,TAR_443
Cyperi_rhizoma_ing_8,TAR_195
Cyperi_rhizoma_ing_8,TAR_2
Cyperi_rhizoma_ing_8,TAR_200
Cyperi_rhizoma_ing_8,TAR_136
Cyperi_rhizoma_ing_8,TAR_475
Cyperi_rhizoma_ing_59,TAR_217
Cyperi_rhizoma_ing_59,TAR_357
Cyperi_rhizoma_ing_59,TAR_491
Cyperi_rhizoma_ing_59,TAR_375
Cyperi_rhizoma_ing_59,TAR_402
Cyperi_rhizoma_ing_59,TAR_285
Cyperi_rhizoma_ing_59,TAR_339
Cyperi_rhizoma_ing_92,TAR_80
Cyperi_rhizoma_ing_92,TAR_98
Cyperi_rhizoma_ing_92,TAR_152
Cyperi_rhizoma_ing_92,TAR_112
Cyperi_rhizoma_ing_92,TAR_496
Cyperi_rhizoma_ing_92,TAR_30
Cyperi_rhizoma_ing_92,TAR_297
Cyperi_rhizoma_ing_92,TAR_377
Cyperi_rhizoma_ing_92,TAR_278
Cyperi_rhizoma_ing_92,TAR_32
Cyperi_rhizoma_ing_96,TAR_30
Cyperi_rhizoma_ing_96,TAR_26
Cyperi_rhizoma_ing_96,TAR_300
Cyperi_rhizoma_ing_96,TAR_245
Cyperi_rhizoma_ing_96,TAR_258
Cyperi_rhizoma_ing_96,TAR_471
Cyperi_rhizoma_ing_96,TAR_437
Cyperi_rhizoma_ing_96,TAR_272
Cyperi_rhizoma_ing_21,TAR_492
Cyperi_rhizoma_ing_21,TAR_261
Cyperi_rhizoma_ing_21,TAR_42
Cyperi_rhizoma_ing_24,TAR_305
Cyperi_rhizoma_ing_24,TAR_35
Cyperi_rhizoma_ing_24,TAR_346
Cyperi_rhizoma_ing_24,TAR_442
Cyperi_rhizoma_ing_31,TAR_62
Cyperi_rhizoma_ing_31,TAR_483
Cyperi_rhizoma_ing_31,TAR_456
Cyperi_rhizoma_ing_31,TAR_292
Cyperi_rhizoma_ing_31,TAR_127
Cyperi_rhizoma_ing_31,TAR_297
Cyperi_rhizoma_ing_31,TAR_305
Cyperi_rhizoma_ing_31,TAR_21
Cyperi_rhizoma_ing_31,TAR_318
Cyperi_rhizoma_ing_11,TAR_337
Cyperi_rhizoma_ing_11,TAR_299
Cyperi_rhizoma_ing_11,TAR_290
Cyperi_rhizoma_ing_11,TAR_268
Cyperi_rhizoma_ing_11,TAR_162
Cyperi_rhizoma_ing_11,TAR_479
Cyperi_rhizoma_ing_11,TAR_134
Cyperi_rhizoma_ing_11,TAR_105
Cyperi_rhizoma_ing_11,TAR_343
Cyperi_rhizoma_ing_92,TAR_123
Cyperi_rhizoma_ing_92,TAR_136
Cyperi_rhizoma_ing_92,TAR_203
Cyperi_rhizoma_ing_92,TAR_68
Cyperi_rhizoma_ing_92,TAR_344
Cyperi_rhizoma_ing_92,TAR_331
Cyperi_rhizoma_ing_92,TAR_154
Cyperi_rhizoma_ing_92,TAR_235
Cyperi_rhizoma_ing_41,TAR_5
Cyperi_rhizoma_ing_41,TAR_235
Cyperi_rhizoma_ing_41,TAR_319
Cyperi_rhizoma_ing_41,TAR_289
Cyperi_rhizoma_ing_13,TAR_276
Cyperi_rhizoma_ing_13,TAR_110
Cyperi_rhizoma_ing_13,TAR_260
Cyperi_rhizoma_ing_13,TAR_136
Glycyrrhizae_radix_ing_45,TAR_451
Glycyrrhizae_radix_ing_45,TAR_126
Glycyrrhizae_radix_ing_45,TAR_190
Glycyrrhizae_radix_ing_45,TAR_146
Glycyrrhizae_radix_ing_21,TAR_427
Glycyrrhizae_radix_ing_21,TAR_279
Glycyrrhizae_radix_ing_21,TAR_361
Glycyrrhizae_radix_ing_21,TAR_155
Glycyrrhizae_radix_ing_21,TAR_314
Glycyrrhizae_radix_ing_21,TAR_414
Glycyrrhizae_radix_ing_21,TAR_335
Glycyrrhizae_radix_ing_21,TAR_271
Glycyrrhizae_radix_ing_21,TAR_5
Glycyrrhizae_radix_ing_21,TAR_342
Glycyrrhizae_radix_ing_71,TAR_478
Glycyrrhizae_radix_ing_71,TAR_340
Glycyrrhizae_radix_ing_71,TAR_54
Glycyrrhizae_radix_ing_71,TAR_481
Glycyrrhizae_radix_ing_71,TAR_450
Glycyrrhizae_radix_ing_71,TAR_69
Glycyrrhizae_radix_ing_71,TAR_136
Glycyrrhizae_radix_ing_15,TAR_381
Glycyrrhizae_radix_ing_15,TAR_284
Glycyrrhizae_radix_ing_15,TAR_80
Glycyrrhizae_radix_ing_15,TAR_140
Glycyrrhizae_radix_ing_37,TAR_108
Glycyrrhizae_radix_ing_37,TAR_368
Glycyrrhizae_radix_ing_37,TAR_176
Glycyrrhizae_radix_ing_37,TAR_105
Glycyrrhizae_radix_ing_37,TAR_352
Glycyrrhizae_radix_ing_37,TAR_325
Glycyrrhizae_radix_ing_37,TAR_437
Glycyrrhizae_radix_ing_37,TAR_136
Glycyrrhizae_radix_ing_37,TAR_259
Glycyrrhizae_radix_ing_37,TAR_251
Glycyrrhizae_radix_ing_37,TAR_129
Glycyrrhizae_radix_ing_37,TAR_464
Glycyrrhizae_radix_ing_7,TAR_325
Glycyrrhizae_radix_ing_7,TAR_217
Glycyrrhizae_radix_ing_7,TAR_425
Glycyrrhizae_radix_ing_7,TAR_142
Glycyrrhizae_radix_ing_6,TAR_171
Glycyrrhizae_radix_ing_6,TAR_395
Glycyrrhizae_radix_ing_6,TAR_67
Paeoniae_radix_alba_ing_34,TAR_380
Paeoniae_radix_alba_ing_34,TAR_227
Paeoniae_radix_alba_ing_34,TAR_283
Paeoniae_radix_alba_ing_34,TAR_362
Paeoniae_radix_alba_ing_34,TAR_219
Paeoniae_radix_alba_ing_72,TAR_58
Paeoniae_radix_alba_ing_72,TAR_39
Paeoniae_radix_alba_ing_72,TAR_484
Paeoniae_radix_alba_ing_89,TAR_280
Paeoniae_radix_alba_ing_89,TAR_19
Paeoniae_radix_alba_ing_89,TAR_428
Paeoniae_radix_alba_ing_89,TAR_190
Paeoniae_radix_alba_ing_89,TAR_299
Paeoniae_radix_alba_ing_71,TAR_221
Paeoniae_radix_alba_ing_71,TAR_66
Paeoniae_radix_alba_ing_71,TAR_22
Paeoniae_radix_alba_ing_71,TAR_158
Paeoniae_radix_alba_ing_71,TAR_187
Paeoniae_radix_alba_ing_6,TAR_108
Paeoniae_radix_alba_ing_6,TAR_350
Paeoniae_radix_alba_ing_6,TAR_128
Paeoniae_radix_alba_ing_6,TAR_342
Paeoniae_radix_alba_ing_6,TAR_53
Paeoniae_radix_alba_ing_6,TAR_182
Paeoniae_radix_alba_ing_6,TAR_400
Paeoniae_radix_alba_ing_6,TAR_287
Paeoniae_radix_alba_ing_53,TAR_384
Paeoniae_radix_alba_ing_53,TAR_80
Paeoniae_radix_alba_ing_53,TAR_474
Paeoniae_radix_alba_ing_53,TAR_477
Paeoniae_radix_alba_ing_53,TAR_122
Paeoniae_radix_alba_ing_53,TAR_443
Paeoniae_radix_alba_ing_53,TAR_84
Paeoniae_radix_alba_ing_53,TAR_500
Paeoniae_radix_alba_ing_53,TAR_410
Paeoniae_radix_alba_ing_53,TAR_416
Paeoniae_radix_alba_ing_53,TAR_91
Paeoniae_radix_alba_ing_53,TAR_452
Paeoniae_radix_alba_ing_53,TAR_92
Paeoniae_radix_alba_ing_53,TAR_378
Paeoniae_radix_alba_ing_53,TAR_474
Paeoniae_radix_alba_ing_43,TAR_411
Paeoniae_radix_alba_ing_43,TAR_343
Paeoniae_radix_alba_ing_43,TAR_443
Paeoniae_radix_alba_ing_43,TAR_377
Paeoniae_radix_alba_ing_43,TAR_416
Paeoniae_radix_alba_ing_43,TAR_128
Paeoniae_radix_alba_ing_43,TAR_137
Paeoniae_radix_alba_ing_43,TAR_82
Paeoniae_radix_alba_ing_43,TAR_404
Paeoniae_radix_alba_ing_90,TAR_196
Paeoniae_radix_alba_ing_90,TAR_447
Paeoniae_radix_alba_ing_90,TAR_20
Paeoniae_radix_alba_ing_90,TAR_440
Paeoniae_radix_alba_ing_61,TAR_103
Paeoniae_radix_alba_ing_61,TAR_419
Paeoniae_radix_alba_ing_61,TAR_471
Paeoniae_radix_alba_ing_61,TAR_236
Paeoniae_radix_alba_ing_61,TAR_180
Paeoniae_radix_alba_ing_61,TAR_157
Paeoniae_radix_alba_ing_30,TAR_13
Paeoniae_radix_alba_ing_30,TAR_338
Paeoniae_radix_alba_ing_30,TAR_99
Paeoniae_radix_alba_ing_30,TAR_205
Paeoniae_radix_alba_ing_30,TAR_169
Paeoniae_radix_alba_ing_30,TAR_143
Paeoniae_radix_alba_ing_9,TAR_180
Paeoniae_radix_alba_ing_9,TAR_329
Paeoniae_radix_alba_ing_9,TAR_261
Paeoniae_radix_alba_ing_9,TAR_205
Paeoniae_radix_alba_ing_9,TAR_348
Paeoniae_radix_alba_ing_9,TAR_432
Paeoniae_radix_alba_ing_9,TAR_275
Paeoniae_radix_alba_ing_43,TAR_60
Paeoniae_radix_alba_ing_43,TAR_450
Paeoniae_radix_alba_ing_43,TAR_497
Paeoniae_radix_alba_ing_34,TAR_298
Paeoniae_radix_alba_ing_34,TAR_493
Paeoniae_radix_alba_ing_34,TAR_136
Paeoniae_radix_alba_ing_34,TAR_20
Paeoniae_radix_alba_ing_34,TAR_56
Paeoniae_radix_alba_ing_77,TAR_177
Paeoniae_radix_alba_ing_77,TAR_374
Paeoniae_radix_alba_ing_77,TAR_403
Paeoniae_radix_alba_ing_77,TAR_161
Paeoniae_radix_alba_ing_77,TAR_224
Paeoniae_radix_alba_ing_77,TAR_311
Paeoniae_radix_alba_ing_77,TAR_262
Paeoniae_radix_alba_ing_77,TAR_60
Paeoniae_radix_alba_ing_77,TAR_198
Scutellariae_radix_ing_25,TAR_23
Scutellariae_radix_ing_25,TAR_363
Scutellariae_radix_ing_25,TAR_224
Scutellariae_radix_ing_25,TAR_1
Scutellariae_radix_ing_25,TAR_267
Scutellariae_radix_ing_25,TAR_474
Scutellariae_radix_ing_25,TAR_413
Scutellariae_radix_ing_69,TAR_187
Scutellariae_radix_ing_69,TAR_221
Scutellariae_radix_ing_69,TAR_36
Scutellariae_radix_ing_69,TAR_486
Scutellariae_radix_ing_69,TAR_341
Scutellariae_radix_ing_69,TAR_472
Scutellariae_radix_ing_43,TAR_161
Scutellariae_radix_ing_43,TAR_340
Scutellariae_radix_ing_43,TAR_435
Scutellariae_radix_ing_43,TAR_64
Scutellariae_radix_ing_43,TAR_369
Scutellariae_radix_ing_43,TAR_461
Scutellariae_radix_ing_43,TAR_154
Scutellariae_radix_ing_43,TAR_260
Scutellariae_radix_ing_43,TAR_159
Scutellariae_radix_ing_43,TAR_342
Scutellariae_radix_ing_43,TAR_210
Scutellariae_radix_ing_43,TAR_168
Scutellariae_radix_ing_52,TAR_284
Scutellariae_radix_ing_52,TAR_66
Scutellariae_radix_ing_52,TAR_99
Scutellariae_radix_ing_52,TAR_216
Scutellariae_radix_ing_52,TAR_341
Scutellariae_radix_ing_52,TAR_482
Scutellariae_radix_ing_52,TAR_195
Scutellariae_radix_ing_87,TAR_316
Scutellariae_radix_ing_87,TAR_292
Scutellariae_radix_ing_87,TAR_155
Scutellariae_radix_ing_87,TAR_208
Scutellariae_radix_ing_87,TAR_281
Scutellariae_radix_ing_1,TAR_147
Scutellariae_radix_ing_1,TAR_108
Scutellariae_radix_ing_1,TAR_221
Scutellariae_radix_ing_1,TAR_403
Scutellariae_radix_ing_1,TAR_297
Scutellariae_radix_ing_1,TAR_311
Scutellariae_radix_ing_1,TAR_336
Scutellariae_radix_ing_42,TAR_227
Scutellariae_radix_ing_42,TAR_227
Scutellariae_radix_ing_42,TAR_346
Scutellariae_radix_ing_42,TAR_110
Scutellariae_radix_ing_42,TAR_262
Scutellariae_radix_ing_42,TAR_243
Scutellariae_radix_ing_42,TAR_407
Scutellariae_radix_ing_42,TAR_462
Scutellariae_radix_ing_42,TAR_492
Scutellariae_radix_ing_42,TAR_408
Scutellariae_radix_ing_95,TAR_338
Scutellariae_radix_ing_95,TAR_44
Scutellariae_radix_ing_95,TAR_146
Scutellariae_radix_ing_95,TAR_264
Scutellariae_radix_ing_95,TAR_340
Scutellariae_radix_ing_82,TAR_172
Scutellariae_radix_ing_82,TAR_48
Scutellariae_radix_ing_82,TAR_420
Scutellariae_radix_ing_82,TAR_488
Scutellariae_radix_ing_82,TAR_385
Scutellariae_radix_ing_82,TAR_121
Scutellariae_radix_ing_82,TAR_345
Scutellariae_radix_ing_82,TAR_159
Scutellariae_radix_ing_82,TAR_116
Scutellariae_radix_ing_82,TAR_413
Scutellariae_radix_ing_82,TAR_102
Scutellariae_radix_ing_82,TAR_76
Scutellariae_radix_ing_4,TAR_126
Scutellariae_radix_ing_4,TAR_244
Scutellariae_radix_ing_4,TAR_313
Scutellariae_radix_ing_99,TAR_234
Scutellariae_radix_ing_99,TAR_213
Scutellariae_radix_ing_99,TAR_454
Scutellariae_radix_ing_99,TAR_323
Scutellariae_radix_ing_74,TAR_368
Scutellariae_radix_ing_74,TAR_357
Scutellariae_radix_ing_74,TAR_197
Scutellariae_radix_ing_74,TAR_254
Scutellariae_radix_ing_74,TAR_205
Scutellariae_radix_ing_74,TAR_125
Scutellariae_radix_ing_19,TAR_458
Scutellariae_radix_ing_19,TAR_385
Scutellariae_radix_ing_19,TAR_441
Scutellariae_radix_ing_99,TAR_399
Scutellariae_radix_ing_99,TAR_218
Scutellariae_radix_ing_99,TAR_113
Scutellariae_radix_ing_99,TAR_91
Coptidis_rhizoma_ing_60,TAR_286
Coptidis_rhizoma_ing_60,TAR_128
Coptidis_rhizoma_ing_60,TAR_470
Coptidis_rhizoma_ing_16,TAR_69
Coptidis_rhizoma_ing_16,TAR_411
Coptidis_rhizoma_ing_16,TAR_238
Coptidis_rhizoma_ing_16,TAR_342
Coptidis_rhizoma_ing_16,TAR_272
Coptidis_rhizoma_ing_16,TAR_287
Coptidis_rhizoma_ing_16,TAR_305
Coptidis_rhizoma_ing_16,TAR_163
Coptidis_rhizoma_ing_16,TAR_487
Coptidis_rhizoma_ing_16,TAR_387
Coptidis_rhizoma_ing_57,TAR_418
Coptidis_rhizoma_ing_57,TAR_369
Coptidis_rhizoma_ing_57,TAR_457
Coptidis_rhizoma_ing_57,TAR_259
Coptidis_rhizoma_ing_57,TAR_219
Coptidis_rhizoma_ing_57,TAR_426
Coptidis_rhizoma_ing_57,TAR_465
Coptidis_rhizoma_ing_57,TAR_281
Coptidis_rhizoma_ing_57,TAR_229
Coptidis_rhizoma_ing_57,TAR_460
Coptidis_rhizoma_ing_57,TAR_82
Coptidis_rhizoma_ing_57,TAR_381
Coptidis_rhizoma_ing_61,TAR_133
Coptidis_rhizoma_ing_61,TAR_385
Coptidis_rhizoma_ing_61,TAR_127
Coptidis_rhizoma_ing_61,TAR_431
Coptidis_rhizoma_ing_61,TAR_327
Coptidis_rhizoma_ing_61,TAR_142
Coptidis_rhizoma_ing_61,TAR_393
Coptidis_rhizoma_ing_61,TAR_399
Coptidis_rhizoma_ing_61,TAR_267
Coptidis_rhizoma_ing_61,TAR_249
Coptidis_rhizoma_ing_81,TAR_141
Coptidis_rhizoma_ing_81,TAR_226
Coptidis_rhizoma_ing_81,TAR_40
Coptidis_rhizoma_ing_81,TAR_366
Coptidis_rhizoma_ing_81,TAR_147
Coptidis_rhizoma_ing_81,TAR_121
Coptidis_rhizoma_ing_35,TAR_164
Coptidis_rhizoma_ing_35,TAR_458
Coptidis_rhizoma_ing_35,TAR_277
Coptidis_rhizoma_ing_35,TAR_42
Coptidis_rhizoma_ing_35,TAR_71
Coptidis_rhizoma_ing_35,TAR_78
Coptidis_rhizoma_ing_35,TAR_119
Coptidis_rhizoma_ing_35,TAR_197
Coptidis_rhizoma_ing_89,TAR_362
Coptidis_rhizoma_ing_89,TAR_110
Coptidis_rhizoma_ing_89,TAR_33
Coptidis_rhizoma_ing_89,TAR_213
Coptidis_rhizoma_ing_89,TAR_209
Coptidis_rhizoma_ing_43,TAR_239
Coptidis_rhizoma_ing_43,TAR_213
Coptidis_rhizoma_ing_43,TAR_32
Coptidis_rhizoma_ing_43,TAR_106
Coptidis_rhizoma_ing_43,TAR_427
Coptidis_rhizoma_ing_43,TAR_216
Coptidis_rhizoma_ing_43,TAR_200
Coptidis_rhizoma_ing_43,TAR_464
Coptidis_rhizoma_ing_43,TAR_395
Coptidis_rhizoma_ing_43,TAR_300
Coptidis_rhizoma_ing_43,TAR_485
Coptidis_rhizoma_ing_90,TAR_439
Coptidis_rhizoma_ing_90,TAR_451
Coptidis_rhizoma_ing_90,TAR_392
Coptidis_rhizoma_ing_74,TAR_245
Coptidis_rhizoma_ing_74,TAR_4
Coptidis_rhizoma_ing_74,TAR_483
Coptidis_rhizoma_ing_74,TAR_181
Coptidis_rhizoma_ing_74,TAR_153
Coptidis_rhizoma_ing_74,TAR_386
Coptidis_rhizoma_ing_74,TAR_200
Coptidis_rhizoma_ing_74,TAR_437
Coptidis_rhizoma_ing_74,TAR_457
Coptidis_rhizoma_ing_54,TAR_383
Coptidis_rhizoma_ing_54,TAR_377
Coptidis_rhizoma_ing_54,TAR_280
Coptidis_rhizoma_ing_54,TAR_410
Coptidis_rhizoma_ing_54,TAR_309
Coptidis_rhizoma_ing_54,TAR_460
Coptidis_rhizoma_ing_54,TAR_113
Coptidis_rhizoma_ing_54,TAR_250
Coptidis_rhizoma_ing_54,TAR_113
Coptidis_rhizoma_ing_54,TAR_140
Coptidis_rhizoma_ing_54,TAR_224
Coptidis_rhizoma_ing_63,TAR_200
Coptidis_rhizoma_ing_63,TAR_173
Coptidis_rhizoma_ing_63,TAR_343
Coptidis_rhizoma_ing_87,TAR_371
Coptidis_rhizoma_ing_87,TAR_85
Coptidis_rhizoma_ing_87,TAR_431
Coptidis_rhizoma_ing_87,TAR_240
Coptidis_rhizoma_ing_87,TAR_471
Coptidis_rhizoma_ing_87,TAR_66
Coptidis_rhizoma_ing_87,TAR_319
Coptidis_rhizoma_ing_87,TAR_274
Coptidis_rhizoma_ing_87,TAR_14
Polygalae_radix_ing_76,TAR_340
Polygalae_radix_ing_76,TAR_14
Polygalae_radix_ing_76,TAR_43
Polygalae_radix_ing_76,TAR_330
Polygalae_radix_ing_76,TAR_220
Polygalae_radix_ing_76,TAR_70
Polygalae_radix_ing_76,TAR_444
Polygalae_radix_ing_76,TAR_237
Polygalae_radix_ing_76,TAR_94
Polygalae_radix_ing_76,TAR_26
Polygalae_radix_ing_76,TAR_134
Polygalae_radix_ing_76,TAR_195
Polygalae_radix_ing_42,TAR_233
Polygalae_radix_ing_42,TAR_168
Polygalae_radix_ing_42,TAR_173
Polygalae_radix_ing_42,TAR_390
Polygalae_radix_ing_42,TAR_451
Polygalae_radix_ing_42,TAR_195
Polygalae_radix_ing_36,TAR_130
Polygalae_radix_ing_36,TAR_428
Polygalae_radix_ing_36,TAR_42
Polygalae_radix_ing_36,TAR_241
Polygalae_radix_ing_36,TAR_10
Polygalae_radix_ing_36,TAR_384
Polygalae_radix_ing_36,TAR_277
Polygalae_radix_ing_36,TAR_27
Polygalae_radix_ing_36,TAR_488
Polygalae_radix_ing_45,TAR_333
Polygalae_radix_ing_45,TAR_36
Polygalae_radix_ing_45,TAR_400
Polygalae_radix_ing_45,TAR_491
Polygalae_radix_ing_45,TAR_334
Polygalae_radix_ing_45,TAR_21
Polygalae_radix_ing_97,TAR_487
Polygalae_radix_ing_97,TAR_127
Polygalae_radix_ing_97,TAR_103
Polygalae_radix_ing_3,TAR_79
Polygalae_radix_ing_3,TAR_123
Polygalae_radix_ing_3,TAR_65
Polygalae_radix_ing_3,TAR_243
Polygalae_radix_ing_3,TAR_343
Polygalae_radix_ing_3,TAR_59
Polygalae_radix_ing_3,TAR_289
Polygalae_radix_ing_3,TAR_486
Polygalae_radix_ing_3,TAR_112
Polygalae_radix_ing_3,TAR_239
Polygalae_radix_ing_3,TAR_359
Polygalae_radix_ing_3,TAR_132
Polygalae_radix_ing_99,TAR_86
Polygalae_radix_ing_99,TAR_311
Polygalae_radix_ing_99,TAR_311
Polygalae_radix_ing_99,TAR_494
Polygalae_radix_ing_99,TAR_383
Polygalae_radix_ing_99,TAR_368
Polygalae_radix_ing_99,TAR_59
Polygalae_radix_ing_99,TAR_399
Polygalae_radix_ing_21,TAR_56
Polygalae_radix_ing_21,TAR_297
Polygalae_radix_ing_21,TAR_14
Polygalae_radix_ing_21,TAR_476
Polygalae_radix_ing_21,TAR_160
Polygalae_radix_ing_21,TAR_295
Polygalae_radix_ing_21,TAR_347
Polygalae_radix_ing_49,TAR_483
Polygalae_radix_ing_49,TAR_367
Polygalae_radix_ing_49,TAR_102
Polygalae_radix_ing_49,TAR_39
Polygalae_radix_ing_49,TAR_304
Polygalae_radix_ing_49,TAR_354
Polygalae_radix_ing_49,TAR_426
Polygalae_radix_ing_49,TAR_322
Polygalae_radix_ing_49,TAR_125
Polygalae_radix_ing_14,TAR_436
Polygalae_radix_ing_14,TAR_351
Polygalae_radix_ing_14,TAR_308
Polygalae_radix_ing_14,TAR_413
Polygalae_radix_ing_14,TAR_62
Polygalae_radix_ing_14,TAR_408
Polygalae_radix_ing_14,TAR_290
Polygalae_radix_ing_6,TAR_273
Polygalae_radix_ing_6,TAR_220
Polygalae_radix_ing_6,TAR_339
Polygalae_radix_ing_6,TAR_190
Polygalae_radix_ing_6,TAR_36
Polygalae_radix_ing_6,TAR_260
Polygalae_radix_ing_6,TAR_332
Polygalae_radix_ing_6,TAR_175
Ziziphi_spinosae_semen_ing_54,TAR_55
Ziziphi_spinosae_semen_ing_54,TAR_222
Ziziphi_spinosae_semen_ing_54,TAR_492
Ziziphi_spinosae_semen_ing_54,TAR_186
Ziziphi_spinosae_semen_ing_54,TAR_326
Ziziphi_spinosae_semen_ing_54,TAR_457
Ziziphi_spinosae_semen_ing_54,TAR_425
Ziziphi_spinosae_semen_ing_54,TAR_236
Ziziphi_spinosae_semen_ing_54,TAR_363
Ziziphi_spinosae_semen_ing_54,TAR_79
Ziziphi_spinosae_semen_ing_56,TAR_376
Ziziphi_spinosae_semen_ing_56,TAR_268
Ziziphi_spinosae_semen_ing_56,TAR_495
Ziziphi_spinosae_semen_ing_56,TAR_334
Ziziphi_spinosae_semen_ing_56,TAR_139
Ziziphi_spinosae_semen_ing_79,TAR_397
Ziziphi_spinosae_semen_ing_79,TAR_248
Ziziphi_spinosae_semen_ing_79,TAR_239
Ziziphi_spinosae_semen_ing_79,TAR_224
Ziziphi_spinosae_semen_ing_79,TAR_423
Ziziphi_spinosae_semen_ing_79,TAR_375
Ziziphi_spinosae_semen_ing_79,TAR_304
Ziziphi_spinosae_semen_ing_79,TAR_138
Ziziphi_spinosae_semen_ing_79,TAR_166
Ziziphi_spinosae_semen_ing_79,TAR_437
Ziziphi_spinosae_semen_ing_79,TAR_126
Ziziphi_spinosae_semen_ing_12,TAR_452
Ziziphi_spinosae_semen_ing_12,TAR_231
Ziziphi_spinosae_semen_ing_12,TAR_125
Ziziphi_spinosae_semen_ing_12,TAR_385
Ziziphi_spinosae_semen_ing_12,TAR_238
Ziziphi_spinosae_semen_ing_12,TAR_292
Ziziphi_spinosae_semen_ing_12,TAR_313
Ziziphi_spinosae_semen_ing_86,TAR_173
Ziziphi_spinosae_semen_ing_86,TAR_15
Ziziphi_spinosae_semen_ing_86,TAR_254
Ziziphi_spinosae_semen_ing_86,TAR_436
Ziziphi_spinosae_semen_ing_86,TAR_167
Ziziphi_spinosae_semen_ing_86,TAR_94
Ziziphi_spinosae_semen_ing_86,TAR_250
Ziziphi_spinosae_semen_ing_86,TAR_109
Ziziphi_spinosae_semen_ing_86,TAR_182
Gastrodiae_rhizoma_ing_44,TAR_451
Gastrodiae_rhizoma_ing_44,TAR_306
Gastrodiae_rhizoma_ing_44,TAR_360
Gastrodiae_rhizoma_ing_44,TAR_451
Gastrodiae_rhizoma_ing_44,TAR_142
Gastrodiae_rhizoma_ing_44,TAR_285
Gastrodiae_rhizoma_ing_44,TAR_6
Gastrodiae_rhizoma_ing_67,TAR_44
Gastrodiae_rhizoma_ing_67,TAR_124
Gastrodiae_rhizoma_ing_67,TAR_369
Gastrodiae_rhizoma_ing_67,TAR_209
Gastrodiae_rhizoma_ing_67,TAR_251
Gastrodiae_rhizoma_ing_67,TAR_285
Gastrodiae_rhizoma_ing_98,TAR_354
Gastrodiae_rhizoma_ing_98,TAR_244
Gastrodiae_rhizoma_ing_98,TAR_331
Gastrodiae_rhizoma_ing_98,TAR_365
Gastrodiae_rhizoma_ing_98,TAR_252
Gastrodiae_rhizoma_ing_98,TAR_230
Gastrodiae_rhizoma_ing_3,TAR_151
Gastrodiae_rhizoma_ing_3,TAR_114
Gastrodiae_rhizoma_ing_3,TAR_208
Gastrodiae_rhizoma_ing_3,TAR_355
Gastrodiae_rhizoma_ing_32,TAR_340
Gastrodiae_rhizoma_ing_32,TAR_298
Gastrodiae_rhizoma_ing_32,TAR_189
Gastrodiae_rhizoma_ing_32,TAR_243
Gastrodiae_rhizoma_ing_32,TAR_284
Gastrodiae_rhizoma_ing_32,TAR_272
Gastrodiae_rhizoma_ing_32,TAR_177
Gastrodiae_rhizoma_ing_55,TAR_170
Gastrodiae_rhizoma_ing_55,TAR_181
Gastrodiae_rhizoma_ing_55,TAR_360
Gastrodiae_rhizoma_ing_55,TAR_233
Gastrodiae_rhizoma_ing_55,TAR_139
Gastrodiae_rhizoma_ing_55,TAR_157
Gastrodiae_rhizoma_ing_55,TAR_129
Gastrodiae_rhizoma_ing_55,TAR_119
Gastrodiae_rhizoma_ing_55,TAR_62
Gastrodiae_rhizoma_ing_55,TAR_370
Gastrodiae_rhizoma_ing_55,TAR_99
Gastrodiae_rhizoma_ing_41,TAR_381
Gastrodiae_rhizoma_ing_41,TAR_275
Gastrodiae_rhizoma_ing_41,TAR_487
Gastrodiae_rhizoma_ing_41,TAR_391
Gastrodiae_rhizoma_ing_89,TAR_99
Gastrodiae_rhizoma_ing_89,TAR_111
Gastrodiae_rhizoma_ing_89,TAR_379
Gastrodiae_rhizoma_ing_89,TAR_248
Gastrodiae_rhizoma_ing_89,TAR_142
Gastrodiae_rhizoma_ing_93,TAR_390
Gastrodiae_rhizoma_ing_93,TAR_269
Gastrodiae_rhizoma_ing_93,TAR_306
Gastrodiae_rhizoma_ing_93,TAR_145
Gastrodiae_rhizoma_ing_93,TAR_52
Gastrodiae_rhizoma_ing_93,TAR_427
Gastrodiae_rhizoma_ing_93,TAR_100
Gastrodiae_rhizoma_ing_93,TAR_152
Gastrodiae_rhizoma_ing_93,TAR_117
Gastrodiae_rhizoma_ing_93,TAR_185
Gastrodiae_rhizoma_ing_93,TAR_92
Gastrodiae_rhizoma_ing_93,TAR_155
Rhodiolae_roseae_radix_ing_91,TAR_65
Rhodiolae_roseae_radix_ing_91,TAR_141
Rhodiolae_roseae_radix_ing_91,TAR_24
Rhodiolae_roseae_radix_ing_91,TAR_499
Rhodiolae_roseae_radix_ing_91,TAR_28
Rhodiolae_roseae_radix_ing_91,TAR_284
Rhodiolae_roseae_radix_ing_91,TAR_150
Rhodiolae_roseae_radix_ing_91,TAR_358
Rhodiolae_roseae_radix_ing_91,TAR_484
Rhodiolae_roseae_radix_ing_91,TAR_65
Rhodiolae_roseae_radix_ing_91,TAR_327
Rhodiolae_roseae_radix_ing_97,TAR_53
Rhodiolae_roseae_radix_ing_97,TAR_447
Rhodiolae_roseae_radix_ing_97,TAR_7
Rhodiolae_roseae_radix_ing_97,TAR_294
Rhodiolae_roseae_radix_ing_97,TAR_146
Rhodiolae_roseae_radix_ing_97,TAR_241
Rhodiolae_roseae_radix_ing_97,TAR_246
Rhodiolae_roseae_radix_ing_97,TAR_226
Rhodiolae_roseae_radix_ing_97,TAR_175
Rhodiolae_roseae_radix_ing_97,TAR_95
Rhodiolae_roseae_radix_ing_7,TAR_482
Rhodiolae_roseae_radix_ing_7,TAR_442
Rhodiolae_roseae_radix_ing_7,TAR_245
Rhodiolae_roseae_radix_ing_7,TAR_59
Rhodiolae_roseae_radix_ing_7,TAR_421
Rhodiolae_roseae_radix_ing_7,TAR_34
Rhodiolae_roseae_radix_ing_7,TAR_206
Rhodiolae_roseae_radix_ing_63,TAR_296
Rhodiolae_roseae_radix_ing_63,TAR_323
Rhodiolae_roseae_radix_ing_63,TAR_352
Rhodiolae_roseae_radix_ing_63,TAR_28
Rhodiolae_roseae_radix_ing_20,TAR_416
Rhodiolae_roseae_radix_ing_20,TAR_289
Rhodiolae_roseae_radix_ing_20,TAR_486
Rhodiolae_roseae_radix_ing_20,TAR_156
Rhodiolae_roseae_radix_ing_20,TAR_44
Hyperici_perforati_herba_ing_16,TAR_392
Hyperici_perforati_herba_ing_16,TAR_214
Hyperici_perforati_herba_ing_16,TAR_311
Hyperici_perforati_herba_ing_16,TAR_306
Hyperici_perforati_herba_ing_16,TAR_405
Hyperici_perforati_herba_ing_16,TAR_317
Hyperici_perforati_herba_ing_16,TAR_116
Hyperici_perforati_herba_ing_16,TAR_398
Hyperici_perforati_herba_ing_16,TAR_268
Hyperici_perforati_herba_ing_16,TAR_195
Hyperici_perforati_herba_ing_16,TAR_231
Hyperici_perforati_herba_ing_57,TAR_441
Hyperici_perforati_herba_ing_57,TAR_302
Hyperici_perforati_herba_ing_57,TAR_220
Hyperici_perforati_herba_ing_57,TAR_157
Hyperici_perforati_herba_ing_57,TAR_292
Hyperici_perforati_herba_ing_57,TAR_318
Hyperici_perforati_herba_ing_57,TAR_31
Hyperici_perforati_herba_ing_79,TAR_486
Hyperici_perforati_herba_ing_79,TAR_391
Hyperici_perforati_herba_ing_79,TAR_107
Hyperici_perforati_herba_ing_79,TAR_321
Hyperici_perforati_herba_ing_28,TAR_339
Hyperici_perforati_herba_ing_28,TAR_42
Hyperici_perforati_herba_ing_28,TAR_81
Hyperici_perforati_herba_ing_28,TAR_123
Hyperici_perforati_herba_ing_28,TAR_89
Hyperici_perforati_herba_ing_28,TAR_283
Hyperici_perforati_herba_ing_28,TAR_39
Hyperici_perforati_herba_ing_21,TAR_210
Hyperici_perforati_herba_ing_21,TAR_231
Hyperici_perforati_herba_ing_21,TAR_353
Hyperici_perforati_herba_ing_77,TAR_150
Hyperici_perforati_herba_ing_77,TAR_17
Hyperici_perforati_herba_ing_77,TAR_119
Hyperici_perforati_herba_ing_77,TAR_148
Hyperici_perforati_herba_ing_77,TAR_362
Hyperici_perforati_herba_ing_77,TAR_145
Hyperici_perforati_herba_ing_77,TAR_360
Hyperici_perforati_herba_ing_77,TAR_441
Hyperici_perforati_herba_ing_77,TAR_233
Hyperici_perforati_herba_ing_77,TAR_37
Hyperici_perforati_herba_ing_88,TAR_474
Hyperici_perforati_herba_ing_88,TAR_136
Hyperici_perforati_herba_ing_88,TAR_404
Hyperici_perforati_herba_ing_88,TAR_406
Hyperici_perforati_herba_ing_88,TAR_321
Hyperici_perforati_herba_ing_88,TAR_302
Hyperici_perforati_herba_ing_85,TAR_218
Hyperici_perforati_herba_ing_85,TAR_59
Hyperici_perforati_herba_ing_85,TAR_279
Hyperici_perforati_herba_ing_85,TAR_116
Hyperici_perforati_herba_ing_85,TAR_332
Hyperici_perforati_herba_ing_85,TAR_77
Albiziae_flos_ing_19,TAR_31
Albiziae_flos_ing_19,TAR_85
Albiziae_flos_ing_19,TAR_406
Albiziae_flos_ing_19,TAR_158
Albiziae_flos_ing_77,TAR_472
Albiziae_flos_ing_77,TAR_148
Albiziae_flos_ing_77,TAR_225
Albiziae_flos_ing_77,TAR_64
Albiziae_flos_ing_77,TAR_240
Albiziae_flos_ing_77,TAR_353
Albiziae_flos_ing_77,TAR_156
Albiziae_flos_ing_77,TAR_359
Albiziae_flos_ing_77,TAR_207
Albiziae_flos_ing_77,TAR_483
Albiziae_flos_ing_77,TAR_140
Albiziae_flos_ing_77,TAR_257
Albiziae_flos_ing_70,TAR_225
Albiziae_flos_ing_70,TAR_42
Albiziae_flos_ing_70,TAR_307
Albiziae_flos_ing_70,TAR_21
Albiziae_flos_ing_70,TAR_456
Albiziae_flos_ing_70,TAR_222
Albiziae_flos_ing_70,TAR_377
Albiziae_flos_ing_70,TAR_166
Albiziae_flos_ing_70,TAR_310
Albiziae_flos_ing_70,TAR_129
Albiziae_flos_ing_4,TAR_118
Albiziae_flos_ing_4,TAR_493
Albiziae_flos_ing_4,TAR_346
Albiziae_flos_ing_4,TAR_429
Albiziae_flos_ing_74,TAR_487
Albiziae_flos_ing_74,TAR_11
Albiziae_flos_ing_74,TAR_392
Albiziae_flos_ing_74,TAR_345
Albiziae_flos_ing_74,TAR_421
Albiziae_flos_ing_74,TAR_138
Albiziae_flos_ing_74,TAR_296
Albiziae_flos_ing_74,TAR_21
Albiziae_flos_ing_74,TAR_391
Albiziae_flos_ing_74,TAR_388
Albiziae_flos_ing_74,TAR_90
Albiziae_flos_ing_74,TAR_241
Albiziae_flos_ing_67,TAR_470
Albiziae_flos_ing_67,TAR_143
Albiziae_flos_ing_67,TAR_93
Albiziae_flos_ing_67,TAR_300
Albiziae_flos_ing_67,TAR_224
Albiziae_flos_ing_67,TAR_326
Albiziae_flos_ing_67,TAR_417
Albiziae_flos_ing_67,TAR_252
Albiziae_flos_ing_67,TAR_497
Albiziae_flos_ing_67,TAR_47
Albiziae_flos_ing_61,TAR_210
Albiziae_flos_ing_61,TAR_171
Albiziae_flos_ing_61,TAR_165
Albiziae_flos_ing_61,TAR_344
Albiziae_flos_ing_61,TAR_54
Albiziae_flos_ing_61,TAR_440
Albiziae_flos_ing_61,TAR_83
Albiziae_flos_ing_61,TAR_169
Albiziae_flos_ing_53,TAR_148
Albiziae_flos_ing_53,TAR_340
Albiziae_flos_ing_53,TAR_484
Albiziae_flos_ing_53,TAR_206
Albiziae_flos_ing_53,TAR_417
Albiziae_flos_ing_53,TAR_390
Albiziae_flos_ing_53,TAR_282
Albiziae_flos_ing_53,TAR_19
Albiziae_flos_ing_53,TAR_233
Albiziae_flos_ing_53,TAR_46
Albiziae_flos_ing_41,TAR_166
Albiziae_flos_ing_41,TAR_60
Albiziae_flos_ing_41,TAR_497
Albiziae_flos_ing_41,TAR_396
Albiziae_flos_ing_41,TAR_207
Albiziae_flos_ing_41,TAR_443
Albiziae_flos_ing_41,TAR_264
Atractylodis_rhizoma_ing_85,TAR_237
Atractylodis_rhizoma_ing_85,TAR_212
Atractylodis_rhizoma_ing_85,TAR_28
Atractylodis_rhizoma_ing_85,TAR_97
Atractylodis_rhizoma_ing_85,TAR_266
Atractylodis_rhizoma_ing_85,TAR_186
Atractylodis_rhizoma_ing_85,TAR_319
Atractylodis_rhizoma_ing_85,TAR_388
Atractylodis_rhizoma_ing_85,TAR_256
Atractylodis_rhizoma_ing_85,TAR_321
Atractylodis_rhizoma_ing_85,TAR_227
Atractylodis_rhizoma_ing_98,TAR_105
Atractylodis_rhizoma_ing_98,TAR_137
Atractylodis_rhizoma_ing_98,TAR_282
Atractylodis_rhizoma_ing_17,TAR_225
Atractylodis_rhizoma_ing_17,TAR_451
Atractylodis_rhizoma_ing_17,TAR_358
Atractylodis_rhizoma_ing_17,TAR_249
Atractylodis_rhizoma_ing_17,TAR_63
Atractylodis_rhizoma_ing_17,TAR_15
Atractylodis_rhizoma_ing_17,TAR_499
Atractylodis_rhizoma_ing_81,TAR_410
Atractylodis_rhizoma_ing_81,TAR_123
Atractylodis_rhizoma_ing_81,TAR_364
Atractylodis_rhizoma_ing_81,TAR_82
Atractylodis_rhizoma_ing_81,TAR_160
Atractylodis_rhizoma_ing_81,TAR_283
Atractylodis_rhizoma_ing_81,TAR_8
Atractylodis_rhizoma_ing_81,TAR_283
Atractylodis_rhizoma_ing_81,TAR_209
Atractylodis_rhizoma_ing_81,TAR_48
Atractylodis_rhizoma_ing_81,TAR_116
Atractylodis_rhizoma_ing_81,TAR_431
Atractylodis_rhizoma_ing_15,TAR_485
Atractylodis_rhizoma_ing_15,TAR_61
Atractylodis_rhizoma_ing_15,TAR_332
Atractylodis_rhizoma_ing_15,TAR_427
Atractylodis_rhizoma_ing_15,TAR_79
Atractylodis_rhizoma_ing_15,TAR_256
Atractylodis_rhizoma_ing_15,TAR_478
Atractylodis_rhizoma_ing_15,TAR_367
Atractylodis_rhizoma_ing_15,TAR_150
Atractylodis_rhizoma_ing_15,TAR_261
Salviae_miltiorrhizae_radix_ing_54,TAR_242
Salviae_miltiorrhizae_radix_ing_54,TAR_125
Salviae_miltiorrhizae_radix_ing_54,TAR_234
Salviae_miltiorrhizae_radix_ing_54,TAR_283
Salviae_miltiorrhizae_radix_ing_54,TAR_75
Salviae_miltiorrhizae_radix_ing_54,TAR_197
Salviae_miltiorrhizae_radix_ing_54,TAR_98
Salviae_miltiorrhizae_radix_ing_54,TAR_472
Salviae_miltiorrhizae_radix_ing_54,TAR_307
Salviae_miltiorrhizae_radix_ing_54,TAR_261
Salviae_miltiorrhizae_radix_ing_96,TAR_443
Salviae_miltiorrhizae_radix_ing_96,TAR_36
Salviae_miltiorrhizae_radix_ing_96,TAR_142
Salviae_miltiorrhizae_radix_ing_96,TAR_396
Salviae_miltiorrhizae_radix_ing_96,TAR_405
Salviae_miltiorrhizae_radix_ing_54,TAR_479
Salviae_miltiorrhizae_radix_ing_54,TAR_404
Salviae_miltiorrhizae_radix_ing_54,TAR_260
Salviae_miltiorrhizae_radix_ing_54,TAR_137
Salviae_miltiorrhizae_radix_ing_54,TAR_421
Salviae_miltiorrhizae_radix_ing_54,TAR_2
Salviae_miltiorrhizae_radix_ing_54,TAR_145
Salviae_miltiorrhizae_radix_ing_54,TAR_372
Salviae_miltiorrhizae_radix_ing_39,TAR_297
Salviae_miltiorrhizae_radix_ing_39,TAR_338
Salviae_miltiorrhizae_radix_ing_39,TAR_251
Salviae_miltiorrhizae_radix_ing_39,TAR_444
Salviae_miltiorrhizae_radix_ing_39,TAR_77
Salviae_miltiorrhizae_radix_ing_39,TAR_229
Salviae_miltiorrhizae_radix_ing_39,TAR_276
Salviae_miltiorrhizae_radix_ing_39,TAR_248
Salviae_miltiorrhizae_radix_ing_39,TAR_177
Salviae_miltiorrhizae_radix_ing_39,TAR_171
Salviae_miltiorrhizae_radix_ing_39,TAR_283
Salviae_miltiorrhizae_radix_ing_39,TAR_391
Salviae_miltiorrhizae_radix_ing_70,TAR_234
Salviae_miltiorrhizae_radix_ing_70,TAR_478
Salviae_miltiorrhizae_radix_ing_70,TAR_165
Salviae_miltiorrhizae_radix_ing_70,TAR_446
Salviae_miltiorrhizae_radix_ing_70,TAR_97
Salviae_miltiorrhizae_radix_ing_70,TAR_358
Salviae_miltiorrhizae_radix_ing_70,TAR_123
Salviae_miltiorrhizae_radix_ing_70,TAR_293
Salviae_miltiorrhizae_radix_ing_70,TAR_197
Salviae_miltiorrhizae_radix_ing_30,TAR_23
Salviae_miltiorrhizae_radix_ing_30,TAR_163
Salviae_miltiorrhizae_radix_ing_30,TAR_382
Salviae_miltiorrhizae_radix_ing_30,TAR_243
Salviae_miltiorrhizae_radix_ing_30,TAR_362
Salviae_miltiorrhizae_radix_ing_30,TAR_468
Salviae_miltiorrhizae_radix_ing_30,TAR_416
Salviae_miltiorrhizae_radix_ing_30,TAR_196
Salviae_miltiorrhizae_radix_ing_30,TAR_198
Salviae_miltiorrhizae_radix_ing_85,TAR_254
Salviae_miltiorrhizae_radix_ing_85,TAR_494
Salviae_miltiorrhizae_radix_ing_85,TAR_19
Salviae_miltiorrhizae_radix_ing_85,TAR_65
Salviae_miltiorrhizae_radix_ing_85,TAR_258
Salviae_miltiorrhizae_radix_ing_76,TAR_446
Salviae_miltiorrhizae_radix_ing_76,TAR_52
Salviae_miltiorrhizae_radix_ing_76,TAR_448
Salviae_miltiorrhizae_radix_ing_76,TAR_433
Salviae_miltiorrhizae_radix_ing_76,TAR_226
Salviae_miltiorrhizae_radix_ing_76,TAR_52
Salviae_miltiorrhizae_radix_ing_76,TAR_270
Salviae_miltiorrhizae_radix_ing_76,TAR_467
Salviae_miltiorrhizae_radix_ing_59,TAR_370
Salviae_miltiorrhizae_radix_ing_59,TAR_74
Salviae_miltiorrhizae_radix_ing_59,TAR_210
Ginseng_radix_ing_20,TAR_241
Ginseng_radix_ing_20,TAR_401
Ginseng_radix_ing_20,TAR_497
Ginseng_radix_ing_20,TAR_136
Ginseng_radix_ing_44,TAR_355
Ginseng_radix_ing_44,TAR_204
Ginseng_radix_ing_44,TAR_333
Ginseng_radix_ing_44,TAR_42
Ginseng_radix_ing_44,TAR_437
Ginseng_radix_ing_44,TAR_169
Ginseng_radix_ing_44,TAR_437
Ginseng_radix_ing_44,TAR_346
Ginseng_radix_ing_44,TAR_440
Ginseng_radix_ing_44,TAR_274
Ginseng_radix_ing_44,TAR_195
Ginseng_radix_ing_44,TAR_489
Ginseng_radix_ing_41,TAR_447
Ginseng_radix_ing_41,TAR_278
Ginseng_radix_ing_41,TAR_19
Ginseng_radix_ing_41,TAR_317
Ginseng_radix_ing_41,TAR_36
Ginseng_radix_ing_41,TAR_121
Ginseng_radix_ing_41,TAR_324
Ginseng_radix_ing_41,TAR_351
Ginseng_radix_ing_41,TAR_472
Ginseng_radix_ing_41,TAR_148
Ginseng_radix_ing_30,TAR_223
Ginseng_radix_ing_30,TAR_51
Ginseng_radix_ing_30,TAR_390
Ginseng_radix_ing_30,TAR_325
Ginseng_radix_ing_91,TAR_228
Ginseng_radix_ing_91,TAR_86
Ginseng_radix_ing_91,TAR_356
Ginseng_radix_ing_91,TAR_154
Ginseng_radix_ing_4,TAR_167
Ginseng_radix_ing_4,TAR_408
Ginseng_radix_ing_4,TAR_29
Ginseng_radix_ing_38,TAR_192
Ginseng_radix_ing_38,TAR_221
Ginseng_radix_ing_38,TAR_75
Ginseng_radix_ing_38,TAR_126
Ginseng_radix_ing_38,TAR_272
Ginseng_radix_ing_38,TAR_211
Ginseng_radix_ing_38,TAR_290
Ginseng_radix_ing_38,TAR_350
Ginseng_radix_ing_24,TAR_90
Ginseng_radix_ing_24,TAR_41
Ginseng_radix_ing_24,TAR_313
Ginseng_radix_ing_24,TAR_446
Ginseng_radix_ing_24,TAR_196
Ginseng_radix_ing_80,TAR_255
Ginseng_radix_ing_80,TAR_468
Ginseng_radix_ing_80,TAR_299
Ginseng_radix_ing_80,TAR_74
Ginseng_radix_ing_80,TAR_119
Ginseng_radix_ing_80,TAR_237
Ginseng_radix_ing_82,TAR_236
Ginseng_radix_ing_82,TAR_131
Ginseng_radix_ing_82,TAR_342
Ginseng_radix_ing_82,TAR_5
Ginseng_radix_ing_82,TAR_461
Ginseng_radix_ing_82,TAR_412
Ginseng_radix_ing_82,TAR_239
Ginseng_radix_ing_37,TAR_81
Ginseng_radix_ing_37,TAR_38
Ginseng_radix_ing_37,TAR_227
Ginseng_radix_ing_37,TAR_484
Ginseng_radix_ing_37,TAR_177
Ginseng_radix_ing_37,TAR_301
Ginseng_radix_ing_37,TAR_154
Ginseng_radix_ing_37,TAR_328
Ginseng_radix_ing_37,TAR_493
Ginseng_radix_ing_37,TAR_218
Ginseng_radix_ing_37,TAR_354
Ginseng_radix_ing_33,TAR_433
Ginseng_radix_ing_33,TAR_155
Ginseng_radix_ing_33,TAR_102
Ginseng_radix_ing_33,TAR_197
Ginseng_radix_ing_33,TAR_437
Ginseng_radix_ing_33,TAR_248
Ginseng_radix_ing_33,TAR_55
Ginseng_radix_ing_33,TAR_122
Ginseng_radix_ing_33,TAR_196
Ginseng_radix_ing_33,TAR_293
Ginseng_radix_ing_46,TAR_152
Ginseng_radix_ing_46,TAR_359
Ginseng_radix_ing_46,TAR_152
Ginseng_radix_ing_46,TAR_12
Ginseng_radix_ing_46,TAR_425
Ginseng_radix_ing_46,TAR_338
Ginseng_radix_ing_46,TAR_203
Ginseng_radix_ing_46,TAR_141
Ginseng_radix_ing_46,TAR_5
Ginseng_radix_ing_46,TAR_290
Ginseng_radix_ing_46,TAR_443
Ginseng_radix_ing_46,TAR_352
Ginseng_radix_ing_100,TAR_467
Ginseng_radix_ing_100,TAR_311
Ginseng_radix_ing_100,TAR_382
Ginseng_radix_ing_64,TAR_398
Ginseng_radix_ing_64,TAR_410
Ginseng_radix_ing_64,TAR_118
Ginseng_radix_ing_64,TAR_311
Ginseng_radix_ing_64,TAR_411
Ginseng_radix_ing_64,TAR_181
Ginseng_radix_ing_64,TAR_113
Epimedii_herba_ing_25,TAR_129
Epimedii_herba_ing_25,TAR_348
Epimedii_herba_ing_25,TAR_387
Epimedii_herba_ing_25,TAR_370
Epimedii_herba_ing_25,TAR_393
Epimedii_herba_ing_25,TAR_338
Epimedii_herba_ing_25,TAR_349
Epimedii_herba_ing_25,TAR_430
Epimedii_herba_ing_25,TAR_71
Epimedii_herba_ing_25,TAR_322
Epimedii_herba_ing_25,TAR_50
Epimedii_herba_ing_25,TAR_463
Epimedii_herba_ing_81,TAR_159
Epimedii_herba_ing_81,TAR_404
Epimedii_herba_ing_81,TAR_226
Epimedii_herba_ing_5,TAR_187
Epimedii_herba_ing_5,TAR_375
Epimedii_herba_ing_5,TAR_68
Epimedii_herba_ing_5,TAR_47
Epimedii_herba_ing_5,TAR_466
Epimedii_herba_ing_5,TAR_152
Epimedii_herba_ing_5,TAR_168
Epimedii_herba_ing_5,TAR_383
Epimedii_herba_ing_5,TAR_213
Epimedii_herba_ing_5,TAR_90
Epimedii_herba_ing_5,TAR_103
Epimedii_herba_ing_5,TAR_68
Epimedii_herba_ing_70,TAR_272
Epimedii_herba_ing_70,TAR_257
Epimedii_herba_ing_70,TAR_468
Epimedii_herba_ing_70,TAR_140
Epimedii_herba_ing_70,TAR_426
Epimedii_herba_ing_70,TAR_85
Epimedii_herba_ing_70,TAR_132
Epimedii_herba_ing_70,TAR_468
Epimedii_herba_ing_62,TAR_383
Epimedii_herba_ing_62,TAR_446
Epimedii_herba_ing_62,TAR_174
Epimedii_herba_ing_62,TAR_412
Epimedii_herba_ing_62,TAR_59
Epimedii_herba_ing_62,TAR_240
Epimedii_herba_ing_62,TAR_494
Epimedii_herba_ing_10,TAR_387
Epimedii_herba_ing_10,TAR_495
Epimedii_herba_ing_10,TAR_116
Epimedii_herba_ing_10,TAR_441
Epimedii_herba_ing_10,TAR_347
Epimedii_herba_ing_93,TAR_496
Epimedii_herba_ing_93,TAR_434
Epimedii_herba_ing_93,TAR_412
Epimedii_herba_ing_93,TAR_286
Epimedii_herba_ing_93,TAR_188
Epimedii_herba_ing_93,TAR_47
Epimedii_herba_ing_93,TAR_405
Epimedii_herba_ing_93,TAR_203
Epimedii_herba_ing_93,TAR_8
Epimedii_herba_ing_34,TAR_64
Epimedii_herba_ing_34,TAR_233
Epimedii_herba_ing_34,TAR_189
Epimedii_herba_ing_34,TAR_345
Epimedii_herba_ing_34,TAR_384
Epimedii_herba_ing_34,TAR_345
Epimedii_herba_ing_34,TAR_135
Epimedii_herba_ing_34,TAR_300
Epimedii_herba_ing_34,TAR_196
Epimedii_herba_ing_34,TAR_422
Epimedii_herba_ing_34,TAR_327
Epimedii_herba_ing_48,TAR_346
Epimedii_herba_ing_48,TAR_120
Epimedii_herba_ing_48,TAR_242
Epimedii_herba_ing_48,TAR_13
Epimedii_herba_ing_80,TAR_168
Epimedii_herba_ing_80,TAR_469
Epimedii_herba_ing_80,TAR_313
Epimedii_herba_ing_80,TAR_114
Epimedii_herba_ing_80,TAR_332
Epimedii_herba_ing_80,TAR_33
Epimedii_herba_ing_80,TAR_326
Epimedii_herba_ing_80,TAR_422
Epimedii_herba_ing_80,TAR_238
Epimedii_herba_ing_80,TAR_466
Epimedii_herba_ing_80,TAR_359
Epimedii_herba_ing_39,TAR_60
Epimedii_herba_ing_39,TAR_72
Epimedii_herba_ing_39,TAR_24
Epimedii_herba_ing_39,TAR_485
Epimedii_herba_ing_39,TAR_20
Epimedii_herba_ing_39,TAR_156
Epimedii_herba_ing_39,TAR_253
Epimedii_herba_ing_39,TAR_60
Epimedii_herba_ing_39,TAR_50
Epimedii_herba_ing_31,TAR_70
Epimedii_herba_ing_31,TAR_199
Epimedii_herba_ing_31,TAR_233
Epimedii_herba_ing_31,TAR_190
Epimedii_herba_ing_31,TAR_344
Epimedii_herba_ing_31,TAR_487
Epimedii_herba_ing_31,TAR_381
Epimedii_herba_ing_31,TAR_357
Epimedii_herba_ing_31,TAR_485
Epimedii_herba_ing_31,TAR_277
Epimedii_herba_ing_31,TAR_215
Epimedii_herba_ing_76,TAR_454
Epimedii_herba_ing_76,TAR_213
Epimedii_herba_ing_76,TAR_336
Epimedii_herba_ing_76,TAR_51
Epimedii_herba_ing_76,TAR_427
Epimedii_herba_ing_63,TAR_209
Epimedii_herba_ing_63,TAR_481
Epimedii_herba_ing_63,TAR_488
Epimedii_herba_ing_63,TAR_144
Epimedii_herba_ing_63,TAR_17
Epimedii_herba_ing_63,TAR_354
Epimedii_herba_ing_63,TAR_190
Epimedii_herba_ing_63,TAR_112
Epimedii_herba_ing_63,TAR_228
Epimedii_herba_ing_63,TAR_228
Epimedii_herba_ing_63,TAR_487
Epimedii_herba_ing_63,TAR_121
Epimedii_herba_ing_47,TAR_352
Epimedii_herba_ing_47,TAR_189
Epimedii_herba_ing_47,TAR_279
Epimedii_herba_ing_47,TAR_462
Morindae_officinalis_radix_ing_46,TAR_204
Morindae_officinalis_radix_ing_46,TAR_142
Morindae_officinalis_radix_ing_46,TAR_98
Morindae_officinalis_radix_ing_16,TAR_47
Morindae_officinalis_radix_ing_16,TAR_340
Morindae_officinalis_radix_ing_16,TAR_109
Morindae_officinalis_radix_ing_16,TAR_329
Morindae_officinalis_radix_ing_16,TAR_328
Morindae_officinalis_radix_ing_16,TAR_306
Morindae_officinalis_radix_ing_16,TAR_498
Morindae_officinalis_radix_ing_16,TAR_11
Morindae_officinalis_radix_ing_16,TAR_26
Morindae_officinalis_radix_ing_16,TAR_403
Morindae_officinalis_radix_ing_43,TAR_65
Morindae_officinalis_radix_ing_43,TAR_403
Morindae_officinalis_radix_ing_43,TAR_290
Morindae_officinalis_radix_ing_43,TAR_106
Morindae_officinalis_radix_ing_43,TAR_36
Morindae_officinalis_radix_ing_43,TAR_425
Morindae_officinalis_radix_ing_98,TAR_107
Morindae_officinalis_radix_ing_98,TAR_301
Morindae_officinalis_radix_ing_98,TAR_111
Morindae_officinalis_radix_ing_98,TAR_417
Morindae_officinalis_radix_ing_98,TAR_446
Morindae_officinalis_radix_ing_98,TAR_120
Morindae_officinalis_radix_ing_98,TAR_169
Morindae_officinalis_radix_ing_98,TAR_397
Morindae_officinalis_radix_ing_98,TAR_76
Morindae_officinalis_radix_ing_98,TAR_404
Morindae_officinalis_radix_ing_98,TAR_462
Morindae_officinalis_radix_ing_77,TAR_142
Morindae_officinalis_radix_ing_77,TAR_440
Morindae_officinalis_radix_ing_77,TAR_75
Morindae_officinalis_radix_ing_17,TAR_129
Morindae_officinalis_radix_ing_17,TAR_409
Morindae_officinalis_radix_ing_17,TAR_90
Morindae_officinalis_radix_ing_17,TAR_57
Morindae_officinalis_radix_ing_17,TAR_339
Morindae_officinalis_radix_ing_17,TAR_444
Morindae_officinalis_radix_ing_17,TAR_14
Morindae_officinalis_radix_ing_17,TAR_68
Morindae_officinalis_radix_ing_17,TAR_8
Morindae_officinalis_radix_ing_17,TAR_184
Morindae_officinalis_radix_ing_17,TAR_405
Morindae_officinalis_radix_ing_31,TAR_166
Morindae_officinalis_radix_ing_31,TAR_9
Morindae_officinalis_radix_ing_31,TAR_90
Morindae_officinalis_radix_ing_31,TAR_136
Morindae_officinalis_radix_ing_31,TAR_27
Morindae_officinalis_radix_ing_31,TAR_65
Morindae_officinalis_radix_ing_31,TAR_380
Morindae_officinalis_radix_ing_31,TAR_216
Morindae_officinalis_radix_ing_31,TAR_270
Morindae_officinalis_radix_ing_31,TAR_59
Morindae_officinalis_radix_ing_31,TAR_382
Morindae_officinalis_radix_ing_31,TAR_33
Morindae_officinalis_radix_ing_61,TAR_399
Morindae_officinalis_radix_ing_61,TAR_186
Morindae_officinalis_radix_ing_61,TAR_263
Morindae_officinalis_radix_ing_61,TAR_304
Morindae_officinalis_radix_ing_61,TAR_56
Morindae_officinalis_radix_ing_61,TAR_232
Morindae_officinalis_radix_ing_61,TAR_258
Morindae_officinalis_radix_ing_61,TAR_114
Morindae_officinalis_radix_ing_61,TAR_485
Morindae_officinalis_radix_ing_61,TAR_315
Morindae_officinalis_radix_ing_6,TAR_155
Morindae_officinalis_radix_ing_6,TAR_235
Morindae_officinalis_radix_ing_6,TAR_330
Morindae_officinalis_radix_ing_6,TAR_494
Morindae_officinalis_radix_ing_6,TAR_16
Morindae_officinalis_radix_ing_6,TAR_32
Morindae_officinalis_radix_ing_6,TAR_246
Morindae_officinalis_radix_ing_6,TAR_434
Morindae_officinalis_radix_ing_6,TAR_206
Morindae_officinalis_radix_ing_6,TAR_219
Morindae_officinalis_radix_ing_6,TAR_352
Morindae_officinalis_radix_ing_14,TAR_365
Morindae_officinalis_radix_ing_14,TAR_466
Morindae_officinalis_radix_ing_14,TAR_228
Morindae_officinalis_radix_ing_14,TAR_38
Morindae_officinalis_radix_ing_14,TAR_461
Morindae_officinalis_radix_ing_14,TAR_42
Morindae_officinalis_radix_ing_14,TAR_165
Morindae_officinalis_radix_ing_14,TAR_312
Morindae_officinalis_radix_ing_14,TAR_76
Morindae_officinalis_radix_ing_14,TAR_34
Morindae_officinalis_radix_ing_17,TAR_320
Morindae_officinalis_radix_ing_17,TAR_325
Morindae_officinalis_radix_ing_17,TAR_300
Morindae_officinalis_radix_ing_17,TAR_281
Morindae_officinalis_radix_ing_17,TAR_365
Morindae_officinalis_radix_ing_17,TAR_167
Morindae_officinalis_radix_ing_17,TAR_196
Morindae_officinalis_radix_ing_77,TAR_151
Morindae_officinalis_radix_ing_77,TAR_233
Morindae_officinalis_radix_ing_77,TAR_259
Morindae_officinalis_radix_ing_77,TAR_310
Morindae_officinalis_radix_ing_77,TAR_221
Morindae_officinalis_radix_ing_77,TAR_51
Morindae_officinalis_radix_ing_77,TAR_407
Morindae_officinalis_radix_ing_77,TAR_360
Morindae_officinalis_radix_ing_77,TAR_59
Morindae_officinalis_radix_ing_77,TAR_437
Morindae_officinalis_radix_ing_77,TAR_336
Morindae_officinalis_radix_ing_84,TAR_370
Morindae_officinalis_radix_ing_84,TAR_444
Morindae_officinalis_radix_ing_84,TAR_111
Morindae_officinalis_radix_ing_84,TAR_221
Morindae_officinalis_radix_ing_84,TAR_232
Morindae_officinalis_radix_ing_84,TAR_455
Morindae_officinalis_radix_ing_84,TAR_117
Morindae_officinalis_radix_ing_84,TAR_212
Morindae_officinalis_radix_ing_84,TAR_174
Morindae_officinalis_radix_ing_84,TAR_424
Morindae_officinalis_radix_ing_84,TAR_233
Morindae_officinalis_radix_ing_52,TAR_374
Morindae_officinalis_radix_ing_52,TAR_49
Morindae_officinalis_radix_ing_52,TAR_161
Morindae_officinalis_radix_ing_52,TAR_219
Morindae_officinalis_radix_ing_52,TAR_161
Morindae_officinalis_radix_ing_52,TAR_341
Morindae_officinalis_radix_ing_52,TAR_131
Morindae_officinalis_radix_ing_52,TAR_192
Morindae_officinalis_radix_ing_52,TAR_489
Morindae_officinalis_radix_ing_20,TAR_35
Morindae_officinalis_radix_ing_20,TAR_47
Morindae_officinalis_radix_ing_20,TAR_426
Morindae_officinalis_radix_ing_20,TAR_44
Morindae_officinalis_radix_ing_20,TAR_48
Morindae_officinalis_radix_ing_20,TAR_222
Morindae_officinalis_radix_ing_20,TAR_50
Morindae_officinalis_radix_ing_20,TAR_382
Morindae_officinalis_radix_ing_20,TAR_379
Morindae_officinalis_radix_ing_20,TAR_191
Cuscutae_semen_ing_72,TAR_301
Cuscutae_semen_ing_72,TAR_490
Cuscutae_semen_ing_72,TAR_288
Cuscutae_semen_ing_72,TAR_344
Cuscutae_semen_ing_72,TAR_63
Cuscutae_semen_ing_72,TAR_211
Cuscutae_semen_ing_72,TAR_182
Cuscutae_semen_ing_72,TAR_448
Cuscutae_semen_ing_72,TAR_341
Cuscutae_semen_ing_72,TAR_482
Cuscutae_semen_ing_72,TAR_385
Cuscutae_semen_ing_55,TAR_496
Cuscutae_semen_ing_55,TAR_148
Cuscutae_semen_ing_55,TAR_308
Cuscutae_semen_ing_40,TAR_54
Cuscutae_semen_ing_40,TAR_296
Cuscutae_semen_ing_40,TAR_260
Cuscutae_semen_ing_40,TAR_109
Cuscutae_semen_ing_40,TAR_80
Cuscutae_semen_ing_40,TAR_337
Cuscutae_semen_ing_40,TAR_247
Cuscutae_semen_ing_40,TAR_115
Cuscutae_semen_ing_14,TAR_433
Cuscutae_semen_ing_14,TAR_285
Cuscutae_semen_ing_14,TAR_189
Cuscutae_semen_ing_14,TAR_59
Cuscutae_semen_ing_14,TAR_391
Cuscutae_semen_ing_14,TAR_143
Cuscutae_semen_ing_14,TAR_294
Cuscutae_semen_ing_14,TAR_116
Cuscutae_semen_ing_55,TAR_499
Cuscutae_semen_ing_55,TAR_393
Cuscutae_semen_ing_55,TAR_420
Cuscutae_semen_ing_55,TAR_319
Cuscutae_semen_ing_55,TAR_315
Cuscutae_semen_ing_55,TAR_346
Cuscutae_semen_ing_55,TAR_330
Cuscutae_semen_ing_55,TAR_286
Cuscutae_semen_ing_55,TAR_14
Cuscutae_semen_ing_55,TAR_312
Cuscutae_semen_ing_55,TAR_476
Cuscutae_semen_ing_85,TAR_15
Cuscutae_semen_ing_85,TAR_93
Cuscutae_semen_ing_85,TAR_140
Cuscutae_semen_ing_85,TAR_360
Cuscutae_semen_ing_85,TAR_391
Cuscutae_semen_ing_85,TAR_159
Cuscutae_semen_ing_85,TAR_472
Lilii_bulbus_ing_45,TAR_93
Lilii_bulbus_ing_45,TAR_446
Lilii_bulbus_ing_45,TAR_74
Lilii_bulbus_ing_73,TAR_36
Lilii_bulbus_ing_73,TAR_73
Lilii_bulbus_ing_73,TAR_380
Lilii_bulbus_ing_73,TAR_325
Lilii_bulbus_ing_73,TAR_498
Lilii_bulbus_ing_73,TAR_16
Lilii_bulbus_ing_73,TAR_47
Lilii_bulbus_ing_73,TAR_383
Lilii_bulbus_ing_73,TAR_272
Lilii_bulbus_ing_28,TAR_215
Lilii_bulbus_ing_28,TAR_233
Lilii_bulbus_ing_28,TAR_175
Lilii_bulbus_ing_28,TAR_81
Lilii_bulbus_ing_28,TAR_190
Lilii_bulbus_ing_28,TAR_160
Lilii_bulbus_ing_28,TAR_370
Lilii_bulbus_ing_28,TAR_167
Lilii_bulbus_ing_28,TAR_398
Lilii_bulbus_ing_73,TAR_44
Lilii_bulbus_ing_73,TAR_453
Lilii_bulbus_ing_73,TAR_27
Lilii_bulbus_ing_73,TAR_80
Lilii_bulbus_ing_73,TAR_81
Lilii_bulbus_ing_73,TAR_387
Lilii_bulbus_ing_73,TAR_317
Lilii_bulbus_ing_73,TAR_26
Lilii_bulbus_ing_73,TAR_346
Lilii_bulbus_ing_73,TAR_42
Lilii_bulbus_ing_73,TAR_140
Lilii_bulbus_ing_73,TAR_227
Lilii_bulbus_ing_85,TAR_249
Lilii_bulbus_ing_85,TAR_311
Lilii_bulbus_ing_85,TAR_227
Lilii_bulbus_ing_85,TAR_213
Lilii_bulbus_ing_85,TAR_140
Lilii_bulbus_ing_85,TAR_111
Lilii_bulbus_ing_85,TAR_387
Lilii_bulbus_ing_85,TAR_263
Lilii_bulbus_ing_85,TAR_59
Lilii_bulbus_ing_45,TAR_57
Lilii_bulbus_ing_45,TAR_146
Lilii_bulbus_ing_45,TAR_348
Lilii_bulbus_ing_45,TAR_348
Lilii_bulbus_ing_45,TAR_304
Lilii_bulbus_ing_45,TAR_250
Lilii_bulbus_ing_45,TAR_270
Lilii_bulbus_ing_45,TAR_342
Lilii_bulbus_ing_45,TAR_158
Lilii_bulbus_ing_6,TAR_203
Lilii_bulbus_ing_6,TAR_307
Lilii_bulbus_ing_6,TAR_29
Lilii_bulbus_ing_6,TAR_4
Lilii_bulbus_ing_6,TAR_105
Lilii_bulbus_ing_6,TAR_155
Lilii_bulbus_ing_28,TAR_392
Lilii_bulbus_ing_28,TAR_131
Lilii_bulbus_ing_28,TAR_149
Lilii_bulbus_ing_28,TAR_168
Lilii_bulbus_ing_28,TAR_62
Lilii_bulbus_ing_1,TAR_383
Lilii_bulbus_ing_1,TAR_221
Lilii_bulbus_ing_1,TAR_90
Lilii_bulbus_ing_1,TAR_67
Lilii_bulbus_ing_1,TAR_195
Lilii_bulbus_ing_1,TAR_273
Lilii_bulbus_ing_1,TAR_361
Lilii_bulbus_ing_1,TAR_118
Lilii_bulbus_ing_1,TAR_257
Lilii_bulbus_ing_1,TAR_287
Lilii_bulbus_ing_86,TAR_37
Lilii_bulbus_ing_86,TAR_204
Lilii_bulbus_ing_86,TAR_442
Lilii_bulbus_ing_86,TAR_380
Lilii_bulbus_ing_86,TAR_22
Lilii_bulbus_ing_86,TAR_224
Lilii_bulbus_ing_86,TAR_10
Lilii_bulbus_ing_86,TAR_236
Crataegi_fructus_ing_41,TAR_220
Crataegi_fructus_ing_41,TAR_294
Crataegi_fructus_ing_41,TAR_208
Crataegi_fructus_ing_41,TAR_364
Crataegi_fructus_ing_41,TAR_328
Crataegi_fructus_ing_41,TAR_214
Crataegi_fructus_ing_41,TAR_149
Crataegi_fructus_ing_41,TAR_59
Crataegi_fructus_ing_41,TAR_208
Crataegi_fructus_ing_41,TAR_11
Crataegi_fructus_ing_41,TAR_495
Crataegi_fructus_ing_41,TAR_167
Crataegi_fructus_ing_22,TAR_236
Crataegi_fructus_ing_22,TAR_426
Crataegi_fructus_ing_22,TAR_354
Crataegi_fructus_ing_22,TAR_471
Crataegi_fructus_ing_22,TAR_186
Crataegi_fructus_ing_22,TAR_46
Crataegi_fructus_ing_22,TAR_224
Crataegi_fructus_ing_22,TAR_433
Crataegi_fructus_ing_22,TAR_55
Crataegi_fructus_ing_22,TAR_125
Crataegi_fructus_ing_22,TAR_224
Crataegi_fructus_ing_22,TAR_302
Crataegi_fructus_ing_52,TAR_41
Crataegi_fructus_ing_52,TAR_203
Crataegi_fructus_ing_52,TAR_446
Crataegi_fructus_ing_52,TAR_159
Crataegi_fructus_ing_52,TAR_382
Crataegi_fructus_ing_52,TAR_174
Crataegi_fructus_ing_52,TAR_114
Crataegi_fructus_ing_52,TAR_171
Crataegi_fructus_ing_52,TAR_399
Crataegi_fructus_ing_52,TAR_87
Crataegi_fructus_ing_52,TAR_40
Crataegi_fructus_ing_66,TAR_272
Crataegi_fructus_ing_66,TAR_262
Crataegi_fructus_ing_66,TAR_100
Crataegi_fructus_ing_66,TAR_464
Crataegi_fructus_ing_100,TAR_180
Crataegi_fructus_ing_100,TAR_373
Crataegi_fructus_ing_100,TAR_491
Crataegi_fructus_ing_100,TAR_420
Crataegi_fructus_ing_100,TAR_331
Crataegi_fructus_ing_100,TAR_418
Crataegi_fructus_ing_100,TAR_76
Crataegi_fructus_ing_100,TAR_121
Crataegi_fructus_ing_14,TAR_132
Crataegi_fructus_ing_14,TAR_102
Crataegi_fructus_ing_14,TAR_89
Crataegi_fructus_ing_14,TAR_309
Crataegi_fructus_ing_14,TAR_79
Astragali_radix_ing_10,TAR_488
Astragali_radix_ing_10,TAR_396
Astragali_radix_ing_10,TAR_322
Astragali_radix_ing_10,TAR_253
Astragali_radix_ing_10,TAR_238
Astragali_radix_ing_97,TAR_390
Astragali_radix_ing_97,TAR_297
Astragali_radix_ing_97,TAR_230
Astragali_radix_ing_97,TAR_349
Astragali_radix_ing_97,TAR_474
Astragali_radix_ing_97,TAR_452
Astragali_radix_ing_97,TAR_290
Astragali_radix_ing_97,TAR_330
Astragali_radix_ing_97,TAR_326
Astragali_radix_ing_97,TAR_320
Astragali_radix_ing_97,TAR_166
Astragali_radix_ing_97,TAR_443
Astragali_radix_ing_81,TAR_78
Astragali_radix_ing_81,TAR_226
Astragali_radix_ing_81,TAR_35
Astragali_radix_ing_81,TAR_241
Astragali_radix_ing_81,TAR_227
Astragali_radix_ing_81,TAR_324
Astragali_radix_ing_81,TAR_156
Astragali_radix_ing_81,TAR_408
Astragali_radix_ing_36,TAR_29
Astragali_radix_ing_36,TAR_181
Astragali_radix_ing_36,TAR_260
Astragali_radix_ing_36,TAR_38
Astragali_radix_ing_36,TAR_159
Astragali_radix_ing_36,TAR_237
Astragali_radix_ing_36,TAR_232
Astragali_radix_ing_36,TAR_20
Astragali_radix_ing_36,TAR_30
Astragali_radix_ing_36,TAR_189
Astragali_radix_ing_36,TAR_426
Astragali_radix_ing_36,TAR_147
Astragali_radix_ing_10,TAR_315
Astragali_radix_ing_10,TAR_305
Astragali_radix_ing_10,TAR_260
Astragali_radix_ing_10,TAR_197
Astragali_radix_ing_60,TAR_284
Astragali_radix_ing_60,TAR_489
Astragali_radix_ing_60,TAR_406
Astragali_radix_ing_60,TAR_379
Astragali_radix_ing_60,TAR_459
Astragali_radix_ing_60,TAR_22
Astragali_radix_ing_60,TAR_231
Astragali_radix_ing_60,TAR_466
Astragali_radix_ing_60,TAR_415
Astragali_radix_ing_60,TAR_293
Astragali_radix_ing_60,TAR_334
Astragali_radix_ing_60,TAR_97
Astragali_radix_ing_42,TAR_244
Astragali_radix_ing_42,TAR_257
Astragali_radix_ing_42,TAR_78
Astragali_radix_ing_42,TAR_491
Astragali_radix_ing_42,TAR_32
Astragali_radix_ing_42,TAR_231
Astragali_radix_ing_42,TAR_53
Astragali_radix_ing_42,TAR_416
Astragali_radix_ing_42,TAR_461
Astragali_radix_ing_42,TAR_429
Astragali_radix_ing_42,TAR_176
Astragali_radix_ing_42,TAR_366
Astragali_radix_ing_11,TAR_331
Astragali_radix_ing_11,TAR_89
Astragali_radix_ing_11,TAR_21
Astragali_radix_ing_11,TAR_127
Astragali_radix_ing_11,TAR_363
Astragali_radix_ing_11,TAR_225
Astragali_radix_ing_11,TAR_225
Astragali_radix_ing_11,TAR_269
Astragali_radix_ing_11,TAR_268
Astragali_radix_ing_11,TAR_313
Astragali_radix_ing_11,TAR_82
Astragali_radix_ing_47,TAR_470
Astragali_radix_ing_47,TAR_145
Astragali_radix_ing_47,TAR_199
Astragali_radix_ing_47,TAR_210
Astragali_radix_ing_47,TAR_397
Astragali_radix_ing_47,TAR_174
Astragali_radix_ing_47,TAR_348
Astragali_radix_ing_47,TAR_307
Astragali_radix_ing_7,TAR_34
Astragali_radix_ing_7,TAR_169
Astragali_radix_ing_7,TAR_49
Astragali_radix_ing_7,TAR_286
Astragali_radix_ing_7,TAR_348
Astragali_radix_ing_7,TAR_198
Astragali_radix_ing_7,TAR_146
Astragali_radix_ing_7,TAR_130
Astragali_radix_ing_93,TAR_448
Astragali_radix_ing_93,TAR_77
Astragali_radix_ing_93,TAR_171
Astragali_radix_ing_93,TAR_42
Astragali_radix_ing_93,TAR_299
Astragali_radix_ing_93,TAR_340
Astragali_radix_ing_93,TAR_73
Astragali_radix_ing_93,TAR_470
Astragali_radix_ing_93,TAR_180
Astragali_radix_ing_93,TAR_159
Astragali_radix_ing_93,TAR_496
Astragali_radix_ing_93,TAR_336
Astragali_radix_ing_90,TAR_67
Astragali_radix_ing_90,TAR_305
Astragali_radix_ing_90,TAR_363
Astragali_radix_ing_90,TAR_481
Astragali_radix_ing_90,TAR_44
Astragali_radix_ing_90,TAR_159
Astragali_radix_ing_90,TAR_287
Astragali_radix_ing_90,TAR_193
Astragali_radix_ing_90,TAR_330
Astragali_radix_ing_43,TAR_344
Astragali_radix_ing_43,TAR_360
Astragali_radix_ing_43,TAR_425
Astragali_radix_ing_43,TAR_485
Astragali_radix_ing_43,TAR_379
Astragali_radix_ing_88,TAR_48
Astragali_radix_ing_88,TAR_331
Astragali_radix_ing_88,TAR_344
Astragali_radix_ing_88,TAR_217
Astragali_radix_ing_88,TAR_261
Astragali_radix_ing_88,TAR_186
Astragali_radix_ing_88,TAR_10
Astragali_radix_ing_88,TAR_186
Astragali_radix_ing_88,TAR_159
Astragali_radix_ing_88,TAR_93
Astragali_radix_ing_88,TAR_487
Astragali_radix_ing_28,TAR_486
Astragali_radix_ing_28,TAR_393
Astragali_radix_ing_28,TAR_249
Astragali_radix_ing_28,TAR_99
Astragali_radix_ing_28,TAR_116
Astragali_radix_ing_28,TAR_71
Astragali_radix_ing_28,TAR_80
Astragali_radix_ing_28,TAR_40
Codonopsis_radix_ing_13,TAR_395
Codonopsis_radix_ing_13,TAR_277
Codonopsis_radix_ing_13,TAR_428
Codonopsis_radix_ing_13,TAR_379
Codonopsis_radix_ing_13,TAR_453
Codonopsis_radix_ing_13,TAR_270
Codonopsis_radix_ing_13,TAR_20
Codonopsis_radix_ing_13,TAR_339
Codonopsis_radix_ing_13,TAR_173
Codonopsis_radix_ing_13,TAR_449
Codonopsis_radix_ing_13,TAR_393
Codonopsis_radix_ing_80,TAR_306
Codonopsis_radix_ing_80,TAR_193
Codonopsis_radix_ing_80,TAR_79
Codonopsis_radix_ing_80,TAR_84
Codonopsis_radix_ing_80,TAR_93
Codonopsis_radix_ing_89,TAR_415
Codonopsis_radix_ing_89,TAR_463
Codonopsis_radix_ing_89,TAR_85
Codonopsis_radix_ing_89,TAR_370
Codonopsis_radix_ing_89,TAR_225
Codonopsis_radix_ing_89,TAR_23
Codonopsis_radix_ing_89,TAR_211
Codonopsis_radix_ing_89,TAR_187
Codonopsis_radix_ing_89,TAR_347
Codonopsis_radix_ing_89,TAR_369
Codonopsis_radix_ing_89,TAR_122
Codonopsis_radix_ing_89,TAR_497
Codonopsis_radix_ing_57,TAR_146
Codonopsis_radix_ing_57,TAR_386
Codonopsis_radix_ing_57,TAR_384
Codonopsis_radix_ing_57,TAR_402
Codonopsis_radix_ing_57,TAR_230
Codonopsis_radix_ing_57,TAR_120
Codonopsis_radix_ing_57,TAR_274
Codonopsis_radix_ing_57,TAR_123
Codonopsis_radix_ing_57,TAR_159
Codonopsis_radix_ing_57,TAR_495
Codonopsis_radix_ing_57,TAR_415
Codonopsis_radix_ing_57,TAR_402
Codonopsis_radix_ing_61,TAR_189
Codonopsis_radix_ing_61,TAR_348
Codonopsis_radix_ing_61,TAR_485
Codonopsis_radix_ing_61,TAR_293
Codonopsis_radix_ing_61,TAR_226
Codonopsis_radix_ing_61,TAR_237
Codonopsis_radix_ing_99,TAR_399
Codonopsis_radix_ing_99,TAR_196
Codonopsis_radix_ing_99,TAR_258
Codonopsis_radix_ing_99,TAR_271
Codonopsis_radix_ing_99,TAR_215
Codonopsis_radix_ing_99,TAR_495
Codonopsis_radix_ing_99,TAR_83
Codonopsis_radix_ing_26,TAR_71
Codonopsis_radix_ing_26,TAR_447
Codonopsis_radix_ing_26,TAR_129
Codonopsis_radix_ing_26,TAR_27
Codonopsis_radix_ing_26,TAR_329
Codonopsis_radix_ing_26,TAR_247
Codonopsis_radix_ing_26,TAR_448
Codonopsis_radix_ing_26,TAR_191
Codonopsis_radix_ing_26,TAR_284
Codonopsis_radix_ing_26,TAR_479
Codonopsis_radix_ing_26,TAR_53
Codonopsis_radix_ing_26,TAR_365
Codonopsis_radix_ing_67,TAR_146
Codonopsis_radix_ing_67,TAR_43
Codonopsis_radix_ing_67,TAR_391
Codonopsis_radix_ing_67,TAR_83
Codonopsis_radix_ing_35,TAR_464
Codonopsis_radix_ing_35,TAR_263
Codonopsis_radix_ing_35,TAR_76
Codonopsis_radix_ing_35,TAR_426
Codonopsis_radix_ing_35,TAR_224
Codonopsis_radix_ing_35,TAR_47
Codonopsis_radix_ing_35,TAR_485
Codonopsis_radix_ing_35,TAR_467
Codonopsis_radix_ing_35,TAR_114
Codonopsis_radix_ing_35,TAR_419
Rehmanniae_radix_ing_45,TAR_213
Rehmanniae_radix_ing_45,TAR_28
Rehmanniae_radix_ing_45,TAR_203
Rehmanniae_radix_ing_65,TAR_121
Rehmanniae_radix_ing_65,TAR_198
Rehmanniae_radix_ing_65,TAR_42
Rehmanniae_radix_ing_65,TAR_192
Rehmanniae_radix_ing_65,TAR_115
Rehmanniae_radix_ing_65,TAR_15
Rehmanniae_radix_ing_65,TAR_164
Rehmanniae_radix_ing_65,TAR_477
Rehmanniae_radix_ing_13,TAR_406
Rehmanniae_radix_ing_13,TAR_75
Rehmanniae_radix_ing_13,TAR_71
Rehmanniae_radix_ing_13,TAR_20
Rehmanniae_radix_ing_13,TAR_147
Rehmanniae_radix_ing_13,TAR_470
Rehmanniae_radix_ing_13,TAR_425
Rehmanniae_radix_ing_13,TAR_242
Rehmanniae_radix_ing_90,TAR_389
Rehmanniae_radix_ing_90,TAR_362
Rehmanniae_radix_ing_90,TAR_241
Rehmanniae_radix_ing_90,TAR_230
Rehmanniae_radix_ing_90,TAR_316
Rehmanniae_radix_ing_1,TAR_10
Rehmanniae_radix_ing_1,TAR_132
Rehmanniae_radix_ing_1,TAR_111
Rehmanniae_radix_ing_1,TAR_428
Rehmanniae_radix_ing_20,TAR_482
Rehmanniae_radix_ing_20,TAR_373
Rehmanniae_radix_ing_20,TAR_312
Rehmanniae_radix_ing_20,TAR_271
Rehmanniae_radix_ing_20,TAR_217
Rehmanniae_radix_ing_20,TAR_57
Rehmanniae_radix_ing_20,TAR_398
Rehmanniae_radix_ing_20,TAR_148
Rehmanniae_radix_ing_20,TAR_122
Rehmanniae_radix_ing_20,TAR_155
Rehmanniae_radix_ing_20,TAR_63
Rehmanniae_radix_ing_7,TAR_215
Rehmanniae_radix_ing_7,TAR_328
Rehmanniae_radix_ing_7,TAR_407
Rehmanniae_radix_ing_7,TAR_319
Rehmanniae_radix_ing_7,TAR_235
Rehmanniae_radix_ing_7,TAR_33
Rehmanniae_radix_ing_15,TAR_306
Rehmanniae_radix_ing_15,TAR_275
Rehmanniae_radix_ing_15,TAR_9
Rehmanniae_radix_ing_15,TAR_324
Rehmanniae_radix_ing_15,TAR_264
Rehmanniae_radix_ing_15,TAR_295
Rehmanniae_radix_ing_15,TAR_124
Rehmanniae_radix_ing_15,TAR_368
Rehmanniae_radix_ing_15,TAR_74
Rehmanniae_radix_ing_15,TAR_150
Rehmanniae_radix_ing_55,TAR_315
Rehmanniae_radix_ing_55,TAR_181
Rehmanniae_radix_ing_55,TAR_124
Rehmanniae_radix_ing_74,TAR_96
Rehmanniae_radix_ing_74,TAR_341
Rehmanniae_radix_ing_74,TAR_343
Rehmanniae_radix_ing_74,TAR_44
Rehmanniae_radix_ing_74,TAR_269
Rehmanniae_radix_ing_74,TAR_500
Rehmanniae_radix_ing_74,TAR_185
Rehmanniae_radix_ing_74,TAR_35
Rehmanniae_radix_ing_74,TAR_489
Rehmanniae_radix_ing_68,TAR_260
Rehmanniae_radix_ing_68,TAR_403
Rehmanniae_radix_ing_68,TAR_260
Rehmanniae_radix_ing_68,TAR_284
Rehmanniae_radix_ing_68,TAR_11
Rehmanniae_radix_ing_68,TAR_200
Rehmanniae_radix_ing_68,TAR_448
Rehmanniae_radix_ing_68,TAR_241
Rehmanniae_radix_ing_68,TAR_23
Rehmanniae_radix_ing_68,TAR_326
Rehmanniae_radix_ing_68,TAR_199
Rehmanniae_radix_ing_48,TAR_383
Rehmanniae_radix_ing_48,TAR_9
Rehmanniae_radix_ing_48,TAR_183
Rehmanniae_radix_ing_48,TAR_404
Rehmanniae_radix_ing_48,TAR_35
Rehmanniae_radix_ing_48,TAR_177
Rehmanniae_radix_ing_48,TAR_124
Corni_fructus_ing_81,TAR_396
Corni_fructus_ing_81,TAR_298
Corni_fructus_ing_81,TAR_377
Corni_fructus_ing_81,TAR_388
Corni_fructus_ing_43,TAR_23
Corni_fructus_ing_43,TAR_181
Corni_fructus_ing_43,TAR_280
Corni_fructus_ing_43,TAR_174
Corni_fructus_ing_43,TAR_417
Corni_fructus_ing_83,TAR_426
Corni_fructus_ing_83,TAR_399
Corni_fructus_ing_83,TAR_351
Corni_fructus_ing_83,TAR_238
Corni_fructus_ing_83,TAR_357
Corni_fructus_ing_62,TAR_416
Corni_fructus_ing_62,TAR_70
Corni_fructus_ing_62,TAR_33
Corni_fructus_ing_62,TAR_367
Corni_fructus_ing_62,TAR_398
Corni_fructus_ing_59,TAR_151
Corni_fructus_ing_59,TAR_104
Corni_fructus_ing_59,TAR_23
Corni_fructus_ing_26,TAR_162
Corni_fructus_ing_26,TAR_478
Corni_fructus_ing_26,TAR_159
Corni_fructus_ing_66,TAR_418
Corni_fructus_ing_66,TAR_279
Corni_fructus_ing_66,TAR_243
Corni_fructus_ing_66,TAR_130
Corni_fructus_ing_66,TAR_19
Corni_fructus_ing_66,TAR_386
Corni_fructus_ing_66,TAR_332
Corni_fructus_ing_66,TAR_98
Corni_fructus_ing_66,TAR_147
Corni_fructus_ing_46,TAR_444
Corni_fructus_ing_46,TAR_336
Corni_fructus_ing_46,TAR_170
Corni_fructus_ing_35,TAR_410
Corni_fructus_ing_35,TAR_189
Corni_fructus_ing_35,TAR_224
Corni_fructus_ing_35,TAR_456
Corni_fructus_ing_52,TAR_459
Corni_fructus_ing_52,TAR_490
Corni_fructus_ing_52,TAR_198
Corni_fructus_ing_52,TAR_174
Corni_fructus_ing_52,TAR_499
Corni_fructus_ing_52,TAR_96
Corni_fructus_ing_52,TAR_255
Corni_fructus_ing_52,TAR_355
Corni_fructus_ing_52,TAR_255
Corni_fructus_ing_52,TAR_189
Corni_fructus_ing_67,TAR_411
Corni_fructus_ing_67,TAR_43
Corni_fructus_ing_67,TAR_373
Corni_fructus_ing_67,TAR_218
Corni_fructus_ing_67,TAR_41
Corni_fructus_ing_67,TAR_221
Corni_fructus_ing_67,TAR_309
Corni_fructus_ing_24,TAR_151
Corni_fructus_ing_24,TAR_165
Corni_fructus_ing_24,TAR_53
Corni_fructus_ing_24,TAR_41
Corni_fructus_ing_24,TAR_168
Corni_fructus_ing_24,TAR_339
Corni_fructus_ing_24,TAR_152
Corni_fructus_ing_24,TAR_157
Corni_fructus_ing_24,TAR_229
Corni_fructus_ing_24,TAR_309
Corni_fructus_ing_24,TAR_368
Corni_fructus_ing_55,TAR_354
Corni_fructus_ing_55,TAR_228
Corni_fructus_ing_55,TAR_180
Corni_fructus_ing_55,TAR_229
Corni_fructus_ing_55,TAR_22
Corni_fructus_ing_94,TAR_315
Corni_fructus_ing_94,TAR_223
Corni_fructus_ing_94,TAR_141
Corni_fructus_ing_94,TAR_328
Corni_fructus_ing_94,TAR_406
Corni_fructus_ing_94,TAR_486
Corni_fructus_ing_94,TAR_30
Corni_fructus_ing_94,TAR_39
Corni_fructus_ing_86,TAR_187
Corni_fructus_ing_86,TAR_263
Corni_fructus_ing_86,TAR_411
Corni_fructus_ing_86,TAR_384
Corni_fructus_ing_86,TAR_348
Corni_fructus_ing_86,TAR_82
Corni_fructus_ing_86,TAR_488
Corni_fructus_ing_86,TAR_16
Corni_fructus_ing_86,TAR_74
Dioscoreae_rhizoma_ing_87,TAR_18
Dioscoreae_rhizoma_ing_87,TAR_65
Dioscoreae_rhizoma_ing_87,TAR_35
Dioscoreae_rhizoma_ing_87,TAR_121
Dioscoreae_rhizoma_ing_87,TAR_399
Dioscoreae_rhizoma_ing_87,TAR_331
Dioscoreae_rhizoma_ing_87,TAR_188
Dioscoreae_rhizoma_ing_87,TAR_186
Dioscoreae_rhizoma_ing_87,TAR_197
Dioscoreae_rhizoma_ing_87,TAR_487
Dioscoreae_rhizoma_ing_73,TAR_310
Dioscoreae_rhizoma_ing_73,TAR_79
Dioscoreae_rhizoma_ing_73,TAR_348
Dioscoreae_rhizoma_ing_58,TAR_191
Dioscoreae_rhizoma_ing_58,TAR_228
Dioscoreae_rhizoma_ing_58,TAR_391
Dioscoreae_rhizoma_ing_58,TAR_40
Dioscoreae_rhizoma_ing_58,TAR_294
Dioscoreae_rhizoma_ing_58,TAR_71
Dioscoreae_rhizoma_ing_58,TAR_272
Dioscoreae_rhizoma_ing_58,TAR_188
Dioscoreae_rhizoma_ing_51,TAR_333
Dioscoreae_rhizoma_ing_51,TAR_143
Dioscoreae_rhizoma_ing_51,TAR_128
Dioscoreae_rhizoma_ing_51,TAR_492
Dioscoreae_rhizoma_ing_51,TAR_59
Dioscoreae_rhizoma_ing_51,TAR_14
Dioscoreae_rhizoma_ing_51,TAR_377
Dioscoreae_rhizoma_ing_51,TAR_96
Dioscoreae_rhizoma_ing_64,TAR_199
Dioscoreae_rhizoma_ing_64,TAR_468
Dioscoreae_rhizoma_ing_64,TAR_288
Dioscoreae_rhizoma_ing_64,TAR_61
Dioscoreae_rhizoma_ing_64,TAR_135
Dioscoreae_rhizoma_ing_64,TAR_397
Dioscoreae_rhizoma_ing_64,TAR_134
Dioscoreae_rhizoma_ing_64,TAR_361
Dioscoreae_rhizoma_ing_64,TAR_229
Dioscoreae_rhizoma_ing_64,TAR_110
Dioscoreae_rhizoma_ing_64,TAR_314
Dioscoreae_rhizoma_ing_37,TAR_103
Dioscoreae_rhizoma_ing_37,TAR_63
Dioscoreae_rhizoma_ing_37,TAR_70
Dioscoreae_rhizoma_ing_37,TAR_437
Dioscoreae_rhizoma_ing_37,TAR_38
Dioscoreae_rhizoma_ing_37,TAR_232
Dioscoreae_rhizoma_ing_37,TAR_89
Dioscoreae_rhizoma_ing_37,TAR_461
Dioscoreae_rhizoma_ing_37,TAR_366
Dioscoreae_rhizoma_ing_37,TAR_228
Dioscoreae_rhizoma_ing_12,TAR_342
Dioscoreae_rhizoma_ing_12,TAR_178
Dioscoreae_rhizoma_ing_12,TAR_364
Dioscoreae_rhizoma_ing_12,TAR_34
Dioscoreae_rhizoma_ing_12,TAR_282
Dioscoreae_rhizoma_ing_12,TAR_278
Dioscoreae_rhizoma_ing_12,TAR_149
Dioscoreae_rhizoma_ing_12,TAR_457
Dioscoreae_rhizoma_ing_39,TAR_365
Dioscoreae_rhizoma_ing_39,TAR_364
Dioscoreae_rhizoma_ing_39,TAR_475
Dioscoreae_rhizoma_ing_39,TAR_359
Dioscoreae_rhizoma_ing_39,TAR_327
Dioscoreae_rhizoma_ing_23,TAR_261
Dioscoreae_rhizoma_ing_23,TAR_115
Dioscoreae_rhizoma_ing_23,TAR_63
Dioscoreae_rhizoma_ing_23,TAR_103
Dioscoreae_rhizoma_ing_23,TAR_406
Dioscoreae_rhizoma_ing_23,TAR_72
Dioscoreae_rhizoma_ing_23,TAR_122
Dioscoreae_rhizoma_ing_23,TAR_405
Dioscoreae_rhizoma_ing_64,TAR_185
Dioscoreae_rhizoma_ing_64,TAR_284
Dioscoreae_rhizoma_ing_64,TAR_294
Dioscoreae_rhizoma_ing_48,TAR_412
Dioscoreae_rhizoma_ing_48,TAR_283
Dioscoreae_rhizoma_ing_48,TAR_67
Dioscoreae_rhizoma_ing_48,TAR_314
Dioscoreae_rhizoma_ing_48,TAR_453
Dioscoreae_rhizoma_ing_48,TAR_45
Dioscoreae_rhizoma_ing_48,TAR_34
Dioscoreae_rhizoma_ing_48,TAR_159
Dioscoreae_rhizoma_ing_48,TAR_204
Dioscoreae_rhizoma_ing_48,TAR_368
Dioscoreae_rhizoma_ing_93,TAR_270
Dioscoreae_rhizoma_ing_93,TAR_211
Dioscoreae_rhizoma_ing_93,TAR_394
Dioscoreae_rhizoma_ing_93,TAR_210
Dioscoreae_rhizoma_ing_93,TAR_422
Dioscoreae_rhizoma_ing_93,TAR_295
Dioscoreae_rhizoma_ing_93,TAR_38
Dioscoreae_rhizoma_ing_93,TAR_65
Dioscoreae_rhizoma_ing_93,TAR_498
Dioscoreae_rhizoma_ing_93,TAR_163
Dioscoreae_rhizoma_ing_83,TAR_231
Dioscoreae_rhizoma_ing_83,TAR_239
Dioscoreae_rhizoma_ing_83,TAR_349
Dioscoreae_rhizoma_ing_83,TAR_265
Dioscoreae_rhizoma_ing_45,TAR_450
Dioscoreae_rhizoma_ing_45,TAR_425
Dioscoreae_rhizoma_ing_45,TAR_400
Dioscoreae_rhizoma_ing_45,TAR_283
Dioscoreae_rhizoma_ing_45,TAR_328
Alismatis_rhizoma_ing_24,TAR_222
Alismatis_rhizoma_ing_24,TAR_258
Alismatis_rhizoma_ing_24,TAR_467
Alismatis_rhizoma_ing_24,TAR_445
Alismatis_rhizoma_ing_24,TAR_29
Alismatis_rhizoma_ing_16,TAR_79
Alismatis_rhizoma_ing_16,TAR_156
Alismatis_rhizoma_ing_16,TAR_85
Alismatis_rhizoma_ing_16,TAR_83
Alismatis_rhizoma_ing_16,TAR_166
Alismatis_rhizoma_ing_16,TAR_479
Alismatis_rhizoma_ing_16,TAR_364
Alismatis_rhizoma_ing_16,TAR_116
Alismatis_rhizoma_ing_16,TAR_178
Alismatis_rhizoma_ing_16,TAR_486
Alismatis_rhizoma_ing_16,TAR_482
Alismatis_rhizoma_ing_67,TAR_434
Alismatis_rhizoma_ing_67,TAR_41
Alismatis_rhizoma_ing_67,TAR_129
Alismatis_rhizoma_ing_67,TAR_101
Alismatis_rhizoma_ing_67,TAR_326
Alismatis_rhizoma_ing_67,TAR_490
Alismatis_rhizoma_ing_67,TAR_283
Alismatis_rhizoma_ing_36,TAR_321
Alismatis_rhizoma_ing_36,TAR_156
Alismatis_rhizoma_ing_36,TAR_315
Alismatis_rhizoma_ing_36,TAR_274
Alismatis_rhizoma_ing_36,TAR_48
Alismatis_rhizoma_ing_65,TAR_304
Alismatis_rhizoma_ing_65,TAR_483
Alismatis_rhizoma_ing_65,TAR_298
Alismatis_rhizoma_ing_65,TAR_79
Alismatis_rhizoma_ing_65,TAR_88
Alismatis_rhizoma_ing_85,TAR_369
Alismatis_rhizoma_ing_85,TAR_462
Alismatis_rhizoma_ing_85,TAR_310
Alismatis_rhizoma_ing_85,TAR_173
Alismatis_rhizoma_ing_85,TAR_432
Alismatis_rhizoma_ing_85,TAR_474
Alismatis_rhizoma_ing_85,TAR_289
Alismatis_rhizoma_ing_85,TAR_22
Alismatis_rhizoma_ing_85,TAR_423
Alismatis_rhizoma_ing_85,TAR_443
Alismatis_rhizoma_ing_85,TAR_15
Alismatis_rhizoma_ing_85,TAR_42
Alismatis_rhizoma_ing_6,TAR_136
Alismatis_rhizoma_ing_6,TAR_334
Alismatis_rhizoma_ing_6,TAR_108
Alismatis_rhizoma_ing_6,TAR_393
Alismatis_rhizoma_ing_6,TAR_293
Alismatis_rhizoma_ing_6,TAR_214
Alismatis_rhizoma_ing_6,TAR_317
Alismatis_rhizoma_ing_6,TAR_328
Alismatis_rhizoma_ing_6,TAR_16
Alismatis_rhizoma_ing_6,TAR_255
Alismatis_rhizoma_ing_6,TAR_456
Alismatis_rhizoma_ing_6,TAR_322
Alismatis_rhizoma_ing_70,TAR_329
Alismatis_rhizoma_ing_70,TAR_490
Alismatis_rhizoma_ing_70,TAR_155
Alismatis_rhizoma_ing_70,TAR_248
Alismatis_rhizoma_ing_70,TAR_126
Alismatis_rhizoma_ing_70,TAR_413
Alismatis_rhizoma_ing_70,TAR_414
Alismatis_rhizoma_ing_88,TAR_153
Alismatis_rhizoma_ing_88,TAR_233
Alismatis_rhizoma_ing_88,TAR_38
Alismatis_rhizoma_ing_88,TAR_353
Alismatis_rhizoma_ing_88,TAR_31
Alismatis_rhizoma_ing_88,TAR_81
Alismatis_rhizoma_ing_88,TAR_226
Alismatis_rhizoma_ing_88,TAR_213
Alismatis_rhizoma_ing_88,TAR_248
Alismatis_rhizoma_ing_60,TAR_175
Alismatis_rhizoma_ing_60,TAR_311
Alismatis_rhizoma_ing_60,TAR_74
Alismatis_rhizoma_ing_60,TAR_161
Alismatis_rhizoma_ing_60,TAR_442
Alismatis_rhizoma_ing_60,TAR_368
Alismatis_rhizoma_ing_41,TAR_500
Alismatis_rhizoma_ing_41,TAR_205
Alismatis_rhizoma_ing_41,TAR_67
Alismatis_rhizoma_ing_41,TAR_390
Alismatis_rhizoma_ing_41,TAR_190
Alismatis_rhizoma_ing_41,TAR_264
Alismatis_rhizoma_ing_41,TAR_288
Alismatis_rhizoma_ing_41,TAR_55
Alismatis_rhizoma_ing_41,TAR_239
Alismatis_rhizoma_ing_41,TAR_63
Alismatis_rhizoma_ing_41,TAR_137
Alismatis_rhizoma_ing_41,TAR_231
Alismatis_rhizoma_ing_41,TAR_127
Alismatis_rhizoma_ing_41,TAR_73
Alismatis_rhizoma_ing_13,TAR_149
Alismatis_rhizoma_ing_13,TAR_485
Alismatis_rhizoma_ing_13,TAR_197
Alismatis_rhizoma_ing_79,TAR_128
Alismatis_rhizoma_ing_79,TAR_493
Alismatis_rhizoma_ing_79,TAR_444
Alismatis_rhizoma_ing_79,TAR_462
Alismatis_rhizoma_ing_79,TAR_82
Alismatis_rhizoma_ing_79,TAR_417
Alismatis_rhizoma_ing_79,TAR_168
Alismatis_rhizoma_ing_79,TAR_479
Alismatis_rhizoma_ing_79,TAR_296
Phellodendri_chinensis_cortex_ing_25,TAR_256
Phellodendri_chinensis_cortex_ing_25,TAR_264
Phellodendri_chinensis_cortex_ing_25,TAR_240
Phellodendri_chinensis_cortex_ing_25,TAR_256
Phellodendri_chinensis_cortex_ing_25,TAR_451
Phellodendri_chinensis_cortex_ing_40,TAR_12
Phellodendri_chinensis_cortex_ing_40,TAR_47
Phellodendri_chinensis_cortex_ing_40,TAR_484
Phellodendri_chinensis_cortex_ing_40,TAR_202
Phellodendri_chinensis_cortex_ing_40,TAR_259
Phellodendri_chinensis_cortex_ing_40,TAR_235
Phellodendri_chinensis_cortex_ing_40,TAR_495
Phellodendri_chinensis_cortex_ing_40,TAR_124
Phellodendri_chinensis_cortex_ing_40,TAR_111
Phellodendri_chinensis_cortex_ing_40,TAR_299
Phellodendri_chinensis_cortex_ing_46,TAR_26
Phellodendri_chinensis_cortex_ing_46,TAR_145
Phellodendri_chinensis_cortex_ing_46,TAR_254
Phellodendri_chinensis_cortex_ing_77,TAR_147
Phellodendri_chinensis_cortex_ing_77,TAR_275
Phellodendri_chinensis_cortex_ing_77,TAR_5
Phellodendri_chinensis_cortex_ing_77,TAR_434
Phellodendri_chinensis_cortex_ing_77,TAR_56
Phellodendri_chinensis_cortex_ing_77,TAR_221
Phellodendri_chinensis_cortex_ing_77,TAR_69
Phellodendri_chinensis_cortex_ing_77,TAR_452
Phellodendri_chinensis_cortex_ing_77,TAR_136
Phellodendri_chinensis_cortex_ing_77,TAR_373
Phellodendri_chinensis_cortex_ing_47,TAR_188
Phellodendri_chinensis_cortex_ing_47,TAR_24
Phellodendri_chinensis_cortex_ing_47,TAR_206
Phellodendri_chinensis_cortex_ing_47,TAR_27
Phellodendri_chinensis_cortex_ing_47,TAR_292
Phellodendri_chinensis_cortex_ing_47,TAR_288
Phellodendri_chinensis_cortex_ing_47,TAR_100
Phellodendri_chinensis_cortex_ing_47,TAR_186
Phellodendri_chinensis_cortex_ing_47,TAR_284
Phellodendri_chinensis_cortex_ing_37,TAR_198
Phellodendri_chinensis_cortex_ing_37,TAR_259
Phellodendri_chinensis_cortex_ing_37,TAR_231
Phellodendri_chinensis_cortex_ing_37,TAR_392
Phellodendri_chinensis_cortex_ing_71,TAR_423
Phellodendri_chinensis_cortex_ing_71,TAR_320
Phellodendri_chinensis_cortex_ing_71,TAR_349
Phellodendri_chinensis_cortex_ing_71,TAR_313
Phellodendri_chinensis_cortex_ing_71,TAR_61
Phellodendri_chinensis_cortex_ing_71,TAR_66
Phellodendri_chinensis_cortex_ing_71,TAR_500
Phellodendri_chinensis_cortex_ing_13,TAR_192
Phellodendri_chinensis_cortex_ing_13,TAR_407
Phellodendri_chinensis_cortex_ing_13,TAR_174
Phellodendri_chinensis_cortex_ing_13,TAR_286
Phellodendri_chinensis_cortex_ing_13,TAR_481
Phellodendri_chinensis_cortex_ing_13,TAR_188
Phellodendri_chinensis_cortex_ing_13,TAR_387
Phellodendri_chinensis_cortex_ing_13,TAR_74
Phellodendri_chinensis_cortex_ing_13,TAR_102
Phellodendri_chinensis_cortex_ing_78,TAR_206
Phellodendri_chinensis_cortex_ing_78,TAR_257
Phellodendri_chinensis_cortex_ing_78,TAR_21
Phellodendri_chinensis_cortex_ing_78,TAR_24
Phellodendri_chinensis_cortex_ing_78,TAR_20
Phellodendri_chinensis_cortex_ing_78,TAR_71
Phellodendri_chinensis_cortex_ing_78,TAR_366
Phellodendri_chinensis_cortex_ing_78,TAR_171
Phellodendri_chinensis_cortex_ing_78,TAR_412
Phellodendri_chinensis_cortex_ing_78,TAR_243
Phellodendri_chinensis_cortex_ing_78,TAR_266
Phellodendri_chinensis_cortex_ing_59,TAR_311
Phellodendri_chinensis_cortex_ing_59,TAR_458
Phellodendri_chinensis_cortex_ing_59,TAR_264
Phellodendri_chinensis_cortex_ing_59,TAR_72
Phellodendri_chinensis_cortex_ing_59,TAR_168
Anemarrhenae_rhizoma_ing_41,TAR_202
Anemarrhenae_rhizoma_ing_41,TAR_316
Anemarrhenae_rhizoma_ing_41,TAR_379
Anemarrhenae_rhizoma_ing_41,TAR_432
Anemarrhenae_rhizoma_ing_41,TAR_154
Anemarrhenae_rhizoma_ing_76,TAR_260
Anemarrhenae_rhizoma_ing_76,TAR_425
Anemarrhenae_rhizoma_ing_76,TAR_261
Anemarrhenae_rhizoma_ing_76,TAR_273
Anemarrhenae_rhizoma_ing_76,TAR_251
Anemarrhenae_rhizoma_ing_76,TAR_363
Anemarrhenae_rhizoma_ing_76,TAR_289
Anemarrhenae_rhizoma_ing_76,TAR_154
Anemarrhenae_rhizoma_ing_61,TAR_189
Anemarrhenae_rhizoma_ing_61,TAR_170
Anemarrhenae_rhizoma_ing_61,TAR_345
Anemarrhenae_rhizoma_ing_15,TAR_299
Anemarrhenae_rhizoma_ing_15,TAR_158
Anemarrhenae_rhizoma_ing_15,TAR_408
Anemarrhenae_rhizoma_ing_15,TAR_461
Anemarrhenae_rhizoma_ing_15,TAR_372
Anemarrhenae_rhizoma_ing_15,TAR_447
Anemarrhenae_rhizoma_ing_15,TAR_353
Anemarrhenae_rhizoma_ing_15,TAR_323
Anemarrhenae_rhizoma_ing_15,TAR_14
Anemarrhenae_rhizoma_ing_77,TAR_136
Anemarrhenae_rhizoma_ing_77,TAR_496
Anemarrhenae_rhizoma_ing_77,TAR_336
Anemarrhenae_rhizoma_ing_77,TAR_401
Anemarrhenae_rhizoma_ing_77,TAR_498
Anemarrhenae_rhizoma_ing_77,TAR_398
Anemarrhenae_rhizoma_ing_77,TAR_297
Anemarrhenae_rhizoma_ing_77,TAR_296
Anemarrhenae_rhizoma_ing_77,TAR_117
Anemarrhenae_rhizoma_ing_77,TAR_370
Anemarrhenae_rhizoma_ing_7,TAR_246
Anemarrhenae_rhizoma_ing_7,TAR_88
Anemarrhenae_rhizoma_ing_7,TAR_269
Anemarrhenae_rhizoma_ing_7,TAR_323
Anemarrhenae_rhizoma_ing_7,TAR_370
Anemarrhenae_rhizoma_ing_7,TAR_318
Anemarrhenae_rhizoma_ing_7,TAR_397
Anemarrhenae_rhizoma_ing_7,TAR_431
Anemarrhenae_rhizoma_ing_7,TAR_195
Anemarrhenae_rhizoma_ing_7,TAR_76
Anemarrhenae_rhizoma_ing_7,TAR_421
Anemarrhenae_rhizoma_ing_7,TAR_349
Anemarrhenae_rhizoma_ing_32,TAR_294
Anemarrhenae_rhizoma_ing_32,TAR_486
Anemarrhenae_rhizoma_ing_32,TAR_359
Anemarrhenae_rhizoma_ing_15,TAR_10
Anemarrhenae_rhizoma_ing_15,TAR_226
Anemarrhenae_rhizoma_ing_15,TAR_161
Anemarrhenae_rhizoma_ing_15,TAR_215
Anemarrhenae_rhizoma_ing_15,TAR_78
Anemarrhenae_rhizoma_ing_15,TAR_212
Anemarrhenae_rhizoma_ing_89,TAR_211
Anemarrhenae_rhizoma_ing_89,TAR_257
Anemarrhenae_rhizoma_ing_89,TAR_397
Anemarrhenae_rhizoma_ing_89,TAR_314
Anemarrhenae_rhizoma_ing_89,TAR_472
Anemarrhenae_rhizoma_ing_89,TAR_242
Anemarrhenae_rhizoma_ing_95,TAR_362
Anemarrhenae_rhizoma_ing_95,TAR_71
Anemarrhenae_rhizoma_ing_95,TAR_266
Anemarrhenae_rhizoma_ing_27,TAR_167
Anemarrhenae_rhizoma_ing_27,TAR_340
Anemarrhenae_rhizoma_ing_27,TAR_245
Anemarrhenae_rhizoma_ing_27,TAR_270
Anemarrhenae_rhizoma_ing_27,TAR_193
Anemarrhenae_rhizoma_ing_27,TAR_161
Anemarrhenae_rhizoma_ing_27,TAR_490
Anemarrhenae_rhizoma_ing_27,TAR_89
Anemarrhenae_rhizoma_ing_27,TAR_236
Anemarrhenae_rhizoma_ing_27,TAR_468
Anemarrhenae_rhizoma_ing_27,TAR_273
Anemarrhenae_rhizoma_ing_44,TAR_182
Anemarrhenae_rhizoma_ing_44,TAR_347
Anemarrhenae_rhizoma_ing_44,TAR_396
Anemarrhenae_rhizoma_ing_44,TAR_445
Anemarrhenae_rhizoma_ing_44,TAR_370
Anemarrhenae_rhizoma_ing_44,TAR_349
Anemarrhenae_rhizoma_ing_44,TAR_330
Anemarrhenae_rhizoma_ing_44,TAR_412
Anemarrhenae_rhizoma_ing_44,TAR_355
Anemarrhenae_rhizoma_ing_44,TAR_136
Anemarrhenae_rhizoma_ing_44,TAR_313
Anemarrhenae_rhizoma_ing_62,TAR_491
Anemarrhenae_rhizoma_ing_62,TAR_127
Anemarrhenae_rhizoma_ing_62,TAR_143
Anemarrhenae_rhizoma_ing_62,TAR_286
Anemarrhenae_rhizoma_ing_62,TAR_153
Anemarrhenae_rhizoma_ing_62,TAR_116
Anemarrhenae_rhizoma_ing_39,TAR_361
Anemarrhenae_rhizoma_ing_39,TAR_107
Anemarrhenae_rhizoma_ing_39,TAR_354
Anemarrhenae_rhizoma_ing_39,TAR_361
Anemarrhenae_rhizoma_ing_39,TAR_251
Anemarrhenae_rhizoma_ing_39,TAR_163
Anemarrhenae_rhizoma_ing_39,TAR_246
Gardeniae_fructus_ing_72,TAR_148
Gardeniae_fructus_ing_72,TAR_63
Gardeniae_fructus_ing_72,TAR_294
Gardeniae_fructus_ing_72,TAR_347
Gardeniae_fructus_ing_72,TAR_279
Gardeniae_fructus_ing_72,TAR_195
Gardeniae_fructus_ing_72,TAR_459
Gardeniae_fructus_ing_51,TAR_489
Gardeniae_fructus_ing_51,TAR_396
Gardeniae_fructus_ing_51,TAR_412
Gardeniae_fructus_ing_51,TAR_75
Gardeniae_fructus_ing_51,TAR_149
Gardeniae_fructus_ing_51,TAR_22
Gardeniae_fructus_ing_51,TAR_148
Gardeniae_fructus_ing_51,TAR_490
Gardeniae_fructus_ing_92,TAR_178
Gardeniae_fructus_ing_92,TAR_474
Gardeniae_fructus_ing_92,TAR_227
Gardeniae_fructus_ing_92,TAR_336
Gardeniae_fructus_ing_33,TAR_110
Gardeniae_fructus_ing_33,TAR_104
Gardeniae_fructus_ing_33,TAR_424
Gardeniae_fructus_ing_33,TAR_276
Gardeniae_fructus_ing_33,TAR_139
Gardeniae_fructus_ing_33,TAR_478
Gardeniae_fructus_ing_33,TAR_288
Gardeniae_fructus_ing_33,TAR_357
Gardeniae_fructus_ing_33,TAR_140
Gardeniae_fructus_ing_33,TAR_71
Gardeniae_fructus_ing_14,TAR_380
Gardeniae_fructus_ing_14,TAR_301
Gardeniae_fructus_ing_14,TAR_123
Gardeniae_fructus_ing_14,TAR_125
Gardeniae_fructus_ing_14,TAR_26
Gardeniae_fructus_ing_14,TAR_343
Gardeniae_fructus_ing_14,TAR_464
Gardeniae_fructus_ing_14,TAR_272
Gardeniae_fructus_ing_14,TAR_116
Gardeniae_fructus_ing_14,TAR_327
Gardeniae_fructus_ing_14,TAR_120
Gardeniae_fructus_ing_14,TAR_27
Gardeniae_fructus_ing_13,TAR_170
Gardeniae_fructus_ing_13,TAR_368
Gardeniae_fructus_ing_13,TAR_242
Gardeniae_fructus_ing_13,TAR_52
Gardeniae_fructus_ing_13,TAR_349
Gardeniae_fructus_ing_13,TAR_395
Gardeniae_fructus_ing_13,TAR_71
Gardeniae_fructus_ing_13,TAR_3
Gardeniae_fructus_ing_13,TAR_494
Gardeniae_fructus_ing_71,TAR_209
Gardeniae_fructus_ing_71,TAR_335
Gardeniae_fructus_ing_71,TAR_479
Gardeniae_fructus_ing_71,TAR_451
Gardeniae_fructus_ing_71,TAR_450
Gardeniae_fructus_ing_61,TAR_334
Gardeniae_fructus_ing_61,TAR_103
Gardeniae_fructus_ing_61,TAR_388
Gardeniae_fructus_ing_61,TAR_494
Gardeniae_fructus_ing_61,TAR_148
Gardeniae_fructus_ing_61,TAR_165
Gardeniae_fructus_ing_61,TAR_147
Gardeniae_fructus_ing_61,TAR_331
Gardeniae_fructus_ing_61,TAR_31
Gardeniae_fructus_ing_61,TAR_465
Gardeniae_fructus_ing_99,TAR_334
Gardeniae_fructus_ing_99,TAR_294
Gardeniae_fructus_ing_99,TAR_119
Gardeniae_fructus_ing_99,TAR_274
Gardeniae_fructus_ing_95,TAR_468
Gardeniae_fructus_ing_95,TAR_472
Gardeniae_fructus_ing_95,TAR_90
Carthami_flos_ing_23,TAR_429
Carthami_flos_ing_23,TAR_204
Carthami_flos_ing_23,TAR_404
Carthami_flos_ing_64,TAR_480
Carthami_flos_ing_64,TAR_384
Carthami_flos_ing_64,TAR_493
Carthami_flos_ing_64,TAR_447
Carthami_flos_ing_64,TAR_475
Carthami_flos_ing_38,TAR_5
Carthami_flos_ing_38,TAR_153
Carthami_flos_ing_38,TAR_291
Carthami_flos_ing_78,TAR_476
Carthami_flos_ing_78,TAR_172
Carthami_flos_ing_78,TAR_146
Carthami_flos_ing_78,TAR_233
Carthami_flos_ing_83,TAR_269
Carthami_flos_ing_83,TAR_253
Carthami_flos_ing_83,TAR_456
Carthami_flos_ing_83,TAR_481
Carthami_flos_ing_83,TAR_69
Carthami_flos_ing_83,TAR_436
Carthami_flos_ing_83,TAR_259
Carthami_flos_ing_83,TAR_240
Carthami_flos_ing_83,TAR_140
Carthami_flos_ing_83,TAR_99
Carthami_flos_ing_83,TAR_415
Carthami_flos_ing_15,TAR_84
Carthami_flos_ing_15,TAR_375
Carthami_flos_ing_15,TAR_235
Carthami_flos_ing_15,TAR_332
Carthami_flos_ing_15,TAR_132
Carthami_flos_ing_15,TAR_368
Carthami_flos_ing_15,TAR_96
Carthami_flos_ing_15,TAR_8
Carthami_flos_ing_95,TAR_405
Carthami_flos_ing_95,TAR_152
Carthami_flos_ing_95,TAR_291
Carthami_flos_ing_95,TAR_346
Carthami_flos_ing_95,TAR_388
Carthami_flos_ing_95,TAR_99
Carthami_flos_ing_95,TAR_90
Carthami_flos_ing_95,TAR_313
Carthami_flos_ing_82,TAR_424
Carthami_flos_ing_82,TAR_219
Carthami_flos_ing_82,TAR_264
Carthami_flos_ing_82,TAR_168
Carthami_flos_ing_82,TAR_45
Carthami_flos_ing_82,TAR_206
Carthami_flos_ing_82,TAR_343
Carthami_flos_ing_82,TAR_49
Carthami_flos_ing_82,TAR_95
Carthami_flos_ing_18,TAR_166
Carthami_flos_ing_18,TAR_480
Carthami_flos_ing_18,TAR_128
Carthami_flos_ing_18,TAR_4
Carthami_flos_ing_18,TAR_134
Carthami_flos_ing_18,TAR_197
Carthami_flos_ing_18,TAR_121
Carthami_flos_ing_18,TAR_229
Carthami_flos_ing_18,TAR_386
Carthami_flos_ing_18,TAR_137
Carthami_flos_ing_43,TAR_299
Carthami_flos_ing_43,TAR_371
Carthami_flos_ing_43,TAR_294
Carthami_flos_ing_43,TAR_6
Carthami_flos_ing_43,TAR_134
Carthami_flos_ing_43,TAR_335
Carthami_flos_ing_43,TAR_185
Carthami_flos_ing_89,TAR_32
Carthami_flos_ing_89,TAR_342
Carthami_flos_ing_89,TAR_61
Carthami_flos_ing_89,TAR_239
Carthami_flos_ing_89,TAR_158
Carthami_flos_ing_89,TAR_82
Leonuri_herba_ing_88,TAR_473
Leonuri_herba_ing_88,TAR_459
Leonuri_herba_ing_88,TAR_455
Leonuri_herba_ing_88,TAR_361
Leonuri_herba_ing_88,TAR_395
Leonuri_herba_ing_88,TAR_160
Leonuri_herba_ing_88,TAR_354
Leonuri_herba_ing_88,TAR_61
Leonuri_herba_ing_88,TAR_328
Leonuri_herba_ing_88,TAR_470
Leonuri_herba_ing_88,TAR_482
Leonuri_herba_ing_38,TAR_315
Leonuri_herba_ing_38,TAR_114
Leonuri_herba_ing_38,TAR_113
Leonuri_herba_ing_38,TAR_491
Leonuri_herba_ing_38,TAR_69
Leonuri_herba_ing_38,TAR_245
Leonuri_herba_ing_38,TAR_79
Leonuri_herba_ing_38,TAR_233
Leonuri_herba_ing_96,TAR_192
Leonuri_herba_ing_96,TAR_213
Leonuri_herba_ing_96,TAR_360
Leonuri_herba_ing_96,TAR_282
Leonuri_herba_ing_96,TAR_468
Leonuri_herba_ing_96,TAR_242
Leonuri_herba_ing_96,TAR_388
Leonuri_herba_ing_96,TAR_276
Leonuri_herba_ing_96,TAR_411
Leonuri_herba_ing_96,TAR_341
Leonuri_herba_ing_96,TAR_423
Leonuri_herba_ing_96,TAR_112
Leonuri_herba_ing_98,TAR_349
Leonuri_herba_ing_98,TAR_387
Leonuri_herba_ing_98,TAR_306
Leonuri_herba_ing_98,TAR_448
Leonuri_herba_ing_98,TAR_404
Leonuri_herba_ing_98,TAR_42
Leonuri_herba_ing_68,TAR_271
Leonuri_herba_ing_68,TAR_361
Leonuri_herba_ing_68,TAR_186
Leonuri_herba_ing_68,TAR_40
Leonuri_herba_ing_68,TAR_470
Leonuri_herba_ing_68,TAR_289
Leonuri_herba_ing_68,TAR_58
Leonuri_herba_ing_68,TAR_32
Leonuri_herba_ing_68,TAR_425
Leonuri_herba_ing_68,TAR_281
Leonuri_herba_ing_65,TAR_294
Leonuri_herba_ing_65,TAR_275
Leonuri_herba_ing_65,TAR_77
Leonuri_herba_ing_65,TAR_85
Leonuri_herba_ing_65,TAR_168
Leonuri_herba_ing_65,TAR_438
Leonuri_herba_ing_67,TAR_60
Leonuri_herba_ing_67,TAR_349
Leonuri_herba_ing_67,TAR_106
Leonuri_herba_ing_67,TAR_368
Leonuri_herba_ing_67,TAR_299
Leonuri_herba_ing_67,TAR_251
Leonuri_herba_ing_67,TAR_47
Leonuri_herba_ing_67,TAR_461
Leonuri_herba_ing_67,TAR_262
Leonuri_herba_ing_67,TAR_229
Leonuri_herba_ing_8,TAR_68
Leonuri_herba_ing_8,TAR_263
Leonuri_herba_ing_8,TAR_213
Leonuri_herba_ing_8,TAR_234
Leonuri_herba_ing_8,TAR_289
Leonuri_herba_ing_8,TAR_30
Leonuri_herba_ing_8,TAR_287
Leonuri_herba_ing_8,TAR_237
Leonuri_herba_ing_8,TAR_345
Leonuri_herba_ing_8,TAR_414
Leonuri_herba_ing_40,TAR_203
Leonuri_herba_ing_40,TAR_131
Leonuri_herba_ing_40,TAR_419
Leonuri_herba_ing_1,TAR_297
Leonuri_herba_ing_1,TAR_38
Leonuri_herba_ing_1,TAR_24
Leonuri_herba_ing_1,TAR_217
Leonuri_herba_ing_1,TAR_177
Leonuri_herba_ing_1,TAR_359
Leonuri_herba_ing_9,TAR_31
Leonuri_herba_ing_9,TAR_479
Leonuri_herba_ing_9,TAR_458
Leonuri_herba_ing_9,TAR_36
Leonuri_herba_ing_9,TAR_479
Leonuri_herba_ing_9,TAR_242
Leonuri_herba_ing_9,TAR_17
Leonuri_herba_ing_9,TAR_147
Leonuri_herba_ing_9,TAR_210
Leonuri_herba_ing_9,TAR_93
Leonuri_herba_ing_9,TAR_394
Schisandrae_chinensis_fructus_ing_99,TAR_192
Schisandrae_chinensis_fructus_ing_99,TAR_457
Schisandrae_chinensis_fructus_ing_99,TAR_196
Schisandrae_chinensis_fructus_ing_99,TAR_230
Schisandrae_chinensis_fructus_ing_99,TAR_446
Schisandrae_chinensis_fructus_ing_99,TAR_470
Schisandrae_chinensis_fructus_ing_99,TAR_465
Schisandrae_chinensis_fructus_ing_99,TAR_194
Schisandrae_chinensis_fructus_ing_99,TAR_193
Schisandrae_chinensis_fructus_ing_11,TAR_69
Schisandrae_chinensis_fructus_ing_11,TAR_335
Schisandrae_chinensis_fructus_ing_11,TAR_441
Schisandrae_chinensis_fructus_ing_11,TAR_179
Schisandrae_chinensis_fructus_ing_11,TAR_61
Schisandrae_chinensis_fructus_ing_11,TAR_92
Schisandrae_chinensis_fructus_ing_11,TAR_276
Schisandrae_chinensis_fructus_ing_11,TAR_202
Schisandrae_chinensis_fructus_ing_11,TAR_271
Schisandrae_chinensis_fructus_ing_11,TAR_66
Schisandrae_chinensis_fructus_ing_11,TAR_373
Schisandrae_chinensis_fructus_ing_29,TAR_388
Schisandrae_chinensis_fructus_ing_29,TAR_12
Schisandrae_chinensis_fructus_ing_29,TAR_153
Schisandrae_chinensis_fructus_ing_60,TAR_218
Schisandrae_chinensis_fructus_ing_60,TAR_273
Schisandrae_chinensis_fructus_ing_60,TAR_195
Schisandrae_chinensis_fructus_ing_60,TAR_422
Schisandrae_chinensis_fructus_ing_60,TAR_118
Schisandrae_chinensis_fructus_ing_60,TAR_127
Schisandrae_chinensis_fructus_ing_60,TAR_236
Schisandrae_chinensis_fructus_ing_60,TAR_178
Schisandrae_chinensis_fructus_ing_60,TAR_80
Schisandrae_chinensis_fructus_ing_60,TAR_142
Schisandrae_chinensis_fructus_ing_60,TAR_97
Schisandrae_chinensis_fructus_ing_93,TAR_17
Schisandrae_chinensis_fructus_ing_93,TAR_415
Schisandrae_chinensis_fructus_ing_93,TAR_339
Schisandrae_chinensis_fructus_ing_93,TAR_215
Schisandrae_chinensis_fructus_ing_79,TAR_124
Schisandrae_chinensis_fructus_ing_79,TAR_106
Schisandrae_chinensis_fructus_ing_79,TAR_35
Schisandrae_chinensis_fructus_ing_13,TAR_18
Schisandrae_chinensis_fructus_ing_13,TAR_229
Schisandrae_chinensis_fructus_ing_13,TAR_307
Schisandrae_chinensis_fructus_ing_13,TAR_345
Schisandrae_chinensis_fructus_ing_13,TAR_361
Schisandrae_chinensis_fructus_ing_13,TAR_447
Schisandrae_chinensis_fructus_ing_13,TAR_25
Schisandrae_chinensis_fructus_ing_13,TAR_126
Schisandrae_chinensis_fructus_ing_13,TAR_380
Schisandrae_chinensis_fructus_ing_13,TAR_23
Schisandrae_chinensis_fructus_ing_13,TAR_206
Schisandrae_chinensis_fructus_ing_13,TAR_225
Chuanxiong_rhizoma_ing_70,TAR_387
Chuanxiong_rhizoma_ing_70,TAR_443
Chuanxiong_rhizoma_ing_70,TAR_398
Chuanxiong_rhizoma_ing_70,TAR_29
Chuanxiong_rhizoma_ing_70,TAR_72
Chuanxiong_rhizoma_ing_70,TAR_258
Chuanxiong_rhizoma_ing_38,TAR_418
Chuanxiong_rhizoma_ing_38,TAR_470
Chuanxiong_rhizoma_ing_38,TAR_375
Chuanxiong_rhizoma_ing_38,TAR_295
Chuanxiong_rhizoma_ing_38,TAR_164
Chuanxiong_rhizoma_ing_38,TAR_296
Chuanxiong_rhizoma_ing_77,TAR_122
Chuanxiong_rhizoma_ing_77,TAR_155
Chuanxiong_rhizoma_ing_77,TAR_449
Chuanxiong_rhizoma_ing_77,TAR_74
Chuanxiong_rhizoma_ing_77,TAR_339
Chuanxiong_rhizoma_ing_77,TAR_267
Chuanxiong_rhizoma_ing_77,TAR_114
Chuanxiong_rhizoma_ing_77,TAR_212
Chuanxiong_rhizoma_ing_39,TAR_32
Chuanxiong_rhizoma_ing_39,TAR_286
Chuanxiong_rhizoma_ing_39,TAR_486
Chuanxiong_rhizoma_ing_39,TAR_303
Chuanxiong_rhizoma_ing_39,TAR_451
Chuanxiong_rhizoma_ing_39,TAR_377
Chuanxiong_rhizoma_ing_39,TAR_467
Chuanxiong_rhizoma_ing_23,TAR_285
Chuanxiong_rhizoma_ing_23,TAR_254
Chuanxiong_rhizoma_ing_23,TAR_25
Chuanxiong_rhizoma_ing_23,TAR_498
Chuanxiong_rhizoma_ing_23,TAR_177
Chuanxiong_rhizoma_ing_23,TAR_483
Chuanxiong_rhizoma_ing_23,TAR_330
Chuanxiong_rhizoma_ing_23,TAR_344
Chuanxiong_rhizoma_ing_23,TAR_196
Chuanxiong_rhizoma_ing_68,TAR_357
Chuanxiong_rhizoma_ing_68,TAR_214
Chuanxiong_rhizoma_ing_68,TAR_210
Chuanxiong_rhizoma_ing_68,TAR_77
Chuanxiong_rhizoma_ing_68,TAR_154
Chuanxiong_rhizoma_ing_68,TAR_193
Chuanxiong_rhizoma_ing_68,TAR_95
Chuanxiong_rhizoma_ing_68,TAR_387
Chuanxiong_rhizoma_ing_69,TAR_124
Chuanxiong_rhizoma_ing_69,TAR_435
Chuanxiong_rhizoma_ing_69,TAR_116
Chuanxiong_rhizoma_ing_69,TAR_154
Chuanxiong_rhizoma_ing_69,TAR_440
Chuanxiong_rhizoma_ing_69,TAR_363
Chuanxiong_rhizoma_ing_69,TAR_74
Chuanxiong_rhizoma_ing_69,TAR_413
Chuanxiong_rhizoma_ing_69,TAR_238
Chuanxiong_rhizoma_ing_69,TAR_469
Chuanxiong_rhizoma_ing_8,TAR_212
Chuanxiong_rhizoma_ing_8,TAR_496
Chuanxiong_rhizoma_ing_8,TAR_214
Chuanxiong_rhizoma_ing_8,TAR_286
Chuanxiong_rhizoma_ing_8,TAR_272
Chuanxiong_rhizoma_ing_8,TAR_69
Chuanxiong_rhizoma_ing_8,TAR_199
Chuanxiong_rhizoma_ing_8,TAR_125
Chuanxiong_rhizoma_ing_8,TAR_131
Chuanxiong_rhizoma_ing_8,TAR_105
Chuanxiong_rhizoma_ing_8,TAR_170
Curcumae_longae_rhizoma_ing_11,TAR_434
Curcumae_longae_rhizoma_ing_11,TAR_190
Curcumae_longae_rhizoma_ing_11,TAR_48
Curcumae_longae_rhizoma_ing_11,TAR_275
Curcumae_longae_rhizoma_ing_11,TAR_371
Curcumae_longae_rhizoma_ing_11,TAR_425
Curcumae_longae_rhizoma_ing_11,TAR_98
Curcumae_longae_rhizoma_ing_11,TAR_27
Curcumae_longae_rhizoma_ing_11,TAR_138
Curcumae_longae_rhizoma_ing_11,TAR_194
Curcumae_longae_rhizoma_ing_87,TAR_309
Curcumae_longae_rhizoma_ing_87,TAR_21
Curcumae_longae_rhizoma_ing_87,TAR_448
Curcumae_longae_rhizoma_ing_87,TAR_38
Curcumae_longae_rhizoma_ing_87,TAR_97
Curcumae_longae_rhizoma_ing_87,TAR_412
Curcumae_longae_rhizoma_ing_87,TAR_390
Curcumae_longae_rhizoma_ing_87,TAR_301
Curcumae_longae_rhizoma_ing_87,TAR_371
Curcumae_longae_rhizoma_ing_87,TAR_344
Curcumae_longae_rhizoma_ing_87,TAR_287
Curcumae_longae_rhizoma_ing_87,TAR_112
Curcumae_longae_rhizoma_ing_62,TAR_446
Curcumae_longae_rhizoma_ing_62,TAR_465
Curcumae_longae_rhizoma_ing_62,TAR_171
Curcumae_longae_rhizoma_ing_62,TAR_156
Curcumae_longae_rhizoma_ing_62,TAR_490
Curcumae_longae_rhizoma_ing_62,TAR_466
Curcumae_longae_rhizoma_ing_2,TAR_480
Curcumae_longae_rhizoma_ing_2,TAR_98
Curcumae_longae_rhizoma_ing_2,TAR_493
Curcumae_longae_rhizoma_ing_2,TAR_380
Curcumae_longae_rhizoma_ing_2,TAR_61
Curcumae_longae_rhizoma_ing_2,TAR_383
Curcumae_longae_rhizoma_ing_97,TAR_469
Curcumae_longae_rhizoma_ing_97,TAR_125
Curcumae_longae_rhizoma_ing_97,TAR_357
Curcumae_longae_rhizoma_ing_97,TAR_310
Curcumae_longae_rhizoma_ing_97,TAR_361
Curcumae_longae_rhizoma_ing_97,TAR_105
Curcumae_longae_rhizoma_ing_97,TAR_204
Curcumae_longae_rhizoma_ing_97,TAR_469
Curcumae_longae_rhizoma_ing_97,TAR_123
Curcumae_longae_rhizoma_ing_97,TAR_283
Curcumae_longae_rhizoma_ing_42,TAR_195
Curcumae_longae_rhizoma_ing_42,TAR_239
Curcumae_longae_rhizoma_ing_42,TAR_274
Curcumae_longae_rhizoma_ing_42,TAR_333
Curcumae_longae_rhizoma_ing_42,TAR_184
Curcumae_longae_rhizoma_ing_42,TAR_158
Curcumae_longae_rhizoma_ing_42,TAR_134
Curcumae_longae_rhizoma_ing_47,TAR_452
Curcumae_longae_rhizoma_ing_47,TAR_255
Curcumae_longae_rhizoma_ing_47,TAR_239
Curcumae_longae_rhizoma_ing_47,TAR_51
Curcumae_longae_rhizoma_ing_47,TAR_412
Curcumae_longae_rhizoma_ing_47,TAR_370
Curcumae_longae_rhizoma_ing_47,TAR_241
Curcumae_longae_rhizoma_ing_47,TAR_390
Curcumae_longae_rhizoma_ing_47,TAR_430
Curcumae_longae_rhizoma_ing_47,TAR_164
Curcumae_longae_rhizoma_ing_47,TAR_469
Curcumae_longae_rhizoma_ing_27,TAR_161
Curcumae_longae_rhizoma_ing_27,TAR_212
Curcumae_longae_rhizoma_ing_27,TAR_24
Curcumae_longae_rhizoma_ing_27,TAR_289
Curcumae_longae_rhizoma_ing_27,TAR_443
Curcumae_longae_rhizoma_ing_27,TAR_114
Curcumae_longae_rhizoma_ing_27,TAR_380
Curcumae_longae_rhizoma_ing_27,TAR_75
Curcumae_longae_rhizoma_ing_3,TAR_284
Curcumae_longae_rhizoma_ing_3,TAR_479
Curcumae_longae_rhizoma_ing_3,TAR_300
Curcumae_longae_rhizoma_ing_3,TAR_297
Curcumae_longae_rhizoma_ing_3,TAR_369
Curcumae_longae_rhizoma_ing_3,TAR_214
Curcumae_longae_rhizoma_ing_3,TAR_152
Curcumae_longae_rhizoma_ing_20,TAR_169
Curcumae_longae_rhizoma_ing_20,TAR_118
Curcumae_longae_rhizoma_ing_20,TAR_195
Curcumae_longae_rhizoma_ing_20,TAR_292
Curcumae_longae_rhizoma_ing_20,TAR_427
Curcumae_longae_rhizoma_ing_20,TAR_126
Curcumae_longae_rhizoma_ing_64,TAR_336
Curcumae_longae_rhizoma_ing_64,TAR_484
Curcumae_longae_rhizoma_ing_64,TAR_351
Curcumae_longae_rhizoma_ing_64,TAR_173
Curcumae_longae_rhizoma_ing_64,TAR_132
Curcumae_longae_rhizoma_ing_64,TAR_391
Curcumae_longae_rhizoma_ing_64,TAR_421
Curcumae_longae_rhizoma_ing_64,TAR_251
Curcumae_longae_rhizoma_ing_64,TAR_495
Curcumae_longae_rhizoma_ing_64,TAR_371
Curcumae_longae_rhizoma_ing_64,TAR_329
Curcumae_longae_rhizoma_ing_95,TAR_236
Curcumae_longae_rhizoma_ing_95,TAR_87
Curcumae_longae_rhizoma_ing_95,TAR_376
Curcumae_longae_rhizoma_ing_95,TAR_408
Curcumae_longae_rhizoma_ing_95,TAR_181
Curcumae_longae_rhizoma_ing_95,TAR_87
Curcumae_longae_rhizoma_ing_95,TAR_72
Curcumae_longae_rhizoma_ing_95,TAR_369
Curcumae_longae_rhizoma_ing_95,TAR_280
Curcumae_longae_rhizoma_ing_95,TAR_251
Curcumae_longae_rhizoma_ing_24,TAR_329
Curcumae_longae_rhizoma_ing_24,TAR_491
Curcumae_longae_rhizoma_ing_24,TAR_31
Curcumae_longae_rhizoma_ing_24,TAR_269
Curcumae_longae_rhizoma_ing_24,TAR_18
Curcumae_longae_rhizoma_ing_24,TAR_430
Curcumae_longae_rhizoma_ing_24,TAR_434
Curcumae_longae_rhizoma_ing_24,TAR_39
Curcumae_longae_rhizoma_ing_24,TAR_484
Curcumae_longae_rhizoma_ing_24,TAR_419
Curcumae_longae_rhizoma_ing_24,TAR_343
Curcumae_longae_rhizoma_ing_7,TAR_212
Curcumae_longae_rhizoma_ing_7,TAR_71
Curcumae_longae_rhizoma_ing_7,TAR_432
Curcumae_longae_rhizoma_ing_81,TAR_35
Curcumae_longae_rhizoma_ing_81,TAR_363
Curcumae_longae_rhizoma_ing_81,TAR_78
Curcumae_longae_rhizoma_ing_81,TAR_5
Curcumae_longae_rhizoma_ing_81,TAR_112
Curcumae_longae_rhizoma_ing_81,TAR_259
Zingiberis_rhizoma_recens_ing_48,TAR_317
Zingiberis_rhizoma_recens_ing_48,TAR_327
Zingiberis_rhizoma_recens_ing_48,TAR_342
Zingiberis_rhizoma_recens_ing_79,TAR_338
Zingiberis_rhizoma_recens_ing_79,TAR_250
Zingiberis_rhizoma_recens_ing_79,TAR_9
Zingiberis_rhizoma_recens_ing_79,TAR_4
Zingiberis_rhizoma_recens_ing_79,TAR_273
Zingiberis_rhizoma_recens_ing_79,TAR_283
Zingiberis_rhizoma_recens_ing_79,TAR_211
Zingiberis_rhizoma_recens_ing_79,TAR_7
Zingiberis_rhizoma_recens_ing_79,TAR_9
Zingiberis_rhizoma_recens_ing_79,TAR_272
Zingiberis_rhizoma_recens_ing_93,TAR_275
Zingiberis_rhizoma_recens_ing_93,TAR_147
Zingiberis_rhizoma_recens_ing_93,TAR_9
Zingiberis_rhizoma_recens_ing_93,TAR_258
Zingiberis_rhizoma_recens_ing_93,TAR_417
Zingiberis_rhizoma_recens_ing_93,TAR_358
Zingiberis_rhizoma_recens_ing_93,TAR_346
Zingiberis_rhizoma_recens_ing_56,TAR_55
Zingiberis_rhizoma_recens_ing_56,TAR_471
Zingiberis_rhizoma_recens_ing_56,TAR_50
Zingiberis_rhizoma_recens_ing_56,TAR_269
Zingiberis_rhizoma_recens_ing_56,TAR_77
Zingiberis_rhizoma_recens_ing_31,TAR_318
Zingiberis_rhizoma_recens_ing_31,TAR_270
Zingiberis_rhizoma_recens_ing_31,TAR_130
Zingiberis_rhizoma_recens_ing_31,TAR_418
Zingiberis_rhizoma_recens_ing_31,TAR_182
Zingiberis_rhizoma_recens_ing_31,TAR_137
Zingiberis_rhizoma_recens_ing_51,TAR_192
Zingiberis_rhizoma_recens_ing_51,TAR_492
Zingiberis_rhizoma_recens_ing_51,TAR_208
Zingiberis_rhizoma_recens_ing_51,TAR_236
Zingiberis_rhizoma_recens_ing_73,TAR_357
Zingiberis_rhizoma_recens_ing_73,TAR_116
Zingiberis_rhizoma_recens_ing_73,TAR_154
Zingiberis_rhizoma_recens_ing_73,TAR_351
Zingiberis_rhizoma_recens_ing_73,TAR_424
Zingiberis_rhizoma_recens_ing_73,TAR_435
Zingiberis_rhizoma_recens_ing_11,TAR_48
Zingiberis_rhizoma_recens_ing_11,TAR_208
Zingiberis_rhizoma_recens_ing_11,TAR_195
Zingiberis_rhizoma_recens_ing_49,TAR_244
Zingiberis_rhizoma_recens_ing_49,TAR_29
Zingiberis_rhizoma_recens_ing_49,TAR_327
Zingiberis_rhizoma_recens_ing_49,TAR_5
Zingiberis_rhizoma_recens_ing_49,TAR_360
Zingiberis_rhizoma_recens_ing_49,TAR_88
Zingiberis_rhizoma_recens_ing_49,TAR_43
Zingiberis_rhizoma_recens_ing_49,TAR_256
Zingiberis_rhizoma_recens_ing_49,TAR_433
Zingiberis_rhizoma_recens_ing_49,TAR_223
Zingiberis_rhizoma_recens_ing_49,TAR_331
Zingiberis_rhizoma_recens_ing_43,TAR_440
Zingiberis_rhizoma_recens_ing_43,TAR_499
Zingiberis_rhizoma_recens_ing_43,TAR_49
Zingiberis_rhizoma_recens_ing_43,TAR_459
Zingiberis_rhizoma_recens_ing_43,TAR_271
Zingiberis_rhizoma_recens_ing_43,TAR_471
Zingiberis_rhizoma_recens_ing_43,TAR_22
Zingiberis_rhizoma_recens_ing_43,TAR_118
Zingiberis_rhizoma_recens_ing_43,TAR_109
Zingiberis_rhizoma_recens_ing_43,TAR_462
Zingiberis_rhizoma_recens_ing_43,TAR_445
Zingiberis_rhizoma_recens_ing_43,TAR_355
Zingiberis_rhizoma_recens_ing_73,TAR_139
Zingiberis_rhizoma_recens_ing_73,TAR_24
Zingiberis_rhizoma_recens_ing_73,TAR_474
Zingiberis_rhizoma_recens_ing_73,TAR_39
Zingiberis_rhizoma_recens_ing_73,TAR_351
Zingiberis_rhizoma_recens_ing_73,TAR_474
Zingiberis_rhizoma_recens_ing_73,TAR_144
Zingiberis_rhizoma_recens_ing_73,TAR_461
Zingiberis_rhizoma_recens_ing_73,TAR_279
Zingiberis_rhizoma_recens_ing_73,TAR_289
Zingiberis_rhizoma_recens_ing_85,TAR_92
Zingiberis_rhizoma_recens_ing_85,TAR_476
Zingiberis_rhizoma_recens_ing_85,TAR_436
Prunellae_spica_ing_3,TAR_301
Prunellae_spica_ing_3,TAR_74
Prunellae_spica_ing_3,TAR_386
Prunellae_spica_ing_3,TAR_421
Prunellae_spica_ing_3,TAR_365
Prunellae_spica_ing_3,TAR_421
Prunellae_spica_ing_51,TAR_154
Prunellae_spica_ing_51,TAR_84
Prunellae_spica_ing_51,TAR_289
Prunellae_spica_ing_51,TAR_124
Prunellae_spica_ing_73,TAR_347
Prunellae_spica_ing_73,TAR_460
Prunellae_spica_ing_73,TAR_277
Prunellae_spica_ing_73,TAR_170
Prunellae_spica_ing_73,TAR_197
Prunellae_spica_ing_73,TAR_387
Prunellae_spica_ing_73,TAR_379
Prunellae_spica_ing_73,TAR_72
Prunellae_spica_ing_73,TAR_405
Prunellae_spica_ing_89,TAR_257
Prunellae_spica_ing_89,TAR_382
Prunellae_spica_ing_89,TAR_499
Prunellae_spica_ing_89,TAR_178
Prunellae_spica_ing_7,TAR_224
Prunellae_spica_ing_7,TAR_119
Prunellae_spica_ing_7,TAR_430
Prunellae_spica_ing_7,TAR_39
Prunellae_spica_ing_44,TAR_394
Prunellae_spica_ing_44,TAR_315
Prunellae_spica_ing_44,TAR_489
Prunellae_spica_ing_44,TAR_305
Prunellae_spica_ing_44,TAR_204
Prunellae_spica_ing_44,TAR_497
Prunellae_spica_ing_44,TAR_397
Prunellae_spica_ing_44,TAR_168
Prunellae_spica_ing_44,TAR_16
Prunellae_spica_ing_44,TAR_325
Prunellae_spica_ing_44,TAR_140
Prunellae_spica_ing_44,TAR_402
Prunellae_spica_ing_58,TAR_117
Prunellae_spica_ing_58,TAR_183
Prunellae_spica_ing_58,TAR_284
Prunellae_spica_ing_58,TAR_482
Prunellae_spica_ing_58,TAR_193
Prunellae_spica_ing_58,TAR_222
Prunellae_spica_ing_58,TAR_96
Prunellae_spica_ing_58,TAR_349
Prunellae_spica_ing_58,TAR_300
Prunellae_spica_ing_58,TAR_339
Prunellae_spica_ing_49,TAR_396
Prunellae_spica_ing_49,TAR_317
Prunellae_spica_ing_49,TAR_152
Prunellae_spica_ing_49,TAR_409
Prunellae_spica_ing_32,TAR_43
Prunellae_spica_ing_32,TAR_138
Prunellae_spica_ing_32,TAR_79
Prunellae_spica_ing_32,TAR_195
Prunellae_spica_ing_92,TAR_379
Prunellae_spica_ing_92,TAR_200
Prunellae_spica_ing_92,TAR_163
Prunellae_spica_ing_92,TAR_185
Prunellae_spica_ing_92,TAR_55
Chrysanthemi_flos_ing_1,TAR_228
Chrysanthemi_flos_ing_1,TAR_185
Chrysanthemi_flos_ing_1,TAR_390
Chrysanthemi_flos_ing_1,TAR_139
Chrysanthemi_flos_ing_1,TAR_53
Chrysanthemi_flos_ing_1,TAR_68
Chrysanthemi_flos_ing_1,TAR_45
Chrysanthemi_flos_ing_24,TAR_230
Chrysanthemi_flos_ing_24,TAR_286
Chrysanthemi_flos_ing_24,TAR_285
Chrysanthemi_flos_ing_24,TAR_263
Chrysanthemi_flos_ing_24,TAR_209
Chrysanthemi_flos_ing_24,TAR_53
Chrysanthemi_flos_ing_24,TAR_14
Chrysanthemi_flos_ing_24,TAR_46
Chrysanthemi_flos_ing_24,TAR_182
Chrysanthemi_flos_ing_71,TAR_306
Chrysanthemi_flos_ing_71,TAR_307
Chrysanthemi_flos_ing_71,TAR_402
Chrysanthemi_flos_ing_71,TAR_167
Chrysanthemi_flos_ing_50,TAR_150
Chrysanthemi_flos_ing_50,TAR_212
Chrysanthemi_flos_ing_50,TAR_199
Chrysanthemi_flos_ing_100,TAR_372
Chrysanthemi_flos_ing_100,TAR_462
Chrysanthemi_flos_ing_100,TAR_287
Chrysanthemi_flos_ing_100,TAR_464
Chrysanthemi_flos_ing_32,TAR_267
Chrysanthemi_flos_ing_32,TAR_87
Chrysanthemi_flos_ing_32,TAR_351
Chrysanthemi_flos_ing_32,TAR_195
Chrysanthemi_flos_ing_32,TAR_87
Chrysanthemi_flos_ing_32,TAR_72
Chrysanthemi_flos_ing_32,TAR_138
Chrysanthemi_flos_ing_32,TAR_155
Chrysanthemi_flos_ing_32,TAR_138
Chrysanthemi_flos_ing_32,TAR_253
Chrysanthemi_flos_ing_32,TAR_75
Chrysanthemi_flos_ing_32,TAR_33
Lonicerae_japonicae_flos_ing_56,TAR_216
Lonicerae_japonicae_flos_ing_56,TAR_154
Lonicerae_japonicae_flos_ing_56,TAR_248
Lonicerae_japonicae_flos_ing_56,TAR_401
Lonicerae_japonicae_flos_ing_56,TAR_40
Lonicerae_japonicae_flos_ing_56,TAR_185
Lonicerae_japonicae_flos_ing_56,TAR_129
Lonicerae_japonicae_flos_ing_32,TAR_305
Lonicerae_japonicae_flos_ing_32,TAR_316
Lonicerae_japonicae_flos_ing_32,TAR_101
Lonicerae_japonicae_flos_ing_32,TAR_235
Lonicerae_japonicae_flos_ing_32,TAR_55
Lonicerae_japonicae_flos_ing_32,TAR_70
Lonicerae_japonicae_flos_ing_32,TAR_156
Lonicerae_japonicae_flos_ing_32,TAR_4
Lonicerae_japonicae_flos_ing_32,TAR_486
Lonicerae_japonicae_flos_ing_32,TAR_203
Lonicerae_japonicae_flos_ing_43,TAR_195
Lonicerae_japonicae_flos_ing_43,TAR_412
Lonicerae_japonicae_flos_ing_43,TAR_442
Lonicerae_japonicae_flos_ing_43,TAR_169
Lonicerae_japonicae_flos_ing_43,TAR_226
Lonicerae_japonicae_flos_ing_43,TAR_172
Lonicerae_japonicae_flos_ing_43,TAR_221
Lonicerae_japonicae_flos_ing_43,TAR_418
Lonicerae_japonicae_flos_ing_43,TAR_422
Lonicerae_japonicae_flos_ing_43,TAR_441
Lonicerae_japonicae_flos_ing_43,TAR_334
Lonicerae_japonicae_flos_ing_43,TAR_499
Lonicerae_japonicae_flos_ing_77,TAR_154
Lonicerae_japonicae_flos_ing_77,TAR_165
Lonicerae_japonicae_flos_ing_77,TAR_309
Lonicerae_japonicae_flos_ing_77,TAR_486
Lonicerae_japonicae_flos_ing_77,TAR_356
Lonicerae_japonicae_flos_ing_26,TAR_161
Lonicerae_japonicae_flos_ing_26,TAR_91
Lonicerae_japonicae_flos_ing_26,TAR_494
Lonicerae_japonicae_flos_ing_26,TAR_204
Lonicerae_japonicae_flos_ing_26,TAR_496
Lonicerae_japonicae_flos_ing_26,TAR_164
Lonicerae_japonicae_flos_ing_26,TAR_150
Lonicerae_japonicae_flos_ing_26,TAR_377
Lonicerae_japonicae_flos_ing_26,TAR_356
Lonicerae_japonicae_flos_ing_26,TAR_325
Lonicerae_japonicae_flos_ing_63,TAR_401
Lonicerae_japonicae_flos_ing_63,TAR_125
Lonicerae_japonicae_flos_ing_63,TAR_167
Lonicerae_japonicae_flos_ing_63,TAR_193
Lonicerae_japonicae_flos_ing_63,TAR_144
Lonicerae_japonicae_flos_ing_63,TAR_419
Lonicerae_japonicae_flos_ing_63,TAR_403
Lonicerae_japonicae_flos_ing_63,TAR_202
Lonicerae_japonicae_flos_ing_63,TAR_187
Lonicerae_japonicae_flos_ing_63,TAR_59
Lonicerae_japonicae_flos_ing_63,TAR_478
Lonicerae_japonicae_flos_ing_63,TAR_289
Lonicerae_japonicae_flos_ing_26,TAR_280
Lonicerae_japonicae_flos_ing_26,TAR_93
Lonicerae_japonicae_flos_ing_26,TAR_350
Lonicerae_japonicae_flos_ing_26,TAR_394
Lonicerae_japonicae_flos_ing_26,TAR_282
Lonicerae_japonicae_flos_ing_26,TAR_14
Lonicerae_japonicae_flos_ing_26,TAR_488
Lonicerae_japonicae_flos_ing_26,TAR_373
Lonicerae_japonicae_flos_ing_26,TAR_237
Lonicerae_japonicae_flos_ing_26,TAR_483
Lonicerae_japonicae_flos_ing_26,TAR_363
Lonicerae_japonicae_flos_ing_26,TAR_108
Forsythiae_fructus_ing_38,TAR_420
Forsythiae_fructus_ing_38,TAR_435
Forsythiae_fructus_ing_38,TAR_408
Forsythiae_fructus_ing_38,TAR_408
Forsythiae_fructus_ing_53,TAR_72
Forsythiae_fructus_ing_53,TAR_325
Forsythiae_fructus_ing_53,TAR_156
Forsythiae_fructus_ing_53,TAR_124
Forsythiae_fructus_ing_53,TAR_130
Forsythiae_fructus_ing_53,TAR_338
Forsythiae_fructus_ing_53,TAR_79
Forsythiae_fructus_ing_53,TAR_367
Forsythiae_fructus_ing_53,TAR_217
Forsythiae_fructus_ing_53,TAR_405
Forsythiae_fructus_ing_49,TAR_230
Forsythiae_fructus_ing_49,TAR_307
Forsythiae_fructus_ing_49,TAR_246
Forsythiae_fructus_ing_49,TAR_299
Forsythiae_fructus_ing_52,TAR_260
Forsythiae_fructus_ing_52,TAR_473
Forsythiae_fructus_ing_52,TAR_472
Forsythiae_fructus_ing_52,TAR_446
Forsythiae_fructus_ing_52,TAR_355
Forsythiae_fructus_ing_52,TAR_215
Forsythiae_fructus_ing_52,TAR_279
Forsythiae_fructus_ing_52,TAR_19
Forsythiae_fructus_ing_52,TAR_405
Forsythiae_fructus_ing_52,TAR_496
Forsythiae_fructus_ing_52,TAR_185
Forsythiae_fructus_ing_90,TAR_305
Forsythiae_fructus_ing_90,TAR_327
Forsythiae_fructus_ing_90,TAR_469
Forsythiae_fructus_ing_90,TAR_44
Forsythiae_fructus_ing_90,TAR_56
Forsythiae_fructus_ing_90,TAR_394
Forsythiae_fructus_ing_90,TAR_128
Forsythiae_fructus_ing_90,TAR_337
Forsythiae_fructus_ing_90,TAR_341
Forsythiae_fructus_ing_90,TAR_182
Forsythiae_fructus_ing_90,TAR_86
Forsythiae_fructus_ing_83,TAR_23
Forsythiae_fructus_ing_83,TAR_289
Forsythiae_fructus_ing_83,TAR_331
Forsythiae_fructus_ing_83,TAR_347
Forsythiae_fructus_ing_83,TAR_332
Forsythiae_fructus_ing_83,TAR_205
Forsythiae_fructus_ing_83,TAR_496
Forsythiae_fructus_ing_83,TAR_386
Forsythiae_fructus_ing_83,TAR_170
Forsythiae_fructus_ing_83,TAR_495
Forsythiae_fructus_ing_83,TAR_408
Forsythiae_fructus_ing_83,TAR_221
Forsythiae_fructus_ing_14,TAR_51
Forsythiae_fructus_ing_14,TAR_133
Forsythiae_fructus_ing_14,TAR_114
Forsythiae_fructus_ing_66,TAR_286
Forsythiae_fructus_ing_66,TAR_298
Forsythiae_fructus_ing_66,TAR_353
Forsythiae_fructus_ing_66,TAR_295
Forsythiae_fructus_ing_66,TAR_114
Forsythiae_fructus_ing_66,TAR_229
Forsythiae_fructus_ing_66,TAR_192
Forsythiae_fructus_ing_66,TAR_201
Forsythiae_fructus_ing_66,TAR_238
Forsythiae_fructus_ing_66,TAR_396
Forsythiae_fructus_ing_66,TAR_348
Forsythiae_fructus_ing_76,TAR_78
Forsythiae_fructus_ing_76,TAR_177
Forsythiae_fructus_ing_76,TAR_13
Forsythiae_fructus_ing_76,TAR_248
Forsythiae_fructus_ing_76,TAR_54
Forsythiae_fructus_ing_76,TAR_152
Forsythiae_fructus_ing_76,TAR_213
Forsythiae_fructus_ing_76,TAR_472
Forsythiae_fructus_ing_76,TAR_493
Forsythiae_fructus_ing_76,TAR_44
Forsythiae_fructus_ing_76,TAR_60
Forsythiae_fructus_ing_94,TAR_179
Forsythiae_fructus_ing_94,TAR_160
Forsythiae_fructus_ing_94,TAR_176
Forsythiae_fructus_ing_94,TAR_234
Forsythiae_fructus_ing_94,TAR_402
Forsythiae_fructus_ing_27,TAR_248
Forsythiae_fructus_ing_27,TAR_179
Forsythiae_fructus_ing_27,TAR_244
Forsythiae_fructus_ing_27,TAR_50
Forsythiae_fructus_ing_27,TAR_225
Forsythiae_fructus_ing_27,TAR_370
Forsythiae_fructus_ing_27,TAR_357
Forsythiae_fructus_ing_27,TAR_232
Forsythiae_fructus_ing_27,TAR_164
Forsythiae_fructus_ing_27,TAR_35
Forsythiae_fructus_ing_27,TAR_154
Forsythiae_fructus_ing_6,TAR_12
Forsythiae_fructus_ing_6,TAR_435
Forsythiae_fructus_ing_6,TAR_176
Forsythiae_fructus_ing_6,TAR_332
Sophorae_flavescentis_radix_ing_87,TAR_477
Sophorae_flavescentis_radix_ing_87,TAR_380
Sophorae_flavescentis_radix_ing_87,TAR_125
Sophorae_flavescentis_radix_ing_87,TAR_265
Sophorae_flavescentis_radix_ing_87,TAR_90
Sophorae_flavescentis_radix_ing_71,TAR_170
Sophorae_flavescentis_radix_ing_71,TAR_287
Sophorae_flavescentis_radix_ing_71,TAR_219
Sophorae_flavescentis_radix_ing_71,TAR_491
Sophorae_flavescentis_radix_ing_71,TAR_237
Sophorae_flavescentis_radix_ing_30,TAR_323
Sophorae_flavescentis_radix_ing_30,TAR_95
Sophorae_flavescentis_radix_ing_30,TAR_96
Sophorae_flavescentis_radix_ing_30,TAR_328
Sophorae_flavescentis_radix_ing_30,TAR_337
Sophorae_flavescentis_radix_ing_30,TAR_222
Sophorae_flavescentis_radix_ing_30,TAR_203
Sophorae_flavescentis_radix_ing_30,TAR_15
Sophorae_flavescentis_radix_ing_30,TAR_378
Sophorae_flavescentis_radix_ing_79,TAR_231
Sophorae_flavescentis_radix_ing_79,TAR_304
Sophorae_flavescentis_radix_ing_79,TAR_220
Sophorae_flavescentis_radix_ing_79,TAR_200
Sophorae_flavescentis_radix_ing_79,TAR_3
Sophorae_flavescentis_radix_ing_79,TAR_361
Sophorae_flavescentis_radix_ing_28,TAR_143
Sophorae_flavescentis_radix_ing_28,TAR_386
Sophorae_flavescentis_radix_ing_28,TAR_361
Sophorae_flavescentis_radix_ing_28,TAR_415
Sophorae_flavescentis_radix_ing_28,TAR_408
Sophorae_flavescentis_radix_ing_28,TAR_33
Sophorae_flavescentis_radix_ing_74,TAR_410
Sophorae_flavescentis_radix_ing_74,TAR_447
Sophorae_flavescentis_radix_ing_74,TAR_275
Sophorae_flavescentis_radix_ing_74,TAR_96
Trichosanthis_radix_ing_42,TAR_235
Trichosanthis_radix_ing_42,TAR_59
Trichosanthis_radix_ing_42,TAR_135
Trichosanthis_radix_ing_42,TAR_344
Trichosanthis_radix_ing_42,TAR_442
Trichosanthis_radix_ing_42,TAR_251
Trichosanthis_radix_ing_68,TAR_306
Trichosanthis_radix_ing_68,TAR_199
Trichosanthis_radix_ing_68,TAR_313
Trichosanthis_radix_ing_68,TAR_201
Trichosanthis_radix_ing_68,TAR_301
Trichosanthis_radix_ing_68,TAR_59
Trichosanthis_radix_ing_68,TAR_179
Trichosanthis_radix_ing_68,TAR_181
Trichosanthis_radix_ing_59,TAR_89
Trichosanthis_radix_ing_59,TAR_417
Trichosanthis_radix_ing_59,TAR_345
Trichosanthis_radix_ing_59,TAR_362
Trichosanthis_radix_ing_59,TAR_410
Trichosanthis_radix_ing_59,TAR_153
Trichosanthis_radix_ing_59,TAR_471
Trichosanthis_radix_ing_59,TAR_315
Trichosanthis_radix_ing_59,TAR_303
Trichosanthis_radix_ing_59,TAR_44
Trichosanthis_radix_ing_59,TAR_345
Trichosanthis_radix_ing_59,TAR_69
Trichosanthis_radix_ing_41,TAR_123
Trichosanthis_radix_ing_41,TAR_157
Trichosanthis_radix_ing_41,TAR_60
Trichosanthis_radix_ing_41,TAR_94
Trichosanthis_radix_ing_48,TAR_262
Trichosanthis_radix_ing_48,TAR_199
Trichosanthis_radix_ing_48,TAR_215
Trichosanthis_radix_ing_48,TAR_306
Trichosanthis_radix_ing_48,TAR_71
Trichosanthis_radix_ing_74,TAR_217
Trichosanthis_radix_ing_74,TAR_96
Trichosanthis_radix_ing_74,TAR_250
Trichosanthis_radix_ing_74,TAR_326
Trichosanthis_radix_ing_74,TAR_276
Trichosanthis_radix_ing_74,TAR_356
Trichosanthis_radix_ing_74,TAR_471
Trichosanthis_radix_ing_74,TAR_331
Trichosanthis_radix_ing_74,TAR_477
Trichosanthis_radix_ing_23,TAR_86
Trichosanthis_radix_ing_23,TAR_251
Trichosanthis_radix_ing_23,TAR_148
Trichosanthis_radix_ing_23,TAR_72
Trichosanthis_radix_ing_23,TAR_96
Trichosanthis_radix_ing_23,TAR_162
Trichosanthis_radix_ing_23,TAR_432
Trichosanthis_radix_ing_23,TAR_231
Trichosanthis_radix_ing_23,TAR_318
Trichosanthis_radix_ing_23,TAR_28
Trichosanthis_radix_ing_23,TAR_444
Trichosanthis_radix_ing_46,TAR_249
Trichosanthis_radix_ing_46,TAR_70
Trichosanthis_radix_ing_46,TAR_100
Trichosanthis_radix_ing_50,TAR_259
Trichosanthis_radix_ing_50,TAR_335
Trichosanthis_radix_ing_50,TAR_254
Trichosanthis_radix_ing_50,TAR_210
Trichosanthis_radix_ing_50,TAR_351
Trichosanthis_radix_ing_50,TAR_252
Trichosanthis_radix_ing_50,TAR_213
Trichosanthis_radix_ing_50,TAR_364
Trichosanthis_radix_ing_50,TAR_431
Trichosanthis_radix_ing_50,TAR_228
Trichosanthis_radix_ing_50,TAR_251
Trichosanthis_radix_ing_22,TAR_290
Trichosanthis_radix_ing_22,TAR_16
Trichosanthis_radix_ing_22,TAR_408
Trichosanthis_radix_ing_22,TAR_390
Platycodonis_radix_ing_38,TAR_141
Platycodonis_radix_ing_38,TAR_116
Platycodonis_radix_ing_38,TAR_276
Platycodonis_radix_ing_37,TAR_400
Platycodonis_radix_ing_37,TAR_235
Platycodonis_radix_ing_37,TAR_290
Platycodonis_radix_ing_37,TAR_381
Platycodonis_radix_ing_37,TAR_396
Platycodonis_radix_ing_99,TAR_282
Platycodonis_radix_ing_99,TAR_262
Platycodonis_radix_ing_99,TAR_58
Platycodonis_radix_ing_99,TAR_294
Platycodonis_radix_ing_99,TAR_59
Platycodonis_radix_ing_99,TAR_138
Platycodonis_radix_ing_99,TAR_397
Platycodonis_radix_ing_99,TAR_279
Platycodonis_radix_ing_99,TAR_422
Platycodonis_radix_ing_99,TAR_188
Platycodonis_radix_ing_70,TAR_390
Platycodonis_radix_ing_70,TAR_369
Platycodonis_radix_ing_70,TAR_226
Platycodonis_radix_ing_70,TAR_218
Platycodonis_radix_ing_70,TAR_53
Platycodonis_radix_ing_70,TAR_377
Platycodonis_radix_ing_70,TAR_425
Platycodonis_radix_ing_70,TAR_335
Platycodonis_radix_ing_70,TAR_385
Platycodonis_radix_ing_32,TAR_448
Platycodonis_radix_ing_32,TAR_17
Platycodonis_radix_ing_32,TAR_231
Platycodonis_radix_ing_32,TAR_135
Platycodonis_radix_ing_32,TAR_179
Platycodonis_radix_ing_32,TAR_442
Platycodonis_radix_ing_32,TAR_419
Platycodonis_radix_ing_12,TAR_444
Platycodonis_radix_ing_12,TAR_61
Platycodonis_radix_ing_12,TAR_398
Platycodonis_radix_ing_12,TAR_416
Platycodonis_radix_ing_12,TAR_122
Platycodonis_radix_ing_12,TAR_108
Platycodonis_radix_ing_12,TAR_416
Platycodonis_radix_ing_12,TAR_378
Platycodonis_radix_ing_12,TAR_302
Platycodonis_radix_ing_12,TAR_353
Platycodonis_radix_ing_45,TAR_324
Platycodonis_radix_ing_45,TAR_220
Platycodonis_radix_ing_45,TAR_85
Platycodonis_radix_ing_45,TAR_316
Platycodonis_radix_ing_45,TAR_72
Platycodonis_radix_ing_45,TAR_402
Platycodonis_radix_ing_45,TAR_106
Platycodonis_radix_ing_45,TAR_417
Platycodonis_radix_ing_45,TAR_106
Platycodonis_radix_ing_45,TAR_413
Platycodonis_radix_ing_45,TAR_31
Platycodonis_radix_ing_45,TAR_292
Aconiti_lateralis_preparata_radix_ing_69,TAR_306
Aconiti_lateralis_preparata_radix_ing_69,TAR_276
Aconiti_lateralis_preparata_radix_ing_69,TAR_87
Aconiti_lateralis_preparata_radix_ing_69,TAR_166
Aconiti_lateralis_preparata_radix_ing_69,TAR_361
Aconiti_lateralis_preparata_radix_ing_69,TAR_150
Aconiti_lateralis_preparata_radix_ing_69,TAR_149
Aconiti_lateralis_preparata_radix_ing_74,TAR_488
Aconiti_lateralis_preparata_radix_ing_74,TAR_440
Aconiti_lateralis_preparata_radix_ing_74,TAR_264
Aconiti_lateralis_preparata_radix_ing_74,TAR_461
Aconiti_lateralis_preparata_radix_ing_74,TAR_348
Aconiti_lateralis_preparata_radix_ing_74,TAR_418
Aconiti_lateralis_preparata_radix_ing_74,TAR_49
Aconiti_lateralis_preparata_radix_ing_18,TAR_471
Aconiti_lateralis_preparata_radix_ing_18,TAR_31
Aconiti_lateralis_preparata_radix_ing_18,TAR_142
Aconiti_lateralis_preparata_radix_ing_18,TAR_444
Aconiti_lateralis_preparata_radix_ing_18,TAR_336
Aconiti_lateralis_preparata_radix_ing_18,TAR_65
Aconiti_lateralis_preparata_radix_ing_18,TAR_360
Aconiti_lateralis_preparata_radix_ing_18,TAR_444
Aconiti_lateralis_preparata_radix_ing_18,TAR_68
Aconiti_lateralis_preparata_radix_ing_32,TAR_365
Aconiti_lateralis_preparata_radix_ing_32,TAR_165
Aconiti_lateralis_preparata_radix_ing_32,TAR_425
Aconiti_lateralis_preparata_radix_ing_32,TAR_127
Aconiti_lateralis_preparata_radix_ing_32,TAR_390
Aconiti_lateralis_preparata_radix_ing_87,TAR_251
Aconiti_lateralis_preparata_radix_ing_87,TAR_73
Aconiti_lateralis_preparata_radix_ing_87,TAR_296
Aconiti_lateralis_preparata_radix_ing_87,TAR_324
Aconiti_lateralis_preparata_radix_ing_87,TAR_138
Aconiti_lateralis_preparata_radix_ing_87,TAR_322
Aconiti_lateralis_preparata_radix_ing_87,TAR_213
Aconiti_lateralis_preparata_radix_ing_87,TAR_193
Aconiti_lateralis_preparata_radix_ing_87,TAR_232
Aconiti_lateralis_preparata_radix_ing_10,TAR_207
Aconiti_lateralis_preparata_radix_ing_10,TAR_264
Aconiti_lateralis_preparata_radix_ing_10,TAR_384
Aconiti_lateralis_preparata_radix_ing_10,TAR_143
Aconiti_lateralis_preparata_radix_ing_89,TAR_233
Aconiti_lateralis_preparata_radix_ing_89,TAR_487
Aconiti_lateralis_preparata_radix_ing_89,TAR_250
Aconiti_lateralis_preparata_radix_ing_89,TAR_168
Aconiti_lateralis_preparata_radix_ing_89,TAR_298
Aconiti_lateralis_preparata_radix_ing_89,TAR_2
Aconiti_lateralis_preparata_radix_ing_89,TAR_445
Aconiti_lateralis_preparata_radix_ing_89,TAR_397
Aconiti_lateralis_preparata_radix_ing_94,TAR_375
Aconiti_lateralis_preparata_radix_ing_94,TAR_498
Aconiti_lateralis_preparata_radix_ing_94,TAR_235
Aconiti_lateralis_preparata_radix_ing_94,TAR_326
Aconiti_lateralis_preparata_radix_ing_86,TAR_436
Aconiti_lateralis_preparata_radix_ing_86,TAR_33
Aconiti_lateralis_preparata_radix_ing_86,TAR_408
Aconiti_lateralis_preparata_radix_ing_86,TAR_274
Aconiti_lateralis_preparata_radix_ing_86,TAR_204
Aconiti_lateralis_preparata_radix_ing_86,TAR_112
Aconiti_lateralis_preparata_radix_ing_86,TAR_496
Aconiti_lateralis_preparata_radix_ing_86,TAR_220
Aconiti_lateralis_preparata_radix_ing_28,TAR_138
Aconiti_lateralis_preparata_radix_ing_28,TAR_166
Aconiti_lateralis_preparata_radix_ing_28,TAR_425
Aconiti_lateralis_preparata_radix_ing_28,TAR_146
Aconiti_lateralis_preparata_radix_ing_28,TAR_173
Aconiti_lateralis_preparata_radix_ing_28,TAR_281
Aconiti_lateralis_preparata_radix_ing_28,TAR_296
Aconiti_lateralis_preparata_radix_ing_28,TAR_67
Aconiti_lateralis_preparata_radix_ing_28,TAR_290
Aconiti_lateralis_preparata_radix_ing_28,TAR_437
Aucklandiae_radix_ing_44,TAR_24
Aucklandiae_radix_ing_44,TAR_51
Aucklandiae_radix_ing_44,TAR_321
Aucklandiae_radix_ing_59,TAR_64
Aucklandiae_radix_ing_59,TAR_476
Aucklandiae_radix_ing_59,TAR_440
Aucklandiae_radix_ing_21,TAR_234
Aucklandiae_radix_ing_21,TAR_1
Aucklandiae_radix_ing_21,TAR_491
Aucklandiae_radix_ing_21,TAR_220
Aucklandiae_radix_ing_21,TAR_104
Aucklandiae_radix_ing_21,TAR_353
Aucklandiae_radix_ing_21,TAR_466
Aucklandiae_radix_ing_21,TAR_68
Aucklandiae_radix_ing_21,TAR_452
Aucklandiae_radix_ing_21,TAR_333
Aucklandiae_radix_ing_39,TAR_448
Aucklandiae_radix_ing_39,TAR_478
Aucklandiae_radix_ing_39,TAR_449
Aucklandiae_radix_ing_39,TAR_141
Aucklandiae_radix_ing_39,TAR_48
Aucklandiae_radix_ing_84,TAR_129
Aucklandiae_radix_ing_84,TAR_43
Aucklandiae_radix_ing_84,TAR_191
Aucklandiae_radix_ing_84,TAR_341
Aucklandiae_radix_ing_84,TAR_463
Aucklandiae_radix_ing_84,TAR_333
Aucklandiae_radix_ing_84,TAR_85
Aucklandiae_radix_ing_84,TAR_27
Aucklandiae_radix_ing_51,TAR_372
Aucklandiae_radix_ing_51,TAR_359
Aucklandiae_radix_ing_51,TAR_387
Aucklandiae_radix_ing_51,TAR_120
Aucklandiae_radix_ing_51,TAR_220
Aucklandiae_radix_ing_51,TAR_336
Aucklandiae_radix_ing_51,TAR_47
Aucklandiae_radix_ing_91,TAR_1
Aucklandiae_radix_ing_91,TAR_110
Aucklandiae_radix_ing_91,TAR_245
Aucklandiae_radix_ing_91,TAR_40
Aucklandiae_radix_ing_17,TAR_116
Aucklandiae_radix_ing_17,TAR_266
Aucklandiae_radix_ing_17,TAR_349
Aucklandiae_radix_ing_17,TAR_228
Aucklandiae_radix_ing_17,TAR_5
Aucklandiae_radix_ing_17,TAR_5
Aucklandiae_radix_ing_17,TAR_357
Aucklandiae_radix_ing_17,TAR_176
Aucklandiae_radix_ing_17,TAR_419
Aucklandiae_radix_ing_17,TAR_62
Aucklandiae_radix_ing_17,TAR_441
Aucklandiae_radix_ing_17,TAR_217
Aucklandiae_radix_ing_89,TAR_245
Aucklandiae_radix_ing_89,TAR_37
Aucklandiae_radix_ing_89,TAR_118
Aucklandiae_radix_ing_89,TAR_197
Aucklandiae_radix_ing_89,TAR_46
Aucklandiae_radix_ing_94,TAR_53
Aucklandiae_radix_ing_94,TAR_161
Aucklandiae_radix_ing_94,TAR_189
Aucklandiae_radix_ing_94,TAR_452
Aucklandiae_radix_ing_39,TAR_196
Aucklandiae_radix_ing_39,TAR_397
Aucklandiae_radix_ing_39,TAR_417
Aucklandiae_radix_ing_39,TAR_386
Aucklandiae_radix_ing_39,TAR_448
Aucklandiae_radix_ing_18,TAR_36
Aucklandiae_radix_ing_18,TAR_272
Aucklandiae_radix_ing_18,TAR_289
Aucklandiae_radix_ing_18,TAR_5
Aucklandiae_radix_ing_18,TAR_313
Citri_reticulatae_pericarpium_ing_22,TAR_180
Citri_reticulatae_pericarpium_ing_22,TAR_370
Citri_reticulatae_pericarpium_ing_22,TAR_110
Citri_reticulatae_pericarpium_ing_22,TAR_322
Citri_reticulatae_pericarpium_ing_22,TAR_384
Citri_reticulatae_pericarpium_ing_22,TAR_78
Citri_reticulatae_pericarpium_ing_22,TAR_471
Citri_reticulatae_pericarpium_ing_22,TAR_211
Citri_reticulatae_pericarpium_ing_22,TAR_316
Citri_reticulatae_pericarpium_ing_22,TAR_352
Citri_reticulatae_pericarpium_ing_57,TAR_45
Citri_reticulatae_pericarpium_ing_57,TAR_460
Citri_reticulatae_pericarpium_ing_57,TAR_52
Citri_reticulatae_pericarpium_ing_57,TAR_72
Citri_reticulatae_pericarpium_ing_57,TAR_386
Citri_reticulatae_pericarpium_ing_57,TAR_64
Citri_reticulatae_pericarpium_ing_76,TAR_180
Citri_reticulatae_pericarpium_ing_76,TAR_494
Citri_reticulatae_pericarpium_ing_76,TAR_220
Citri_reticulatae_pericarpium_ing_76,TAR_162
Citri_reticulatae_pericarpium_ing_76,TAR_406
Citri_reticulatae_pericarpium_ing_76,TAR_72
Citri_reticulatae_pericarpium_ing_76,TAR_127
Citri_reticulatae_pericarpium_ing_76,TAR_142
Citri_reticulatae_pericarpium_ing_76,TAR_331
Citri_reticulatae_pericarpium_ing_11,TAR_284
Citri_reticulatae_pericarpium_ing_11,TAR_308
Citri_reticulatae_pericarpium_ing_11,TAR_308
Citri_reticulatae_pericarpium_ing_11,TAR_370
Citri_reticulatae_pericarpium_ing_11,TAR_312
Citri_reticulatae_pericarpium_ing_11,TAR_146
Citri_reticulatae_pericarpium_ing_100,TAR_435
Citri_reticulatae_pericarpium_ing_100,TAR_434
Citri_reticulatae_pericarpium_ing_100,TAR_338
Citri_reticulatae_pericarpium_ing_39,TAR_266
Citri_reticulatae_pericarpium_ing_39,TAR_311
Citri_reticulatae_pericarpium_ing_39,TAR_261
Citri_reticulatae_pericarpium_ing_39,TAR_97
Citri_reticulatae_pericarpium_ing_39,TAR_383
Citri_reticulatae_pericarpium_ing_39,TAR_201
Citri_reticulatae_pericarpium_ing_38,TAR_402
Citri_reticulatae_pericarpium_ing_38,TAR_460
Citri_reticulatae_pericarpium_ing_38,TAR_407
Citri_reticulatae_pericarpium_ing_31,TAR_198
Citri_reticulatae_pericarpium_ing_31,TAR_58
Citri_reticulatae_pericarpium_ing_31,TAR_124
Citri_reticulatae_pericarpium_ing_31,TAR_256
Citri_reticulatae_pericarpium_ing_31,TAR_327
Citri_reticulatae_pericarpium_ing_31,TAR_305
Citri_reticulatae_pericarpium_ing_31,TAR_37
Citri_reticulatae_pericarpium_ing_31,TAR_271
Citri_reticulatae_pericarpium_ing_31,TAR_456
Citri_reticulatae_pericarpium_ing_31,TAR_7
Citri_reticulatae_pericarpium_ing_47,TAR_68
Citri_reticulatae_pericarpium_ing_47,TAR_199
Citri_reticulatae_pericarpium_ing_47,TAR_441
Citri_reticulatae_pericarpium_ing_47,TAR_430
Citri_reticulatae_pericarpium_ing_47,TAR_292
Citri_reticulatae_pericarpium_ing_47,TAR_216
Citri_reticulatae_pericarpium_ing_47,TAR_188
Citri_reticulatae_pericarpium_ing_47,TAR_280
Citri_reticulatae_pericarpium_ing_88,TAR_391
Citri_reticulatae_pericarpium_ing_88,TAR_242
Citri_reticulatae_pericarpium_ing_88,TAR_489
Citri_reticulatae_pericarpium_ing_88,TAR_395
Citri_reticulatae_pericarpium_ing_88,TAR_38
Citri_reticulatae_pericarpium_ing_3,TAR_35
Citri_reticulatae_pericarpium_ing_3,TAR_8
Citri_reticulatae_pericarpium_ing_3,TAR_135
Citri_reticulatae_pericarpium_ing_3,TAR_111
Citri_reticulatae_pericarpium_ing_3,TAR_21
Citri_reticulatae_pericarpium_ing_3,TAR_473
Citri_reticulatae_pericarpium_ing_3,TAR_31
Citri_reticulatae_pericarpium_ing_3,TAR_486
Citri_reticulatae_pericarpium_ing_3,TAR_405
Citri_reticulatae_pericarpium_ing_3,TAR_204
Citri_reticulatae_pericarpium_ing_3,TAR_260
Citri_reticulatae_pericarpium_ing_3,TAR_147
Citri_reticulatae_pericarpium_ing_81,TAR_393
Citri_reticulatae_pericarpium_ing_81,TAR_213
Citri_reticulatae_pericarpium_ing_81,TAR_217
Citri_reticulatae_pericarpium_ing_81,TAR_360
Citri_reticulatae_pericarpium_ing_81,TAR_206
Citri_reticulatae_pericarpium_ing_81,TAR_43
Citri_reticulatae_pericarpium_ing_81,TAR_328
Citri_reticulatae_pericarpium_ing_81,TAR_275
Citri_reticulatae_pericarpium_ing_81,TAR_276
Citri_reticulatae_pericarpium_ing_81,TAR_316
Citri_reticulatae_pericarpium_ing_81,TAR_79
Citri_reticulatae_pericarpium_ing_36,TAR_159
Citri_reticulatae_pericarpium_ing_36,TAR_41
Citri_reticulatae_pericarpium_ing_36,TAR_262
Citri_reticulatae_pericarpium_ing_36,TAR_472
Citri_reticulatae_pericarpium_ing_27,TAR_275
Citri_reticulatae_pericarpium_ing_27,TAR_168
Citri_reticulatae_pericarpium_ing_27,TAR_201
Citri_reticulatae_pericarpium_ing_27,TAR_301
Citri_reticulatae_pericarpium_ing_27,TAR_325
Citri_reticulatae_pericarpium_ing_98,TAR_159
Citri_reticulatae_pericarpium_ing_98,TAR_358
Citri_reticulatae_pericarpium_ing_98,TAR_224
Citri_reticulatae_pericarpium_ing_98,TAR_374
Nelumbinis_semen_ing_8,TAR_45
Nelumbinis_semen_ing_8,TAR_474
Nelumbinis_semen_ing_8,TAR_223
Nelumbinis_semen_ing_8,TAR_60
Nelumbinis_semen_ing_8,TAR_233
Nelumbinis_semen_ing_8,TAR_314
Nelumbinis_semen_ing_78,TAR_159
Nelumbinis_semen_ing_78,TAR_342
Nelumbinis_semen_ing_78,TAR_380
Nelumbinis_semen_ing_85,TAR_62
Nelumbinis_semen_ing_85,TAR_7
Nelumbinis_semen_ing_85,TAR_363
Nelumbinis_semen_ing_85,TAR_71
Nelumbinis_semen_ing_85,TAR_360
Nelumbinis_semen_ing_2,TAR_255
Nelumbinis_semen_ing_2,TAR_488
Nelumbinis_semen_ing_2,TAR_178
Nelumbinis_semen_ing_2,TAR_268
Nelumbinis_semen_ing_2,TAR_265
Nelumbinis_semen_ing_93,TAR_86
Nelumbinis_semen_ing_93,TAR_191
Nelumbinis_semen_ing_93,TAR_65
Nelumbinis_semen_ing_93,TAR_384
Nelumbinis_semen_ing_93,TAR_400
Nelumbinis_semen_ing_93,TAR_448
Nelumbinis_semen_ing_93,TAR_138
Nelumbinis_semen_ing_94,TAR_395
Nelumbinis_semen_ing_94,TAR_461
Nelumbinis_semen_ing_94,TAR_16
Nelumbinis_semen_ing_94,TAR_172
Nelumbinis_semen_ing_55,TAR_269
Nelumbinis_semen_ing_55,TAR_33
Nelumbinis_semen_ing_55,TAR_135
Nelumbinis_semen_ing_55,TAR_365
Nelumbinis_semen_ing_55,TAR_500
Nelumbinis_semen_ing_55,TAR_296
Nelumbinis_semen_ing_55,TAR_322
Nelumbinis_semen_ing_10,TAR_234
Nelumbinis_semen_ing_10,TAR_262
Nelumbinis_semen_ing_10,TAR_185
Nelumbinis_semen_ing_10,TAR_29
Nelumbinis_semen_ing_10,TAR_256
Nelumbinis_semen_ing_10,TAR_440
Nelumbinis_semen_ing_10,TAR_291
Nelumbinis_semen_ing_10,TAR_86
Nelumbinis_semen_ing_10,TAR_189
Nelumbinis_semen_ing_10,TAR_81
Ecliptae_herba_ing_99,TAR_458
Ecliptae_herba_ing_99,TAR_294
Ecliptae_herba_ing_99,TAR_346
Ecliptae_herba_ing_99,TAR_371
Ecliptae_herba_ing_15,TAR_380
Ecliptae_herba_ing_15,TAR_261
Ecliptae_herba_ing_15,TAR_2
Ecliptae_herba_ing_15,TAR_23
Ecliptae_herba_ing_15,TAR_440
Ecliptae_herba_ing_15,TAR_442
Ecliptae_herba_ing_2,TAR_24
Ecliptae_herba_ing_2,TAR_242
Ecliptae_herba_ing_2,TAR_187
Ecliptae_herba_ing_2,TAR_197
Ecliptae_herba_ing_2,TAR_472
Ecliptae_herba_ing_2,TAR_77
Ecliptae_herba_ing_23,TAR_284
Ecliptae_herba_ing_23,TAR_412
Ecliptae_herba_ing_23,TAR_468
Ecliptae_herba_ing_92,TAR_115
Ecliptae_herba_ing_92,TAR_165
Ecliptae_herba_ing_92,TAR_128
Ecliptae_herba_ing_92,TAR_214
Ecliptae_herba_ing_92,TAR_469
Ecliptae_herba_ing_92,TAR_369
Ecliptae_herba_ing_92,TAR_164
Ecliptae_herba_ing_92,TAR_139
Ecliptae_herba_ing_92,TAR_423
Ecliptae_herba_ing_10,TAR_191
Ecliptae_herba_ing_10,TAR_62
Ecliptae_herba_ing_10,TAR_258
Ecliptae_herba_ing_10,TAR_345
Ecliptae_herba_ing_10,TAR_462
Ecliptae_herba_ing_10,TAR_27
Ecliptae_herba_ing_10,TAR_92
Ecliptae_herba_ing_10,TAR_115
Ecliptae_herba_ing_10,TAR_412
Ecliptae_herba_ing_10,TAR_265
Ecliptae_herba_ing_10,TAR_24
Ecliptae_herba_ing_10,TAR_489
Ecliptae_herba_ing_52,TAR_450
Ecliptae_herba_ing_52,TAR_239
Ecliptae_herba_ing_52,TAR_444
Ecliptae_herba_ing_52,TAR_145
Ecliptae_herba_ing_100,TAR_168
Ecliptae_herba_ing_100,TAR_45
Ecliptae_herba_ing_100,TAR_284
Ecliptae_herba_ing_100,TAR_234
Ecliptae_herba_ing_100,TAR_5
Ecliptae_herba_ing_100,TAR_189
Ecliptae_herba_ing_100,TAR_103
Ecliptae_herba_ing_38,TAR_402
Ecliptae_herba_ing_38,TAR_156
Ecliptae_herba_ing_38,TAR_379
Ecliptae_herba_ing_38,TAR_319
Ecliptae_herba_ing_38,TAR_125
Ecliptae_herba_ing_38,TAR_238
Ecliptae_herba_ing_38,TAR_189
Ecliptae_herba_ing_38,TAR_303
Ecliptae_herba_ing_38,TAR_498
Ecliptae_herba_ing_38,TAR_253
Ecliptae_herba_ing_38,TAR_396
Ecliptae_herba_ing_38,TAR_398
Lycii_fructus_ing_94,TAR_390
Lycii_fructus_ing_94,TAR_408
Lycii_fructus_ing_94,TAR_126
Lycii_fructus_ing_94,TAR_78
Lycii_fructus_ing_94,TAR_4
Lycii_fructus_ing_94,TAR_478
Lycii_fructus_ing_94,TAR_210
Lycii_fructus_ing_94,TAR_13
Lycii_fructus_ing_94,TAR_120
Lycii_fructus_ing_94,TAR_278
Lycii_fructus_ing_94,TAR_178
Lycii_fructus_ing_82,TAR_487
Lycii_fructus_ing_82,TAR_172
Lycii_fructus_ing_82,TAR_1
Lycii_fructus_ing_98,TAR_435
Lycii_fructus_ing_98,TAR_378
Lycii_fructus_ing_98,TAR_373
Lycii_fructus_ing_98,TAR_158
Lycii_fructus_ing_98,TAR_54
Lycii_fructus_ing_98,TAR_106
Lycii_fructus_ing_98,TAR_272
Lycii_fructus_ing_98,TAR_122
Lycii_fructus_ing_98,TAR_215
Lycii_fructus_ing_63,TAR_498
Lycii_fructus_ing_63,TAR_73
Lycii_fructus_ing_63,TAR_365
Lycii_fructus_ing_36,TAR_23
Lycii_fructus_ing_36,TAR_472
Lycii_fructus_ing_36,TAR_119
Lycii_fructus_ing_36,TAR_460
Lycii_fructus_ing_67,TAR_359
Lycii_fructus_ing_67,TAR_459
Lycii_fructus_ing_67,TAR_191
Lycii_fructus_ing_67,TAR_235
Lycii_fructus_ing_67,TAR_499
Lycii_fructus_ing_67,TAR_383
Lycii_fructus_ing_67,TAR_44
Lycii_fructus_ing_67,TAR_298
Lycii_fructus_ing_67,TAR_49
Lycii_fructus_ing_65,TAR_327
Lycii_fructus_ing_65,TAR_420
Lycii_fructus_ing_65,TAR_202
Lycii_fructus_ing_65,TAR_39
Lycii_fructus_ing_65,TAR_304
Lycii_fructus_ing_73,TAR_223
Lycii_fructus_ing_73,TAR_340
Lycii_fructus_ing_73,TAR_494
Ophiopogonis_radix_ing_31,TAR_134
Ophiopogonis_radix_ing_31,TAR_436
Ophiopogonis_radix_ing_31,TAR_162
Ophiopogonis_radix_ing_31,TAR_475
Ophiopogonis_radix_ing_31,TAR_411
Ophiopogonis_radix_ing_31,TAR_202
Ophiopogonis_radix_ing_31,TAR_359
Ophiopogonis_radix_ing_95,TAR_163
Ophiopogonis_radix_ing_95,TAR_232
Ophiopogonis_radix_ing_95,TAR_140
Ophiopogonis_radix_ing_95,TAR_120
Ophiopogonis_radix_ing_95,TAR_39
Ophiopogonis_radix_ing_95,TAR_484
Ophiopogonis_radix_ing_95,TAR_104
Ophiopogonis_radix_ing_95,TAR_70
Ophiopogonis_radix_ing_100,TAR_56
Ophiopogonis_radix_ing_100,TAR_80
Ophiopogonis_radix_ing_100,TAR_55
Ophiopogonis_radix_ing_100,TAR_85
Ophiopogonis_radix_ing_100,TAR_231
Ophiopogonis_radix_ing_100,TAR_239
Ophiopogonis_radix_ing_100,TAR_161
Ophiopogonis_radix_ing_100,TAR_209
Ophiopogonis_radix_ing_100,TAR_62
Ophiopogonis_radix_ing_100,TAR_275
Ophiopogonis_radix_ing_100,TAR_184
Ophiopogonis_radix_ing_100,TAR_494
Ophiopogonis_radix_ing_99,TAR_232
Ophiopogonis_radix_ing_99,TAR_158
Ophiopogonis_radix_ing_99,TAR_238
Ophiopogonis_radix_ing_99,TAR_136
Ophiopogonis_radix_ing_99,TAR_437
Ophiopogonis_radix_ing_99,TAR_62
Ophiopogonis_radix_ing_12,TAR_414
Ophiopogonis_radix_ing_12,TAR_352
Ophiopogonis_radix_ing_12,TAR_156
Ophiopogonis_radix_ing_12,TAR_424
Ophiopogonis_radix_ing_12,TAR_361
Ophiopogonis_radix_ing_90,TAR_21
Ophiopogonis_radix_ing_90,TAR_111
Ophiopogonis_radix_ing_90,TAR_428
Ophiopogonis_radix_ing_90,TAR_439
Ophiopogonis_radix_ing_90,TAR_168
Ophiopogonis_radix_ing_90,TAR_76
Ophiopogonis_radix_ing_90,TAR_47
Ophiopogonis_radix_ing_90,TAR_365
Ophiopogonis_radix_ing_90,TAR_128
Ophiopogonis_radix_ing_90,TAR_496
Ophiopogonis_radix_ing_90,TAR_183
Ophiopogonis_radix_ing_90,TAR_203
Ophiopogonis_radix_ing_66,TAR_347
Ophiopogonis_radix_ing_66,TAR_154
Ophiopogonis_radix_ing_66,TAR_134
Polygonati_rhizoma_ing_4,TAR_438
Polygonati_rhizoma_ing_4,TAR_232
Polygonati_rhizoma_ing_4,TAR_285
Polygonati_rhizoma_ing_4,TAR_384
Polygonati_rhizoma_ing_4,TAR_282
Polygonati_rhizoma_ing_4,TAR_128
Polygonati_rhizoma_ing_4,TAR_49
Polygonati_rhizoma_ing_4,TAR_237
Polygonati_rhizoma_ing_4,TAR_53
Polygonati_rhizoma_ing_18,TAR_7
Polygonati_rhizoma_ing_18,TAR_32
Polygonati_rhizoma_ing_18,TAR_426
Polygonati_rhizoma_ing_18,TAR_400
Polygonati_rhizoma_ing_29,TAR_102
Polygonati_rhizoma_ing_29,TAR_422
Polygonati_rhizoma_ing_29,TAR_206
Polygonati_rhizoma_ing_29,TAR_191
Polygonati_rhizoma_ing_29,TAR_352
Polygonati_rhizoma_ing_81,TAR_299
Polygonati_rhizoma_ing_81,TAR_301
Polygonati_rhizoma_ing_81,TAR_133
Polygonati_rhizoma_ing_81,TAR_470
Polygonati_rhizoma_ing_10,TAR_34
Polygonati_rhizoma_ing_10,TAR_102
Polygonati_rhizoma_ing_10,TAR_463
Polygonati_rhizoma_ing_83,TAR_415
Polygonati_rhizoma_ing_83,TAR_66
Polygonati_rhizoma_ing_83,TAR_48
Polygonati_rhizoma_ing_83,TAR_464
Polygonati_rhizoma_ing_83,TAR_434
Polygonati_rhizoma_ing_83,TAR_425
Polygonati_rhizoma_ing_83,TAR_415
Polygonati_rhizoma_ing_83,TAR_170
Polygonati_rhizoma_ing_83,TAR_63
Polygonati_rhizoma_ing_83,TAR_22
Polygonati_rhizoma_ing_60,TAR_87
Polygonati_rhizoma_ing_60,TAR_474
Polygonati_rhizoma_ing_60,TAR_294
Ginkgo_biloba_folium_ing_93,TAR_255
Ginkgo_biloba_folium_ing_93,TAR_16
Ginkgo_biloba_folium_ing_93,TAR_196
Ginkgo_biloba_folium_ing_93,TAR_350
Ginkgo_biloba_folium_ing_93,TAR_219
Ginkgo_biloba_folium_ing_93,TAR_89
Ginkgo_biloba_folium_ing_93,TAR_182
Ginkgo_biloba_folium_ing_93,TAR_110
Ginkgo_biloba_folium_ing_93,TAR_466
Ginkgo_biloba_folium_ing_24,TAR_144
Ginkgo_biloba_folium_ing_24,TAR_229
Ginkgo_biloba_folium_ing_24,TAR_453
Ginkgo_biloba_folium_ing_24,TAR_77
Ginkgo_biloba_folium_ing_24,TAR_18
Ginkgo_biloba_folium_ing_24,TAR_315
Ginkgo_biloba_folium_ing_24,TAR_318
Ginkgo_biloba_folium_ing_79,TAR_332
Ginkgo_biloba_folium_ing_79,TAR_152
Ginkgo_biloba_folium_ing_79,TAR_256
Ginkgo_biloba_folium_ing_79,TAR_211
Ginkgo_biloba_folium_ing_79,TAR_452
Ginkgo_biloba_folium_ing_79,TAR_282
Ginkgo_biloba_folium_ing_62,TAR_45
Ginkgo_biloba_folium_ing_62,TAR_144
Ginkgo_biloba_folium_ing_62,TAR_197
Ginkgo_biloba_folium_ing_18,TAR_103
Ginkgo_biloba_folium_ing_18,TAR_330
Ginkgo_biloba_folium_ing_18,TAR_453
Ginkgo_biloba_folium_ing_18,TAR_409
Ginkgo_biloba_folium_ing_18,TAR_270
Ginkgo_biloba_folium_ing_18,TAR_128
Ginkgo_biloba_folium_ing_18,TAR_323
Ginkgo_biloba_folium_ing_18,TAR_411
Ginkgo_biloba_folium_ing_18,TAR_279
Ginkgo_biloba_folium_ing_3,TAR_401
Ginkgo_biloba_folium_ing_3,TAR_366
Ginkgo_biloba_folium_ing_3,TAR_184
Ginkgo_biloba_folium_ing_3,TAR_246
Ginkgo_biloba_folium_ing_3,TAR_279
Ginkgo_biloba_folium_ing_3,TAR_401
Ginkgo_biloba_folium_ing_3,TAR_249
Ginkgo_biloba_folium_ing_3,TAR_177
Ginkgo_biloba_folium_ing_3,TAR_468
Ginkgo_biloba_folium_ing_73,TAR_165
Ginkgo_biloba_folium_ing_73,TAR_199
Ginkgo_biloba_folium_ing_73,TAR_139
Ginkgo_biloba_folium_ing_73,TAR_93
Ginkgo_biloba_folium_ing_73,TAR_14
Ginkgo_biloba_folium_ing_73,TAR_164
Ginkgo_biloba_folium_ing_73,TAR_306
Ginkgo_biloba_folium_ing_73,TAR_113
Ginkgo_biloba_folium_ing_73,TAR_16
Ginkgo_biloba_folium_ing_73,TAR_459
Ginkgo_biloba_folium_ing_73,TAR_416
Ginkgo_biloba_folium_ing_100,TAR_30
Ginkgo_biloba_folium_ing_100,TAR_415
Ginkgo_biloba_folium_ing_100,TAR_242
Ginkgo_biloba_folium_ing_100,TAR_272
Ginkgo_biloba_folium_ing_100,TAR_184
Ginkgo_biloba_folium_ing_100,TAR_393
Ginkgo_biloba_folium_ing_100,TAR_300
Ginkgo_biloba_folium_ing_30,TAR_52
Ginkgo_biloba_folium_ing_30,TAR_127
Ginkgo_biloba_folium_ing_30,TAR_337
Ginkgo_biloba_folium_ing_30,TAR_124
Ginkgo_biloba_folium_ing_30,TAR_137
Ginkgo_biloba_folium_ing_69,TAR_392
Ginkgo_biloba_folium_ing_69,TAR_486
Ginkgo_biloba_folium_ing_69,TAR_113
Ginkgo_biloba_folium_ing_74,TAR_182
Ginkgo_biloba_folium_ing_74,TAR_479
Ginkgo_biloba_folium_ing_74,TAR_430
Ginkgo_biloba_folium_ing_74,TAR_433
Ginkgo_biloba_folium_ing_74,TAR_89
Ginkgo_biloba_folium_ing_74,TAR_91
Ginkgo_biloba_folium_ing_74,TAR_122
Ginkgo_biloba_folium_ing_74,TAR_304
Ginkgo_biloba_folium_ing_74,TAR_163
Uncariae_ramulus_cum_uncis_ing_76,TAR_361
Uncariae_ramulus_cum_uncis_ing_76,TAR_359
Uncariae_ramulus_cum_uncis_ing_76,TAR_181
Uncariae_ramulus_cum_uncis_ing_73,TAR_73
Uncariae_ramulus_cum_uncis_ing_73,TAR_289
Uncariae_ramulus_cum_uncis_ing_73,TAR_486
Uncariae_ramulus_cum_uncis_ing_73,TAR_97
Uncariae_ramulus_cum_uncis_ing_73,TAR_429
Uncariae_ramulus_cum_uncis_ing_73,TAR_415
Uncariae_ramulus_cum_uncis_ing_73,TAR_452
Uncariae_ramulus_cum_uncis_ing_73,TAR_497
Uncariae_ramulus_cum_uncis_ing_73,TAR_253
Uncariae_ramulus_cum_uncis_ing_73,TAR_278
Uncariae_ramulus_cum_uncis_ing_73,TAR_159
Uncariae_ramulus_cum_uncis_ing_73,TAR_90
Uncariae_ramulus_cum_uncis_ing_63,TAR_47
Uncariae_ramulus_cum_uncis_ing_63,TAR_29
Uncariae_ramulus_cum_uncis_ing_63,TAR_120
Uncariae_ramulus_cum_uncis_ing_78,TAR_11
Uncariae_ramulus_cum_uncis_ing_78,TAR_270
Uncariae_ramulus_cum_uncis_ing_78,TAR_245
Uncariae_ramulus_cum_uncis_ing_78,TAR_1
Uncariae_ramulus_cum_uncis_ing_78,TAR_170
Uncariae_ramulus_cum_uncis_ing_78,TAR_470
Uncariae_ramulus_cum_uncis_ing_79,TAR_413
Uncariae_ramulus_cum_uncis_ing_79,TAR_67
Uncariae_ramulus_cum_uncis_ing_79,TAR_175
Uncariae_ramulus_cum_uncis_ing_79,TAR_368
Uncariae_ramulus_cum_uncis_ing_79,TAR_91
Uncariae_ramulus_cum_uncis_ing_79,TAR_471
Uncariae_ramulus_cum_uncis_ing_42,TAR_12
Uncariae_ramulus_cum_uncis_ing_42,TAR_76
Uncariae_ramulus_cum_uncis_ing_42,TAR_301
Uncariae_ramulus_cum_uncis_ing_91,TAR_397
Uncariae_ramulus_cum_uncis_ing_91,TAR_57
Uncariae_ramulus_cum_uncis_ing_91,TAR_434
Uncariae_ramulus_cum_uncis_ing_91,TAR_270
Uncariae_ramulus_cum_uncis_ing_91,TAR_441
Uncariae_ramulus_cum_uncis_ing_47,TAR_192
Uncariae_ramulus_cum_uncis_ing_47,TAR_361
Uncariae_ramulus_cum_uncis_ing_47,TAR_483
Uncariae_ramulus_cum_uncis_ing_47,TAR_340
Uncariae_ramulus_cum_uncis_ing_51,TAR_52
Uncariae_ramulus_cum_uncis_ing_51,TAR_173
Uncariae_ramulus_cum_uncis_ing_51,TAR_155
Uncariae_ramulus_cum_uncis_ing_51,TAR_166
Uncariae_ramulus_cum_uncis_ing_51,TAR_70
Uncariae_ramulus_cum_uncis_ing_51,TAR_500
Uncariae_ramulus_cum_uncis_ing_51,TAR_81
Uncariae_ramulus_cum_uncis_ing_51,TAR_375
Uncariae_ramulus_cum_uncis_ing_51,TAR_486
Uncariae_ramulus_cum_uncis_ing_51,TAR_224
Uncariae_ramulus_cum_uncis_ing_51,TAR_406
Uncariae_ramulus_cum_uncis_ing_51,TAR_328
Uncariae_ramulus_cum_uncis_ing_63,TAR_90
Uncariae_ramulus_cum_uncis_ing_63,TAR_363
Uncariae_ramulus_cum_uncis_ing_63,TAR_496
Uncariae_ramulus_cum_uncis_ing_63,TAR_288
Uncariae_ramulus_cum_uncis_ing_63,TAR_356
Uncariae_ramulus_cum_uncis_ing_63,TAR_456
Uncariae_ramulus_cum_uncis_ing_63,TAR_476
Uncariae_ramulus_cum_uncis_ing_63,TAR_315
Cassiae_semen_ing_29,TAR_418
Cassiae_semen_ing_29,TAR_90
Cassiae_semen_ing_29,TAR_194
Cassiae_semen_ing_29,TAR_158
Cassiae_semen_ing_29,TAR_376
Cassiae_semen_ing_29,TAR_353
Cassiae_semen_ing_29,TAR_151
Cassiae_semen_ing_29,TAR_66
Cassiae_semen_ing_29,TAR_91
Cassiae_semen_ing_29,TAR_374
Cassiae_semen_ing_29,TAR_1
Cassiae_semen_ing_29,TAR_486
Cassiae_semen_ing_90,TAR_201
Cassiae_semen_ing_90,TAR_436
Cassiae_semen_ing_90,TAR_395
Cassiae_semen_ing_90,TAR_495
Cassiae_semen_ing_90,TAR_291
Cassiae_semen_ing_90,TAR_17
Cassiae_semen_ing_90,TAR_94
Cassiae_semen_ing_90,TAR_309
Cassiae_semen_ing_90,TAR_163
Cassiae_semen_ing_90,TAR_472
Cassiae_semen_ing_90,TAR_415
Cassiae_semen_ing_90,TAR_496
Cassiae_semen_ing_79,TAR_328
Cassiae_semen_ing_79,TAR_290
Cassiae_semen_ing_79,TAR_54
Cassiae_semen_ing_79,TAR_480
Cassiae_semen_ing_79,TAR_255
Cassiae_semen_ing_79,TAR_73
Cassiae_semen_ing_43,TAR_122
Cassiae_semen_ing_43,TAR_178
Cassiae_semen_ing_43,TAR_164
Cassiae_semen_ing_43,TAR_86
Cassiae_semen_ing_82,TAR_421
Cassiae_semen_ing_82,TAR_363
Cassiae_semen_ing_82,TAR_344
Cassiae_semen_ing_82,TAR_328
Cassiae_semen_ing_94,TAR_229
Cassiae_semen_ing_94,TAR_6
Cassiae_semen_ing_94,TAR_136
Cassiae_semen_ing_94,TAR_108
Cassiae_semen_ing_94,TAR_128
Cassiae_semen_ing_94,TAR_355
Cassiae_semen_ing_94,TAR_35
Cassiae_semen_ing_94,TAR_180
Cassiae_semen_ing_33,TAR_369
Cassiae_semen_ing_33,TAR_1
Cassiae_semen_ing_33,TAR_25
Cassiae_semen_ing_33,TAR_198
Cassiae_semen_ing_57,TAR_497
Cassiae_semen_ing_57,TAR_86
Cassiae_semen_ing_57,TAR_453
Cassiae_semen_ing_57,TAR_212
Cassiae_semen_ing_57,TAR_253
Cassiae_semen_ing_57,TAR_452
Cassiae_semen_ing_57,TAR_194
Cassiae_semen_ing_57,TAR_180
Cassiae_semen_ing_57,TAR_280
Cassiae_semen_ing_49,TAR_425
Cassiae_semen_ing_49,TAR_246
Cassiae_semen_ing_49,TAR_404
Cassiae_semen_ing_49,TAR_443
Cassiae_semen_ing_74,TAR_84
Cassiae_semen_ing_74,TAR_232
Cassiae_semen_ing_74,TAR_38
Cassiae_semen_ing_74,TAR_410
Cassiae_semen_ing_74,TAR_434
Cassiae_semen_ing_74,TAR_18
Mori_folium_ing_3,TAR_134
Mori_folium_ing_3,TAR_488
Mori_folium_ing_3,TAR_54
Mori_folium_ing_3,TAR_38
Mori_folium_ing_3,TAR_176
Mori_folium_ing_3,TAR_88
Mori_folium_ing_3,TAR_455
Mori_folium_ing_3,TAR_193
Mori_folium_ing_21,TAR_281
Mori_folium_ing_21,TAR_483
Mori_folium_ing_21,TAR_460
Mori_folium_ing_21,TAR_48
Mori_folium_ing_44,TAR_315
Mori_folium_ing_44,TAR_458
Mori_folium_ing_44,TAR_248
Mori_folium_ing_44,TAR_361
Mori_folium_ing_44,TAR_16
Mori_folium_ing_44,TAR_221
Mori_folium_ing_44,TAR_483
Mori_folium_ing_44,TAR_335
Mori_folium_ing_44,TAR_85
Mori_folium_ing_44,TAR_311
Mori_folium_ing_44,TAR_456
Mori_folium_ing_44,TAR_223
Mori_folium_ing_21,TAR_52
Mori_folium_ing_21,TAR_170
Mori_folium_ing_21,TAR_106
Mori_folium_ing_25,TAR_357
Mori_folium_ing_25,TAR_284
Mori_folium_ing_25,TAR_370
Mori_folium_ing_25,TAR_474
Mori_folium_ing_25,TAR_374
Mori_folium_ing_25,TAR_277
Mori_folium_ing_25,TAR_136
Mori_folium_ing_25,TAR_339
Mori_folium_ing_25,TAR_145
Mori_folium_ing_39,TAR_50
Mori_folium_ing_39,TAR_26
Mori_folium_ing_39,TAR_202
Mori_folium_ing_39,TAR_293
Mori_folium_ing_39,TAR_282
Mori_folium_ing_39,TAR_431
Mori_folium_ing_63,TAR_28
Mori_folium_ing_63,TAR_185
Mori_folium_ing_63,TAR_2
Mori_folium_ing_63,TAR_219
Mori_folium_ing_63,TAR_45
Mori_folium_ing_38,TAR_246
Mori_folium_ing_38,TAR_103
Mori_folium_ing_38,TAR_50
Mori_folium_ing_38,TAR_14
Mori_folium_ing_38,TAR_106
Mori_folium_ing_38,TAR_88
Mori_folium_ing_38,TAR_327
Mori_folium_ing_38,TAR_150
Mori_folium_ing_38,TAR_42
Mori_folium_ing_38,TAR_243
Mori_folium_ing_38,TAR_433
Mori_folium_ing_38,TAR_60
Mori_folium_ing_40,TAR_242
Mori_folium_ing_40,TAR_251
Mori_folium_ing_40,TAR_459
Mori_folium_ing_40,TAR_339
Mori_folium_ing_40,TAR_136
Mori_folium_ing_40,TAR_47
Mori_folium_ing_40,TAR_329
Mori_folium_ing_40,TAR_279
Mori_folium_ing_40,TAR_199
Artemisiae_annuae_herba_ing_48,TAR_190
Artemisiae_annuae_herba_ing_48,TAR_96
Artemisiae_annuae_herba_ing_48,TAR_229
Artemisiae_annuae_herba_ing_48,TAR_23
Artemisiae_annuae_herba_ing_48,TAR_135
Artemisiae_annuae_herba_ing_48,TAR_226
Artemisiae_annuae_herba_ing_48,TAR_239
Artemisiae_annuae_herba_ing_48,TAR_135
Artemisiae_annuae_herba_ing_48,TAR_116
Artemisiae_annuae_herba_ing_35,TAR_32
Artemisiae_annuae_herba_ing_35,TAR_78
Artemisiae_annuae_herba_ing_35,TAR_386
Artemisiae_annuae_herba_ing_35,TAR_357
Artemisiae_annuae_herba_ing_35,TAR_342
Artemisiae_annuae_herba_ing_35,TAR_50
Artemisiae_annuae_herba_ing_35,TAR_44
Artemisiae_annuae_herba_ing_35,TAR_343
Artemisiae_annuae_herba_ing_35,TAR_177
Artemisiae_annuae_herba_ing_35,TAR_414
Artemisiae_annuae_herba_ing_35,TAR_278
Artemisiae_annuae_herba_ing_35,TAR_212
Artemisiae_annuae_herba_ing_97,TAR_117
Artemisiae_annuae_herba_ing_97,TAR_284
Artemisiae_annuae_herba_ing_97,TAR_32
Artemisiae_annuae_herba_ing_97,TAR_431
Artemisiae_annuae_herba_ing_97,TAR_199
Artemisiae_annuae_herba_ing_97,TAR_420
Artemisiae_annuae_herba_ing_97,TAR_268
Artemisiae_annuae_herba_ing_97,TAR_215
Artemisiae_annuae_herba_ing_97,TAR_495
Artemisiae_annuae_herba_ing_97,TAR_275
Artemisiae_annuae_herba_ing_97,TAR_352
Artemisiae_annuae_herba_ing_97,TAR_444
Artemisiae_annuae_herba_ing_61,TAR_452
Artemisiae_annuae_herba_ing_61,TAR_121
Artemisiae_annuae_herba_ing_61,TAR_244
Artemisiae_annuae_herba_ing_61,TAR_154
Artemisiae_annuae_herba_ing_61,TAR_41
Artemisiae_annuae_herba_ing_61,TAR_203
Artemisiae_annuae_herba_ing_61,TAR_463
Artemisiae_annuae_herba_ing_61,TAR_438
Artemisiae_annuae_herba_ing_61,TAR_366
Artemisiae_annuae_herba_ing_61,TAR_18
Artemisiae_annuae_herba_ing_61,TAR_258
Artemisiae_annuae_herba_ing_61,TAR_293
Artemisiae_annuae_herba_ing_67,TAR_347
Artemisiae_annuae_herba_ing_67,TAR_318
Artemisiae_annuae_herba_ing_67,TAR_76
Artemisiae_annuae_herba_ing_67,TAR_62
Artemisiae_annuae_herba_ing_67,TAR_487
Artemisiae_annuae_herba_ing_67,TAR_388
Artemisiae_annuae_herba_ing_67,TAR_230
Artemisiae_annuae_herba_ing_67,TAR_89
Artemisiae_annuae_herba_ing_67,TAR_486
Artemisiae_annuae_herba_ing_67,TAR_86
Artemisiae_annuae_herba_ing_67,TAR_498
Artemisiae_annuae_herba_ing_67,TAR_109
Artemisiae_annuae_herba_ing_25,TAR_22
Artemisiae_annuae_herba_ing_25,TAR_217
Artemisiae_annuae_herba_ing_25,TAR_41
Artemisiae_annuae_herba_ing_25,TAR_350
Artemisiae_annuae_herba_ing_25,TAR_223
Artemisiae_annuae_herba_ing_26,TAR_428
Artemisiae_annuae_herba_ing_26,TAR_305
Artemisiae_annuae_herba_ing_26,TAR_133
Artemisiae_annuae_herba_ing_26,TAR_164
Artemisiae_annuae_herba_ing_26,TAR_467
Cinnamomi_cortex_ing_12,TAR_285
Cinnamomi_cortex_ing_12,TAR_204
Cinnamomi_cortex_ing_12,TAR_283
Cinnamomi_cortex_ing_12,TAR_167
Cinnamomi_cortex_ing_12,TAR_439
Cinnamomi_cortex_ing_12,TAR_142
Cinnamomi_cortex_ing_12,TAR_267
Cinnamomi_cortex_ing_12,TAR_235
Cinnamomi_cortex_ing_12,TAR_470
Cinnamomi_cortex_ing_2,TAR_301
Cinnamomi_cortex_ing_2,TAR_268
Cinnamomi_cortex_ing_2,TAR_401
Cinnamomi_cortex_ing_2,TAR_215
Cinnamomi_cortex_ing_2,TAR_58
Cinnamomi_cortex_ing_2,TAR_213
Cinnamomi_cortex_ing_2,TAR_77
Cinnamomi_cortex_ing_2,TAR_76
Cinnamomi_cortex_ing_2,TAR_291
Cinnamomi_cortex_ing_2,TAR_302
Cinnamomi_cortex_ing_2,TAR_299
Cinnamomi_cortex_ing_2,TAR_389
Cinnamomi_cortex_ing_13,TAR_289
Cinnamomi_cortex_ing_13,TAR_400
Cinnamomi_cortex_ing_13,TAR_52
Cinnamomi_cortex_ing_13,TAR_403
Cinnamomi_cortex_ing_37,TAR_451
Cinnamomi_cortex_ing_37,TAR_177
Cinnamomi_cortex_ing_37,TAR_450
Cinnamomi_cortex_ing_37,TAR_211
Cinnamomi_cortex_ing_37,TAR_136
Cinnamomi_cortex_ing_37,TAR_197
Cinnamomi_cortex_ing_37,TAR_336
Cinnamomi_cortex_ing_37,TAR_249
Cinnamomi_cortex_ing_37,TAR_293
Cinnamomi_cortex_ing_37,TAR_312
Cinnamomi_cortex_ing_37,TAR_243
Cinnamomi_cortex_ing_5,TAR_142
Cinnamomi_cortex_ing_5,TAR_207
Cinnamomi_cortex_ing_5,TAR_74
Cinnamomi_cortex_ing_5,TAR_317
Cinnamomi_cortex_ing_5,TAR_312
Cinnamomi_cortex_ing_88,TAR_20
Cinnamomi_cortex_ing_88,TAR_203
Cinnamomi_cortex_ing_88,TAR_456
Cinnamomi_cortex_ing_88,TAR_451
Cinnamomi_cortex_ing_88,TAR_170
Cinnamomi_cortex_ing_88,TAR_354
Cinnamomi_cortex_ing_88,TAR_122
Cinnamomi_cortex_ing_88,TAR_26
Cinnamomi_cortex_ing_88,TAR_382
Puerariae_lobatae_radix_ing_35,TAR_11
Puerariae_lobatae_radix_ing_35,TAR_173
Puerariae_lobatae_radix_ing_35,TAR_419
Puerariae_lobatae_radix_ing_35,TAR_407
Puerariae_lobatae_radix_ing_35,TAR_156
Puerariae_lobatae_radix_ing_35,TAR_160
Puerariae_lobatae_radix_ing_35,TAR_144
Puerariae_lobatae_radix_ing_35,TAR_432
Puerariae_lobatae_radix_ing_63,TAR_498
Puerariae_lobatae_radix_ing_63,TAR_445
Puerariae_lobatae_radix_ing_63,TAR_117
Puerariae_lobatae_radix_ing_63,TAR_69
Puerariae_lobatae_radix_ing_39,TAR_397
Puerariae_lobatae_radix_ing_39,TAR_423
Puerariae_lobatae_radix_ing_39,TAR_165
Puerariae_lobatae_radix_ing_39,TAR_138
Puerariae_lobatae_radix_ing_39,TAR_374
Puerariae_lobatae_radix_ing_39,TAR_214
Puerariae_lobatae_radix_ing_39,TAR_310
Puerariae_lobatae_radix_ing_39,TAR_331
Puerariae_lobatae_radix_ing_39,TAR_46
Puerariae_lobatae_radix_ing_39,TAR_97
Puerariae_lobatae_radix_ing_57,TAR_468
Puerariae_lobatae_radix_ing_57,TAR_422
Puerariae_lobatae_radix_ing_57,TAR_209
Puerariae_lobatae_radix_ing_57,TAR_380
Puerariae_lobatae_radix_ing_57,TAR_249
Puerariae_lobatae_radix_ing_57,TAR_389
Puerariae_lobatae_radix_ing_67,TAR_421
Puerariae_lobatae_radix_ing_67,TAR_29
Puerariae_lobatae_radix_ing_67,TAR_264
Puerariae_lobatae_radix_ing_67,TAR_406
Puerariae_lobatae_radix_ing_67,TAR_82
Puerariae_lobatae_radix_ing_67,TAR_34
Puerariae_lobatae_radix_ing_67,TAR_160
Puerariae_lobatae_radix_ing_67,TAR_364
Puerariae_lobatae_radix_ing_65,TAR_70
Puerariae_lobatae_radix_ing_65,TAR_400
Puerariae_lobatae_radix_ing_65,TAR_436
Puerariae_lobatae_radix_ing_65,TAR_269
Puerariae_lobatae_radix_ing_65,TAR_451
Puerariae_lobatae_radix_ing_65,TAR_292
Puerariae_lobatae_radix_ing_65,TAR_15
Puerariae_lobatae_radix_ing_65,TAR_89
Puerariae_lobatae_radix_ing_65,TAR_99
Puerariae_lobatae_radix_ing_26,TAR_128
Puerariae_lobatae_radix_ing_26,TAR_17
Puerariae_lobatae_radix_ing_26,TAR_234
Puerariae_lobatae_radix_ing_7,TAR_361
Puerariae_lobatae_radix_ing_7,TAR_102
Puerariae_lobatae_radix_ing_7,TAR_141
Puerariae_lobatae_radix_ing_7,TAR_189
Puerariae_lobatae_radix_ing_7,TAR_422
Puerariae_lobatae_radix_ing_7,TAR_238
Puerariae_lobatae_radix_ing_7,TAR_259
Puerariae_lobatae_radix_ing_7,TAR_204
Puerariae_lobatae_radix_ing_82,TAR_349
Puerariae_lobatae_radix_ing_82,TAR_16
Puerariae_lobatae_radix_ing_82,TAR_124
Puerariae_lobatae_radix_ing_82,TAR_191
Puerariae_lobatae_radix_ing_63,TAR_229
Puerariae_lobatae_radix_ing_63,TAR_91
Puerariae_lobatae_radix_ing_63,TAR_492
Puerariae_lobatae_radix_ing_63,TAR_446
Puerariae_lobatae_radix_ing_63,TAR_243
Puerariae_lobatae_radix_ing_63,TAR_301
Puerariae_lobatae_radix_ing_63,TAR_283
Puerariae_lobatae_radix_ing_63,TAR_180
Puerariae_lobatae_radix_ing_63,TAR_177
Puerariae_lobatae_radix_ing_63,TAR_84
Puerariae_lobatae_radix_ing_63,TAR_429
Puerariae_lobatae_radix_ing_63,TAR_458
Puerariae_lobatae_radix_ing_34,TAR_146
Puerariae_lobatae_radix_ing_34,TAR_15
Puerariae_lobatae_radix_ing_34,TAR_198
Puerariae_lobatae_radix_ing_34,TAR_26
Puerariae_lobatae_radix_ing_21,TAR_400
Puerariae_lobatae_radix_ing_21,TAR_495
Puerariae_lobatae_radix_ing_21,TAR_110
Puerariae_lobatae_radix_ing_21,TAR_439
Puerariae_lobatae_radix_ing_21,TAR_114
Puerariae_lobatae_radix_ing_21,TAR_332
Puerariae_lobatae_radix_ing_21,TAR_116
Puerariae_lobatae_radix_ing_21,TAR_347
Puerariae_lobatae_radix_ing_21,TAR_106
Puerariae_lobatae_radix_ing_21,TAR_138
Puerariae_lobatae_radix_ing_21,TAR_334
Puerariae_lobatae_radix_ing_21,TAR_210
Ephedrae_herba_ing_3,TAR_243
Ephedrae_herba_ing_3,TAR_467
Ephedrae_herba_ing_3,TAR_68
Ephedrae_herba_ing_83,TAR_308
Ephedrae_herba_ing_83,TAR_411
Ephedrae_herba_ing_83,TAR_5
Ephedrae_herba_ing_83,TAR_115
Ephedrae_herba_ing_83,TAR_130
Ephedrae_herba_ing_78,TAR_365
Ephedrae_herba_ing_78,TAR_496
Ephedrae_herba_ing_78,TAR_364
Ephedrae_herba_ing_78,TAR_330
Ephedrae_herba_ing_78,TAR_141
Ephedrae_herba_ing_78,TAR_217
Ephedrae_herba_ing_78,TAR_459
Ephedrae_herba_ing_49,TAR_236
Ephedrae_herba_ing_49,TAR_130
Ephedrae_herba_ing_49,TAR_112
Ephedrae_herba_ing_49,TAR_239
Ephedrae_herba_ing_49,TAR_155
Ephedrae_herba_ing_49,TAR_347
Ephedrae_herba_ing_49,TAR_267
Ephedrae_herba_ing_49,TAR_423
Ephedrae_herba_ing_80,TAR_300
Ephedrae_herba_ing_80,TAR_53
Ephedrae_herba_ing_80,TAR_4
Ephedrae_herba_ing_80,TAR_262
Ephedrae_herba_ing_80,TAR_340
Ephedrae_herba_ing_80,TAR_495
Ephedrae_herba_ing_80,TAR_432
Ephedrae_herba_ing_80,TAR_430
Ephedrae_herba_ing_80,TAR_192
Ephedrae_herba_ing_72,TAR_312
Ephedrae_herba_ing_72,TAR_145
Ephedrae_herba_ing_72,TAR_153
Ephedrae_herba_ing_72,TAR_351
Ephedrae_herba_ing_72,TAR_56
Ephedrae_herba_ing_72,TAR_247
Ephedrae_herba_ing_72,TAR_33
Ephedrae_herba_ing_72,TAR_173
Ephedrae_herba_ing_72,TAR_142
Ephedrae_herba_ing_72,TAR_328
Ephedrae_herba_ing_72,TAR_167
Ephedrae_herba_ing_72,TAR_442
Ephedrae_herba_ing_36,TAR_336
Ephedrae_herba_ing_36,TAR_365
Ephedrae_herba_ing_36,TAR_488
Ephedrae_herba_ing_36,TAR_457
Ephedrae_herba_ing_36,TAR_334
Ephedrae_herba_ing_36,TAR_153
Ephedrae_herba_ing_36,TAR_97
Ephedrae_herba_ing_20,TAR_392
Ephedrae_herba_ing_20,TAR_124
Ephedrae_herba_ing_20,TAR_461
Ephedrae_herba_ing_20,TAR_30
Ephedrae_herba_ing_20,TAR_413
Ephedrae_herba_ing_20,TAR_439
Ephedrae_herba_ing_20,TAR_411
Ephedrae_herba_ing_20,TAR_415
Ephedrae_herba_ing_20,TAR_308
Ephedrae_herba_ing_20,TAR_207
Ephedrae_herba_ing_20,TAR_339
Ephedrae_herba_ing_41,TAR_370
Ephedrae_herba_ing_41,TAR_14
Ephedrae_herba_ing_41,TAR_336
Ephedrae_herba_ing_41,TAR_255
Ephedrae_herba_ing_41,TAR_152
Ephedrae_herba_ing_34,TAR_208
Ephedrae_herba_ing_34,TAR_199
Ephedrae_herba_ing_34,TAR_378
Ephedrae_herba_ing_34,TAR_19
Ephedrae_herba_ing_34,TAR_299
Ephedrae_herba_ing_34,TAR_363
Ephedrae_herba_ing_34,TAR_293
Ephedrae_herba_ing_34,TAR_418
Ephedrae_herba_ing_34,TAR_98
Ephedrae_herba_ing_44,TAR_352
Ephedrae_herba_ing_44,TAR_274
Ephedrae_herba_ing_44,TAR_327
Ephedrae_herba_ing_44,TAR_402
Ephedrae_herba_ing_44,TAR_244
Ephedrae_herba_ing_44,TAR_465
Ephedrae_herba_ing_86,TAR_260
Ephedrae_herba_ing_86,TAR_154
Ephedrae_herba_ing_86,TAR_433
Ephedrae_herba_ing_86,TAR_88
Ephedrae_herba_ing_86,TAR_431
Ephedrae_herba_ing_86,TAR_337
Ephedrae_herba_ing_86,TAR_449
Ephedrae_herba_ing_86,TAR_286
Ephedrae_herba_ing_24,TAR_50
Ephedrae_herba_ing_24,TAR_242
Ephedrae_herba_ing_24,TAR_66
Ephedrae_herba_ing_24,TAR_380
Ephedrae_herba_ing_24,TAR_133
Ephedrae_herba_ing_24,TAR_372
Ephedrae_herba_ing_24,TAR_414
Asari_radix_ing_98,TAR_485
Asari_radix_ing_98,TAR_349
Asari_radix_ing_98,TAR_461
Asari_radix_ing_98,TAR_172
Asari_radix_ing_98,TAR_336
Asari_radix_ing_12,TAR_182
Asari_radix_ing_12,TAR_115
Asari_radix_ing_12,TAR_382
Asari_radix_ing_12,TAR_447
Asari_radix_ing_12,TAR_158
Asari_radix_ing_12,TAR_216
Asari_radix_ing_43,TAR_134
Asari_radix_ing_43,TAR_300
Asari_radix_ing_43,TAR_151
Asari_radix_ing_43,TAR_238
Asari_radix_ing_43,TAR_436
Asari_radix_ing_43,TAR_61
Asari_radix_ing_43,TAR_241
Asari_radix_ing_43,TAR_28
Asari_radix_ing_82,TAR_298
Asari_radix_ing_82,TAR_484
Asari_radix_ing_82,TAR_318
Asari_radix_ing_82,TAR_37
Asari_radix_ing_82,TAR_242
Asari_radix_ing_82,TAR_456
Asari_radix_ing_82,TAR_100
Asari_radix_ing_82,TAR_257
Asari_radix_ing_82,TAR_62
Asari_radix_ing_82,TAR_445
Asari_radix_ing_82,TAR_349
Asari_radix_ing_82,TAR_196
Asari_radix_ing_68,TAR_212
Asari_radix_ing_68,TAR_28
Asari_radix_ing_68,TAR_446
Asari_radix_ing_68,TAR_438
Asari_radix_ing_68,TAR_78
Asari_radix_ing_68,TAR_71
Asari_radix_ing_68,TAR_103
Asari_radix_ing_44,TAR_292
Asari_radix_ing_44,TAR_458
Asari_radix_ing_44,TAR_465
Asari_radix_ing_44,TAR_235
Asari_radix_ing_44,TAR_74
Asari_radix_ing_44,TAR_162
Asari_radix_ing_44,TAR_442
Asari_radix_ing_44,TAR_367
Asari_radix_ing_44,TAR_93
Asari_radix_ing_100,TAR_250
Asari_radix_ing_100,TAR_171
Asari_radix_ing_100,TAR_324
Asari_radix_ing_100,TAR_91
Asari_radix_ing_41,TAR_3
Asari_radix_ing_41,TAR_232
Asari_radix_ing_41,TAR_141
Asari_radix_ing_27,TAR_296
Asari_radix_ing_27,TAR_392
Asari_radix_ing_27,TAR_82
Asari_radix_ing_27,TAR_251
Asari_radix_ing_27,TAR_403
Asari_radix_ing_98,TAR_67
Asari_radix_ing_98,TAR_315
Asari_radix_ing_98,TAR_223
Asari_radix_ing_98,TAR_325
Asari_radix_ing_55,TAR_220
Asari_radix_ing_55,TAR_495
Asari_radix_ing_55,TAR_245
Asari_radix_ing_55,TAR_197
Asari_radix_ing_55,TAR_3
Asari_radix_ing_55,TAR_20
Asari_radix_ing_55,TAR_274
Asari_radix_ing_55,TAR_103
Asari_radix_ing_55,TAR_375
Asari_radix_ing_48,TAR_457
Asari_radix_ing_48,TAR_165
Asari_radix_ing_48,TAR_388
Asari_radix_ing_68,TAR_10
Asari_radix_ing_68,TAR_347
Asari_radix_ing_68,TAR_3
Asari_radix_ing_68,TAR_321
Asari_radix_ing_68,TAR_376
Asari_radix_ing_68,TAR_128
Fritillariae_thunbergii_bulbus_ing_89,TAR_160
Fritillariae_thunbergii_bulbus_ing_89,TAR_67
Fritillariae_thunbergii_bulbus_ing_89,TAR_53
Fritillariae_thunbergii_bulbus_ing_89,TAR_197
Fritillariae_thunbergii_bulbus_ing_89,TAR_258
Fritillariae_thunbergii_bulbus_ing_89,TAR_302
Fritillariae_thunbergii_bulbus_ing_89,TAR_157
Fritillariae_thunbergii_bulbus_ing_89,TAR_86
Fritillariae_thunbergii_bulbus_ing_9,TAR_153
Fritillariae_thunbergii_bulbus_ing_9,TAR_486
Fritillariae_thunbergii_bulbus_ing_9,TAR_149
Fritillariae_thunbergii_bulbus_ing_59,TAR_306
Fritillariae_thunbergii_bulbus_ing_59,TAR_269
Fritillariae_thunbergii_bulbus_ing_59,TAR_173
Fritillariae_thunbergii_bulbus_ing_59,TAR_223
Fritillariae_thunbergii_bulbus_ing_59,TAR_455
Fritillariae_thunbergii_bulbus_ing_59,TAR_352
Fritillariae_thunbergii_bulbus_ing_59,TAR_69
Fritillariae_thunbergii_bulbus_ing_59,TAR_176
Fritillariae_thunbergii_bulbus_ing_59,TAR_462
Fritillariae_thunbergii_bulbus_ing_59,TAR_251
Fritillariae_thunbergii_bulbus_ing_59,TAR_184
Fritillariae_thunbergii_bulbus_ing_97,TAR_85
Fritillariae_thunbergii_bulbus_ing_97,TAR_486
Fritillariae_thunbergii_bulbus_ing_97,TAR_465
Fritillariae_thunbergii_bulbus_ing_97,TAR_471
Fritillariae_thunbergii_bulbus_ing_97,TAR_416
Fritillariae_thunbergii_bulbus_ing_97,TAR_207
Fritillariae_thunbergii_bulbus_ing_3,TAR_115
Fritillariae_thunbergii_bulbus_ing_3,TAR_373
Fritillariae_thunbergii_bulbus_ing_3,TAR_68
Fritillariae_thunbergii_bulbus_ing_3,TAR_109
Fritillariae_thunbergii_bulbus_ing_3,TAR_376
Fritillariae_thunbergii_bulbus_ing_3,TAR_12
Fritillariae_thunbergii_bulbus_ing_76,TAR_87
Fritillariae_thunbergii_bulbus_ing_76,TAR_64
Fritillariae_thunbergii_bulbus_ing_76,TAR_188
Fritillariae_thunbergii_bulbus_ing_76,TAR_365
Fritillariae_thunbergii_bulbus_ing_76,TAR_334
Fritillariae_thunbergii_bulbus_ing_76,TAR_406
Fritillariae_thunbergii_bulbus_ing_76,TAR_20
Fritillariae_thunbergii_bulbus_ing_76,TAR_193
Fritillariae_thunbergii_bulbus_ing_76,TAR_449
Fritillariae_thunbergii_bulbus_ing_76,TAR_328
Fritillariae_thunbergii_bulbus_ing_76,TAR_131
Fritillariae_thunbergii_bulbus_ing_99,TAR_320
Fritillariae_thunbergii_bulbus_ing_99,TAR_25
Fritillariae_thunbergii_bulbus_ing_99,TAR_305
Fritillariae_thunbergii_bulbus_ing_99,TAR_25
Fritillariae_thunbergii_bulbus_ing_99,TAR_339
Fritillariae_thunbergii_bulbus_ing_99,TAR_56
Fritillariae_thunbergii_bulbus_ing_99,TAR_335
Fritillariae_thunbergii_bulbus_ing_99,TAR_429
Fritillariae_thunbergii_bulbus_ing_99,TAR_11
Fritillariae_thunbergii_bulbus_ing_99,TAR_25
Fritillariae_thunbergii_bulbus_ing_99,TAR_354
Fritillariae_thunbergii_bulbus_ing_15,TAR_228
Fritillariae_thunbergii_bulbus_ing_15,TAR_195
Fritillariae_thunbergii_bulbus_ing_15,TAR_64
Fritillariae_thunbergii_bulbus_ing_15,TAR_281
Fritillariae_thunbergii_bulbus_ing_15,TAR_130
Fritillariae_thunbergii_bulbus_ing_15,TAR_243
Fritillariae_thunbergii_bulbus_ing_15,TAR_360
Fritillariae_thunbergii_bulbus_ing_15,TAR_79
Fritillariae_thunbergii_bulbus_ing_15,TAR_106
Pinelliae_rhizoma_ing_81,TAR_155
Pinelliae_rhizoma_ing_81,TAR_216
Pinelliae_rhizoma_ing_81,TAR_339
Pinelliae_rhizoma_ing_13,TAR_139
Pinelliae_rhizoma_ing_13,TAR_319
Pinelliae_rhizoma_ing_13,TAR_311
Pinelliae_rhizoma_ing_13,TAR_359
Pinelliae_rhizoma_ing_13,TAR_71
Pinelliae_rhizoma_ing_13,TAR_215
Pinelliae_rhizoma_ing_13,TAR_426
Pinelliae_rhizoma_ing_13,TAR_461
Pinelliae_rhizoma_ing_13,TAR_54
Pinelliae_rhizoma_ing_13,TAR_262
Pinelliae_rhizoma_ing_13,TAR_369
Pinelliae_rhizoma_ing_80,TAR_145
Pinelliae_rhizoma_ing_80,TAR_59
Pinelliae_rhizoma_ing_80,TAR_402
Pinelliae_rhizoma_ing_80,TAR_55
Pinelliae_rhizoma_ing_64,TAR_312
Pinelliae_rhizoma_ing_64,TAR_103
Pinelliae_rhizoma_ing_64,TAR_399
Pinelliae_rhizoma_ing_64,TAR_135
Pinelliae_rhizoma_ing_64,TAR_426
Pinelliae_rhizoma_ing_64,TAR_268
Pinelliae_rhizoma_ing_26,TAR_361
Pinelliae_rhizoma_ing_26,TAR_210
Pinelliae_rhizoma_ing_26,TAR_152
Pinelliae_rhizoma_ing_26,TAR_83
Pinelliae_rhizoma_ing_26,TAR_21
Pinelliae_rhizoma_ing_26,TAR_281
Pinelliae_rhizoma_ing_26,TAR_255
Pinelliae_rhizoma_ing_26,TAR_467
Pinelliae_rhizoma_ing_27,TAR_170
Pinelliae_rhizoma_ing_27,TAR_121
Pinelliae_rhizoma_ing_27,TAR_2
Pinelliae_rhizoma_ing_27,TAR_7
Pinelliae_rhizoma_ing_27,TAR_344
Pinelliae_rhizoma_ing_27,TAR_46
Pinelliae_rhizoma_ing_27,TAR_465
Pinelliae_rhizoma_ing_27,TAR_57
Pinelliae_rhizoma_ing_27,TAR_428
Pinelliae_rhizoma_ing_27,TAR_294
Pinelliae_rhizoma_ing_86,TAR_77
Pinelliae_rhizoma_ing_86,TAR_487
Pinelliae_rhizoma_ing_86,TAR_47
Pinelliae_rhizoma_ing_86,TAR_400
Pinelliae_rhizoma_ing_86,TAR_262
Pinelliae_rhizoma_ing_86,TAR_39
Pinelliae_rhizoma_ing_86,TAR_371
Pinelliae_rhizoma_ing_86,TAR_371
Pinelliae_rhizoma_ing_86,TAR_52
Pinelliae_rhizoma_ing_86,TAR_464
Pinelliae_rhizoma_ing_33,TAR_234
Pinelliae_rhizoma_ing_33,TAR_152
Pinelliae_rhizoma_ing_33,TAR_136
Pinelliae_rhizoma_ing_33,TAR_238
Pinelliae_rhizoma_ing_33,TAR_26
Pinelliae_rhizoma_ing_33,TAR_52
Pinelliae_rhizoma_ing_23,TAR_437
Pinelliae_rhizoma_ing_23,TAR_149
Pinelliae_rhizoma_ing_23,TAR_185
Pinelliae_rhizoma_ing_87,TAR_219
Pinelliae_rhizoma_ing_87,TAR_379
Pinelliae_rhizoma_ing_87,TAR_60
Pinelliae_rhizoma_ing_87,TAR_49
Pinelliae_rhizoma_ing_87,TAR_436
Pinelliae_rhizoma_ing_87,TAR_389
Pinelliae_rhizoma_ing_87,TAR_456
Pinelliae_rhizoma_ing_87,TAR_24
Pinelliae_rhizoma_ing_2,TAR_340
Pinelliae_rhizoma_ing_2,TAR_332
Pinelliae_rhizoma_ing_2,TAR_88
Pinelliae_rhizoma_ing_2,TAR_169
Pinelliae_rhizoma_ing_2,TAR_184
Pinelliae_rhizoma_ing_57,TAR_138
Pinelliae_rhizoma_ing_57,TAR_450
Pinelliae_rhizoma_ing_57,TAR_376
Pinelliae_rhizoma_ing_57,TAR_48
Pinelliae_rhizoma_ing_57,TAR_191
Pinelliae_rhizoma_ing_57,TAR_418
Pinelliae_rhizoma_ing_57,TAR_176
Pinelliae_rhizoma_ing_57,TAR_94
Pinelliae_rhizoma_ing_57,TAR_59
Pinelliae_rhizoma_ing_57,TAR_206
Pinelliae_rhizoma_ing_57,TAR_205
Pinelliae_rhizoma_ing_57,TAR_493
Pinelliae_rhizoma_ing_59,TAR_428
Pinelliae_rhizoma_ing_59,TAR_198
Pinelliae_rhizoma_ing_59,TAR_354
Pinelliae_rhizoma_ing_59,TAR_436
Pinelliae_rhizoma_ing_59,TAR_245
Pinelliae_rhizoma_ing_59,TAR_410
Pinelliae_rhizoma_ing_59,TAR_216
Pinelliae_rhizoma_ing_84,TAR_58
Pinelliae_rhizoma_ing_84,TAR_68
Pinelliae_rhizoma_ing_84,TAR_357
Pinelliae_rhizoma_ing_84,TAR_372
Pinelliae_rhizoma_ing_84,TAR_31
Pinelliae_rhizoma_ing_21,TAR_214
Pinelliae_rhizoma_ing_21,TAR_467
Pinelliae_rhizoma_ing_21,TAR_303
Pinelliae_rhizoma_ing_21,TAR_248
Arisaematis_rhizoma_ing_87,TAR_93
Arisaematis_rhizoma_ing_87,TAR_313
Arisaematis_rhizoma_ing_87,TAR_195
Arisaematis_rhizoma_ing_87,TAR_399
Arisaematis_rhizoma_ing_87,TAR_184
Arisaematis_rhizoma_ing_87,TAR_314
Arisaematis_rhizoma_ing_87,TAR_15
Arisaematis_rhizoma_ing_87,TAR_442
Arisaematis_rhizoma_ing_87,TAR_351
Arisaematis_rhizoma_ing_87,TAR_451
Arisaematis_rhizoma_ing_94,TAR_248
Arisaematis_rhizoma_ing_94,TAR_472
Arisaematis_rhizoma_ing_94,TAR_250
Arisaematis_rhizoma_ing_94,TAR_58
Arisaematis_rhizoma_ing_94,TAR_455
Arisaematis_rhizoma_ing_53,TAR_24
Arisaematis_rhizoma_ing_53,TAR_33
Arisaematis_rhizoma_ing_53,TAR_134
Arisaematis_rhizoma_ing_53,TAR_336
Arisaematis_rhizoma_ing_53,TAR_161
Arisaematis_rhizoma_ing_53,TAR_7
Arisaematis_rhizoma_ing_53,TAR_361
Arisaematis_rhizoma_ing_53,TAR_445
Arisaematis_rhizoma_ing_53,TAR_348
Arisaematis_rhizoma_ing_53,TAR_269
Arisaematis_rhizoma_ing_99,TAR_371
Arisaematis_rhizoma_ing_99,TAR_290
Arisaematis_rhizoma_ing_99,TAR_115
Arisaematis_rhizoma_ing_99,TAR_490
Arisaematis_rhizoma_ing_99,TAR_343
Arisaematis_rhizoma_ing_99,TAR_448
Arisaematis_rhizoma_ing_99,TAR_174
Arisaematis_rhizoma_ing_99,TAR_266
Arisaematis_rhizoma_ing_99,TAR_268
Arisaematis_rhizoma_ing_99,TAR_353
Arisaematis_rhizoma_ing_99,TAR_359
Arisaematis_rhizoma_ing_99,TAR_317
Arisaematis_rhizoma_ing_13,TAR_339
Arisaematis_rhizoma_ing_13,TAR_373
Arisaematis_rhizoma_ing_13,TAR_128
Arisaematis_rhizoma_ing_13,TAR_247
Arisaematis_rhizoma_ing_13,TAR_178
Arisaematis_rhizoma_ing_13,TAR_340
Arisaematis_rhizoma_ing_13,TAR_347
Arisaematis_rhizoma_ing_13,TAR_329
Arisaematis_rhizoma_ing_13,TAR_198
Arisaematis_rhizoma_ing_20,TAR_457
Arisaematis_rhizoma_ing_20,TAR_314
Arisaematis_rhizoma_ing_20,TAR_28
Arisaematis_rhizoma_ing_20,TAR_6
Arisaematis_rhizoma_ing_20,TAR_330
Arisaematis_rhizoma_ing_20,TAR_479
Arisaematis_rhizoma_ing_20,TAR_81
Arisaematis_rhizoma_ing_20,TAR_259
Arisaematis_rhizoma_ing_20,TAR_435
Arisaematis_rhizoma_ing_20,TAR_241
Arisaematis_rhizoma_ing_20,TAR_437
Arisaematis_rhizoma_ing_64,TAR_39
Arisaematis_rhizoma_ing_64,TAR_385
Arisaematis_rhizoma_ing_64,TAR_252
Arisaematis_rhizoma_ing_64,TAR_165
Arisaematis_rhizoma_ing_64,TAR_124
Arisaematis_rhizoma_ing_43,TAR_26
Arisaematis_rhizoma_ing_43,TAR_260
Arisaematis_rhizoma_ing_43,TAR_115
Arisaematis_rhizoma_ing_43,TAR_282
Arisaematis_rhizoma_ing_43,TAR_330
Arisaematis_rhizoma_ing_43,TAR_194
Arisaematis_rhizoma_ing_43,TAR_207
Arisaematis_rhizoma_ing_31,TAR_236
Arisaematis_rhizoma_ing_31,TAR_228
Arisaematis_rhizoma_ing_31,TAR_411
Arisaematis_rhizoma_ing_31,TAR_294
Arisaematis_rhizoma_ing_58,TAR_439
Arisaematis_rhizoma_ing_58,TAR_256
Arisaematis_rhizoma_ing_58,TAR_229
Arisaematis_rhizoma_ing_58,TAR_162
Arisaematis_rhizoma_ing_16,TAR_382
Arisaematis_rhizoma_ing_16,TAR_335
Arisaematis_rhizoma_ing_16,TAR_10
Arisaematis_rhizoma_ing_16,TAR_53
Arisaematis_rhizoma_ing_16,TAR_207
Arisaematis_rhizoma_ing_16,TAR_212
Arisaematis_rhizoma_ing_16,TAR_19
Arisaematis_rhizoma_ing_16,TAR_286
Arisaematis_rhizoma_ing_16,TAR_282
Arisaematis_rhizoma_ing_16,TAR_1
Arisaematis_rhizoma_ing_12,TAR_494
Arisaematis_rhizoma_ing_12,TAR_317
Arisaematis_rhizoma_ing_12,TAR_327
Arisaematis_rhizoma_ing_12,TAR_156
Arisaematis_rhizoma_ing_12,TAR_456
Arisaematis_rhizoma_ing_12,TAR_261
Arisaematis_rhizoma_ing_12,TAR_288
Arisaematis_rhizoma_ing_12,TAR_106
Arisaematis_rhizoma_ing_12,TAR_336
Arisaematis_rhizoma_ing_12,TAR_344
Arisaematis_rhizoma_ing_12,TAR_234
Arisaematis_rhizoma_ing_12,TAR_487
Arisaematis_rhizoma_ing_44,TAR_423
Arisaematis_rhizoma_ing_44,TAR_28
Arisaematis_rhizoma_ing_44,TAR_419
Arisaematis_rhizoma_ing_44,TAR_115
Arisaematis_rhizoma_ing_44,TAR_433
Arisaematis_rhizoma_ing_44,TAR_233
Arisaematis_rhizoma_ing_44,TAR_170
Arisaematis_rhizoma_ing_44,TAR_287
Arisaematis_rhizoma_ing_99,TAR_308
Arisaematis_rhizoma_ing_99,TAR_243
Arisaematis_rhizoma_ing_99,TAR_367
Arisaematis_rhizoma_ing_99,TAR_337
Arisaematis_rhizoma_ing_99,TAR_187
Arisaematis_rhizoma_ing_99,TAR_367
Arisaematis_rhizoma_ing_99,TAR_232
Arisaematis_rhizoma_ing_99,TAR_59
Arisaematis_rhizoma_ing_99,TAR_50
Arisaematis_rhizoma_ing_99,TAR_389
Arisaematis_rhizoma_ing_99,TAR_338
Arisaematis_rhizoma_ing_99,TAR_114
Typhae_pollen_ing_44,TAR_425
Typhae_pollen_ing_44,TAR_325
Typhae_pollen_ing_44,TAR_494
Typhae_pollen_ing_44,TAR_410
Typhae_pollen_ing_44,TAR_150
Typhae_pollen_ing_44,TAR_281
Typhae_pollen_ing_44,TAR_268
Typhae_pollen_ing_44,TAR_192
Typhae_pollen_ing_90,TAR_24
Typhae_pollen_ing_90,TAR_460
Typhae_pollen_ing_90,TAR_85
Typhae_pollen_ing_90,TAR_253
Typhae_pollen_ing_18,TAR_55
Typhae_pollen_ing_18,TAR_131
Typhae_pollen_ing_18,TAR_313
Typhae_pollen_ing_18,TAR_101
Typhae_pollen_ing_18,TAR_97
Typhae_pollen_ing_18,TAR_62
Typhae_pollen_ing_18,TAR_477
Typhae_pollen_ing_18,TAR_437
Typhae_pollen_ing_18,TAR_202
Typhae_pollen_ing_28,TAR_423
Typhae_pollen_ing_28,TAR_401
Typhae_pollen_ing_28,TAR_98
Typhae_pollen_ing_28,TAR_367
Typhae_pollen_ing_28,TAR_174
Typhae_pollen_ing_28,TAR_56
Typhae_pollen_ing_28,TAR_388
Typhae_pollen_ing_28,TAR_213
Typhae_pollen_ing_28,TAR_24
Typhae_pollen_ing_28,TAR_475
Typhae_pollen_ing_82,TAR_64
Typhae_pollen_ing_82,TAR_396
Typhae_pollen_ing_82,TAR_457
Typhae_pollen_ing_82,TAR_231
Typhae_pollen_ing_82,TAR_235
Typhae_pollen_ing_82,TAR_338
Typhae_pollen_ing_82,TAR_302
Typhae_pollen_ing_82,TAR_490
Typhae_pollen_ing_82,TAR_259
Typhae_pollen_ing_82,TAR_69
Typhae_pollen_ing_82,TAR_494
Typhae_pollen_ing_82,TAR_256
Sparganii_rhizoma_ing_68,TAR_284
Sparganii_rhizoma_ing_68,TAR_479
Sparganii_rhizoma_ing_68,TAR_222
Sparganii_rhizoma_ing_75,TAR_474
Sparganii_rhizoma_ing_75,TAR_261
Sparganii_rhizoma_ing_75,TAR_400
Sparganii_rhizoma_ing_75,TAR_472
Sparganii_rhizoma_ing_75,TAR_467
Sparganii_rhizoma_ing_75,TAR_91
Sparganii_rhizoma_ing_75,TAR_355
Sparganii_rhizoma_ing_75,TAR_297
Sparganii_rhizoma_ing_75,TAR_89
Sparganii_rhizoma_ing_75,TAR_375
Sparganii_rhizoma_ing_17,TAR_199
Sparganii_rhizoma_ing_17,TAR_337
Sparganii_rhizoma_ing_17,TAR_308
Sparganii_rhizoma_ing_17,TAR_311
Sparganii_rhizoma_ing_42,TAR_452
Sparganii_rhizoma_ing_42,TAR_197
Sparganii_rhizoma_ing_42,TAR_215
Sparganii_rhizoma_ing_42,TAR_312
Sparganii_rhizoma_ing_42,TAR_469
Sparganii_rhizoma_ing_42,TAR_355
Sparganii_rhizoma_ing_42,TAR_391
Sparganii_rhizoma_ing_42,TAR_128
Sparganii_rhizoma_ing_42,TAR_141
Sparganii_rhizoma_ing_42,TAR_204
Sparganii_rhizoma_ing_42,TAR_494
Sparganii_rhizoma_ing_44,TAR_232
Sparganii_rhizoma_ing_44,TAR_413
Sparganii_rhizoma_ing_44,TAR_69
Sparganii_rhizoma_ing_44,TAR_71
Sparganii_rhizoma_ing_44,TAR_212
Sparganii_rhizoma_ing_44,TAR_309
Sparganii_rhizoma_ing_44,TAR_359
Curcumae_zedoariae_rhizoma_ing_39,TAR_441
Curcumae_zedoariae_rhizoma_ing_39,TAR_161
Curcumae_zedoariae_rhizoma_ing_39,TAR_365
Curcumae_zedoariae_rhizoma_ing_39,TAR_378
Curcumae_zedoariae_rhizoma_ing_39,TAR_479
Curcumae_zedoariae_rhizoma_ing_39,TAR_284
Curcumae_zedoariae_rhizoma_ing_39,TAR_324
Curcumae_zedoariae_rhizoma_ing_39,TAR_112
Curcumae_zedoariae_rhizoma_ing_39,TAR_103
Curcumae_zedoariae_rhizoma_ing_39,TAR_108
Curcumae_zedoariae_rhizoma_ing_39,TAR_320
Curcumae_zedoariae_rhizoma_ing_92,TAR_352
Curcumae_zedoariae_rhizoma_ing_92,TAR_177
Curcumae_zedoariae_rhizoma_ing_92,TAR_472
Curcumae_zedoariae_rhizoma_ing_92,TAR_345
Curcumae_zedoariae_rhizoma_ing_92,TAR_68
Curcumae_zedoariae_rhizoma_ing_92,TAR_364
Curcumae_zedoariae_rhizoma_ing_92,TAR_333
Curcumae_zedoariae_rhizoma_ing_23,TAR_278
Curcumae_zedoariae_rhizoma_ing_23,TAR_356
Curcumae_zedoariae_rhizoma_ing_23,TAR_327
Curcumae_zedoariae_rhizoma_ing_23,TAR_166
Curcumae_zedoariae_rhizoma_ing_23,TAR_364
Curcumae_zedoariae_rhizoma_ing_23,TAR_60
Curcumae_zedoariae_rhizoma_ing_23,TAR_390
Curcumae_zedoariae_rhizoma_ing_23,TAR_181
Curcumae_zedoariae_rhizoma_ing_23,TAR_288
Curcumae_zedoariae_rhizoma_ing_23,TAR_246
Curcumae_zedoariae_rhizoma_ing_23,TAR_299
Curcumae_zedoariae_rhizoma_ing_74,TAR_346
Curcumae_zedoariae_rhizoma_ing_74,TAR_383
Curcumae_zedoariae_rhizoma_ing_74,TAR_458
Curcumae_zedoariae_rhizoma_ing_74,TAR_431
Curcumae_zedoariae_rhizoma_ing_74,TAR_274
Curcumae_zedoariae_rhizoma_ing_74,TAR_147
Curcumae_zedoariae_rhizoma_ing_74,TAR_450
Curcumae_zedoariae_rhizoma_ing_74,TAR_434
Curcumae_zedoariae_rhizoma_ing_74,TAR_217
Curcumae_zedoariae_rhizoma_ing_2,TAR_55
Curcumae_zedoariae_rhizoma_ing_2,TAR_13
Curcumae_zedoariae_rhizoma_ing_2,TAR_196
Curcumae_zedoariae_rhizoma_ing_2,TAR_75
Curcumae_zedoariae_rhizoma_ing_2,TAR_28
Curcumae_zedoariae_rhizoma_ing_2,TAR_344
Curcumae_zedoariae_rhizoma_ing_2,TAR_29
Curcumae_zedoariae_rhizoma_ing_2,TAR_103
Curcumae_zedoariae_rhizoma_ing_2,TAR_137
Curcumae_zedoariae_rhizoma_ing_2,TAR_385
Curcumae_zedoariae_rhizoma_ing_2,TAR_403
Curcumae_zedoariae_rhizoma_ing_21,TAR_350
Curcumae_zedoariae_rhizoma_ing_21,TAR_129
Curcumae_zedoariae_rhizoma_ing_21,TAR_75
Curcumae_zedoariae_rhizoma_ing_21,TAR_430
Curcumae_zedoariae_rhizoma_ing_21,TAR_32
Curcumae_zedoariae_rhizoma_ing_21,TAR_354
Curcumae_zedoariae_rhizoma_ing_21,TAR_402
Curcumae_zedoariae_rhizoma_ing_38,TAR_386
Curcumae_zedoariae_rhizoma_ing_38,TAR_278
Curcumae_zedoariae_rhizoma_ing_38,TAR_17
Curcumae_zedoariae_rhizoma_ing_38,TAR_184
Curcumae_zedoariae_rhizoma_ing_38,TAR_417
Curcumae_zedoariae_rhizoma_ing_38,TAR_232
Curcumae_zedoariae_rhizoma_ing_14,TAR_445
Curcumae_zedoariae_rhizoma_ing_14,TAR_346
Curcumae_zedoariae_rhizoma_ing_14,TAR_379
Curcumae_zedoariae_rhizoma_ing_14,TAR_288
Curcumae_zedoariae_rhizoma_ing_14,TAR_443
Curcumae_zedoariae_rhizoma_ing_14,TAR_115
Curcumae_zedoariae_rhizoma_ing_14,TAR_381
Curcumae_zedoariae_rhizoma_ing_14,TAR_332
Curcumae_zedoariae_rhizoma_ing_14,TAR_288
Curcumae_zedoariae_rhizoma_ing_14,TAR_200
Curcumae_zedoariae_rhizoma_ing_14,TAR_122
Curcumae_zedoariae_rhizoma_ing_14,TAR_262
Curcumae_zedoariae_rhizoma_ing_90,TAR_355
Curcumae_zedoariae_rhizoma_ing_90,TAR_341
Curcumae_zedoariae_rhizoma_ing_90,TAR_25
Curcumae_zedoariae_rhizoma_ing_90,TAR_475
Curcumae_zedoariae_rhizoma_ing_90,TAR_196
Curcumae_zedoariae_rhizoma_ing_90,TAR_199
Curcumae_zedoariae_rhizoma_ing_90,TAR_214
Curcumae_zedoariae_rhizoma_ing_88,TAR_495
Curcumae_zedoariae_rhizoma_ing_88,TAR_283
Curcumae_zedoariae_rhizoma_ing_88,TAR_28
Curcumae_zedoariae_rhizoma_ing_88,TAR_7
Curcumae_zedoariae_rhizoma_ing_88,TAR_381
Curcumae_zedoariae_rhizoma_ing_88,TAR_129
Curcumae_zedoariae_rhizoma_ing_88,TAR_104
Curcumae_zedoariae_rhizoma_ing_88,TAR_318
Curcumae_zedoariae_rhizoma_ing_100,TAR_425
Curcumae_zedoariae_rhizoma_ing_100,TAR_116
Curcumae_zedoariae_rhizoma_ing_100,TAR_467
Curcumae_zedoariae_rhizoma_ing_100,TAR_325
Curcumae_zedoariae_rhizoma_ing_100,TAR_361
Curcumae_zedoariae_rhizoma_ing_100,TAR_364
Curcumae_zedoariae_rhizoma_ing_100,TAR_332
Curcumae_zedoariae_rhizoma_ing_100,TAR_189
Curcumae_zedoariae_rhizoma_ing_100,TAR_387
Curcumae_zedoariae_rhizoma_ing_100,TAR_302
Curcumae_zedoariae_rhizoma_ing_70,TAR_101
Curcumae_zedoariae_rhizoma_ing_70,TAR_398
Curcumae_zedoariae_rhizoma_ing_70,TAR_372
Curcumae_zedoariae_rhizoma_ing_70,TAR_494
Curcumae_zedoariae_rhizoma_ing_70,TAR_100
Curcumae_zedoariae_rhizoma_ing_70,TAR_151
Curcumae_zedoariae_rhizoma_ing_70,TAR_230
Curcumae_zedoariae_rhizoma_ing_70,TAR_91
Curcumae_zedoariae_rhizoma_ing_70,TAR_350
Curcumae_zedoariae_rhizoma_ing_70,TAR_39
Curcumae_zedoariae_rhizoma_ing_70,TAR_96
Curcumae_zedoariae_rhizoma_ing_70,TAR_493
Curcumae_zedoariae_rhizoma_ing_23,TAR_62
Curcumae_zedoariae_rhizoma_ing_23,TAR_194
Curcumae_zedoariae_rhizoma_ing_23,TAR_21
Curcumae_zedoariae_rhizoma_ing_23,TAR_220
Curcumae_zedoariae_rhizoma_ing_23,TAR_143
Curcumae_zedoariae_rhizoma_ing_23,TAR_285
Curcumae_zedoariae_rhizoma_ing_23,TAR_136
Curcumae_zedoariae_rhizoma_ing_23,TAR_67
Curcumae_zedoariae_rhizoma_ing_23,TAR_83
Curcumae_zedoariae_rhizoma_ing_23,TAR_300
Curcumae_zedoariae_rhizoma_ing_23,TAR_434
Polygoni_hydropiperis_herba_ing_1,TAR_239
Polygoni_hydropiperis_herba_ing_1,TAR_364
Polygoni_hydropiperis_herba_ing_1,TAR_480
Polygoni_hydropiperis_herba_ing_1,TAR_80
Polygoni_hydropiperis_herba_ing_1,TAR_21
Polygoni_hydropiperis_herba_ing_1,TAR_79
Polygoni_hydropiperis_herba_ing_1,TAR_476
Polygoni_hydropiperis_herba_ing_1,TAR_166
Polygoni_hydropiperis_herba_ing_77,TAR_397
Polygoni_hydropiperis_herba_ing_77,TAR_478
Polygoni_hydropiperis_herba_ing_77,TAR_321
Polygoni_hydropiperis_herba_ing_79,TAR_252
Polygoni_hydropiperis_herba_ing_79,TAR_405
Polygoni_hydropiperis_herba_ing_79,TAR_294
Polygoni_hydropiperis_herba_ing_79,TAR_282
Polygoni_hydropiperis_herba_ing_79,TAR_184
Polygoni_hydropiperis_herba_ing_79,TAR_38
Polygoni_hydropiperis_herba_ing_79,TAR_402
Polygoni_hydropiperis_herba_ing_91,TAR_270
Polygoni_hydropiperis_herba_ing_91,TAR_113
Polygoni_hydropiperis_herba_ing_91,TAR_490
Polygoni_hydropiperis_herba_ing_91,TAR_95
Polygoni_hydropiperis_herba_ing_91,TAR_267
Polygoni_hydropiperis_herba_ing_91,TAR_35
Polygoni_hydropiperis_herba_ing_91,TAR_403
Polygoni_hydropiperis_herba_ing_91,TAR_259
Polygoni_hydropiperis_herba_ing_21,TAR_279
Polygoni_hydropiperis_herba_ing_21,TAR_275
Polygoni_hydropiperis_herba_ing_21,TAR_207
Polygoni_hydropiperis_herba_ing_21,TAR_48
Polygoni_hydropiperis_herba_ing_21,TAR_179
Polygoni_hydropiperis_herba_ing_21,TAR_114
Polygoni_hydropiperis_herba_ing_21,TAR_453
Polygoni_hydropiperis_herba_ing_21,TAR_110
Polygoni_hydropiperis_herba_ing_21,TAR_340
Polygoni_hydropiperis_herba_ing_43,TAR_185
Polygoni_hydropiperis_herba_ing_43,TAR_151
Polygoni_hydropiperis_herba_ing_43,TAR_112
Polygoni_hydropiperis_herba_ing_43,TAR_487
Polygoni_hydropiperis_herba_ing_43,TAR_386
Polygoni_hydropiperis_herba_ing_43,TAR_317
Polygoni_hydropiperis_herba_ing_43,TAR_272
Polygoni_hydropiperis_herba_ing_43,TAR_244
Polygoni_hydropiperis_herba_ing_72,TAR_59
Polygoni_hydropiperis_herba_ing_72,TAR_343
Polygoni_hydropiperis_herba_ing_72,TAR_178
Polygoni_hydropiperis_herba_ing_58,TAR_464
Polygoni_hydropiperis_herba_ing_58,TAR_329
Polygoni_hydropiperis_herba_ing_58,TAR_315
Polygoni_hydropiperis_herba_ing_58,TAR_471
Polygoni_hydropiperis_herba_ing_58,TAR_319
Polygoni_hydropiperis_herba_ing_58,TAR_125
Polygoni_hydropiperis_herba_ing_6,TAR_196
Polygoni_hydropiperis_herba_ing_6,TAR_469
Polygoni_hydropiperis_herba_ing_6,TAR_408
Polygoni_hydropiperis_herba_ing_6,TAR_484
Polygoni_hydropiperis_herba_ing_6,TAR_59
Polygoni_hydropiperis_herba_ing_6,TAR_198
Polygoni_hydropiperis_herba_ing_6,TAR_132
Polygoni_hydropiperis_herba_ing_6,TAR_277
Saussureae_radix_ing_4,TAR_421
Saussureae_radix_ing_4,TAR_395
Saussureae_radix_ing_4,TAR_192
Saussureae_radix_ing_4,TAR_264
Saussureae_radix_ing_4,TAR_412
Saussureae_radix_ing_4,TAR_261
Saussureae_radix_ing_4,TAR_229
Saussureae_radix_ing_4,TAR_250
Saussureae_radix_ing_4,TAR_23
Saussureae_radix_ing_4,TAR_152
Saussureae_radix_ing_4,TAR_460
Saussureae_radix_ing_84,TAR_165
Saussureae_radix_ing_84,TAR_264
Saussureae_radix_ing_84,TAR_43
Saussureae_radix_ing_84,TAR_486
Saussureae_radix_ing_84,TAR_50
Saussureae_radix_ing_84,TAR_86
Saussureae_radix_ing_99,TAR_274
Saussureae_radix_ing_99,TAR_4
Saussureae_radix_ing_99,TAR_321
Saussureae_radix_ing_99,TAR_34
Saussureae_radix_ing_99,TAR_108
Saussureae_radix_ing_99,TAR_344
Saussureae_radix_ing_99,TAR_323
Saussureae_radix_ing_99,TAR_397
Saussureae_radix_ing_99,TAR_110
Saussureae_radix_ing_99,TAR_443
Saussureae_radix_ing_99,TAR_351
Saussureae_radix_ing_55,TAR_106
Saussureae_radix_ing_55,TAR_276
Saussureae_radix_ing_55,TAR_425
Saussureae_radix_ing_55,TAR_360
Saussureae_radix_ing_95,TAR_332
Saussureae_radix_ing_95,TAR_419
Saussureae_radix_ing_95,TAR_482
Saussureae_radix_ing_95,TAR_37
Saussureae_radix_ing_95,TAR_383
Saussureae_radix_ing_95,TAR_352
Saussureae_radix_ing_95,TAR_79
Saussureae_radix_ing_95,TAR_13
Saussureae_radix_ing_95,TAR_236
Saussureae_radix_ing_92,TAR_20
Saussureae_radix_ing_92,TAR_45
Saussureae_radix_ing_92,TAR_38
Saussureae_radix_ing_92,TAR_28
Saussureae_radix_ing_92,TAR_92
Saussureae_radix_ing_92,TAR_407
Saussureae_radix_ing_92,TAR_129
Saussureae_radix_ing_92,TAR_286
Saussureae_radix_ing_10,TAR_421
Saussureae_radix_ing_10,TAR_117
Saussureae_radix_ing_10,TAR_467
Saussureae_radix_ing_10,TAR_133
Saussureae_radix_ing_10,TAR_209
Saussureae_radix_ing_10,TAR_199
Saussureae_radix_ing_10,TAR_231
Saussureae_radix_ing_10,TAR_323
Saussureae_radix_ing_10,TAR_208
Saussureae_radix_ing_10,TAR_222
Saussureae_radix_ing_10,TAR_162
Saussureae_radix_ing_10,TAR_9
Saussureae_radix_ing_50,TAR_274
Saussureae_radix_ing_50,TAR_4
Saussureae_radix_ing_50,TAR_329
Saussureae_radix_ing_50,TAR_369
Saussureae_radix_ing_80,TAR_388
Saussureae_radix_ing_80,TAR_382
Saussureae_radix_ing_80,TAR_300
Saussureae_radix_ing_80,TAR_24
Amomi_fructus_ing_46,TAR_55
Amomi_fructus_ing_46,TAR_149
Amomi_fructus_ing_46,TAR_403
Amomi_fructus_ing_46,TAR_352
Amomi_fructus_ing_46,TAR_155
Amomi_fructus_ing_46,TAR_311
Amomi_fructus_ing_46,TAR_45
Amomi_fructus_ing_46,TAR_145
Amomi_fructus_ing_46,TAR_392
Amomi_fructus_ing_46,TAR_475
Amomi_fructus_ing_46,TAR_225
Amomi_fructus_ing_49,TAR_421
Amomi_fructus_ing_49,TAR_339
Amomi_fructus_ing_49,TAR_16
Amomi_fructus_ing_49,TAR_243
Amomi_fructus_ing_49,TAR_81
Amomi_fructus_ing_49,TAR_274
Amomi_fructus_ing_49,TAR_113
Amomi_fructus_ing_49,TAR_70
Amomi_fructus_ing_49,TAR_383
Amomi_fructus_ing_51,TAR_152
Amomi_fructus_ing_51,TAR_492
Amomi_fructus_ing_51,TAR_325
Amomi_fructus_ing_51,TAR_74
Amomi_fructus_ing_51,TAR_153
Amomi_fructus_ing_51,TAR_347
Amomi_fructus_ing_51,TAR_455
Amomi_fructus_ing_51,TAR_469
Amomi_fructus_ing_51,TAR_495
Amomi_fructus_ing_51,TAR_408
Amomi_fructus_ing_51,TAR_444
Amomi_fructus_ing_94,TAR_491
Amomi_fructus_ing_94,TAR_487
Amomi_fructus_ing_94,TAR_6
Amomi_fructus_ing_94,TAR_284
Amomi_fructus_ing_94,TAR_448
Amomi_fructus_ing_94,TAR_285
Amomi_fructus_ing_94,TAR_73
Amomi_fructus_ing_94,TAR_64
Amomi_fructus_ing_6,TAR_294
Amomi_fructus_ing_6,TAR_306
Amomi_fructus_ing_6,TAR_202
Amomi_fructus_ing_69,TAR_485
Amomi_fructus_ing_69,TAR_44
Amomi_fructus_ing_69,TAR_157
Amomi_fructus_ing_69,TAR_108
Amomi_fructus_ing_69,TAR_384
Amomi_fructus_ing_69,TAR_380
Amomi_fructus_ing_69,TAR_463
Amomi_fructus_ing_69,TAR_372
Amomi_fructus_ing_69,TAR_177
Amomi_fructus_ing_69,TAR_109
Amomi_fructus_ing_69,TAR_212
Evodiae_fructus_ing_66,TAR_83
Evodiae_fructus_ing_66,TAR_95
Evodiae_fructus_ing_66,TAR_114
Evodiae_fructus_ing_66,TAR_316
Evodiae_fructus_ing_66,TAR_428
Evodiae_fructus_ing_33,TAR_59
Evodiae_fructus_ing_33,TAR_93
Evodiae_fructus_ing_33,TAR_344
Evodiae_fructus_ing_33,TAR_410
Evodiae_fructus_ing_33,TAR_291
Evodiae_fructus_ing_33,TAR_437
Evodiae_fructus_ing_7,TAR_237
Evodiae_fructus_ing_7,TAR_331
Evodiae_fructus_ing_7,TAR_282
Evodiae_fructus_ing_7,TAR_38
Evodiae_fructus_ing_7,TAR_149
Evodiae_fructus_ing_7,TAR_344
Evodiae_fructus_ing_7,TAR_35
Evodiae_fructus_ing_7,TAR_129
Evodiae_fructus_ing_7,TAR_51
Evodiae_fructus_ing_7,TAR_102
Evodiae_fructus_ing_7,TAR_372
Evodiae_fructus_ing_75,TAR_488
Evodiae_fructus_ing_75,TAR_170
Evodiae_fructus_ing_75,TAR_183
Evodiae_fructus_ing_75,TAR_66
Evodiae_fructus_ing_75,TAR_344
Evodiae_fructus_ing_75,TAR_336
Evodiae_fructus_ing_75,TAR_121
Evodiae_fructus_ing_75,TAR_52
Evodiae_fructus_ing_75,TAR_146
Evodiae_fructus_ing_75,TAR_318
Evodiae_fructus_ing_9,TAR_163
Evodiae_fructus_ing_9,TAR_249
Evodiae_fructus_ing_9,TAR_231
Evodiae_fructus_ing_9,TAR_169
Evodiae_fructus_ing_9,TAR_316
Evodiae_fructus_ing_9,TAR_338
Evodiae_fructus_ing_40,TAR_79
Evodiae_fructus_ing_40,TAR_290
Evodiae_fructus_ing_40,TAR_291
Evodiae_fructus_ing_40,TAR_187
Evodiae_fructus_ing_40,TAR_414
Evodiae_fructus_ing_40,TAR_162
Evodiae_fructus_ing_40,TAR_491
Evodiae_fructus_ing_40,TAR_220
Evodiae_fructus_ing_40,TAR_87
Evodiae_fructus_ing_40,TAR_3
Evodiae_fructus_ing_40,TAR_161
Evodiae_fructus_ing_40,TAR_127
Evodiae_fructus_ing_29,TAR_142
Evodiae_fructus_ing_29,TAR_431
Evodiae_fructus_ing_29,TAR_185
Evodiae_fructus_ing_29,TAR_69
Evodiae_fructus_ing_29,TAR_348
Evodiae_fructus_ing_29,TAR_376
Evodiae_fructus_ing_29,TAR_170
Evodiae_fructus_ing_29,TAR_450
Evodiae_fructus_ing_29,TAR_246
Evodiae_fructus_ing_60,TAR_184
Evodiae_fructus_ing_60,TAR_397
Evodiae_fructus_ing_60,TAR_157
Evodiae_fructus_ing_60,TAR_250
Evodiae_fructus_ing_60,TAR_283
Evodiae_fructus_ing_60,TAR_56
Evodiae_fructus_ing_60,TAR_90
Evodiae_fructus_ing_60,TAR_331
Evodiae_fructus_ing_60,TAR_311
Evodiae_fructus_ing_60,TAR_42
Evodiae_fructus_ing_36,TAR_457
Evodiae_fructus_ing_36,TAR_276
Evodiae_fructus_ing_36,TAR_101
Evodiae_fructus_ing_36,TAR_135
Evodiae_fructus_ing_36,TAR_376
Evodiae_fructus_ing_81,TAR_373
Evodiae_fructus_ing_81,TAR_39
Evodiae_fructus_ing_81,TAR_457
Evodiae_fructus_ing_81,TAR_10
Evodiae_fructus_ing_65,TAR_417
Evodiae_fructus_ing_65,TAR_298
Evodiae_fructus_ing_65,TAR_297
Evodiae_fructus_ing_52,TAR_109
Evodiae_fructus_ing_52,TAR_465
Evodiae_fructus_ing_52,TAR_19
Evodiae_fructus_ing_52,TAR_283
Evodiae_fructus_ing_52,TAR_134
Evodiae_fructus_ing_52,TAR_279
Evodiae_fructus_ing_52,TAR_458
Evodiae_fructus_ing_52,TAR_277
Evodiae_fructus_ing_52,TAR_242
Evodiae_fructus_ing_52,TAR_335
Evodiae_fructus_ing_52,TAR_397
Evodiae_fructus_ing_52,TAR_77
Evodiae_fructus_ing_47,TAR_115
Evodiae_fructus_ing_47,TAR_457
Evodiae_fructus_ing_47,TAR_396
Evodiae_fructus_ing_47,TAR_302
Evodiae_fructus_ing_47,TAR_376
Evodiae_fructus_ing_47,TAR_439
Evodiae_fructus_ing_47,TAR_149
Evodiae_fructus_ing_47,TAR_69
Evodiae_fructus_ing_47,TAR_238
Evodiae_fructus_ing_65,TAR_47
Evodiae_fructus_ing_65,TAR_204
Evodiae_fructus_ing_65,TAR_187
Evodiae_fructus_ing_65,TAR_258
Evodiae_fructus_ing_65,TAR_6
Evodiae_fructus_ing_65,TAR_340
Evodiae_fructus_ing_65,TAR_123
Evodiae_fructus_ing_65,TAR_435
Evodiae_fructus_ing_65,TAR_494
Evodiae_fructus_ing_65,TAR_413
Evodiae_fructus_ing_65,TAR_315
Evodiae_fructus_ing_88,TAR_388
Evodiae_fructus_ing_88,TAR_264
Evodiae_fructus_ing_88,TAR_72
Evodiae_fructus_ing_88,TAR_229
Evodiae_fructus_ing_88,TAR_82
Alpiniae_oxyphyllae_fructus_ing_73,TAR_338
Alpiniae_oxyphyllae_fructus_ing_73,TAR_447
Alpiniae_oxyphyllae_fructus_ing_73,TAR_496
Alpiniae_oxyphyllae_fructus_ing_73,TAR_75
Alpiniae_oxyphyllae_fructus_ing_73,TAR_377
Alpiniae_oxyphyllae_fructus_ing_73,TAR_375
Alpiniae_oxyphyllae_fructus_ing_73,TAR_248
Alpiniae_oxyphyllae_fructus_ing_73,TAR_481
Alpiniae_oxyphyllae_fructus_ing_73,TAR_184
Alpiniae_oxyphyllae_fructus_ing_73,TAR_21
Alpiniae_oxyphyllae_fructus_ing_73,TAR_113
Alpiniae_oxyphyllae_fructus_ing_73,TAR_390
Alpiniae_oxyphyllae_fructus_ing_63,TAR_33
Alpiniae_oxyphyllae_fructus_ing_63,TAR_136
Alpiniae_oxyphyllae_fructus_ing_63,TAR_190
Alpiniae_oxyphyllae_fructus_ing_63,TAR_120
Alpiniae_oxyphyllae_fructus_ing_63,TAR_22
Alpiniae_oxyphyllae_fructus_ing_63,TAR_343
Alpiniae_oxyphyllae_fructus_ing_27,TAR_465
Alpiniae_oxyphyllae_fructus_ing_27,TAR_406
Alpiniae_oxyphyllae_fructus_ing_27,TAR_185
Alpiniae_oxyphyllae_fructus_ing_27,TAR_199
Alpiniae_oxyphyllae_fructus_ing_27,TAR_241
Alpiniae_oxyphyllae_fructus_ing_27,TAR_470
Alpiniae_oxyphyllae_fructus_ing_27,TAR_233
Alpiniae_oxyphyllae_fructus_ing_27,TAR_452
Alpiniae_oxyphyllae_fructus_ing_27,TAR_24
Alpiniae_oxyphyllae_fructus_ing_27,TAR_21
Alpiniae_oxyphyllae_fructus_ing_27,TAR_333
Alpiniae_oxyphyllae_fructus_ing_42,TAR_361
Alpiniae_oxyphyllae_fructus_ing_42,TAR_496
Alpiniae_oxyphyllae_fructus_ing_42,TAR_267
Alpiniae_oxyphyllae_fructus_ing_42,TAR_325
Alpiniae_oxyphyllae_fructus_ing_36,TAR_297
Alpiniae_oxyphyllae_fructus_ing_36,TAR_279
Alpiniae_oxyphyllae_fructus_ing_36,TAR_292
Alpiniae_oxyphyllae_fructus_ing_36,TAR_90
Alpiniae_oxyphyllae_fructus_ing_36,TAR_193
Alpiniae_oxyphyllae_fructus_ing_36,TAR_335
Alpiniae_oxyphyllae_fructus_ing_36,TAR_194
Alpiniae_oxyphyllae_fructus_ing_47,TAR_335
Alpiniae_oxyphyllae_fructus_ing_47,TAR_460
Alpiniae_oxyphyllae_fructus_ing_47,TAR_428
Alpiniae_oxyphyllae_fructus_ing_47,TAR_40
Alpiniae_oxyphyllae_fructus_ing_47,TAR_265
Alpiniae_oxyphyllae_fructus_ing_47,TAR_129
Alpiniae_oxyphyllae_fructus_ing_47,TAR_193
Alpiniae_oxyphyllae_fructus_ing_47,TAR_499
Alpiniae_oxyphyllae_fructus_ing_47,TAR_465
Alpiniae_oxyphyllae_fructus_ing_47,TAR_115
Alpiniae_oxyphyllae_fructus_ing_47,TAR_265
Alpiniae_oxyphyllae_fructus_ing_47,TAR_208
Alpiniae_oxyphyllae_fructus_ing_46,TAR_250
Alpiniae_oxyphyllae_fructus_ing_46,TAR_406
Alpiniae_oxyphyllae_fructus_ing_46,TAR_247
Alpiniae_oxyphyllae_fructus_ing_46,TAR_455
Alpiniae_oxyphyllae_fructus_ing_46,TAR_310
Alpiniae_oxyphyllae_fructus_ing_46,TAR_4
Alpiniae_oxyphyllae_fructus_ing_46,TAR_257
Alpiniae_oxyphyllae_fructus_ing_46,TAR_452
Myristicae_semen_ing_57,TAR_118
Myristicae_semen_ing_57,TAR_40
Myristicae_semen_ing_57,TAR_264
Myristicae_semen_ing_57,TAR_330
Myristicae_semen_ing_57,TAR_144
Myristicae_semen_ing_28,TAR_96
Myristicae_semen_ing_28,TAR_81
Myristicae_semen_ing_28,TAR_186
Myristicae_semen_ing_28,TAR_309
Myristicae_semen_ing_28,TAR_368
Myristicae_semen_ing_16,TAR_213
Myristicae_semen_ing_16,TAR_416
Myristicae_semen_ing_16,TAR_170
Myristicae_semen_ing_16,TAR_369
Myristicae_semen_ing_16,TAR_59
Myristicae_semen_ing_16,TAR_247
Myristicae_semen_ing_87,TAR_246
Myristicae_semen_ing_87,TAR_108
Myristicae_semen_ing_87,TAR_303
Myristicae_semen_ing_87,TAR_83
Myristicae_semen_ing_87,TAR_332
Myristicae_semen_ing_87,TAR_427
Myristicae_semen_ing_87,TAR_211
Myristicae_semen_ing_87,TAR_12
Myristicae_semen_ing_87,TAR_125
Myristicae_semen_ing_87,TAR_23
Myristicae_semen_ing_17,TAR_304
Myristicae_semen_ing_17,TAR_83
Myristicae_semen_ing_17,TAR_69
Myristicae_semen_ing_17,TAR_323
Myristicae_semen_ing_17,TAR_263
Myristicae_semen_ing_17,TAR_21
Myristicae_semen_ing_17,TAR_457
Myristicae_semen_ing_17,TAR_294
Myristicae_semen_ing_17,TAR_76
Myristicae_semen_ing_17,TAR_29
Myristicae_semen_ing_17,TAR_86
Myristicae_semen_ing_17,TAR_133
Myristicae_semen_ing_24,TAR_491
Myristicae_semen_ing_24,TAR_208
Myristicae_semen_ing_24,TAR_307
Myristicae_semen_ing_24,TAR_497
Myristicae_semen_ing_24,TAR_289
Myristicae_semen_ing_24,TAR_327
Myristicae_semen_ing_24,TAR_10
Myristicae_semen_ing_24,TAR_450
Myristicae_semen_ing_24,TAR_369
Myristicae_semen_ing_24,TAR_373
Myristicae_semen_ing_24,TAR_339
Myristicae_semen_ing_37,TAR_111
Myristicae_semen_ing_37,TAR_230
Myristicae_semen_ing_37,TAR_311
Myristicae_semen_ing_37,TAR_242
Piperis_longi_fructus_ing_22,TAR_426
Piperis_longi_fructus_ing_22,TAR_211
Piperis_longi_fructus_ing_22,TAR_308
Piperis_longi_fructus_ing_22,TAR_74
Piperis_longi_fructus_ing_22,TAR_407
Piperis_longi_fructus_ing_22,TAR_299
Piperis_longi_fructus_ing_99,TAR_320
Piperis_longi_fructus_ing_99,TAR_338
Piperis_longi_fructus_ing_99,TAR_262
Piperis_longi_fructus_ing_99,TAR_136
Piperis_longi_fructus_ing_99,TAR_86
Piperis_longi_fructus_ing_93,TAR_473
Piperis_longi_fructus_ing_93,TAR_233
Piperis_longi_fructus_ing_93,TAR_306
Piperis_longi_fructus_ing_93,TAR_303
Piperis_longi_fructus_ing_93,TAR_36
Piperis_longi_fructus_ing_93,TAR_118
Piperis_longi_fructus_ing_93,TAR_194
Piperis_longi_fructus_ing_93,TAR_198
Piperis_longi_fructus_ing_17,TAR_9
Piperis_longi_fructus_ing_17,TAR_104
Piperis_longi_fructus_ing_17,TAR_268
Piperis_longi_fructus_ing_17,TAR_441
Piperis_longi_fructus_ing_65,TAR_424
Piperis_longi_fructus_ing_65,TAR_77
Piperis_longi_fructus_ing_65,TAR_311
Piperis_longi_fructus_ing_65,TAR_50
Piperis_longi_fructus_ing_65,TAR_91
Piperis_longi_fructus_ing_65,TAR_244
Piperis_longi_fructus_ing_65,TAR_462
Piperis_longi_fructus_ing_65,TAR_315
Piperis_longi_fructus_ing_65,TAR_308
Piperis_longi_fructus_ing_5,TAR_258
Piperis_longi_fructus_ing_5,TAR_386
Piperis_longi_fructus_ing_5,TAR_61
Piperis_longi_fructus_ing_5,TAR_48
Piperis_longi_fructus_ing_5,TAR_247
Piperis_longi_fructus_ing_5,TAR_338
Piperis_longi_fructus_ing_5,TAR_67
Piperis_longi_fructus_ing_5,TAR_462
Piperis_longi_fructus_ing_5,TAR_309
Piperis_longi_fructus_ing_5,TAR_277
Piperis_longi_fructus_ing_5,TAR_424
Piperis_longi_fructus_ing_1,TAR_268
Piperis_longi_fructus_ing_1,TAR_216
Piperis_longi_fructus_ing_1,TAR_190
Piperis_longi_fructus_ing_1,TAR_448
Piperis_longi_fructus_ing_1,TAR_23
Piperis_longi_fructus_ing_1,TAR_358
Piperis_longi_fructus_ing_1,TAR_272
Piperis_longi_fructus_ing_1,TAR_220
Piperis_longi_fructus_ing_1,TAR_118
Piperis_longi_fructus_ing_62,TAR_180
Piperis_longi_fructus_ing_62,TAR_302
Piperis_longi_fructus_ing_62,TAR_412
Piperis_longi_fructus_ing_62,TAR_380
Piperis_longi_fructus_ing_62,TAR_465
Piperis_longi_fructus_ing_62,TAR_390
Piperis_longi_fructus_ing_62,TAR_429
Piperis_longi_fructus_ing_62,TAR_357
Piperis_longi_fructus_ing_62,TAR_295
Piperis_longi_fructus_ing_13,TAR_69
Piperis_longi_fructus_ing_13,TAR_131
Piperis_longi_fructus_ing_13,TAR_245
Piperis_longi_fructus_ing_13,TAR_393
Piperis_longi_fructus_ing_13,TAR_120
Piperis_longi_fructus_ing_13,TAR_466
Piperis_longi_fructus_ing_13,TAR_440
Piperis_longi_fructus_ing_13,TAR_43
Piperis_longi_fructus_ing_13,TAR_146
Piperis_longi_fructus_ing_77,TAR_210
Piperis_longi_fructus_ing_77,TAR_132
Piperis_longi_fructus_ing_77,TAR_97
Piperis_longi_fructus_ing_77,TAR_3
Piperis_longi_fructus_ing_77,TAR_364
Piperis_longi_fructus_ing_77,TAR_381
Piperis_longi_fructus_ing_77,TAR_405
Piperis_longi_fructus_ing_77,TAR_4
Piperis_longi_fructus_ing_77,TAR_296
Piperis_longi_fructus_ing_77,TAR_268
Piperis_longi_fructus_ing_77,TAR_61
Piperis_longi_fructus_ing_67,TAR_193
Piperis_longi_fructus_ing_67,TAR_336
Piperis_longi_fructus_ing_67,TAR_106
Piperis_longi_fructus_ing_89,TAR_210
Piperis_longi_fructus_ing_89,TAR_186
Piperis_longi_fructus_ing_89,TAR_55
Piperis_longi_fructus_ing_89,TAR_80
Piperis_longi_fructus_ing_89,TAR_219
Piperis_longi_fructus_ing_89,TAR_334
Piperis_longi_fructus_ing_89,TAR_300
Piperis_longi_fructus_ing_89,TAR_130
Caryophylli_flos_ing_69,TAR_290
Caryophylli_flos_ing_69,TAR_188
Caryophylli_flos_ing_69,TAR_314
Caryophylli_flos_ing_69,TAR_142
Caryophylli_flos_ing_69,TAR_349
Caryophylli_flos_ing_69,TAR_204
Caryophylli_flos_ing_69,TAR_387
Caryophylli_flos_ing_69,TAR_105
Caryophylli_flos_ing_69,TAR_212
Caryophylli_flos_ing_71,TAR_248
Caryophylli_flos_ing_71,TAR_92
Caryophylli_flos_ing_71,TAR_190
Caryophylli_flos_ing_71,TAR_287
Caryophylli_flos_ing_71,TAR_285
Caryophylli_flos_ing_71,TAR_248
Caryophylli_flos_ing_71,TAR_130
Caryophylli_flos_ing_71,TAR_158
Caryophylli_flos_ing_71,TAR_296
Caryophylli_flos_ing_71,TAR_177
Caryophylli_flos_ing_71,TAR_397
Caryophylli_flos_ing_91,TAR_377
Caryophylli_flos_ing_91,TAR_71
Caryophylli_flos_ing_91,TAR_438
Caryophylli_flos_ing_91,TAR_443
Caryophylli_flos_ing_91,TAR_338
Caryophylli_flos_ing_91,TAR_61
Caryophylli_flos_ing_91,TAR_383
Caryophylli_flos_ing_91,TAR_118
Caryophylli_flos_ing_91,TAR_229
Caryophylli_flos_ing_90,TAR_52
Caryophylli_flos_ing_90,TAR_110
Caryophylli_flos_ing_90,TAR_261
Caryophylli_flos_ing_90,TAR_206
Caryophylli_flos_ing_90,TAR_403
Caryophylli_flos_ing_44,TAR_315
Caryophylli_flos_ing_44,TAR_357
Caryophylli_flos_ing_44,TAR_351
Caryophylli_flos_ing_44,TAR_362
Caryophylli_flos_ing_44,TAR_27
Caryophylli_flos_ing_44,TAR_83
Caryophylli_flos_ing_44,TAR_200
Caryophylli_flos_ing_44,TAR_494
Caryophylli_flos_ing_44,TAR_326
Caryophylli_flos_ing_44,TAR_3
Caryophylli_flos_ing_44,TAR_412
Caryophylli_flos_ing_12,TAR_242
Caryophylli_flos_ing_12,TAR_475
Caryophylli_flos_ing_12,TAR_308
Caryophylli_flos_ing_12,TAR_223
Caryophylli_flos_ing_12,TAR_46
Caryophylli_flos_ing_9,TAR_114
Caryophylli_flos_ing_9,TAR_190
Caryophylli_flos_ing_9,TAR_41
Caryophylli_flos_ing_9,TAR_312
Caryophylli_flos_ing_9,TAR_20
Caryophylli_flos_ing_9,TAR_371
Caryophylli_flos_ing_9,TAR_197
Caryophylli_flos_ing_52,TAR_336
Caryophylli_flos_ing_52,TAR_267
Caryophylli_flos_ing_52,TAR_147
Caryophylli_flos_ing_52,TAR_365
Caryophylli_flos_ing_52,TAR_494
Caryophylli_flos_ing_52,TAR_306
Caryophylli_flos_ing_52,TAR_30
Caryophylli_flos_ing_52,TAR_485
Caryophylli_flos_ing_52,TAR_397
Caryophylli_flos_ing_52,TAR_420
Caryophylli_flos_ing_52,TAR_90
Caryophylli_flos_ing_52,TAR_328
Caryophylli_flos_ing_64,TAR_6
Caryophylli_flos_ing_64,TAR_104
Caryophylli_flos_ing_64,TAR_436
Caryophylli_flos_ing_64,TAR_337
Caryophylli_flos_ing_64,TAR_477
Caryophylli_flos_ing_64,TAR_412
Caryophylli_flos_ing_64,TAR_266
Caryophylli_flos_ing_64,TAR_147
Caryophylli_flos_ing_64,TAR_100
Caryophylli_flos_ing_64,TAR_18
Paeoniae_radix_rubra_ing_66,TAR_358
Paeoniae_radix_rubra_ing_66,TAR_119
Paeoniae_radix_rubra_ing_66,TAR_315
Paeoniae_radix_rubra_ing_66,TAR_87
Paeoniae_radix_rubra_ing_66,TAR_346
Paeoniae_radix_rubra_ing_66,TAR_19
Paeoniae_radix_rubra_ing_66,TAR_185
Paeoniae_radix_rubra_ing_66,TAR_123
Paeoniae_radix_rubra_ing_66,TAR_336
Paeoniae_radix_rubra_ing_66,TAR_1
Paeoniae_radix_rubra_ing_66,TAR_500
Paeoniae_radix_rubra_ing_21,TAR_142
Paeoniae_radix_rubra_ing_21,TAR_400
Paeoniae_radix_rubra_ing_21,TAR_205
Paeoniae_radix_rubra_ing_21,TAR_181
Paeoniae_radix_rubra_ing_86,TAR_208
Paeoniae_radix_rubra_ing_86,TAR_301
Paeoniae_radix_rubra_ing_86,TAR_103
Paeoniae_radix_rubra_ing_86,TAR_266
Paeoniae_radix_rubra_ing_86,TAR_8
Paeoniae_radix_rubra_ing_86,TAR_378
Paeoniae_radix_rubra_ing_86,TAR_361
Paeoniae_radix_rubra_ing_86,TAR_36
Paeoniae_radix_rubra_ing_86,TAR_471
Paeoniae_radix_rubra_ing_12,TAR_146
Paeoniae_radix_rubra_ing_12,TAR_372
Paeoniae_radix_rubra_ing_12,TAR_425
Paeoniae_radix_rubra_ing_12,TAR_287
Paeoniae_radix_rubra_ing_12,TAR_469
Paeoniae_radix_rubra_ing_12,TAR_299
Paeoniae_radix_rubra_ing_12,TAR_179
Paeoniae_radix_rubra_ing_12,TAR_178
Paeoniae_radix_rubra_ing_12,TAR_494
Paeoniae_radix_rubra_ing_12,TAR_418
Paeoniae_radix_rubra_ing_12,TAR_142
Paeoniae_radix_rubra_ing_29,TAR_494
Paeoniae_radix_rubra_ing_29,TAR_100
Paeoniae_radix_rubra_ing_29,TAR_233
Paeoniae_radix_rubra_ing_29,TAR_477
Paeoniae_radix_rubra_ing_29,TAR_207
Paeoniae_radix_rubra_ing_29,TAR_295
Paeoniae_radix_rubra_ing_29,TAR_3
Paeoniae_radix_rubra_ing_29,TAR_134
Paeoniae_radix_rubra_ing_29,TAR_90
Paeoniae_radix_rubra_ing_29,TAR_209
Paeoniae_radix_rubra_ing_29,TAR_260
Paeoniae_radix_rubra_ing_29,TAR_55
Paeoniae_radix_rubra_ing_72,TAR_258
Paeoniae_radix_rubra_ing_72,TAR_151
Paeoniae_radix_rubra_ing_72,TAR_175
Paeoniae_radix_rubra_ing_72,TAR_485
Paeoniae_radix_rubra_ing_15,TAR_490
Paeoniae_radix_rubra_ing_15,TAR_132
Paeoniae_radix_rubra_ing_15,TAR_449
Paeoniae_radix_rubra_ing_15,TAR_276
Paeoniae_radix_rubra_ing_15,TAR_417
Paeoniae_radix_rubra_ing_15,TAR_407
Paeoniae_radix_rubra_ing_15,TAR_295
Paeoniae_radix_rubra_ing_15,TAR_129
Paeoniae_radix_rubra_ing_15,TAR_356
Paeoniae_radix_rubra_ing_15,TAR_227
Paeoniae_radix_rubra_ing_15,TAR_495
Paeoniae_radix_rubra_ing_49,TAR_248
Paeoniae_radix_rubra_ing_49,TAR_395
Paeoniae_radix_rubra_ing_49,TAR_125
Paeoniae_radix_rubra_ing_49,TAR_388
Paeoniae_radix_rubra_ing_49,TAR_174
Paeoniae_radix_rubra_ing_49,TAR_493
Paeoniae_radix_rubra_ing_49,TAR_398
Paeoniae_radix_rubra_ing_49,TAR_235
Paeoniae_radix_rubra_ing_49,TAR_349
Paeoniae_radix_rubra_ing_49,TAR_236
Paeoniae_radix_rubra_ing_49,TAR_460
Paeoniae_radix_rubra_ing_49,TAR_301
Paeoniae_radix_rubra_ing_4,TAR_60
Paeoniae_radix_rubra_ing_4,TAR_133
Paeoniae_radix_rubra_ing_4,TAR_35
Paeoniae_radix_rubra_ing_4,TAR_196
Paeoniae_radix_rubra_ing_4,TAR_325
Paeoniae_radix_rubra_ing_4,TAR_404
Paeoniae_radix_rubra_ing_4,TAR_113
Paeoniae_radix_rubra_ing_4,TAR_347
Paeoniae_radix_rubra_ing_4,TAR_360
Paeoniae_radix_rubra_ing_4,TAR_118
Paeoniae_radix_rubra_ing_41,TAR_490
Paeoniae_radix_rubra_ing_41,TAR_181
Paeoniae_radix_rubra_ing_41,TAR_265
Paeoniae_radix_rubra_ing_41,TAR_275
Paeoniae_radix_rubra_ing_41,TAR_5
Paeoniae_radix_rubra_ing_41,TAR_359
Paeoniae_radix_rubra_ing_41,TAR_427
Paeoniae_radix_rubra_ing_41,TAR_135
Paeoniae_radix_rubra_ing_41,TAR_128
Paeoniae_radix_rubra_ing_37,TAR_205
Paeoniae_radix_rubra_ing_37,TAR_345
Paeoniae_radix_rubra_ing_37,TAR_384
Paeoniae_radix_rubra_ing_37,TAR_421
Paeoniae_radix_rubra_ing_44,TAR_284
Paeoniae_radix_rubra_ing_44,TAR_477
Paeoniae_radix_rubra_ing_44,TAR_92
Paeoniae_radix_rubra_ing_44,TAR_244
Paeoniae_radix_rubra_ing_41,TAR_112
Paeoniae_radix_rubra_ing_41,TAR_458
Paeoniae_radix_rubra_ing_41,TAR_294
Paeoniae_radix_rubra_ing_41,TAR_138
Paeoniae_radix_rubra_ing_41,TAR_94
Paeoniae_radix_rubra_ing_41,TAR_485
Paeoniae_radix_rubra_ing_41,TAR_383
Paeoniae_radix_rubra_ing_41,TAR_350
Paeoniae_radix_rubra_ing_25,TAR_378
Paeoniae_radix_rubra_ing_25,TAR_103
Paeoniae_radix_rubra_ing_25,TAR_121
Paeoniae_radix_rubra_ing_25,TAR_377
Paeoniae_radix_rubra_ing_25,TAR_124
Paeoniae_radix_rubra_ing_25,TAR_447
Paeoniae_radix_rubra_ing_25,TAR_136
Paeoniae_radix_rubra_ing_25,TAR_106
Paeoniae_radix_rubra_ing_25,TAR_118
Paeoniae_radix_rubra_ing_25,TAR_104
Rehmanniae_radix_praeparata_ing_80,TAR_80
Rehmanniae_radix_praeparata_ing_80,TAR_399
Rehmanniae_radix_praeparata_ing_80,TAR_55
Rehmanniae_radix_praeparata_ing_80,TAR_62
Rehmanniae_radix_praeparata_ing_80,TAR_472
Rehmanniae_radix_praeparata_ing_80,TAR_41
Rehmanniae_radix_praeparata_ing_80,TAR_347
Rehmanniae_radix_praeparata_ing_80,TAR_490
Rehmanniae_radix_praeparata_ing_85,TAR_315
Rehmanniae_radix_praeparata_ing_85,TAR_4
Rehmanniae_radix_praeparata_ing_85,TAR_392
Rehmanniae_radix_praeparata_ing_85,TAR_439
Rehmanniae_radix_praeparata_ing_85,TAR_278
Rehmanniae_radix_praeparata_ing_85,TAR_491
Rehmanniae_radix_praeparata_ing_85,TAR_22
Rehmanniae_radix_praeparata_ing_85,TAR_435
Rehmanniae_radix_praeparata_ing_85,TAR_247
Rehmanniae_radix_praeparata_ing_85,TAR_191
Rehmanniae_radix_praeparata_ing_80,TAR_253
Rehmanniae_radix_praeparata_ing_80,TAR_460
Rehmanniae_radix_praeparata_ing_80,TAR_452
Rehmanniae_radix_praeparata_ing_80,TAR_460
Rehmanniae_radix_praeparata_ing_80,TAR_295
Rehmanniae_radix_praeparata_ing_80,TAR_445
Rehmanniae_radix_praeparata_ing_80,TAR_141
Rehmanniae_radix_praeparata_ing_80,TAR_252
Rehmanniae_radix_praeparata_ing_24,TAR_144
Rehmanniae_radix_praeparata_ing_24,TAR_204
Rehmanniae_radix_praeparata_ing_24,TAR_114
Rehmanniae_radix_praeparata_ing_24,TAR_385
Rehmanniae_radix_praeparata_ing_24,TAR_296
Rehmanniae_radix_praeparata_ing_24,TAR_66
Rehmanniae_radix_praeparata_ing_24,TAR_28
Rehmanniae_radix_praeparata_ing_24,TAR_270
Rehmanniae_radix_praeparata_ing_24,TAR_410
Rehmanniae_radix_praeparata_ing_24,TAR_217
Rehmanniae_radix_praeparata_ing_24,TAR_245
Rehmanniae_radix_praeparata_ing_70,TAR_258
Rehmanniae_radix_praeparata_ing_70,TAR_178
Rehmanniae_radix_praeparata_ing_70,TAR_202
Rehmanniae_radix_praeparata_ing_88,TAR_235
Rehmanniae_radix_praeparata_ing_88,TAR_500
Rehmanniae_radix_praeparata_ing_88,TAR_62
Rehmanniae_radix_praeparata_ing_88,TAR_358
Rehmanniae_radix_praeparata_ing_88,TAR_266
Rehmanniae_radix_praeparata_ing_59,TAR_353
Rehmanniae_radix_praeparata_ing_59,TAR_5
Rehmanniae_radix_praeparata_ing_59,TAR_7
Rehmanniae_radix_praeparata_ing_59,TAR_346
Rehmanniae_radix_praeparata_ing_59,TAR_108
Rehmanniae_radix_praeparata_ing_59,TAR_195
Rehmanniae_radix_praeparata_ing_59,TAR_298
Rehmanniae_radix_praeparata_ing_59,TAR_52
Rehmanniae_radix_praeparata_ing_42,TAR_314
Rehmanniae_radix_praeparata_ing_42,TAR_442
Rehmanniae_radix_praeparata_ing_42,TAR_133
Rehmanniae_radix_praeparata_ing_42,TAR_96
Rehmanniae_radix_praeparata_ing_42,TAR_281
Rehmanniae_radix_praeparata_ing_42,TAR_135
Rehmanniae_radix_praeparata_ing_42,TAR_122
Rehmanniae_radix_praeparata_ing_42,TAR_138
Moutan_cortex_ing_79,TAR_188
Moutan_cortex_ing_79,TAR_95
Moutan_cortex_ing_79,TAR_256
Moutan_cortex_ing_79,TAR_218
Moutan_cortex_ing_79,TAR_108
Moutan_cortex_ing_79,TAR_215
Moutan_cortex_ing_79,TAR_359
Moutan_cortex_ing_79,TAR_386
Moutan_cortex_ing_48,TAR_438
Moutan_cortex_ing_48,TAR_206
Moutan_cortex_ing_48,TAR_144
Moutan_cortex_ing_48,TAR_231
Moutan_cortex_ing_48,TAR_93
Moutan_cortex_ing_48,TAR_293
Moutan_cortex_ing_48,TAR_68
Moutan_cortex_ing_48,TAR_295
Moutan_cortex_ing_88,TAR_417
Moutan_cortex_ing_88,TAR_52
Moutan_cortex_ing_88,TAR_370
Moutan_cortex_ing_88,TAR_139
Moutan_cortex_ing_88,TAR_412
Moutan_cortex_ing_88,TAR_121
Moutan_cortex_ing_72,TAR_439
Moutan_cortex_ing_72,TAR_196
Moutan_cortex_ing_72,TAR_101
Moutan_cortex_ing_72,TAR_75
Moutan_cortex_ing_72,TAR_410
Moutan_cortex_ing_72,TAR_492
Moutan_cortex_ing_72,TAR_379
Moutan_cortex_ing_72,TAR_77
Moutan_cortex_ing_72,TAR_243
Moutan_cortex_ing_2,TAR_216
Moutan_cortex_ing_2,TAR_256
Moutan_cortex_ing_2,TAR_69
Moutan_cortex_ing_2,TAR_458
Moutan_cortex_ing_2,TAR_435
Moutan_cortex_ing_81,TAR_274
Moutan_cortex_ing_81,TAR_369
Moutan_cortex_ing_81,TAR_162
Moutan_cortex_ing_81,TAR_403
Moutan_cortex_ing_81,TAR_250
Moutan_cortex_ing_81,TAR_154
Moutan_cortex_ing_81,TAR_129
Moutan_cortex_ing_81,TAR_288
Moutan_cortex_ing_81,TAR_440
Moutan_cortex_ing_81,TAR_291
Moutan_cortex_ing_81,TAR_25
Moutan_cortex_ing_51,TAR_354
Moutan_cortex_ing_51,TAR_84
Moutan_cortex_ing_51,TAR_31
Moutan_cortex_ing_51,TAR_111
Moutan_cortex_ing_33,TAR_430
Moutan_cortex_ing_33,TAR_323
Moutan_cortex_ing_33,TAR_50
Moutan_cortex_ing_33,TAR_231
Moutan_cortex_ing_33,TAR_382
Moutan_cortex_ing_33,TAR_172
Moutan_cortex_ing_33,TAR_134
Moutan_cortex_ing_33,TAR_185
Moutan_cortex_ing_33,TAR_185
Moutan_cortex_ing_33,TAR_287
Moutan_cortex_ing_72,TAR_177
Moutan_cortex_ing_72,TAR_11
Moutan_cortex_ing_72,TAR_211
Moutan_cortex_ing_72,TAR_63
Moutan_cortex_ing_72,TAR_180
Moutan_cortex_ing_72,TAR_445
Moutan_cortex_ing_72,TAR_348
Moutan_cortex_ing_78,TAR_296
Moutan_cortex_ing_78,TAR_295
Moutan_cortex_ing_78,TAR_333
Moutan_cortex_ing_78,TAR_333
Moutan_cortex_ing_78,TAR_276
Moutan_cortex_ing_78,TAR_90
Moutan_cortex_ing_100,TAR_182
Moutan_cortex_ing_100,TAR_167
Moutan_cortex_ing_100,TAR_345
Moutan_cortex_ing_100,TAR_262
Moutan_cortex_ing_100,TAR_250
Moutan_cortex_ing_100,TAR_397
Moutan_cortex_ing_100,TAR_378
Moutan_cortex_ing_58,TAR_196
Moutan_cortex_ing_58,TAR_315
Moutan_cortex_ing_58,TAR_147
Moutan_cortex_ing_58,TAR_238
Phellodendri_cortex_ing_19,TAR_328
Phellodendri_cortex_ing_19,TAR_414
Phellodendri_cortex_ing_19,TAR_476
Phellodendri_cortex_ing_19,TAR_173
Phellodendri_cortex_ing_19,TAR_216
Phellodendri_cortex_ing_81,TAR_293
Phellodendri_cortex_ing_81,TAR_208
Phellodendri_cortex_ing_81,TAR_435
Phellodendri_cortex_ing_81,TAR_465
Phellodendri_cortex_ing_81,TAR_37
Phellodendri_cortex_ing_81,TAR_41
Phellodendri_cortex_ing_81,TAR_83
Phellodendri_cortex_ing_81,TAR_176
Phellodendri_cortex_ing_81,TAR_117
Phellodendri_cortex_ing_81,TAR_161
Phellodendri_cortex_ing_81,TAR_163
Phellodendri_cortex_ing_81,TAR_335
Phellodendri_cortex_ing_38,TAR_310
Phellodendri_cortex_ing_38,TAR_331
Phellodendri_cortex_ing_38,TAR_203
Phellodendri_cortex_ing_38,TAR_139
Phellodendri_cortex_ing_38,TAR_455
Phellodendri_cortex_ing_38,TAR_228
Phellodendri_cortex_ing_38,TAR_400
Phellodendri_cortex_ing_47,TAR_267
Phellodendri_cortex_ing_47,TAR_495
Phellodendri_cortex_ing_47,TAR_231
Phellodendri_cortex_ing_47,TAR_212
Phellodendri_cortex_ing_47,TAR_86
Phellodendri_cortex_ing_47,TAR_95
Phellodendri_cortex_ing_47,TAR_438
Phellodendri_cortex_ing_47,TAR_12
Phellodendri_cortex_ing_47,TAR_65
Phellodendri_cortex_ing_47,TAR_373
Phellodendri_cortex_ing_47,TAR_121
Phellodendri_cortex_ing_47,TAR_339
Phellodendri_cortex_ing_33,TAR_108
Phellodendri_cortex_ing_33,TAR_86
Phellodendri_cortex_ing_33,TAR_204
Phellodendri_cortex_ing_33,TAR_53
Phellodendri_cortex_ing_13,TAR_480
Phellodendri_cortex_ing_13,TAR_450
Phellodendri_cortex_ing_13,TAR_243
Phellodendri_cortex_ing_13,TAR_281
Phellodendri_cortex_ing_7,TAR_395
Phellodendri_cortex_ing_7,TAR_204
Phellodendri_cortex_ing_7,TAR_269
Phellodendri_cortex_ing_98,TAR_54
Phellodendri_cortex_ing_98,TAR_135
Phellodendri_cortex_ing_98,TAR_317
Phellodendri_cortex_ing_98,TAR_80
Phellodendri_cortex_ing_11,TAR_159
Phellodendri_cortex_ing_11,TAR_118
Phellodendri_cortex_ing_11,TAR_127
Phellodendri_cortex_ing_11,TAR_378
Phellodendri_cortex_ing_11,TAR_146
Phellodendri_cortex_ing_11,TAR_227
Phellodendri_cortex_ing_11,TAR_321
Phellodendri_cortex_ing_11,TAR_65
Phellodendri_cortex_ing_11,TAR_68
Phellodendri_cortex_ing_68,TAR_15
Phellodendri_cortex_ing_68,TAR_18
Phellodendri_cortex_ing_68,TAR_340
Phellodendri_cortex_ing_68,TAR_183
Phellodendri_cortex_ing_68,TAR_441
Phellodendri_cortex_ing_42,TAR_240
Phellodendri_cortex_ing_42,TAR_500
Phellodendri_cortex_ing_42,TAR_446
Phellodendri_cortex_ing_42,TAR_277
Phellodendri_cortex_ing_42,TAR_479
Phellodendri_cortex_ing_42,TAR_140
Phellodendri_cortex_ing_42,TAR_281
Phellodendri_cortex_ing_42,TAR_228
Phellodendri_cortex_ing_42,TAR_70
Phellodendri_cortex_ing_42,TAR_497
Phellodendri_cortex_ing_90,TAR_91
Phellodendri_cortex_ing_90,TAR_303
Phellodendri_cortex_ing_90,TAR_306
Phellodendri_cortex_ing_90,TAR_234
Phellodendri_cortex_ing_90,TAR_324
Phellodendri_cortex_ing_90,TAR_384
Phellodendri_cortex_ing_90,TAR_326
Phellodendri_cortex_ing_90,TAR_450
Phellodendri_cortex_ing_90,TAR_289
Phellodendri_cortex_ing_90,TAR_223
Phellodendri_cortex_ing_90,TAR_269
Phellodendri_cortex_ing_82,TAR_159
Phellodendri_cortex_ing_82,TAR_466
Phellodendri_cortex_ing_82,TAR_178
Phellodendri_cortex_ing_82,TAR_247
Phellodendri_cortex_ing_82,TAR_277
Phellodendri_cortex_ing_82,TAR_117
Phellodendri_cortex_ing_82,TAR_413
Phellodendri_cortex_ing_82,TAR_46
Phellodendri_cortex_ing_82,TAR_227
Phellodendri_cortex_ing_82,TAR_158
Phellodendri_cortex_ing_82,TAR_188
Phellodendri_cortex_ing_53,TAR_80
Phellodendri_cortex_ing_53,TAR_156
Phellodendri_cortex_ing_53,TAR_6
Phellodendri_cortex_ing_53,TAR_1
Phellodendri_cortex_ing_53,TAR_268
Phellodendri_cortex_ing_53,TAR_418
Phellodendri_cortex_ing_53,TAR_389
Phellodendri_cortex_ing_18,TAR_147
Phellodendri_cortex_ing_18,TAR_241
Phellodendri_cortex_ing_18,TAR_274
Phellodendri_cortex_ing_18,TAR_5
Phellodendri_cortex_ing_18,TAR_353
Phellodendri_cortex_ing_18,TAR_473
Phellodendri_cortex_ing_18,TAR_252
Phellodendri_cortex_ing_18,TAR_485
Acori_tatarinowii_rhizoma_ing_39,TAR_393
Acori_tatarinowii_rhizoma_ing_39,TAR_221
Acori_tatarinowii_rhizoma_ing_39,TAR_409
Acori_tatarinowii_rhizoma_ing_38,TAR_119
Acori_tatarinowii_rhizoma_ing_38,TAR_408
Acori_tatarinowii_rhizoma_ing_38,TAR_4
Acori_tatarinowii_rhizoma_ing_38,TAR_281
Acori_tatarinowii_rhizoma_ing_38,TAR_192
Acori_tatarinowii_rhizoma_ing_38,TAR_97
Acori_tatarinowii_rhizoma_ing_38,TAR_211
Acori_tatarinowii_rhizoma_ing_38,TAR_452
Acori_tatarinowii_rhizoma_ing_38,TAR_288
Acori_tatarinowii_rhizoma_ing_38,TAR_224
Acori_tatarinowii_rhizoma_ing_38,TAR_203
Acori_tatarinowii_rhizoma_ing_38,TAR_128
Acori_tatarinowii_rhizoma_ing_21,TAR_425
Acori_tatarinowii_rhizoma_ing_21,TAR_194
Acori_tatarinowii_rhizoma_ing_21,TAR_113
Acori_tatarinowii_rhizoma_ing_21,TAR_135
Acori_tatarinowii_rhizoma_ing_21,TAR_41
Acori_tatarinowii_rhizoma_ing_21,TAR_217
Acori_tatarinowii_rhizoma_ing_21,TAR_321
Acori_tatarinowii_rhizoma_ing_21,TAR_123
Acori_tatarinowii_rhizoma_ing_21,TAR_265
Acori_tatarinowii_rhizoma_ing_98,TAR_414
Acori_tatarinowii_rhizoma_ing_98,TAR_356
Acori_tatarinowii_rhizoma_ing_98,TAR_351
Acori_tatarinowii_rhizoma_ing_98,TAR_140
Acori_tatarinowii_rhizoma_ing_98,TAR_146
Acori_tatarinowii_rhizoma_ing_98,TAR_333
Acori_tatarinowii_rhizoma_ing_98,TAR_381
Acori_tatarinowii_rhizoma_ing_98,TAR_273
Acori_tatarinowii_rhizoma_ing_98,TAR_415
Acori_tatarinowii_rhizoma_ing_98,TAR_138
Acori_tatarinowii_rhizoma_ing_98,TAR_212
Acori_tatarinowii_rhizoma_ing_98,TAR_97
Acori_tatarinowii_rhizoma_ing_9,TAR_70
Acori_tatarinowii_rhizoma_ing_9,TAR_149
Acori_tatarinowii_rhizoma_ing_9,TAR_57
Acori_tatarinowii_rhizoma_ing_9,TAR_327
Acori_tatarinowii_rhizoma_ing_9,TAR_234
Acori_tatarinowii_rhizoma_ing_80,TAR_140
Acori_tatarinowii_rhizoma_ing_80,TAR_359
Acori_tatarinowii_rhizoma_ing_80,TAR_319
Acori_tatarinowii_rhizoma_ing_80,TAR_252
Acori_tatarinowii_rhizoma_ing_80,TAR_97
Acori_tatarinowii_rhizoma_ing_80,TAR_165
Acori_tatarinowii_rhizoma_ing_80,TAR_10
Acori_tatarinowii_rhizoma_ing_80,TAR_78
Acori_tatarinowii_rhizoma_ing_80,TAR_26
Acori_tatarinowii_rhizoma_ing_80,TAR_497
Acori_tatarinowii_rhizoma_ing_69,TAR_96
Acori_tatarinowii_rhizoma_ing_69,TAR_498
Acori_tatarinowii_rhizoma_ing_69,TAR_53
Acori_tatarinowii_rhizoma_ing_37,TAR_65
Acori_tatarinowii_rhizoma_ing_37,TAR_367
Acori_tatarinowii_rhizoma_ing_37,TAR_225
Acori_tatarinowii_rhizoma_ing_37,TAR_373
Acori_tatarinowii_rhizoma_ing_37,TAR_5
Acori_tatarinowii_rhizoma_ing_37,TAR_120
Acori_tatarinowii_rhizoma_ing_37,TAR_47
Acori_tatarinowii_rhizoma_ing_20,TAR_253
Acori_tatarinowii_rhizoma_ing_20,TAR_112
Acori_tatarinowii_rhizoma_ing_20,TAR_176
Acori_tatarinowii_rhizoma_ing_54,TAR_403
Acori_tatarinowii_rhizoma_ing_54,TAR_410
Acori_tatarinowii_rhizoma_ing_54,TAR_256
Acori_tatarinowii_rhizoma_ing_54,TAR_191
Acori_tatarinowii_rhizoma_ing_54,TAR_238
Acori_tatarinowii_rhizoma_ing_54,TAR_357
Acori_tatarinowii_rhizoma_ing_54,TAR_406
Acori_tatarinowii_rhizoma_ing_5,TAR_42
Acori_tatarinowii_rhizoma_ing_5,TAR_432
Acori_tatarinowii_rhizoma_ing_5,TAR_385
Acori_tatarinowii_rhizoma_ing_5,TAR_488
Acori_tatarinowii_rhizoma_ing_5,TAR_75
Acori_tatarinowii_rhizoma_ing_5,TAR_29
Acori_tatarinowii_rhizoma_ing_5,TAR_137
Acori_tatarinowii_rhizoma_ing_5,TAR_398
Acori_tatarinowii_rhizoma_ing_51,TAR_279
Acori_tatarinowii_rhizoma_ing_51,TAR_241
Acori_tatarinowii_rhizoma_ing_51,TAR_93
Acori_tatarinowii_rhizoma_ing_51,TAR_99
Curcumae_radix_ing_49,TAR_63
Curcumae_radix_ing_49,TAR_499
Curcumae_radix_ing_49,TAR_394
Curcumae_radix_ing_92,TAR_198
Curcumae_radix_ing_92,TAR_395
Curcumae_radix_ing_92,TAR_500
Curcumae_radix_ing_92,TAR_227
Curcumae_radix_ing_92,TAR_127
Curcumae_radix_ing_92,TAR_378
Curcumae_radix_ing_5,TAR_236
Curcumae_radix_ing_5,TAR_377
Curcumae_radix_ing_5,TAR_395
Curcumae_radix_ing_5,TAR_49
Curcumae_radix_ing_5,TAR_267
Curcumae_radix_ing_5,TAR_341
Curcumae_radix_ing_27,TAR_200
Curcumae_radix_ing_27,TAR_349
Curcumae_radix_ing_27,TAR_493
Curcumae_radix_ing_27,TAR_160
Curcumae_radix_ing_27,TAR_480
Curcumae_radix_ing_27,TAR_166
Curcumae_radix_ing_27,TAR_82
Curcumae_radix_ing_27,TAR_323
Curcumae_radix_ing_27,TAR_373
Curcumae_radix_ing_27,TAR_22
Curcumae_radix_ing_96,TAR_267
Curcumae_radix_ing_96,TAR_63
Curcumae_radix_ing_96,TAR_130
Curcumae_radix_ing_96,TAR_247
Curcumae_radix_ing_96,TAR_327
Curcumae_radix_ing_96,TAR_153
Curcumae_radix_ing_96,TAR_102
Curcumae_radix_ing_96,TAR_185
Curcumae_radix_ing_96,TAR_455
Curcumae_radix_ing_96,TAR_27
Curcumae_radix_ing_96,TAR_443
Curcumae_radix_ing_86,TAR_499
Curcumae_radix_ing_86,TAR_58
Curcumae_radix_ing_86,TAR_121
Curcumae_radix_ing_86,TAR_325
Curcumae_radix_ing_86,TAR_223
Curcumae_radix_ing_86,TAR_167
Curcumae_radix_ing_2,TAR_407
Curcumae_radix_ing_2,TAR_142
Curcumae_radix_ing_2,TAR_300
Curcumae_radix_ing_2,TAR_62
Curcumae_radix_ing_2,TAR_203
Curcumae_radix_ing_32,TAR_497
Curcumae_radix_ing_32,TAR_22
Curcumae_radix_ing_32,TAR_298
Curcumae_radix_ing_89,TAR_353
Curcumae_radix_ing_89,TAR_306
Curcumae_radix_ing_89,TAR_80
Curcumae_radix_ing_89,TAR_191
Curcumae_radix_ing_89,TAR_395
Curcumae_radix_ing_89,TAR_46
Curcumae_radix_ing_89,TAR_128
Curcumae_radix_ing_89,TAR_81
Curcumae_radix_ing_89,TAR_256
Curcumae_radix_ing_89,TAR_47
